# Created by meshio v5.3.5, 2025-04-03T16:39:18.584518
v 0.20527799427509308 0.06065987050533295 0.09064944833517075
v 0.20523931086063385 0.06292492151260376 0.08515013009309769
v 0.20922495424747467 0.06128431484103203 0.08588892966508865
v 0.21488983929157257 0.059395454823970795 0.087319016456604
v 0.2130487710237503 0.05992567911744118 0.08679760992527008
v 0.2130185216665268 0.06272546201944351 0.08170747011899948
v 0.2110317349433899 0.07247184216976166 0.06985222548246384
v 0.20908647775650024 0.07305801659822464 0.06917400658130646
v 0.2090655267238617 0.07534439116716385 0.06733649969100952
v 0.20903380215168 0.07912814617156982 0.06508927047252655
v 0.20904441177845 0.07781956344842911 0.06575834006071091
v 0.20706042647361755 0.07842467725276947 0.06504079699516296
v 0.21100282669067383 0.07599424570798874 0.06725774705410004
v 0.21099314093589783 0.07726018130779266 0.06652870029211044
v 0.21290382742881775 0.0767572745680809 0.0673523098230362
v 0.17445026338100433 0.11841975152492523 0.08961698412895203
v 0.17890724539756775 0.11814052611589432 0.08946643769741058
v 0.1789143979549408 0.11640752851963043 0.08368375152349472
v 0.21268650889396667 0.10756299644708633 0.08170747011899948
v 0.21265625953674316 0.11036276817321777 0.08679760992527008
v 0.21645498275756836 0.10953646153211594 0.08788692206144333
v 0.22370873391628265 0.11263830214738846 0.10054264217615128
v 0.22012095153331757 0.11334814131259918 0.09937465935945511
v 0.22012394666671753 0.11512274295091629 0.10467322170734406
v 0.21642372012138367 0.1140608862042427 0.09837120771408081
v 0.21260084211826324 0.11481861770153046 0.09752703458070755
v 0.212576225399971 0.11656474322080612 0.10307163000106812
v 0.22722835838794708 0.11363358050584793 0.10684885084629059
v 0.22726042568683624 0.11508901417255402 0.11191926896572113
v 0.23390738666057587 0.11339079588651657 0.11424119770526886
v 0.22733189165592194 0.11797889322042465 0.12747545540332794
v 0.22734613716602325 0.11849527060985565 0.13272985816001892
v 0.23404474556446075 0.11664485931396484 0.13350452482700348
v 0.2564597725868225 0.07975312322378159 0.12175115197896957
v 0.25649866461753845 0.08124016970396042 0.12023192644119263
v 0.2578640580177307 0.08353894203901291 0.123972088098526
v 0.260973185300827 0.09368747472763062 0.1393749862909317
v 0.26111000776290894 0.09640999883413315 0.1432809978723526
v 0.2609702944755554 0.09319597482681274 0.13991397619247437
v 0.24986718595027924 0.10376668721437454 0.11414790898561478
v 0.2499317228794098 0.10522501915693283 0.11716859042644501
v 0.25199225544929504 0.10434255748987198 0.11954276263713837
v 0.24797892570495605 0.11146192252635956 0.1432809978723526
v 0.2502075731754303 0.110223188996315 0.1432809978723526
v 0.2501877546310425 0.10993165522813797 0.13660047948360443
v 0.25814002752304077 0.0979667603969574 0.1252424120903015
v 0.25811100006103516 0.09670905023813248 0.123972088098526
v 0.2568298876285553 0.09685314446687698 0.12023192644119263
v 0.25919342041015625 0.09761564433574677 0.1287865936756134
v 0.2592124342918396 0.09849877655506134 0.1299123764038086
v 0.260034441947937 0.09795638173818588 0.13321973383426666
v 0.26099127531051636 0.09727954864501953 0.1405325084924698
v 0.26098868250846863 0.09691239148378372 0.13991397619247437
v 0.17005591094493866 0.12109027802944183 0.18500570952892303
v 0.1700441837310791 0.11993759125471115 0.1908842921257019
v 0.1789005845785141 0.11961064487695694 0.19123952090740204
v 0.192040354013443 0.11832282692193985 0.19121229648590088
v 0.1963113248348236 0.11772283911705017 0.19101636111736298
v 0.19628030061721802 0.11923062056303024 0.18517886102199554
v 0.204634428024292 0.11634022742509842 0.19028496742248535
v 0.21635916829109192 0.1212487444281578 0.1432809978723526
v 0.21248644590377808 0.12189946323633194 0.1432809978723526
v 0.2124885469675064 0.12179553508758545 0.14909197390079498
v 0.21636036038398743 0.12114337831735611 0.1489909440279007
v 0.22013454139232635 0.12042666226625443 0.14886897802352905
v 0.22013479471206665 0.12053163349628448 0.1432809978723526
v 0.22012394666671753 0.11512274295091629 0.18188878893852234
v 0.22012095153331757 0.11334814131259918 0.18718735873699188
v 0.22719278931617737 0.1118980348110199 0.1846933215856552
v 0.18334199488162994 0.11773952096700668 0.1971641629934311
v 0.1877325475215912 0.11723014712333679 0.1971404105424881
v 0.18770888447761536 0.11884520202875137 0.19130820035934448
v 0.2455570250749588 0.11266390234231949 0.1432809978723526
v 0.24555127322673798 0.1125815287232399 0.1471964567899704
v 0.24294058978557587 0.11373942345380783 0.14746323227882385
v 0.2501639127731323 0.10956346988677979 0.15328548848628998
v 0.2501316964626312 0.10904078185558319 0.1565888673067093
v 0.25401124358177185 0.10665388405323029 0.15413594245910645
v 0.2454255223274231 0.11054123938083649 0.1627049297094345
v 0.24547089636325836 0.11131956428289413 0.1588679552078247
v 0.24006909132003784 0.11346693336963654 0.16093839704990387
v 0.2339525818824768 0.11453645676374435 0.16756856441497803
v 0.23390738666057587 0.11339079588651657 0.17232081294059753
v 0.23997053503990173 0.11154061555862427 0.16958852112293243
v 0.2556474804878235 0.10542652010917664 0.15285514295101166
v 0.25707653164863586 0.10417966544628143 0.15154391527175903
v 0.25710514187812805 0.10476504266262054 0.1474296748638153
v 0.2582617700099945 0.10205943882465363 0.15359026193618774
v 0.25703203678131104 0.103171207010746 0.15558157861232758
v 0.25697433948516846 0.10168434679508209 0.15948082506656647
v 0.2365943044424057 0.09979388117790222 0.19567987322807312
v 0.23952266573905945 0.0993170514702797 0.19293473660945892
v 0.23960889875888824 0.10221729427576065 0.18956473469734192
v 0.24728915095329285 0.09525711089372635 0.18614991009235382
v 0.24957023561000824 0.09513162076473236 0.18264757096767426
v 0.24964900314807892 0.09778084605932236 0.18051686882972717
v 0.260985791683197 0.09642088413238525 0.1471870094537735
v 0.26098868250846863 0.09691239148378372 0.14664801955223083
v 0.1923278421163559 0.09007833898067474 0.2280421108007431
v 0.19233731925487518 0.0885903611779213 0.227752685546875
v 0.19665013253688812 0.08725107461214066 0.2268451601266861
v 0.19673575460910797 0.07731930166482925 0.2203977406024933
v 0.1967567354440689 0.07537084817886353 0.21812333166599274
v 0.20098884403705597 0.0738111063838005 0.21738864481449127
v 0.2049858719110489 0.08603756129741669 0.2246331125497818
v 0.2049974501132965 0.08456020802259445 0.2243993878364563
v 0.2090018391609192 0.08331887423992157 0.2228603959083557
v 0.21474479138851166 0.08178482204675674 0.22015567123889923
v 0.21657538414001465 0.08141186088323593 0.21914824843406677
v 0.21657055616378784 0.08283387869596481 0.21932359039783478
v 0.21300287544727325 0.06429490447044373 0.20729848742485046
v 0.21298693120479584 0.06599058210849762 0.2096552699804306
v 0.20914791524410248 0.06720821559429169 0.21082234382629395
v 0.2183913290500641 0.06319095194339752 0.20527584850788116
v 0.21838726103305817 0.06491287797689438 0.20751763880252838
v 0.21664154529571533 0.06514538824558258 0.2082834094762802
v 0.2166505604982376 0.06342732906341553 0.2060021162033081
v 0.21665936708450317 0.06183591112494469 0.20363010466098785
v 0.21839532256126404 0.06159554794430733 0.20294189453125
v 0.18369099497795105 0.06381823122501373 0.1553846150636673
v 0.18824777007102966 0.061684198677539825 0.1553940325975418
v 0.18822722136974335 0.06266890466213226 0.16747014224529266
v 0.21844632923603058 0.047009002417325974 0.1432809978723526
v 0.22004622220993042 0.046953119337558746 0.1432809978723526
v 0.2200464904308319 0.047058094292879105 0.14886897802352905
v 0.23301956057548523 0.0716819018125534 0.20299449563026428
v 0.23298102617263794 0.06968212872743607 0.2015746682882309
v 0.23598580062389374 0.07034216821193695 0.19880558550357819
v 0.25137507915496826 0.08326895534992218 0.18131496012210846
v 0.2533225119113922 0.08440429717302322 0.17733289301395416
v 0.2533864974975586 0.08712293952703476 0.17751917243003845
v 0.260973185300827 0.09368747472763062 0.1471870094537735
v 0.26097631454467773 0.09432752430438995 0.14756420254707336
v 0.2578640580177307 0.08353894203901291 0.1625899076461792
v 0.25649866461753845 0.08124016970396042 0.16633008420467377
v 0.2564597725868225 0.07975312322378159 0.16481086611747742
v 0.2609702944755554 0.09319597482681274 0.14664801955223083
v 0.24091066420078278 0.053982049226760864 0.1432809978723526
v 0.24355269968509674 0.05603668466210365 0.1432809978723526
v 0.24357520043849945 0.05636797100305557 0.1511046141386032
v 0.08957303315401077 0.10229982435703278 0.1517891138792038
v 0.09069444239139557 0.10343337804079056 0.15344899892807007
v 0.09066905826330185 0.10402002930641174 0.15008093416690826
v 0.09088020026683807 0.09610048681497574 0.16668392717838287
v 0.09085629135370255 0.09757523238658905 0.1657325029373169
v 0.08969243615865707 0.09734837710857391 0.16206160187721252
v 0.09888851642608643 0.11033789813518524 0.14932550489902496
v 0.0969003289937973 0.10920130461454391 0.14882080256938934
v 0.0969337597489357 0.108676478266716 0.15434230864048004
v 0.10895427316427231 0.09728331863880157 0.19807055592536926
v 0.11165910214185715 0.09758050739765167 0.20107275247573853
v 0.11163150519132614 0.09935909509658813 0.19996364414691925
v 0.08706788718700409 0.09547179192304611 0.14706812798976898
v 0.08695001155138016 0.09640999883413315 0.1432809978723526
v 0.08706957846879959 0.09508060663938522 0.1466207504272461
v 0.08982962369918823 0.08874285966157913 0.15727344155311584
v 0.09104227274656296 0.08735620975494385 0.1600046455860138
v 0.09099879115819931 0.08895212411880493 0.16307133436203003
v 0.08707467466592789 0.09432879835367203 0.14442920684814453
v 0.08707546442747116 0.09424509108066559 0.1432809978723526
v 0.08707255125045776 0.09458864480257034 0.14555823802947998
v 0.08707467466592789 0.09432879835367203 0.14213280379772186
v 0.09578239917755127 0.08358943462371826 0.16795361042022705
v 0.09769753366708755 0.08248288929462433 0.17050132155418396
v 0.09765401482582092 0.08362498879432678 0.1730518341064453
v 0.10904310643672943 0.09144764393568039 0.19877414405345917
v 0.10645925253629684 0.09149201214313507 0.1956074982881546
v 0.10648954659700394 0.08971872180700302 0.19495034217834473
v 0.10910212248563766 0.08787836134433746 0.19702768325805664
v 0.11179763078689575 0.08771726489067078 0.19996364414691925
v 0.11177003383636475 0.08949585258960724 0.20107275247573853
v 0.11207851022481918 0.07639633119106293 0.18033504486083984
v 0.11203216016292572 0.07773706316947937 0.18428906798362732
v 0.10677620768547058 0.0789312869310379 0.18001937866210938
v 0.11445056647062302 0.09976660460233688 0.20277434587478638
v 0.1300710141658783 0.10580511391162872 0.21087904274463654
v 0.13006038963794708 0.10414943099021912 0.21287919580936432
v 0.133558452129364 0.10471698641777039 0.21471883356571198
v 0.13357417285442352 0.1063915491104126 0.21264980733394623
v 0.1371864378452301 0.10525140166282654 0.21639709174633026
v 0.1413004845380783 0.12216415256261826 0.15436162054538727
v 0.13751646876335144 0.12162264436483383 0.15415352582931519
v 0.13748997449874878 0.12086687237024307 0.16500245034694672
v 0.13752344250679016 0.12180835008621216 0.1487186849117279
v 0.1614493727684021 0.12185896933078766 0.1786125749349594
v 0.1614837795495987 0.1232180967926979 0.16687633097171783
v 0.1531570553779602 0.12268254160881042 0.1664114147424698
v 0.15731589496135712 0.12394773215055466 0.1491331309080124
v 0.15730908513069153 0.12375745922327042 0.15498261153697968
v 0.16150589287281036 0.12400390207767487 0.15508991479873657
v 0.16137929260730743 0.11853047460317612 0.19602325558662415
v 0.1613520085811615 0.11698515713214874 0.20173294842243195
v 0.1700177788734436 0.11695734411478043 0.20248918235301971
v 0.11464627832174301 0.08448327332735062 0.19972768425941467
v 0.11753378063440323 0.08435367047786713 0.20224714279174805
v 0.11751413345336914 0.08588290959596634 0.20394140481948853
v 0.12047126144170761 0.08859901130199432 0.2086832970380783
v 0.12047814577817917 0.0876380056142807 0.2079886645078659
v 0.1235378161072731 0.08775389939546585 0.21037660539150238
v 0.12050545960664749 0.08430683612823486 0.2046293020248413
v 0.1175532266497612 0.08298014104366302 0.20042482018470764
v 0.12668094038963318 0.0869910791516304 0.2117735743522644
v 0.12667924165725708 0.08609908074140549 0.21087880432605743
v 0.12997399270534515 0.0862998440861702 0.21287919580936432
v 0.12067802250385284 0.07220033556222916 0.17157478630542755
v 0.1236220970749855 0.07205254584550858 0.17257069051265717
v 0.1236061304807663 0.07397443801164627 0.18218271434307098
v 0.1444907784461975 0.07918287813663483 0.2043820023536682
v 0.14453214406967163 0.0813027024269104 0.20961517095565796
v 0.13695542514324188 0.08100145310163498 0.2071884274482727
v 0.15685422718524933 0.0892326757311821 0.22448408603668213
v 0.1568353772163391 0.08721847087144852 0.22234386205673218
v 0.16110005974769592 0.08705025911331177 0.2230396419763565
v 0.16533727943897247 0.07495689392089844 0.19641165435314178
v 0.16535857319831848 0.07653132826089859 0.2021583765745163
v 0.16097816824913025 0.07699605822563171 0.20173294842243195
v 0.16984522342681885 0.07775621116161346 0.20817087590694427
v 0.16986027359962463 0.08003762364387512 0.21371617913246155
v 0.1654045581817627 0.08062753826379776 0.21335189044475555
v 0.16095088422298431 0.07545074075460434 0.19602325558662415
v 0.16092538833618164 0.07414387166500092 0.19025690853595734
v 0.1653173714876175 0.07362481206655502 0.19060607254505157
v 0.14423967897891998 0.0706344023346901 0.15454760193824768
v 0.14422892034053802 0.07038649916648865 0.1432809978723526
v 0.15229852497577667 0.07033383101224899 0.1432809978723526
v 0.087066151201725 0.09602437913417816 0.13927073776721954
v 0.08706527203321457 0.09632104635238647 0.13933461904525757
v 0.08707255125045776 0.09458864480257034 0.1410037726163864
v 0.08707115054130554 0.09479820728302002 0.14045804738998413
v 0.1045556366443634 0.07482657581567764 0.12928245961666107
v 0.1070210412144661 0.07384820282459259 0.12836626172065735
v 0.10706216096878052 0.07319233566522598 0.13581202924251556
v 0.11222920566797256 0.07280609011650085 0.12250865995883942
v 0.11225604265928268 0.07226943224668503 0.12664347887039185
v 0.10959140211343765 0.07299423217773438 0.1274857521057129
v 0.08706957846879959 0.09508060663938522 0.1399412602186203
v 0.08706788718700409 0.09547179192304611 0.1394938826560974
v 0.08706702291965485 0.09572770446538925 0.13933461904525757
v 0.09966636449098587 0.08413603901863098 0.10810345411300659
v 0.10186804831027985 0.08338063955307007 0.10523159801959991
v 0.10192137211561203 0.0818362683057785 0.10813932865858078
v 0.09961474686861038 0.08585426211357117 0.10557806491851807
v 0.10181290656328201 0.08521796762943268 0.10249434411525726
v 0.16528254747390747 0.07156326621770859 0.10768333077430725
v 0.16088078916072845 0.0721222460269928 0.10794943571090698
v 0.16092538833618164 0.07414387166500092 0.09630510210990906
v 0.11459782719612122 0.08762194216251373 0.08378766477108002
v 0.11749433726072311 0.08759474754333496 0.08111005276441574
v 0.11751413345336914 0.08588290959596634 0.08262059837579727
v 0.12667252123355865 0.0830078125 0.07967393100261688
v 0.1299528181552887 0.08316819369792938 0.07781992107629776
v 0.12993215024471283 0.0806431993842125 0.08235751837491989
v 0.12996335327625275 0.08464416861534119 0.07568297535181046
v 0.12997399270534515 0.0862998440861702 0.07368282973766327
v 0.13343076407909393 0.08652535825967789 0.07184317708015442
v 0.15264280140399933 0.08552785217761993 0.06740596890449524
v 0.15262240171432495 0.08398502320051193 0.06987155228853226
v 0.14854517579078674 0.08397359400987625 0.07082304358482361
v 0.08706440776586533 0.09657695889472961 0.1394938826560974
v 0.08796555548906326 0.09618115425109863 0.13147331774234772
v 0.08873596787452698 0.09613482654094696 0.1275741457939148
v 0.08874799311161041 0.09496980905532837 0.12731869518756866
v 0.08795849233865738 0.0969385951757431 0.13195066154003143
v 0.08872402459383011 0.09713664650917053 0.12821002304553986
v 0.08871228247880936 0.09796619415283203 0.12904763221740723
v 0.09934606403112411 0.09898463636636734 0.10332728177309036
v 0.1015259176492691 0.09933044016361237 0.10005152970552444
v 0.10155452787876129 0.09803753346204758 0.09901542216539383
v 0.1089838370680809 0.09541405737400055 0.08778785169124603
v 0.10639853775501251 0.09524929523468018 0.09095451980829239
v 0.10636823624372482 0.09702257066965103 0.09161166846752167
v 0.10613511502742767 0.10635250806808472 0.10308662056922913
v 0.10608156770467758 0.10781001299619675 0.10654264688491821
v 0.11139696091413498 0.10933929681777954 0.10227295011281967
v 0.08705762773752213 0.0977199524641037 0.14213280379772186
v 0.08705683797597885 0.09780365973711014 0.1432809978723526
v 0.1234637126326561 0.11054771393537521 0.09036777913570404
v 0.12347448617219925 0.10850057005882263 0.08591466397047043
v 0.11727740615606308 0.10719048231840134 0.09003498405218124
v 0.12342610955238342 0.11601433902978897 0.10916823148727417
v 0.12341853231191635 0.1168898418545723 0.11399131268262863
v 0.13020601868629456 0.11831769347190857 0.11222817748785019
v 0.259345680475235 0.08653151243925095 0.15719333291053772
v 0.25968509912490845 0.08776615560054779 0.15603291988372803
v 0.2590046525001526 0.08594365417957306 0.15879447758197784
v 0.26099470257759094 0.09297916293144226 0.14517167210578918
v 0.260995477437973 0.0929826870560646 0.14513850212097168
v 0.26101401448249817 0.09307008981704712 0.1438641995191574
v 0.2610078454017639 0.0930408388376236 0.14445941150188446
v 0.26101598143577576 0.09307950735092163 0.1432824730873108
v 0.2610061764717102 0.09303296357393265 0.1445731818675995
v 0.26101359724998474 0.09306811541318893 0.14263971149921417
v 0.26100748777389526 0.09303904324769974 0.14207570254802704
v 0.260983943939209 0.09292937070131302 0.14097465574741364
v 0.2609694302082062 0.09286302328109741 0.14052008092403412
v 0.25554248690605164 0.0751352533698082 0.12517037987709045
v 0.2549247741699219 0.07361619174480438 0.12530839443206787
v 0.25473690032958984 0.07351750135421753 0.1245073676109314
v 0.2538575530052185 0.07115384936332703 0.12589885294437408
v 0.2532086670398712 0.06974673271179199 0.12646493315696716
v 0.2529166042804718 0.07078860700130463 0.12199179083108902
v 0.2483820766210556 0.06094454601407051 0.13836416602134705
v 0.2481842190027237 0.060635343194007874 0.14007188379764557
v 0.24608975648880005 0.05864793062210083 0.1360168606042862
v 0.2460683137178421 0.05833566188812256 0.1432809978723526
v 0.24807009100914001 0.060458723455667496 0.14179572463035583
v 0.2480391412973404 0.06041104719042778 0.1432809978723526
v 0.2509796619415283 0.06535448879003525 0.12967824935913086
v 0.25041481852531433 0.06433659046888351 0.13087955117225647
v 0.24851806461811066 0.06205170229077339 0.12997311353683472
v 0.2498922497034073 0.06342536211013794 0.13219434022903442
v 0.2496507316827774 0.0630137026309967 0.13288690149784088
v 0.24920238554477692 0.062264930456876755 0.13436675071716309
v 0.24882075190544128 0.061642903834581375 0.1359182745218277
v 0.24846205115318298 0.06116083636879921 0.13660047948360443
v 0.24850934743881226 0.0611453615128994 0.13753680884838104
v 0.2542925775051117 0.07213425636291504 0.12560626864433289
v 0.2564224600791931 0.07846694439649582 0.12342695891857147
v 0.2565155029296875 0.07768759876489639 0.1252962350845337
v 0.2563871741294861 0.07735887914896011 0.12521378695964813
v 0.2561438977718353 0.07668830454349518 0.12519477307796478
v 0.2587532699108124 0.08447396755218506 0.1278359442949295
v 0.25831419229507446 0.08302522450685501 0.1270003318786621
v 0.2578350305557251 0.08228123188018799 0.1252424120903015
v 0.2580929100513458 0.08231862634420395 0.12665574252605438
v 0.2575981616973877 0.0807926207780838 0.12604114413261414
v 0.260222464799881 0.08980441093444824 0.13301105797290802
v 0.25995537638664246 0.08877842873334885 0.13165593147277832
v 0.2599223554134369 0.08933095633983612 0.13095775246620178
v 0.2596503496170044 0.08763774484395981 0.13039836287498474
v 0.2590251863002777 0.08711348474025726 0.12690265476703644
v 0.2604532837867737 0.09071281552314758 0.13446152210235596
v 0.2605755031108856 0.09162586182355881 0.13504670560359955
v 0.2605355679988861 0.09104199707508087 0.13506829738616943
v 0.26070937514305115 0.09174908697605133 0.1365911066532135
v 0.26058143377304077 0.09229821711778641 0.13472580909729004
v 0.26094046235084534 0.09273277223110199 0.13980357348918915
v 0.26084449887275696 0.09231530874967575 0.13816897571086884
v 0.2610151469707489 0.09307555109262466 0.14290302991867065
v 0.26099735498428345 0.09299156069755554 0.14505226910114288
v 0.26097092032432556 0.09286993741989136 0.14599831402301788
v 0.26089414954185486 0.0925290435552597 0.1476382613182068
v 0.26097071170806885 0.0928688496351242 0.14600524306297302
v 0.26059043407440186 0.09126327931880951 0.15105387568473816
v 0.2607109248638153 0.09175550192594528 0.14995528757572174
v 0.26058143377304077 0.09229821711778641 0.15183620154857635
v 0.25987565517425537 0.088477224111557 0.15526050329208374
v 0.2601523697376251 0.08953268080949783 0.15393473207950592
v 0.2599223554134369 0.08933095633983612 0.1556042581796646
v 0.2603900134563446 0.09046175330877304 0.15253093838691711
v 0.2605755031108856 0.09162586182355881 0.15151530504226685
v 0.2573470175266266 0.08004487305879593 0.1607605218887329
v 0.2578582167625427 0.08158581703901291 0.16022294759750366
v 0.2578350305557251 0.08228123188018799 0.16131959855556488
v 0.25833314657211304 0.08308649808168411 0.1595299243927002
v 0.25854745507240295 0.0837869867682457 0.15914487838745117
v 0.2564224600791931 0.07846694439649582 0.16313505172729492
v 0.2563871741294861 0.07735887914896011 0.16134822368621826
v 0.25654250383377075 0.07776135206222534 0.1612556427717209
v 0.2559589445590973 0.07620247453451157 0.1613924354314804
v 0.2543991506099701 0.07237914204597473 0.16101662814617157
v 0.25471946597099304 0.07312721014022827 0.1611737459897995
v 0.25473690032958984 0.07351750135421753 0.1620546281337738
v 0.25535115599632263 0.07465686649084091 0.1613657921552658
v 0.2547784447669983 0.074605792760849 0.16422024369239807
v 0.2529166042804718 0.07078860700130463 0.16457021236419678
v 0.25375896692276 0.07093586772680283 0.1605871170759201
v 0.25311464071273804 0.06954806298017502 0.16000215709209442
v 0.2528706192970276 0.06975236535072327 0.1620352864265442
v 0.2524689733982086 0.06821750849485397 0.15925997495651245
v 0.25091302394866943 0.0652325302362442 0.1567520946264267
v 0.25150641798973083 0.06633620709180832 0.15784130990505219
v 0.2508047819137573 0.06613743305206299 0.16129904985427856
v 0.2521238923072815 0.06752950698137283 0.158796489238739
v 0.2483394593000412 0.06087764725089073 0.1478857398033142
v 0.24859963357448578 0.061288706958293915 0.14954204857349396
v 0.24846205115318298 0.06116083636879921 0.14996153116226196
v 0.24876663088798523 0.06155579537153244 0.1503916233778
v 0.24851806461811066 0.06205170229077339 0.1565888673067093
v 0.24914035201072693 0.0621628612279892 0.1519652009010315
v 0.2495751529932022 0.0628860667347908 0.15344493091106415
v 0.25006547570228577 0.06372424960136414 0.15482880175113678
v 0.24804000556468964 0.06041240319609642 0.14353159070014954
v 0.24805806577205658 0.06044020503759384 0.14444302022457123
v 0.24608975648880005 0.05864793062210083 0.1505451500415802
v 0.2481578290462494 0.06059439480304718 0.14618496596813202
v 0.170083686709404 0.12347744405269623 0.11936035007238388
v 0.17007580399513245 0.12284489721059799 0.11340493708848953
v 0.1614493727684021 0.12185896933078766 0.10794943571090698
v 0.13383689522743225 0.12127473950386047 0.1432809978723526
v 0.13751646876335144 0.12162264436483383 0.1324084848165512
v 0.13024356961250305 0.1203799843788147 0.13289496302604675
v 0.12340622395277023 0.11818594485521317 0.12370782345533371
v 0.1233982965350151 0.11893685907125473 0.13348159193992615
v 0.13022886216640472 0.11962428689002991 0.12253380566835403
v 0.13748997449874878 0.12086687237024307 0.12155956029891968
v 0.14514605700969696 0.1218925341963768 0.12077018618583679
v 0.1451764851808548 0.1226501315832138 0.1320144087076187
v 0.1531570553779602 0.12268254160881042 0.12015058845281601
v 0.15318551659584045 0.12344852089881897 0.1317048817873001
v 0.1170857697725296 0.11531182378530502 0.1160552129149437
v 0.1171116977930069 0.11445990204811096 0.11157593876123428
v 0.11714045703411102 0.11344309896230698 0.10713066905736923
v 0.11717171967029572 0.11224161833524704 0.10273119062185287
v 0.12343449890613556 0.1149679645895958 0.10437928140163422
v 0.13019196689128876 0.11743376404047012 0.10710950195789337
v 0.13744883239269257 0.11955894529819489 0.11076332628726959
v 0.1613520085811615 0.11698515713214874 0.08482906222343445
v 0.1700177788734436 0.11695734411478043 0.08407284319400787
v 0.16562798619270325 0.11516395956277847 0.07874186336994171
v 0.17000338435173035 0.11504680663347244 0.07839114218950272
v 0.16998831927776337 0.11276538670063019 0.07284583896398544
v 0.1529504805803299 0.11480828374624252 0.08045703917741776
v 0.1613232046365738 0.11515302211046219 0.07920128107070923
v 0.16560448706150055 0.11293327063322067 0.07321012765169144
v 0.16997277736663818 0.10999433696269989 0.06752632558345795
v 0.1700664907693863 0.12205350399017334 0.10746815800666809
v 0.17005591094493866 0.12109027802944183 0.10155629366636276
v 0.16142822802066803 0.1209389790892601 0.10211221873760223
v 0.1614047735929489 0.11983734369277954 0.09630510210990906
v 0.15305542945861816 0.1193842738866806 0.09722871333360672
v 0.1530226320028305 0.11810829490423203 0.09157481789588928
v 0.14500248432159424 0.11736637353897095 0.09297745674848557
v 0.14496497809886932 0.115872822701931 0.08753802627325058
v 0.13733229041099548 0.11486748605966568 0.08953936398029327
v 0.1372978240251541 0.11310572177171707 0.08439178019762039
v 0.13012219965457916 0.11189227551221848 0.08711396157741547
v 0.12350571900606155 0.10020214319229126 0.07545741647481918
v 0.12350281327962875 0.10118848830461502 0.07618539035320282
v 0.12670329213142395 0.10172757506370544 0.07395394891500473
v 0.12670670449733734 0.10356778651475906 0.07568319141864777
v 0.13006038963794708 0.10414943099021912 0.07368282973766327
v 0.1300710141658783 0.10580511391162872 0.07568297535181046
v 0.13357417285442352 0.1063915491104126 0.07391219586133957
v 0.1335897445678711 0.1078813299536705 0.07611873745918274
v 0.13722458481788635 0.10844317823648453 0.07456942647695541
v 0.13362029194831848 0.1104244738817215 0.08079487085342407
v 0.13726182281970978 0.1110006719827652 0.07937357574701309
v 0.14492537081241608 0.11410164833068848 0.08218000829219818
v 0.14488402009010315 0.1119818314909935 0.07694683969020844
v 0.14101873338222504 0.1115233302116394 0.0780915841460228
v 0.144841268658638 0.10939917713403702 0.07192254066467285
v 0.14097754657268524 0.10895330458879471 0.07317101955413818
v 0.1409565508365631 0.10744210332632065 0.07084083557128906
v 0.1372056007385254 0.10694199800491333 0.07229822129011154
v 0.1371864378452301 0.10525140166282654 0.07016491889953613
v 0.133558452129364 0.10471698641777039 0.07184317708015442
v 0.13354259729385376 0.10281995683908463 0.06997855752706528
v 0.1300496608018875 0.10227858275175095 0.07188435643911362
v 0.13004426658153534 0.10125105828046799 0.07109145075082779
v 0.12670157849788666 0.10071919113397598 0.07319314032793045
v 0.12669986486434937 0.09964848309755325 0.07252397388219833
v 0.12350862473249435 0.09915649890899658 0.07481807470321655
v 0.12351153790950775 0.09805170446634293 0.07428622990846634
v 0.11731556057929993 0.10482136905193329 0.08613720536231995
v 0.12348561733961105 0.1060330793261528 0.08168141543865204
v 0.1173350065946579 0.10344783961772919 0.08431486040353775
v 0.12040892243385315 0.09870219975709915 0.07726948708295822
v 0.12039513885974884 0.10068047046661377 0.07857335358858109
v 0.12349703162908554 0.10299244523048401 0.0778433308005333
v 0.12671008706092834 0.10520053654909134 0.07761077582836151
v 0.13008154928684235 0.10728108882904053 0.07781992107629776
v 0.13010220229625702 0.10980608314275742 0.08235751837491989
v 0.11735464632511139 0.10191861540079117 0.08262059837579727
v 0.11737444251775742 0.10020677000284195 0.08111005276441574
v 0.11445056647062302 0.09976660460233688 0.08378766477108002
v 0.117394357919693 0.09828879684209824 0.07987040281295776
v 0.11447502672672272 0.09791527688503265 0.08261294662952423
v 0.1530855894088745 0.12045944482088089 0.10292224586009979
v 0.14503751695156097 0.11862904578447342 0.09847324341535568
v 0.1373649537563324 0.11635465174913406 0.09477187693119049
v 0.13014133274555206 0.11364252865314484 0.09200432151556015
v 0.12671999633312225 0.1091596707701683 0.08406355232000351
v 0.12671342492103577 0.10665905475616455 0.07967393100261688
v 0.12349129468202591 0.10459696501493454 0.07969550043344498
v 0.11160407215356827 0.10095374286174774 0.08795571327209473
v 0.11163150519132614 0.09935909509658813 0.08659835904836655
v 0.11165910214185715 0.09758050739765167 0.08548925071954727
v 0.11123152077198029 0.1136009469628334 0.11839228868484497
v 0.11126746237277985 0.11278916150331497 0.11430056393146515
v 0.1113073006272316 0.11182159185409546 0.11024166643619537
v 0.11135061085224152 0.11068003624677658 0.10622695833444595
v 0.0969003289937973 0.10920130461454391 0.13774120807647705
v 0.09688849002122879 0.10937479883432388 0.1432809978723526
v 0.09887552261352539 0.11052364110946655 0.1432809978723526
v 0.09506716579198837 0.10819438844919205 0.1432809978723526
v 0.0934254378080368 0.10683808475732803 0.13878771662712097
v 0.0934164822101593 0.10698398947715759 0.1432809978723526
v 0.10113731771707535 0.10982426255941391 0.12376456707715988
v 0.10590063780546188 0.11176813393831253 0.12097218632698059
v 0.10598351806402206 0.11011254787445068 0.11367232352495193
v 0.09194141626358032 0.10574516654014587 0.1432809978723526
v 0.09194878488779068 0.10561453551054001 0.13932697474956512
v 0.09064693748950958 0.10447951406240463 0.1432809978723526
v 0.0906527116894722 0.10436506569385529 0.13987518846988678
v 0.08953799307346344 0.10318858176469803 0.1432809978723526
v 0.08954225480556488 0.10309122502803802 0.14043107628822327
v 0.08861955255270004 0.1018739566206932 0.1432809978723526
v 0.08862243592739105 0.1017945408821106 0.1409933865070343
v 0.08790311217308044 0.1002940833568573 0.13984660804271698
v 0.08789656311273575 0.10053721815347672 0.1432809978723526
v 0.0873740017414093 0.09917993098497391 0.1432809978723526
v 0.0969337597489357 0.108676478266716 0.13221970200538635
v 0.09515310078859329 0.10672400146722794 0.12828512489795685
v 0.09345071017742157 0.10639747232198715 0.1343095898628235
v 0.09349000453948975 0.10564666241407394 0.12986533343791962
v 0.09196960180997849 0.10522034764289856 0.1353864073753357
v 0.09200194478034973 0.10454939305782318 0.13147589564323425
v 0.09066905826330185 0.10402002930641174 0.13648107647895813
v 0.09069444239139557 0.10343337804079056 0.13311301171779633
v 0.0895543098449707 0.10279794037342072 0.13759100437164307
v 0.08957303315401077 0.10229982435703278 0.1347728967666626
v 0.08863057941198349 0.1015554890036583 0.13871371746063232
v 0.08864325284957886 0.10114992409944534 0.13645175099372864
v 0.08791060745716095 0.09998486191034317 0.1381457895040512
v 0.08792035281658173 0.09953620284795761 0.1364692896604538
v 0.08738511055707932 0.09850241988897324 0.13873152434825897
v 0.08737706393003464 0.09901510924100876 0.14098715782165527
v 0.08738057315349579 0.09880577027797699 0.13985119760036469
v 0.08705975115299225 0.09746011346578598 0.1410037726163864
v 0.0952126681804657 0.10551625490188599 0.12338526546955109
v 0.09354095906019211 0.10455024242401123 0.1254826933145523
v 0.09204388409852982 0.1035708412528038 0.12762007117271423
v 0.09072735905647278 0.10257888585329056 0.12979242205619812
v 0.08959731459617615 0.10157523304224014 0.13199472427368164
v 0.08865968883037567 0.10056072473526001 0.13422201573848724
v 0.1060308888554573 0.10905268043279648 0.11007911711931229
v 0.09705308079719543 0.10646800696849823 0.1213328018784523
v 0.09709158539772034 0.10563158988952637 0.1186743974685669
v 0.095283143222332 0.10384932905435562 0.11860839277505875
v 0.10886649042367935 0.10188222676515579 0.0922546312212944
v 0.10883773118257523 0.10311958938837051 0.09381124377250671
v 0.11154990643262863 0.10367164015769958 0.09113115072250366
v 0.10878131538629532 0.10526428371667862 0.09715478122234344
v 0.11149705201387405 0.10590088367462158 0.09466572105884552
v 0.11144591867923737 0.10776368528604507 0.09840510785579681
v 0.10619102418422699 0.10463341325521469 0.09975016862154007
v 0.1172051727771759 0.11082806438207626 0.09839469939470291
v 0.12344362586736679 0.11372962594032288 0.09963635355234146
v 0.1301763951778412 0.11637602746486664 0.10202398151159286
v 0.1374235302209854 0.11867333203554153 0.10539761930704117
v 0.14509880542755127 0.12058117240667343 0.10957595705986023
v 0.09698569774627686 0.10778021812438965 0.12673906981945038
v 0.10121636092662811 0.10832500457763672 0.11738269031047821
v 0.10126154124736786 0.10736728459596634 0.11424310505390167
v 0.1013098955154419 0.10624627768993378 0.11115487664937973
v 0.10136095434427261 0.1049339547753334 0.10813932865858078
v 0.10373305529356003 0.10400845110416412 0.10244479775428772
v 0.10624883323907852 0.10258246958255768 0.09660346806049347
v 0.10627829283475876 0.10140090435743332 0.09514022618532181
v 0.10630806535482407 0.10009276121854782 0.09378668665885925
v 0.10892482101917267 0.09898333996534348 0.08953431248664856
v 0.10889553278684616 0.10051058977842331 0.09081309288740158
v 0.1115768551826477 0.10238354653120041 0.08948344737291336
v 0.11437823623418808 0.1042388454079628 0.08857064694166183
v 0.11433137208223343 0.10654300451278687 0.09229009598493576
v 0.11724050343036652 0.10916347056627274 0.09414782375097275
v 0.12345340102910995 0.11227011680603027 0.09495683014392853
v 0.13015946745872498 0.1151224821805954 0.09698323160409927
v 0.1373954564332962 0.11761274933815002 0.10006342828273773
v 0.14506973326206207 0.11969300359487534 0.10400962084531784
v 0.15311281383037567 0.12135704606771469 0.1086450144648552
v 0.11740434914827347 0.09725043177604675 0.07939031720161438
v 0.1116868108510971 0.09562071412801743 0.0847393199801445
v 0.11167293787002563 0.096621073782444 0.08506136387586594
v 0.10895427316427231 0.09728331863880157 0.08849145472049713
v 0.10633805394172668 0.09863843023777008 0.09258769452571869
v 0.10384903848171234 0.09969959408044815 0.09686873853206635
v 0.10381954908370972 0.10093916207551956 0.09813261032104492
v 0.10379035025835037 0.10206009447574615 0.09950032830238342
v 0.1014142781496048 0.10338958352804184 0.10523159801959991
v 0.10146941989660263 0.10155226290225983 0.10249434411525726
v 0.09929318726062775 0.10105878114700317 0.10557806491851807
v 0.09924156963825226 0.10277700424194336 0.10810345411300659
v 0.10149751603603363 0.10049658268690109 0.10122416168451309
v 0.09366853535175323 0.10097809135913849 0.11715856194496155
v 0.09536180645227432 0.10157135128974915 0.11407402902841568
v 0.09540335834026337 0.10011395812034607 0.11198467761278152
v 0.09717632830142975 0.10351207852363586 0.11351019144058228
v 0.09722178429365158 0.10217089205980301 0.11105329543352127
v 0.09726878255605698 0.10057944804430008 0.10874399542808533
v 0.10641370713710785 0.09431725740432739 0.09077928960323334
v 0.10164116322994232 0.09338511526584625 0.09740935266017914
v 0.10161221027374268 0.09503982961177826 0.0976107120513916
v 0.08870082348585129 0.09866025298833847 0.12999293208122253
v 0.08794473856687546 0.09809265285730362 0.1332901418209076
v 0.08793187141418457 0.09892251342535019 0.1348366141319275
v 0.0873904898762703 0.0980881080031395 0.13764120638370514
v 0.09076631814241409 0.10140480101108551 0.1265573501586914
v 0.0896417424082756 0.09995907545089722 0.12798132002353668
v 0.08962605893611908 0.1005811095237732 0.12928856909275055
v 0.08867912739515305 0.09975357353687286 0.13205036520957947
v 0.09080979228019714 0.09980888664722443 0.12349067628383636
v 0.09214890748262405 0.1003907322883606 0.1202998086810112
v 0.09217815846204758 0.09922145307064056 0.11866037547588348
v 0.09083276242017746 0.09879274666309357 0.12208043783903122
v 0.092208132147789 0.09781858325004578 0.11720509827136993
v 0.09085629135370255 0.09757523238658905 0.1208295077085495
v 0.09370408207178116 0.09966157376766205 0.11529263108968735
v 0.09544593095779419 0.09836035966873169 0.11012672632932663
v 0.09374050796031952 0.09807983040809631 0.11363492161035538
v 0.0937589555978775 0.0971650555729866 0.11293557286262512
v 0.09223859012126923 0.09611647576093674 0.11609693616628647
v 0.0908922329545021 0.09526193141937256 0.11959534883499146
v 0.09088020026683807 0.09610048681497574 0.11987809091806412
v 0.09532161802053452 0.10280107706785202 0.1162983626127243
v 0.09363416582345963 0.1020902618765831 0.1191461831331253
v 0.09212061017751694 0.1013796404004097 0.1220470443367958
v 0.09078758955001831 0.1006692424416542 0.12499430030584335
v 0.08965813368558884 0.09923218935728073 0.12672407925128937
v 0.08967507630586624 0.09837460517883301 0.12554535269737244
v 0.08969243615865707 0.09734837710857391 0.12450040131807327
v 0.08971007168292999 0.09610725939273834 0.12370645254850388
v 0.08972784876823425 0.09466198086738586 0.1233871579170227
v 0.08706115186214447 0.0972505509853363 0.14045804738998413
v 0.08739650249481201 0.09752882272005081 0.13660861551761627
v 0.08740292489528656 0.0967525988817215 0.13571453094482422
v 0.08706272393465042 0.0969681441783905 0.1399412602186203
v 0.15269461274147034 0.09037606418132782 0.06202468276023865
v 0.15268418192863464 0.08926886320114136 0.0629655197262764
v 0.14861039817333221 0.08921317756175995 0.06402703374624252
v 0.14858847856521606 0.08723612874746323 0.06610527634620667
v 0.1446187049150467 0.087124302983284 0.06729529798030853
v 0.14459668099880219 0.08540618419647217 0.06953982263803482
v 0.1527155488729477 0.09283097088336945 0.060488369315862656
v 0.15270507335662842 0.09156283736228943 0.06119011715054512
v 0.1486324667930603 0.09148366749286652 0.062283653765916824
v 0.14862142503261566 0.09030941128730774 0.06310287117958069
v 0.14465203881263733 0.09016816318035126 0.0643571987748146
v 0.14464089274406433 0.08908334374427795 0.06526078283786774
v 0.14078450202941895 0.08889669179916382 0.06666508316993713
v 0.14076313376426697 0.0869564414024353 0.06864874809980392
v 0.13703079521656036 0.08675073087215424 0.07016491889953613
v 0.13339947164058685 0.08336101472377777 0.07611873745918274
v 0.13701163232326508 0.08506012707948685 0.07229822129011154
v 0.1369926482439041 0.08355893939733505 0.07456942647695541
v 0.14453214406967163 0.0813027024269104 0.07694683969020844
v 0.15258237719535828 0.08136915415525436 0.0750609040260315
v 0.15676186978816986 0.08125880360603333 0.07431560754776001
v 0.13691942393779755 0.0788964033126831 0.08439178019762039
v 0.1444907784461975 0.07918287813663483 0.08218000829219818
v 0.15254366397857666 0.07922477275133133 0.08045703917741776
v 0.16100698709487915 0.07882820069789886 0.07920128107070923
v 0.15274706482887268 0.09701652824878693 0.05949774757027626
v 0.15273654460906982 0.09557867795228958 0.05961478874087334
v 0.14866571128368378 0.09545157104730606 0.060739319771528244
v 0.14865462481975555 0.09406435489654541 0.06107013300061226
v 0.14468562602996826 0.09387632459402084 0.06237322464585304
v 0.1446744203567505 0.09256728738546371 0.06288529187440872
v 0.140816792845726 0.0923367515206337 0.06435495615005493
v 0.14080601930618286 0.09111559391021729 0.0650072917342186
v 0.13706955313682556 0.09086012840270996 0.06663189083337784
v 0.13705983757972717 0.08972980082035065 0.06738536804914474
v 0.1334545761346817 0.08946669101715088 0.06915479153394699
v 0.1334466189146042 0.08842238038778305 0.06997855752706528
v 0.12998472154140472 0.08817069977521896 0.07188435643911362
v 0.12997934222221375 0.08720602095127106 0.07275281846523285
v 0.15275757014751434 0.09845437854528427 0.05961478874087334
v 0.1486768126487732 0.09687092900276184 0.060624729841947556
v 0.14469684660434723 0.09524376690387726 0.062050942331552505
v 0.14082759618759155 0.09362611919641495 0.06385816633701324
v 0.13707931339740753 0.09206243604421616 0.06600111722946167
v 0.1334625631570816 0.0905793085694313 0.06842803955078125
v 0.1299901008605957 0.08919822424650192 0.07109145075082779
v 0.15283071994781494 0.10675935447216034 0.06507932394742966
v 0.1528099626302719 0.1047641932964325 0.0629655197262764
v 0.14874321222305298 0.10452867299318314 0.06402703374624252
v 0.14873220026493073 0.10343243926763535 0.06310287117958069
v 0.14476412534713745 0.10311637818813324 0.0643571987748146
v 0.14475294947624207 0.10195551812648773 0.0635569617152214
v 0.14089244604110718 0.10157814621925354 0.0650072917342186
v 0.14088167250156403 0.10035698860883713 0.06435495615005493
v 0.13713793456554413 0.09993968904018402 0.06600111722946167
v 0.13712817430496216 0.09867201000452042 0.06552134454250336
v 0.13351063430309296 0.09823761880397797 0.06735914200544357
v 0.13350263237953186 0.09694289416074753 0.06706960499286652
v 0.13002260029315948 0.0965159684419632 0.0690908432006836
v 0.13001719117164612 0.09522463381290436 0.06899525225162506
v 0.1266929656267166 0.09483343362808228 0.07118869572877884
v 0.12669123709201813 0.09357505291700363 0.07127980142831802
v 0.12352324277162552 0.09324852377176285 0.07363243401050568
v 0.12352616339921951 0.09204833954572678 0.07388395816087723
v 0.1174544245004654 0.09163621068000793 0.07902814447879791
v 0.11746443063020706 0.09055109322071075 0.07939031720161438
v 0.13705013692378998 0.08867058902978897 0.06823823601007462
v 0.1407952457666397 0.08996928483247757 0.06578543037176132
v 0.14466321468353271 0.09132901579141617 0.0635569617152214
v 0.14864353835582733 0.09273752570152283 0.061595361679792404
v 0.15272605419158936 0.09417383372783661 0.0599525049328804
v 0.15266339480876923 0.08727370947599411 0.06507932394742966
v 0.14856672286987305 0.08550464361906052 0.06839492917060852
v 0.14457489550113678 0.08388535678386688 0.07192254066467285
v 0.13695542514324188 0.08100145310163498 0.07937357574701309
v 0.13336892426013947 0.08081786334514618 0.08079487085342407
v 0.13341502845287323 0.08485078811645508 0.07391219586133957
v 0.12667585909366608 0.08446632325649261 0.07761077582836151
v 0.12667924165725708 0.08609908074140549 0.07568319141864777
v 0.12668094038963318 0.0869910791516304 0.07478844374418259
v 0.12668265402317047 0.0879392921924591 0.07395394891500473
v 0.15285134315490723 0.10850521177053452 0.06740596890449524
v 0.14876514673233032 0.10650573670864105 0.06610527634620667
v 0.14477525651454926 0.10420119762420654 0.06526078283786774
v 0.14090321958065033 0.10272445529699326 0.06578543037176132
v 0.1371476799249649 0.10114200413227081 0.06663189083337784
v 0.13351865112781525 0.0994814932346344 0.06782056391239166
v 0.13002803921699524 0.09778181463479996 0.06936794519424438
v 0.1266946941614151 0.09609179943799973 0.07127980142831802
v 0.12352031469345093 0.09447119385004044 0.07354583591222763
v 0.11744441092014313 0.0927586480975151 0.07880216836929321
v 0.15279951691627502 0.10365699231624603 0.06202468276023865
v 0.14872115850448608 0.10225819051265717 0.062283653765916824
v 0.14474175870418549 0.10071725398302078 0.06288529187440872
v 0.1408708691596985 0.09906762093305588 0.06385816633701324
v 0.137118399143219 0.09735076129436493 0.06521996855735779
v 0.13349460065364838 0.09562116861343384 0.06696963310241699
v 0.13001175224781036 0.09393331408500671 0.0690908432006836
v 0.12668952345848083 0.09234064817428589 0.07154415547847748
v 0.1235290914773941 0.09089069068431854 0.07428622990846634
v 0.12046435475349426 0.08961627632379532 0.07726948708295822
v 0.11747441440820694 0.08951271325349808 0.07987040281295776
v 0.15278905630111694 0.10247022658586502 0.06119011715054512
v 0.14871008694171906 0.10100433230400085 0.061595361679792404
v 0.14473053812980652 0.09940820932388306 0.06237322464585304
v 0.14086005091667175 0.09772215783596039 0.06354578584432602
v 0.13710862398147583 0.09600106626749039 0.0651157945394516
v 0.1334865838289261 0.09429945051670074 0.06706960499286652
v 0.130006343126297 0.09266746044158936 0.06936794519424438
v 0.12668780982494354 0.09115151315927505 0.07196643203496933
v 0.1235320046544075 0.08978589624166489 0.07481807470321655
v 0.12047126144170761 0.08859901130199432 0.07787872105836868
v 0.11748439818620682 0.08852711319923401 0.08044923096895218
v 0.11457335948944092 0.08947326987981796 0.08261294662952423
v 0.11177003383636475 0.08949585258960724 0.08548925071954727
v 0.11175618320703506 0.09045529365539551 0.08506136387586594
v 0.11174232512712479 0.09145564585924149 0.0847393199801445
v 0.1235550120472908 0.08290931582450867 0.08168141543865204
v 0.12050545960664749 0.08430683612823486 0.08193271607160568
v 0.12354932725429535 0.08434542268514633 0.07969550043344498
v 0.12049185484647751 0.08587684482336044 0.08015836775302887
v 0.12354359030723572 0.08594994992017746 0.0778433308005333
v 0.12047814577817917 0.0876380056142807 0.07857335358858109
v 0.1235378161072731 0.08775389939546585 0.07618539035320282
v 0.1235349103808403 0.08874024450778961 0.07545741647481918
v 0.12668436765670776 0.08894766867160797 0.07319314032793045
v 0.12668608129024506 0.0900183841586113 0.07252397388219833
v 0.12999550998210907 0.0902911126613617 0.07039298117160797
v 0.13000091910362244 0.09144969284534454 0.06981007754802704
v 0.1334705501794815 0.09176084399223328 0.06782056391239166
v 0.1334785670042038 0.09300471097230911 0.06735914200544357
v 0.1370890736579895 0.09333012253046036 0.06552134454250336
v 0.13709883391857147 0.09465137124061584 0.06521996855735779
v 0.1408384144306183 0.09497158229351044 0.06354578584432602
v 0.14084923267364502 0.09634687006473541 0.06343771517276764
v 0.1447080820798874 0.09664227068424225 0.06193937733769417
v 0.14471930265426636 0.09804076701402664 0.062050942331552505
v 0.14868789911270142 0.09829028695821762 0.060739319771528244
v 0.14869900047779083 0.09967749565839767 0.06107013300061226
v 0.1527680903673172 0.09985923022031784 0.0599525049328804
v 0.15277858078479767 0.101202093064785 0.060488369315862656
v 0.12991216778755188 0.07855699956417084 0.08711396157741547
v 0.12666594982147217 0.08050718158483505 0.08406355232000351
v 0.12987491488456726 0.07532680034637451 0.09698323160409927
v 0.12359699606895447 0.07521276921033859 0.09963635355234146
v 0.1266535222530365 0.0766974464058876 0.09341825544834137
v 0.1235872358083725 0.07667228579521179 0.09495683014392853
v 0.12357691675424576 0.07839468121528625 0.09036777913570404
v 0.11766360700130463 0.07697345316410065 0.09839469939470291
v 0.11476234346628189 0.078923299908638 0.09622012823820114
v 0.11762826889753342 0.07863804697990417 0.09414782375097275
v 0.1147170215845108 0.08084554970264435 0.09229009598493576
v 0.11759138107299805 0.08061104267835617 0.09003498405218124
v 0.11467016488313675 0.08314970880746841 0.08857064694166183
v 0.1175532266497612 0.08298014104366302 0.08613720536231995
v 0.11464627832174301 0.08448327332735062 0.08683431893587112
v 0.12054534256458282 0.08047538250684738 0.08790748566389084
v 0.12057088315486908 0.07846065610647202 0.0921948254108429
v 0.12059534341096878 0.07676313817501068 0.09661765396595001
v 0.11769706755876541 0.07555989921092987 0.10273119062185287
v 0.11207851022481918 0.07639633119106293 0.10622695833444595
v 0.1524387001991272 0.07464878261089325 0.09722871333360672
v 0.15238133072853088 0.07267601042985916 0.1086450144648552
v 0.1443786472082138 0.07465548068284988 0.09847324341535568
v 0.14431734383106232 0.07270335406064987 0.10957595705986023
v 0.13682177662849426 0.07438937574625015 0.10006342828273773
v 0.1367684155702591 0.07244317978620529 0.11076332628726959
v 0.12984240055084229 0.07301551103591919 0.10710950195789337
v 0.12985797226428986 0.07407325506210327 0.10202398151159286
v 0.12361451983451843 0.0729280486702919 0.10916823148727417
v 0.1236061304807663 0.07397443801164627 0.10437928140163422
v 0.11775707453489304 0.07334161549806595 0.11157593876123428
v 0.1177283227443695 0.07435841858386993 0.10713066905736923
v 0.11216167360544205 0.07428720593452454 0.11430056393146515
v 0.1121218279004097 0.07525477558374405 0.11024166643619537
v 0.11780582368373871 0.07178814709186554 0.12055999785661697
v 0.12362875789403915 0.07133247703313828 0.11883999407291412
v 0.12363440543413162 0.0707564502954483 0.12370782345533371
v 0.1298159956932068 0.07140536606311798 0.11737169325351715
v 0.12070722132921219 0.07091747224330902 0.12437162548303604
v 0.11782519519329071 0.0712263211607933 0.12508387863636017
v 0.11500421166419983 0.07167854905128479 0.12584200501441956
v 0.10651972889900208 0.08810286223888397 0.09258769452571869
v 0.10402890294790268 0.08991480618715286 0.09484204649925232
v 0.10648954659700394 0.08971872180700302 0.09161166846752167
v 0.10399888455867767 0.0915868803858757 0.09423142671585083
v 0.10645925253629684 0.09149201214313507 0.09095451980829239
v 0.10644407570362091 0.09242403507232666 0.09077928960323334
v 0.10642889142036438 0.09337064623832703 0.09071923792362213
v 0.11171455681324005 0.09353817999362946 0.08446995913982391
v 0.11170068383216858 0.09458797425031662 0.0845387801527977
v 0.1174243688583374 0.0950428694486618 0.07880216836929321
v 0.11741435527801514 0.09616529941558838 0.07902814447879791
v 0.12351447343826294 0.09689405560493469 0.07388395816087723
v 0.12669813632965088 0.0985153391957283 0.07196643203496933
v 0.13003887236118317 0.10015816986560822 0.07039298117160797
v 0.13353462517261505 0.1017756462097168 0.06915479153394699
v 0.13716712594032288 0.1033315360546112 0.06823823601007462
v 0.14093534648418427 0.10573729872703552 0.06864874809980392
v 0.1448194682598114 0.10787834972143173 0.06953982263803482
v 0.14880844950675964 0.10976826399564743 0.07082304358482361
v 0.1488506942987442 0.11236556619405746 0.07593730092048645
v 0.152987539768219 0.11659884452819824 0.0859760269522667
v 0.10169901698827744 0.09016450494527817 0.09817471355199814
v 0.10167011618614197 0.09173040091991425 0.0976107120513916
v 0.10172780603170395 0.08873269706964493 0.09901542216539383
v 0.10654972493648529 0.08664853870868683 0.09378668665885925
v 0.09746447950601578 0.09081635624170303 0.10511542111635208
v 0.09743985533714294 0.09215597063302994 0.10464492440223694
v 0.09741516411304474 0.09356854110956192 0.10447733849287033
v 0.09739049524068832 0.0949811041355133 0.10464492440223694
v 0.1015833169221878 0.09660572558641434 0.09817471355199814
v 0.0973658636212349 0.09632071107625961 0.10511542111635208
v 0.09734132885932922 0.09754917025566101 0.10581892728805542
v 0.0973169282078743 0.09866153448820114 0.10668826848268509
v 0.09385209530591965 0.0916561558842659 0.11237086355686188
v 0.09383346140384674 0.09275257587432861 0.11199413239955902
v 0.09381479024887085 0.09390667080879211 0.11186020076274872
v 0.09379613399505615 0.09506077319383621 0.11199413239955902
v 0.09377750009298325 0.09615719318389893 0.11237086355686188
v 0.10408855229616165 0.08701230585575104 0.09686873853206635
v 0.10175641626119614 0.08743979036808014 0.10005152970552444
v 0.09748902171850204 0.08958791196346283 0.10581892728805542
v 0.10411804914474487 0.08577273041009903 0.09813261032104492
v 0.10178480297327042 0.08627365529537201 0.10122416168451309
v 0.09956185519695282 0.087928406894207 0.10332728177309036
v 0.09751340001821518 0.0884755402803421 0.10668826848268509
v 0.09756156802177429 0.08655762672424316 0.10874399542808533
v 0.09561961889266968 0.08907841145992279 0.11012672632932663
v 0.09387063980102539 0.09064828604459763 0.11293557286262512
v 0.11203216016292572 0.07773706316947937 0.10227295011281967
v 0.10930019617080688 0.07980243116617203 0.1006961539387703
v 0.11198320239782333 0.07931268215179443 0.09840510785579681
v 0.10924563556909561 0.08159741759300232 0.09715478122234344
v 0.11193208396434784 0.08117549121379852 0.09466572105884552
v 0.10918921232223511 0.08374211192131042 0.09381124377250671
v 0.11187921464443207 0.08340471982955933 0.09113115072250366
v 0.11185228079557419 0.0846928134560585 0.08948344737291336
v 0.10677620768547058 0.0789312869310379 0.10654264688491821
v 0.10425995290279388 0.0810679942369461 0.10556989163160324
v 0.10672267526388168 0.08038879185914993 0.10308662056922913
v 0.10420454293489456 0.08270344138145447 0.10244479775428772
v 0.10666675865650177 0.08210788667201996 0.09975016862154007
v 0.10414725542068481 0.08465179800987244 0.09950032830238342
v 0.10660894960165024 0.08415882289409637 0.09660346806049347
v 0.10657949000597 0.08534038811922073 0.09514022618532181
v 0.10916046053171158 0.08497947454452515 0.0922546312212944
v 0.10913140326738358 0.08635111153125763 0.09081309288740158
v 0.11182506382465363 0.08612262457609177 0.08795571327209473
v 0.10910212248563766 0.08787836134433746 0.08953431248664856
v 0.10682690143585205 0.07768861949443817 0.11007911711931229
v 0.10202077776193619 0.07940294593572617 0.11424310505390167
v 0.09585288166999817 0.0819225087761879 0.12338526546955109
v 0.09578239917755127 0.08358943462371826 0.11860839277505875
v 0.09773874282836914 0.08150548487901688 0.1186743974685669
v 0.10197243094444275 0.08052395284175873 0.11115487664937973
v 0.09971628338098526 0.08268985152244568 0.11078830063343048
v 0.09765401482582092 0.08362498879432678 0.11351019144058228
v 0.09760855883359909 0.08496617525815964 0.11105329543352127
v 0.09570374339818954 0.08586740493774414 0.11407402902841568
v 0.0956621915102005 0.08732480555772781 0.11198467761278152
v 0.09392551332712173 0.08815177530050278 0.11529263108968735
v 0.09388908743858337 0.08973351866006851 0.11363492161035538
v 0.0923304483294487 0.09043719619512558 0.11720509827136993
v 0.09229998290538788 0.09213931113481522 0.11609693616628647
v 0.09091635793447495 0.0934990867972374 0.11959534883499146
v 0.09090429544448853 0.09438050538301468 0.1194949820637703
v 0.09360125660896301 0.10303924977779388 0.12121115624904633
v 0.09209351241588593 0.10222429037094116 0.1238628551363945
v 0.08974561840295792 0.09321671724319458 0.12370645254850388
v 0.09092839062213898 0.09266052395105362 0.11987809091806412
v 0.09769753366708755 0.08248288929462433 0.11606068164110184
v 0.09574392437934875 0.08463768661022186 0.1162983626127243
v 0.09396104514598846 0.08683526515960693 0.11715856194496155
v 0.09236041456460953 0.08903433382511139 0.11866037547588348
v 0.0909522995352745 0.09118577837944031 0.1208295077085495
v 0.09713280946016312 0.10465417802333832 0.11606068164110184
v 0.08797268569469452 0.09530138224363327 0.13128171861171722
v 0.08876001089811325 0.09380479156970978 0.1275741457939148
v 0.08797980844974518 0.09442161023616791 0.13147331774234772
v 0.08877194672822952 0.0928029716014862 0.12821002304553986
v 0.08798687905073166 0.09366416931152344 0.13195066154003143
v 0.08878368884325027 0.0919734314084053 0.12904763221740723
v 0.08800064027309418 0.09251011162996292 0.1332901418209076
v 0.08976325392723083 0.09197559952735901 0.12450040131807327
v 0.09097582846879959 0.08996826410293579 0.12208043783903122
v 0.08978061378002167 0.09094937145709991 0.12554535269737244
v 0.09099879115819931 0.08895212411880493 0.12349067628383636
v 0.08979754894971848 0.09009178727865219 0.12672407925128937
v 0.09102100133895874 0.08809176832437515 0.12499430030584335
v 0.08982962369918823 0.08874285966157913 0.12928856909275055
v 0.10206595808267593 0.07844523340463638 0.11738269031047821
v 0.10687427222728729 0.07662875950336456 0.11367232352495193
v 0.10210752487182617 0.07763101160526276 0.1205597072839737
v 0.1069178432226181 0.07572905719280243 0.11730688810348511
v 0.1298283487558365 0.07213158160448074 0.11222817748785019
v 0.1236220970749855 0.07205254584550858 0.11399131268262863
v 0.11778301745653152 0.07248968631029129 0.1160552129149437
v 0.11219761520624161 0.0734754130244255 0.11839228868484497
v 0.10449232161045074 0.07590249180793762 0.12234371900558472
v 0.10695714503526688 0.07497316598892212 0.12097218632698059
v 0.1095290407538414 0.07416259497404099 0.11965378373861313
v 0.10214501619338989 0.07694597542285919 0.12376456707715988
v 0.10963154584169388 0.07231380045413971 0.1353713572025299
v 0.11229364573955536 0.0715678334236145 0.13494986295700073
v 0.11503754556179047 0.07095925509929657 0.13454888761043549
v 0.11785232275724411 0.07049287855625153 0.13416963815689087
v 0.12072601169347763 0.07017345726490021 0.13381345570087433
v 0.12364233285188675 0.07000553607940674 0.13348159193992615
v 0.12979081273078918 0.07006929069757462 0.13289496302604675
v 0.09793001413345337 0.07793577015399933 0.13774120807647705
v 0.09789658337831497 0.07846058905124664 0.13221970200538635
v 0.09998270124197006 0.0771375223994255 0.13121172785758972
v 0.09784463047981262 0.07935686409473419 0.12673906981945038
v 0.09992564469575882 0.07809896767139435 0.12523095309734344
v 0.09777725487947464 0.08066906034946442 0.1213328018784523
v 0.09985164552927017 0.07950842380523682 0.1193302720785141
v 0.09399542957544327 0.08572309464216232 0.1191461831331253
v 0.09402833878993988 0.08477409929037094 0.12121115624904633
v 0.09408864378929138 0.0832631066441536 0.1254826933145523
v 0.09591244161128998 0.08071476221084595 0.12828512489795685
v 0.09413959085941315 0.08216669410467148 0.12986533343791962
v 0.09595836699008942 0.07988877594470978 0.13325318694114685
v 0.09417888522148132 0.08141587674617767 0.1343095898628235
v 0.09420415759086609 0.08097527176141739 0.13878771662712097
v 0.08879515528678894 0.09127937257289886 0.12999293208122253
v 0.08881684392690659 0.09018603712320328 0.13205036520957947
v 0.08801349252462387 0.09168025851249695 0.1348366141319275
v 0.08883628994226456 0.08937888592481613 0.13422201573848724
v 0.08802501112222672 0.09106655418872833 0.1364692896604538
v 0.08885272592306137 0.0887896940112114 0.13645175099372864
v 0.08804226666688919 0.09030868113040924 0.13984660804271698
v 0.08886539191007614 0.08838412910699844 0.13871371746063232
v 0.08887355029582977 0.08814508467912674 0.1409933865070343
v 0.08804880082607269 0.09006554633378983 0.1432809978723526
v 0.09420415759086609 0.08097527176141739 0.14777429401874542
v 0.094213105738163 0.08082936704158783 0.1432809978723526
v 0.09794184565544128 0.07776227593421936 0.1432809978723526
v 0.1697821021080017 0.07074951380491257 0.1790938526391983
v 0.16979268193244934 0.07171273231506348 0.18500570952892303
v 0.1698307991027832 0.07584567368030548 0.20248918235301971
v 0.16981716454029083 0.07423177361488342 0.19671787321567535
v 0.1698044091463089 0.07286542654037476 0.1908842921257019
v 0.15254366397857666 0.07922477275133133 0.20610496401786804
v 0.16100698709487915 0.07882820069789886 0.20736072957515717
v 0.1653810739517212 0.07839684933423996 0.20782014727592468
v 0.169875830411911 0.08280867338180542 0.21903568506240845
v 0.16542886197566986 0.08334270119667053 0.21866655349731445
v 0.15266339480876923 0.08727370947599411 0.22148267924785614
v 0.15268418192863464 0.08926886320114136 0.2235964983701706
v 0.15269461274147034 0.09037606418132782 0.22453731298446655
v 0.16525569558143616 0.07017671316862106 0.16705550253391266
v 0.16528254747390747 0.07156326621770859 0.17887867987155914
v 0.16084639728069305 0.07076311856508255 0.16687633097171783
v 0.16088078916072845 0.0721222460269928 0.1786125749349594
v 0.15238133072853088 0.07267601042985916 0.1779169887304306
v 0.1524387001991272 0.07464878261089325 0.18933328986167908
v 0.1443786472082138 0.07465548068284988 0.1880887746810913
v 0.14441369473934174 0.07591815292835236 0.19358454644680023
v 0.13685227930545807 0.07564748078584671 0.1917901188135147
v 0.16103707253932953 0.08102092891931534 0.21286265552043915
v 0.15676186978816986 0.08125880360603333 0.2122463881969452
v 0.15258237719535828 0.08136915415525436 0.2115011066198349
v 0.148502916097641 0.08137629181146622 0.21062470972537994
v 0.15250660479068756 0.07743421196937561 0.2005859762430191
v 0.14858847856521606 0.08723612874746323 0.22045673429965973
v 0.14861039817333221 0.08921317756175995 0.22253496944904327
v 0.14862142503261566 0.09030941128730774 0.2234591394662857
v 0.1486324667930603 0.09148366749286652 0.22427836060523987
v 0.1446187049150467 0.087124302983284 0.21926669776439667
v 0.14464089274406433 0.08908334374427795 0.22130121290683746
v 0.14465203881263733 0.09016816318035126 0.22220481932163239
v 0.14466321468353271 0.09132901579141617 0.2230050414800644
v 0.1446744203567505 0.09256728738546371 0.22367671132087708
v 0.140816792845726 0.0923367515206337 0.22220705449581146
v 0.14080601930618286 0.09111559391021729 0.2215547263622284
v 0.1407952457666397 0.08996928483247757 0.22077657282352448
v 0.14078450202941895 0.08889669179916382 0.21989694237709045
v 0.14076313376426697 0.0869564414024353 0.21791326999664307
v 0.16544124484062195 0.08494065701961517 0.22118963301181793
v 0.16108404099941254 0.08526872098445892 0.22066709399223328
v 0.15681669116020203 0.08545627444982529 0.21998929977416992
v 0.15264280140399933 0.08552785217761993 0.21915602684020996
v 0.14856672286987305 0.08550464361906052 0.21816708147525787
v 0.14459668099880219 0.08540618419647217 0.21702219545841217
v 0.13701163232326508 0.08506012707948685 0.21426378190517426
v 0.13670077919960022 0.07037948071956635 0.15415352582931519
v 0.1366914063692093 0.07013215869665146 0.1432809978723526
v 0.12979081273078918 0.07006929069757462 0.15366704761981964
v 0.12978561222553253 0.06982182711362839 0.1432809978723526
v 0.12364233285188675 0.07000553607940674 0.15308041870594025
v 0.12364514172077179 0.0697593167424202 0.1432809978723526
v 0.12073265761137009 0.0699293240904808 0.1432809978723526
v 0.12072601169347763 0.07017345726490021 0.15274855494499207
v 0.11786192655563354 0.07025202363729477 0.1432809978723526
v 0.11785232275724411 0.07049287855625153 0.15239237248897552
v 0.1150493398308754 0.07072286307811737 0.1432809978723526
v 0.11503754556179047 0.07095925509929657 0.1520131230354309
v 0.11230695247650146 0.07133706659078598 0.1432809978723526
v 0.12980550527572632 0.07082499563694 0.16402821242809296
v 0.12662570178508759 0.0707387626171112 0.16346704959869385
v 0.12363440543413162 0.0707564502954483 0.16285419464111328
v 0.12070722132921219 0.07091747224330902 0.16219037771224976
v 0.11782519519329071 0.0712263211607933 0.16147814691066742
v 0.1367272585630417 0.0711352601647377 0.16500245034694672
v 0.1298283487558365 0.07213158160448074 0.1743338257074356
v 0.126632958650589 0.07204212993383408 0.1734907627105713
v 0.12064015120267868 0.07410028576850891 0.18085448443889618
v 0.1177283227443695 0.07435841858386993 0.17943134903907776
v 0.11778301745653152 0.07248968631029129 0.1705068051815033
v 0.11495241522789001 0.07291623204946518 0.16937050223350525
v 0.11500421166419983 0.07167854905128479 0.16071999073028564
v 0.11225604265928268 0.07226943224668503 0.15991853177547455
v 0.1266423761844635 0.07397708296775818 0.1834111362695694
v 0.12985797226428986 0.07407325506210327 0.18453803658485413
v 0.1367684155702591 0.07244317978620529 0.1757986843585968
v 0.14427009224891663 0.0713920071721077 0.1657918095588684
v 0.1523086130619049 0.07058453559875488 0.15485712885856628
v 0.16081644594669342 0.06972002238035202 0.1432809978723526
v 0.1652384251356125 0.06937483698129654 0.155179962515831
v 0.1608242690563202 0.06997731328010559 0.15508991479873657
v 0.15233708918094635 0.07135052233934402 0.1664114147424698
v 0.14431734383106232 0.07270335406064987 0.17698605358600616
v 0.13682177662849426 0.07438937574625015 0.18649856746196747
v 0.12987491488456726 0.07532680034637451 0.18957877159118652
v 0.13688494265079498 0.0771346464753151 0.19702264666557312
v 0.12991216778755188 0.07855699956417084 0.19944803416728973
v 0.12989301979541779 0.07680675387382507 0.19455768167972565
v 0.1266596019268036 0.07843683660030365 0.1978888064622879
v 0.1266535222530365 0.0766974464058876 0.19314375519752502
v 0.12357691675424576 0.07839468121528625 0.19619423151016235
v 0.1235872358083725 0.07667228579521179 0.19160516560077667
v 0.12359699606895447 0.07521276921033859 0.18692564964294434
v 0.15247149765491486 0.07592476159334183 0.1949871927499771
v 0.14445118606090546 0.0774117186665535 0.19902397692203522
v 0.13691942393779755 0.0788964033126831 0.2021702229976654
v 0.13336892426013947 0.08081786334514618 0.20576713979244232
v 0.169764906167984 0.06932556629180908 0.16720165312290192
v 0.16975383460521698 0.06850175559520721 0.1552537977695465
v 0.13703079521656036 0.08675073087215424 0.21639709174633026
v 0.13705013692378998 0.08867058902978897 0.21832376718521118
v 0.1334466189146042 0.08842238038778305 0.21658344566822052
v 0.1299901008605957 0.08919822424650192 0.2154705673456192
v 0.1334545761346817 0.08946669101715088 0.2174072265625
v 0.13705983757972717 0.08972980082035065 0.21917663514614105
v 0.12998472154140472 0.08817069977521896 0.21467764675617218
v 0.12997934222221375 0.08720602095127106 0.21380917727947235
v 0.13343076407909393 0.08652535825967789 0.21471883356571198
v 0.12668608129024506 0.0900183841586113 0.21403802931308746
v 0.12999550998210907 0.0902911126613617 0.21616902947425842
v 0.1334625631570816 0.0905793085694313 0.21813397109508514
v 0.13706955313682556 0.09086012840270996 0.21993011236190796
v 0.1235290914773941 0.09089069068431854 0.21227578818798065
v 0.12668780982494354 0.09115151315927505 0.21459557116031647
v 0.13000091910362244 0.09144969284534454 0.21675193309783936
v 0.1334705501794815 0.09176084399223328 0.21874143183231354
v 0.13707931339740753 0.09206243604421616 0.22056089341640472
v 0.12668265402317047 0.0879392921924591 0.21260805428028107
v 0.12668436765670776 0.08894766867160797 0.21336886286735535
v 0.1235349103808403 0.08874024450778961 0.2111045867204666
v 0.1235320046544075 0.08978589624166489 0.21174393594264984
v 0.12046435475349426 0.08961627632379532 0.20929251611232758
v 0.12993215024471283 0.0806431993842125 0.2042044997215271
v 0.12666594982147217 0.08050718158483505 0.2024984508752823
v 0.1235661506652832 0.08044182509183884 0.20064735412597656
v 0.12057088315486908 0.07846065610647202 0.1943671852350235
v 0.11766360700130463 0.07697345316410065 0.18816731870174408
v 0.11769706755876541 0.07555989921092987 0.18383081257343292
v 0.16106818616390228 0.08369354903697968 0.21815328299999237
v 0.15679818391799927 0.08389908075332642 0.2174949198961258
v 0.15262240171432495 0.08398502320051193 0.21669045090675354
v 0.14854517579078674 0.08397359400987625 0.21573896706104279
v 0.14457489550113678 0.08388535678386688 0.21463945508003235
v 0.1369926482439041 0.08355893939733505 0.21199259161949158
v 0.13339947164058685 0.08336101472377777 0.21044325828552246
v 0.1299528181552887 0.08316819369792938 0.20874209702014923
v 0.12667252123355865 0.0830078125 0.20688806474208832
v 0.1235550120472908 0.08290931582450867 0.20488059520721436
v 0.12054534256458282 0.08047538250684738 0.19865451753139496
v 0.11762826889753342 0.07863804697990417 0.19241419434547424
v 0.13341502845287323 0.08485078811645508 0.21264980733394623
v 0.12996335327625275 0.08464416861534119 0.21087904274463654
v 0.12667585909366608 0.08446632325649261 0.20895124971866608
v 0.12354932725429535 0.08434542268514633 0.20686651766300201
v 0.12051891535520554 0.0828990489244461 0.2027236968278885
v 0.11759138107299805 0.08061104267835617 0.19652701914310455
v 0.11476234346628189 0.078923299908638 0.19034187495708466
v 0.11488522589206696 0.07474469393491745 0.17791830003261566
v 0.1121218279004097 0.07525477558374405 0.17632034420967102
v 0.11219761520624161 0.0734754130244255 0.16816972196102142
v 0.11746443063020706 0.09055109322071075 0.2071717083454132
v 0.11748439818620682 0.08852711319923401 0.2061127871274948
v 0.11747441440820694 0.08951271325349808 0.20669159293174744
v 0.11457335948944092 0.08947326987981796 0.20394906401634216
v 0.12049185484647751 0.08587684482336044 0.20640365779399872
v 0.12354359030723572 0.08594994992017746 0.2087186723947525
v 0.11467016488313675 0.08314970880746841 0.19799137115478516
v 0.11187921464443207 0.08340471982955933 0.19543085992336273
v 0.14082759618759155 0.09362611919641495 0.22270384430885315
v 0.13709883391857147 0.09465137124061584 0.2213420569896698
v 0.1370890736579895 0.09333012253046036 0.22104068100452423
v 0.1334865838289261 0.09429945051670074 0.21949239075183868
v 0.1334785670042038 0.09300471097230911 0.21920286118984222
v 0.13001175224781036 0.09393331408500671 0.2174711525440216
v 0.130006343126297 0.09266746044158936 0.21719405055046082
v 0.12669123709201813 0.09357505291700363 0.21528220176696777
v 0.12668952345848083 0.09234064817428589 0.2150178700685501
v 0.12352324277162552 0.09324852377176285 0.21292957663536072
v 0.12352616339921951 0.09204833954572678 0.21267804503440857
v 0.11744441092014313 0.0927586480975151 0.20775985717773438
v 0.1174544245004654 0.09163621068000793 0.20753386616706848
v 0.11172845214605331 0.09248839318752289 0.2020232379436493
v 0.11174232512712479 0.09145564585924149 0.2018226832151413
v 0.11459782719612122 0.08762194216251373 0.20277434587478638
v 0.11749433726072311 0.08759474754333496 0.20545196533203125
v 0.10959140211343765 0.07299423217773438 0.1590762585401535
v 0.14514605700969696 0.1218925341963768 0.1657918095588684
v 0.14913974702358246 0.1230788305401802 0.15471243858337402
v 0.1451764851808548 0.1226501315832138 0.15454760193824768
v 0.1451845020055771 0.12283626198768616 0.14891564846038818
v 0.14130820333957672 0.12234993278980255 0.14882268011569977
v 0.14131084084510803 0.1224115788936615 0.1432809978723526
v 0.13752584159374237 0.12186997383832932 0.1432809978723526
v 0.16142822802066803 0.1209389790892601 0.18444979190826416
v 0.15311281383037567 0.12135704606771469 0.1779169887304306
v 0.15318551659584045 0.12344852089881897 0.15485712885856628
v 0.1491476595401764 0.12326573580503464 0.14899803698062897
v 0.14518724381923676 0.12289803475141525 0.1432809978723526
v 0.15319301187992096 0.12363675236701965 0.1490703672170639
v 0.1531955897808075 0.12369923293590546 0.1432809978723526
v 0.14915038645267487 0.12332776188850403 0.1432809978723526
v 0.12348561733961105 0.1060330793261528 0.20488059520721436
v 0.12349129468202591 0.10459696501493454 0.20686651766300201
v 0.12671008706092834 0.10520053654909134 0.20895124971866608
v 0.117394357919693 0.09828879684209824 0.20669159293174744
v 0.12040892243385315 0.09870219975709915 0.20929251611232758
v 0.12039513885974884 0.10068047046661377 0.2079886645078659
v 0.1173350065946579 0.10344783961772919 0.20224714279174805
v 0.11737444251775742 0.10020677000284195 0.20545196533203125
v 0.12349703162908554 0.10299244523048401 0.2087186723947525
v 0.11735464632511139 0.10191861540079117 0.20394140481948853
v 0.11447502672672272 0.09791527688503265 0.20394906401634216
v 0.11167293787002563 0.096621073782444 0.20150065422058105
v 0.11740434914827347 0.09725043177604675 0.2071717083454132
v 0.12035436183214188 0.10541941970586777 0.2027236968278885
v 0.11731556057929993 0.10482136905193329 0.20042482018470764
v 0.1115768551826477 0.10238354653120041 0.19707855582237244
v 0.11437823623418808 0.1042388454079628 0.19799137115478516
v 0.13008154928684235 0.10728108882904053 0.20874209702014923
v 0.12671342492103577 0.10665905475616455 0.20688806474208832
v 0.12671999633312225 0.1091596707701683 0.2024984508752823
v 0.12347448617219925 0.10850057005882263 0.20064735412597656
v 0.1234637126326561 0.11054771393537521 0.19619423151016235
v 0.12032794952392578 0.10784309357404709 0.19865451753139496
v 0.11724050343036652 0.10916347056627274 0.19241419434547424
v 0.11727740615606308 0.10719048231840134 0.19652701914310455
v 0.11433137208223343 0.10654300451278687 0.19427190721035004
v 0.11144591867923737 0.10776368528604507 0.18815690279006958
v 0.11149705201387405 0.10590088367462158 0.19189627468585968
v 0.1530226320028305 0.11810829490423203 0.1949871927499771
v 0.15305542945861816 0.1193842738866806 0.18933328986167908
v 0.14503751695156097 0.11862904578447342 0.1880887746810913
v 0.14506973326206207 0.11969300359487534 0.18255239725112915
v 0.1374235302209854 0.11867333203554153 0.18116439878940582
v 0.13744883239269257 0.11955894529819489 0.1757986843585968
v 0.13020601868629456 0.11831769347190857 0.1743338257074356
v 0.13022886216640472 0.11962428689002991 0.16402821242809296
v 0.12340622395277023 0.11818594485521317 0.16285419464111328
v 0.13024356961250305 0.1203799843788147 0.15366704761981964
v 0.1302487552165985 0.12062745541334152 0.1432809978723526
v 0.1267649084329605 0.11968251317739487 0.15338671207427979
v 0.12676656246185303 0.11992970108985901 0.1432809978723526
v 0.13382920622825623 0.12102732807397842 0.15392231941223145
v 0.11704359203577042 0.1165751963853836 0.16147814691066742
v 0.12014726549386978 0.11814501136541367 0.15274855494499207
v 0.11701645702123642 0.11730863898992538 0.15239237248897552
v 0.12014061957597733 0.11838915199041367 0.1432809978723526
v 0.11700684577226639 0.11754949390888214 0.1432809978723526
v 0.11701645702123642 0.11730863898992538 0.13416963815689087
v 0.12339548766613007 0.11918307095766068 0.1432809978723526
v 0.1233982965350151 0.11893685907125473 0.15308041870594025
v 0.10220596194267273 0.0759245976805687 0.15633021295070648
v 0.10214501619338989 0.07694597542285919 0.1627974510192871
v 0.09992564469575882 0.07809896767139435 0.16133105754852295
v 0.10206595808267593 0.07844523340463638 0.16917932033538818
v 0.09985164552927017 0.07950842380523682 0.1672317385673523
v 0.10224517434835434 0.07532782107591629 0.1498161256313324
v 0.09789658337831497 0.07846058905124664 0.15434230864048004
v 0.09784463047981262 0.07935686409473419 0.15982294082641602
v 0.09777725487947464 0.08066906034946442 0.1652292162179947
v 0.10224517434835434 0.07532782107591629 0.136745885014534
v 0.10707671195268631 0.072976253926754 0.1432809978723526
v 0.102259062230587 0.0751308873295784 0.1432809978723526
v 0.09793001413345337 0.07793577015399933 0.14882080256938934
v 0.09595836699008942 0.07988877594470978 0.15330882370471954
v 0.09591244161128998 0.08071476221084595 0.15827687084674835
v 0.09585288166999817 0.0819225087761879 0.1631767302751541
v 0.10682690143585205 0.07768861949443817 0.1764828860759735
v 0.10687427222728729 0.07662875950336456 0.17288969457149506
v 0.10944816470146179 0.07588426023721695 0.17464247345924377
v 0.10695714503526688 0.07497316598892212 0.1655898243188858
v 0.1095290407538414 0.07416259497404099 0.16690821945667267
v 0.1070210412144661 0.07384820282459259 0.15819574892520905
v 0.10666675865650177 0.08210788667201996 0.18681183457374573
v 0.10672267526388168 0.08038879185914993 0.18347537517547607
v 0.10924563556909561 0.08159741759300232 0.18940722942352295
v 0.10930019617080688 0.07980243116617203 0.1858658492565155
v 0.11193208396434784 0.08117549121379852 0.19189627468585968
v 0.11198320239782333 0.07931268215179443 0.18815690279006958
v 0.1147170215845108 0.08084554970264435 0.19427190721035004
v 0.10660894960165024 0.08415882289409637 0.18995855748653412
v 0.10918921232223511 0.08374211192131042 0.1927507519721985
v 0.10644407570362091 0.09242403507232666 0.19578272104263306
v 0.10651972889900208 0.08810286223888397 0.1939743161201477
v 0.10907267034053802 0.08957837522029877 0.19807055592536926
v 0.11175618320703506 0.09045529365539551 0.20150065422058105
v 0.11462214589118958 0.08596568554639816 0.2013397216796875
v 0.11185228079557419 0.0846928134560585 0.19707855582237244
v 0.10916046053171158 0.08497947454452515 0.1943073868751526
v 0.10657949000597 0.08534038811922073 0.19142179191112518
v 0.10411804914474487 0.08577273041009903 0.18842938542366028
v 0.10175641626119614 0.08743979036808014 0.18651047348976135
v 0.10408855229616165 0.08701230585575104 0.18969325721263885
v 0.10654972493648529 0.08664853870868683 0.19277532398700714
v 0.10913140326738358 0.08635111153125763 0.1957489252090454
v 0.11182506382465363 0.08612262457609177 0.19860629737377167
v 0.10172780603170395 0.08873269706964493 0.18754658102989197
v 0.09976407885551453 0.0814596489071846 0.17298787832260132
v 0.09971628338098526 0.08268985152244568 0.1757737100124359
v 0.10197243094444275 0.08052395284175873 0.17540714144706726
v 0.10425995290279388 0.0810679942369461 0.18099212646484375
v 0.10192137211561203 0.0818362683057785 0.1784226894378662
v 0.10420454293489456 0.08270344138145447 0.18411721289157867
v 0.10186804831027985 0.08338063955307007 0.18133042752742767
v 0.10414725542068481 0.08465179800987244 0.18706168234348297
v 0.10181290656328201 0.08521796762943268 0.18406766653060913
v 0.10178480297327042 0.08627365529537201 0.1853378415107727
v 0.09956185519695282 0.087928406894207 0.18323472142219543
v 0.09966636449098587 0.08413603901863098 0.1784585565328598
v 0.09760855883359909 0.08496617525815964 0.17550872266292572
v 0.09961474686861038 0.08585426211357117 0.18098394572734833
v 0.09756156802177429 0.08655762672424316 0.17781801521778107
v 0.09748902171850204 0.08958791196346283 0.18074308335781097
v 0.09751340001821518 0.0884755402803421 0.1798737347126007
v 0.10169901698827744 0.09016450494527817 0.18838730454444885
v 0.10167011618614197 0.09173040091991425 0.1889512836933136
v 0.09743985533714294 0.09215597063302994 0.18191708624362946
v 0.09746447950601578 0.09081635624170303 0.18144658207893372
v 0.09385209530591965 0.0916561558842659 0.1741911619901657
v 0.09383346140384674 0.09275257587432861 0.17456787824630737
v 0.10202077776193619 0.07940294593572617 0.17231890559196472
v 0.10441018640995026 0.0774838775396347 0.17106696963310242
v 0.10449232161045074 0.07590249180793762 0.16421829164028168
v 0.1045556366443634 0.07482657581567764 0.15727955102920532
v 0.10706216096878052 0.07319233566522598 0.15074998140335083
v 0.10963154584169388 0.07231380045413971 0.1511906534433365
v 0.11229364573955536 0.0715678334236145 0.15161214768886566
v 0.10642889142036438 0.09337064623832703 0.19584277272224426
v 0.10399888455867767 0.0915868803858757 0.19233056902885437
v 0.10402890294790268 0.08991480618715286 0.19171996414661407
v 0.13349460065364838 0.09562116861343384 0.2195923924446106
v 0.13001719117164612 0.09522463381290436 0.21756677329540253
v 0.1266929656267166 0.09483343362808228 0.21537332236766815
v 0.12352031469345093 0.09447119385004044 0.21301618218421936
v 0.11743438988924026 0.09390076249837875 0.2078375220298767
v 0.11171455681324005 0.09353817999362946 0.20209205150604248
v 0.10220596194267273 0.0759245976805687 0.1302317976951599
v 0.09417888522148132 0.08141587674617767 0.1522524207830429
v 0.09413959085941315 0.08216669410467148 0.15669667720794678
v 0.09408864378929138 0.0832631066441536 0.1610793173313141
v 0.09238967299461365 0.08786505460739136 0.1202998086810112
v 0.09241797029972076 0.08687614649534225 0.1220470443367958
v 0.09244507551193237 0.0860314890742302 0.1238628551363945
v 0.09249470382928848 0.08468494564294815 0.12762007117271423
v 0.09253664314746857 0.08370639383792877 0.13147589564323425
v 0.09256897866725922 0.0830354318022728 0.1353864073753357
v 0.09258979558944702 0.08264125138521194 0.13932697474956512
v 0.09259715676307678 0.08251061290502548 0.1432809978723526
v 0.09258979558944702 0.08264125138521194 0.14723503589630127
v 0.09256897866725922 0.0830354318022728 0.1511756032705307
v 0.09253664314746857 0.08370639383792877 0.15508611500263214
v 0.09249470382928848 0.08468494564294815 0.15894193947315216
v 0.09104227274656296 0.08735620975494385 0.1265573501586914
v 0.09108121693134308 0.0861821249127388 0.12979242205619812
v 0.08985836803913116 0.08774874359369278 0.13199472427368164
v 0.09111414849758148 0.0853276327252388 0.13311301171779633
v 0.08988265693187714 0.08702414482831955 0.1347728967666626
v 0.0911395326256752 0.08474098145961761 0.13648107647895813
v 0.0899013802409172 0.08652603626251221 0.13759100437164307
v 0.09115585684776306 0.08439594507217407 0.13987518846988678
v 0.08991343528032303 0.0862327516078949 0.14043107628822327
v 0.09116163849830627 0.08428149670362473 0.1432809978723526
v 0.08991768956184387 0.0861353874206543 0.1432809978723526
v 0.09115585684776306 0.08439594507217407 0.14668682217597961
v 0.08991343528032303 0.0862327516078949 0.14613093435764313
v 0.0911395326256752 0.08474098145961761 0.15008093416690826
v 0.0899013802409172 0.08652603626251221 0.14897099137306213
v 0.09111414849758148 0.0853276327252388 0.15344899892807007
v 0.08988265693187714 0.08702414482831955 0.1517891138792038
v 0.09108121693134308 0.0861821249127388 0.15676958858966827
v 0.08985836803913116 0.08774874359369278 0.15456728637218475
v 0.08887643367052078 0.08806565403938293 0.1432809978723526
v 0.08887355029582977 0.08814508467912674 0.1455686241388321
v 0.08804226666688919 0.09030868113040924 0.14671540260314941
v 0.08883628994226456 0.08937888592481613 0.15233999490737915
v 0.08802501112222672 0.09106655418872833 0.1500927209854126
v 0.08885272592306137 0.0887896940112114 0.15011024475097656
v 0.08886539191007614 0.08838412910699844 0.14784829318523407
v 0.0874062329530716 0.09624399989843369 0.1353961080312729
v 0.08740955591201782 0.09565387666225433 0.13526836037635803
v 0.08741288632154465 0.09506373852491379 0.1353961080312729
v 0.08741618692874908 0.09455513954162598 0.13571453094482422
v 0.08742260932922363 0.09377892315387726 0.13660861551761627
v 0.08742861449718475 0.09321963042020798 0.13764120638370514
v 0.08743399381637573 0.09280531853437424 0.13873152434825897
v 0.08744204789400101 0.09229263663291931 0.14098715782165527
v 0.08744510263204575 0.09212781488895416 0.1432809978723526
v 0.08744204789400101 0.09229263663291931 0.14557485282421112
v 0.08743399381637573 0.09280531853437424 0.14783048629760742
v 0.09244507551193237 0.0860314890742302 0.1626991480588913
v 0.09402833878993988 0.08477409929037094 0.16535085439682007
v 0.09238967299461365 0.08786505460739136 0.1662621945142746
v 0.09399542957544327 0.08572309464216232 0.1674158275127411
v 0.09396104514598846 0.08683526515960693 0.16940344870090485
v 0.09392551332712173 0.08815177530050278 0.17126938700675964
v 0.09236041456460953 0.08903433382511139 0.1679016351699829
v 0.09388908743858337 0.08973351866006851 0.17292708158493042
v 0.0923304483294487 0.09043719619512558 0.16935691237449646
v 0.09229998290538788 0.09213931113481522 0.17046508193016052
v 0.09387063980102539 0.09064828604459763 0.17362642288208008
v 0.09561961889266968 0.08907841145992279 0.17643527686595917
v 0.0956621915102005 0.08732480555772781 0.17457734048366547
v 0.09570374339818954 0.08586740493774414 0.1724879890680313
v 0.09574392437934875 0.08463768661022186 0.1702636480331421
v 0.09091635793447495 0.0934990867972374 0.16696666181087494
v 0.09090429544448853 0.09438050538301468 0.1670670211315155
v 0.08972784876823425 0.09466198086738586 0.1631748378276825
v 0.09092839062213898 0.09266052395105362 0.16668392717838287
v 0.08974561840295792 0.09321671724319458 0.16285556554794312
v 0.0909522995352745 0.09118577837944031 0.1657325029373169
v 0.08976325392723083 0.09197559952735901 0.16206160187721252
v 0.09097582846879959 0.08996826410293579 0.16448158025741577
v 0.08978061378002167 0.09094937145709991 0.16101665794849396
v 0.08979754894971848 0.09009178727865219 0.15983793139457703
v 0.08881684392690659 0.09018603712320328 0.15451164543628693
v 0.08879515528678894 0.09127937257289886 0.15656907856464386
v 0.08800064027309418 0.09251011162996292 0.1532718688249588
v 0.08801349252462387 0.09168025851249695 0.1517253965139389
v 0.08742861449718475 0.09321963042020798 0.14892080426216125
v 0.08878368884325027 0.0919734314084053 0.15751437842845917
v 0.08798687905073166 0.09366416931152344 0.15461134910583496
v 0.08877194672822952 0.0928029716014862 0.15835198760032654
v 0.08797980844974518 0.09442161023616791 0.15508869290351868
v 0.08876001089811325 0.09380479156970978 0.1589878648519516
v 0.08797268569469452 0.09530138224363327 0.15528027713298798
v 0.08874799311161041 0.09496980905532837 0.15924331545829773
v 0.08796555548906326 0.09618115425109863 0.15508869290351868
v 0.08742260932922363 0.09377892315387726 0.14995339512825012
v 0.1266964226961136 0.09732621163129807 0.2150178700685501
v 0.12351153790950775 0.09805170446634293 0.21227578818798065
v 0.12351447343826294 0.09689405560493469 0.21267804503440857
v 0.11741435527801514 0.09616529941558838 0.20753386616706848
v 0.1116868108510971 0.09562071412801743 0.2018226832151413
v 0.1089838370680809 0.09541405737400055 0.19877414405345917
v 0.13002260029315948 0.0965159684419632 0.2174711525440216
v 0.1266946941614151 0.09609179943799973 0.21528220176696777
v 0.12351738661527634 0.09569386392831802 0.21292957663536072
v 0.1174243688583374 0.0950428694486618 0.20775985717773438
v 0.11170068383216858 0.09458797425031662 0.2020232379436493
v 0.10641370713710785 0.09431725740432739 0.19578272104263306
v 0.10164116322994232 0.09338511526584625 0.18915265798568726
v 0.09741516411304474 0.09356854110956192 0.18208467960357666
v 0.09381479024887085 0.09390667080879211 0.17470180988311768
v 0.12670670449733734 0.10356778651475906 0.21087880432605743
v 0.11160407215356827 0.10095374286174774 0.19860629737377167
v 0.10886649042367935 0.10188222676515579 0.1943073868751526
v 0.10889553278684616 0.10051058977842331 0.1957489252090454
v 0.10627829283475876 0.10140090435743332 0.19142179191112518
v 0.10630806535482407 0.10009276121854782 0.19277532398700714
v 0.10381954908370972 0.10093916207551956 0.18842938542366028
v 0.10384903848171234 0.09969959408044815 0.18969325721263885
v 0.10149751603603363 0.10049658268690109 0.1853378415107727
v 0.09929318726062775 0.10105878114700317 0.18098394572734833
v 0.10146941989660263 0.10155226290225983 0.18406766653060913
v 0.10379035025835037 0.10206009447574615 0.18706168234348297
v 0.10624883323907852 0.10258246958255768 0.18995855748653412
v 0.10883773118257523 0.10311958938837051 0.1927507519721985
v 0.11154990643262863 0.10367164015769958 0.19543085992336273
v 0.10613511502742767 0.10635250806808472 0.18347537517547607
v 0.10619102418422699 0.10463341325521469 0.18681183457374573
v 0.10878131538629532 0.10526428371667862 0.18940722942352295
v 0.10155452787876129 0.09803753346204758 0.18754658102989197
v 0.1015259176492691 0.09933044016361237 0.18651047348976135
v 0.09734132885932922 0.09754917025566101 0.18074308335781097
v 0.09934606403112411 0.09898463636636734 0.18323472142219543
v 0.10892482101917267 0.09898333996534348 0.19702768325805664
v 0.10633805394172668 0.09863843023777008 0.1939743161201477
v 0.10636823624372482 0.09702257066965103 0.19495034217834473
v 0.1015833169221878 0.09660572558641434 0.18838730454444885
v 0.0973658636212349 0.09632071107625961 0.18144658207893372
v 0.0937589555978775 0.0971650555729866 0.17362642288208008
v 0.0973169282078743 0.09866153448820114 0.1798737347126007
v 0.09544593095779419 0.09836035966873169 0.17643527686595917
v 0.09374050796031952 0.09807983040809631 0.17292708158493042
v 0.092208132147789 0.09781858325004578 0.16935691237449646
v 0.09722178429365158 0.10217089205980301 0.17550872266292572
v 0.09924156963825226 0.10277700424194336 0.1784585565328598
v 0.10136095434427261 0.1049339547753334 0.1784226894378662
v 0.1014142781496048 0.10338958352804184 0.18133042752742767
v 0.10373305529356003 0.10400845110416412 0.18411721289157867
v 0.1172051727771759 0.11082806438207626 0.18816731870174408
v 0.11139696091413498 0.10933929681777954 0.18428906798362732
v 0.10608156770467758 0.10781001299619675 0.18001937866210938
v 0.1013098955154419 0.10624627768993378 0.17540714144706726
v 0.09717632830142975 0.10351207852363586 0.1730518341064453
v 0.09536180645227432 0.10157135128974915 0.1724879890680313
v 0.11135061085224152 0.11068003624677658 0.18033504486083984
v 0.1060308888554573 0.10905268043279648 0.1764828860759735
v 0.10126154124736786 0.10736728459596634 0.17231890559196472
v 0.09914383292198181 0.10545339435338974 0.17298787832260132
v 0.09366853535175323 0.10097809135913849 0.16940344870090485
v 0.09532161802053452 0.10280107706785202 0.1702636480331421
v 0.09713280946016312 0.10465417802333832 0.17050132155418396
v 0.09905628859996796 0.10740461945533752 0.1672317385673523
v 0.10121636092662811 0.10832500457763672 0.16917932033538818
v 0.10598351806402206 0.11011254787445068 0.17288969457149506
v 0.10583674162626266 0.11289310455322266 0.15819574892520905
v 0.10839540511369705 0.11454789340496063 0.1511906534433365
v 0.10579562932252884 0.11354896426200867 0.15074998140335083
v 0.10838119685649872 0.11477188766002655 0.1432809978723526
v 0.10578107833862305 0.11376504600048065 0.1432809978723526
v 0.10579562932252884 0.11354896426200867 0.13581202924251556
v 0.10113731771707535 0.10982426255941391 0.1627974510192871
v 0.09698569774627686 0.10778021812438965 0.15982294082641602
v 0.09705308079719543 0.10646800696849823 0.1652292162179947
v 0.09345071017742157 0.10639747232198715 0.1522524207830429
v 0.10107636451721191 0.1108456403017044 0.15633021295070648
v 0.10334119945764542 0.11251328140497208 0.15029136836528778
v 0.1010371521115303 0.11144240200519562 0.1498161256313324
v 0.10332678258419037 0.11272034049034119 0.1432809978723526
v 0.10102326422929764 0.1116393506526947 0.1432809978723526
v 0.1010371521115303 0.11144240200519562 0.136745885014534
v 0.0908922329545021 0.09526193141937256 0.16696666181087494
v 0.09379613399505615 0.09506077319383621 0.17456787824630737
v 0.09739049524068832 0.0949811041355133 0.18191708624362946
v 0.10161221027374268 0.09503982961177826 0.1889512836933136
v 0.10639853775501251 0.09524929523468018 0.1956074982881546
v 0.09223859012126923 0.09611647576093674 0.17046508193016052
v 0.09377750009298325 0.09615719318389893 0.1741911619901657
v 0.08971007168292999 0.09610725939273834 0.16285556554794312
v 0.08872402459383011 0.09713664650917053 0.15835198760032654
v 0.08871228247880936 0.09796619415283203 0.15751437842845917
v 0.08967507630586624 0.09837460517883301 0.16101665794849396
v 0.09083276242017746 0.09879274666309357 0.16448158025741577
v 0.09217815846204758 0.09922145307064056 0.1679016351699829
v 0.09370408207178116 0.09966157376766205 0.17126938700675964
v 0.09540335834026337 0.10011395812034607 0.17457734048366547
v 0.09726878255605698 0.10057944804430008 0.17781801521778107
v 0.095283143222332 0.10384932905435562 0.16795361042022705
v 0.09360125660896301 0.10303924977779388 0.16535085439682007
v 0.09363416582345963 0.1020902618765831 0.1674158275127411
v 0.09209351241588593 0.10222429037094116 0.1626991480588913
v 0.09212061017751694 0.1013796404004097 0.16451495885849
v 0.09076631814241409 0.10140480101108551 0.1600046455860138
v 0.09078758955001831 0.1006692424416542 0.16156771779060364
v 0.08962605893611908 0.1005811095237732 0.15727344155311584
v 0.0896417424082756 0.09995907545089722 0.1585806906223297
v 0.08867912739515305 0.09975357353687286 0.15451164543628693
v 0.08870082348585129 0.09866025298833847 0.15656907856464386
v 0.09214890748262405 0.1003907322883606 0.1662621945142746
v 0.09080979228019714 0.09980888664722443 0.16307133436203003
v 0.08965813368558884 0.09923218935728073 0.15983793139457703
v 0.08795849233865738 0.0969385951757431 0.15461134910583496
v 0.08873596787452698 0.09613482654094696 0.1589878648519516
v 0.08794473856687546 0.09809265285730362 0.1532718688249588
v 0.08739650249481201 0.09752882272005081 0.14995339512825012
v 0.08740292489528656 0.0967525988817215 0.15084747970104218
v 0.08706440776586533 0.09657695889472961 0.14706812798976898
v 0.0874062329530716 0.09624399989843369 0.1511659026145935
v 0.08706527203321457 0.09632104635238647 0.14722739160060883
v 0.08740955591201782 0.09565387666225433 0.15129365026950836
v 0.08741288632154465 0.09506373852491379 0.1511659026145935
v 0.087066151201725 0.09602437913417816 0.14729127287864685
v 0.08706272393465042 0.0969681441783905 0.1466207504272461
v 0.08741618692874908 0.09455513954162598 0.15084747970104218
v 0.08706702291965485 0.09572770446538925 0.14722739160060883
v 0.08793187141418457 0.09892251342535019 0.1517253965139389
v 0.0873904898762703 0.0980881080031395 0.14892080426216125
v 0.08705975115299225 0.09746011346578598 0.14555823802947998
v 0.0952126681804657 0.10551625490188599 0.1631767302751541
v 0.09515310078859329 0.10672400146722794 0.15827687084674835
v 0.09354095906019211 0.10455024242401123 0.1610793173313141
v 0.09349000453948975 0.10564666241407394 0.15669667720794678
v 0.09204388409852982 0.1035708412528038 0.15894193947315216
v 0.09200194478034973 0.10454939305782318 0.15508611500263214
v 0.09072735905647278 0.10257888585329056 0.15676958858966827
v 0.08959731459617615 0.10157523304224014 0.15456728637218475
v 0.08865968883037567 0.10056072473526001 0.15233999490737915
v 0.09196960180997849 0.10522034764289856 0.1511756032705307
v 0.0895543098449707 0.10279794037342072 0.14897099137306213
v 0.08864325284957886 0.10114992409944534 0.15011024475097656
v 0.08791060745716095 0.09998486191034317 0.14841622114181519
v 0.08792035281658173 0.09953620284795761 0.1500927209854126
v 0.08738057315349579 0.09880577027797699 0.1467108130455017
v 0.08738511055707932 0.09850241988897324 0.14783048629760742
v 0.08863057941198349 0.1015554890036583 0.14784829318523407
v 0.08790311217308044 0.1002940833568573 0.14671540260314941
v 0.08737706393003464 0.09901510924100876 0.14557485282421112
v 0.08705762773752213 0.0977199524641037 0.14442920684814453
v 0.09507762640714645 0.10803418606519699 0.1483033150434494
v 0.0934254378080368 0.10683808475732803 0.14777429401874542
v 0.09194878488779068 0.10561453551054001 0.14723503589630127
v 0.0906527116894722 0.10436506569385529 0.14668682217597961
v 0.08954225480556488 0.10309122502803802 0.14613093435764313
v 0.08862243592739105 0.1017945408821106 0.1455686241388321
v 0.08789827674627304 0.10047654807567596 0.14500120282173157
v 0.08737480640411377 0.0991387665271759 0.14442993700504303
v 0.11117309331893921 0.11480693519115448 0.15991853177547455
v 0.11401084810495377 0.11642929166555405 0.1520131230354309
v 0.11113549023866653 0.11550852656364441 0.15161214768886566
v 0.11399905383586884 0.11666568368673325 0.1432809978723526
v 0.11112218350172043 0.11573929339647293 0.1432809978723526
v 0.11113549023866653 0.11550852656364441 0.13494986295700073
v 0.25679799914360046 0.07846889644861221 0.1611398607492447
v 0.2589675486087799 0.08520421385765076 0.15823252499103546
v 0.26097947359085083 0.09505417943000793 0.14767038822174072
v 0.2605874836444855 0.09302101284265518 0.15200920403003693
v 0.26059356331825256 0.0937412828207016 0.15204931795597076
v 0.2599477171897888 0.09140551090240479 0.156346395611763
v 0.25653892755508423 0.08294869214296341 0.16762292385101318
v 0.2578940689563751 0.08498290181159973 0.16366934776306152
v 0.2590251863002777 0.08711348474025726 0.15965935587882996
v 0.2548229396343231 0.07587597519159317 0.1662932187318802
v 0.2548699378967285 0.07735119760036469 0.1682385951280594
v 0.25491899251937866 0.07905791699886322 0.17000393569469452
v 0.2549697458744049 0.08102033287286758 0.1715088188648224
v 0.25502172112464905 0.08323868364095688 0.17263711988925934
v 0.2565801441669464 0.08487807214260101 0.1685887724161148
v 0.25792479515075684 0.08661199361085892 0.16447331011295319
v 0.2590462267398834 0.08843217045068741 0.16030193865299225
v 0.2599349319934845 0.0903303399682045 0.15608583390712738
v 0.25296658277511597 0.07200810313224792 0.16702800989151
v 0.2530200481414795 0.07343214750289917 0.169381782412529
v 0.25307655334472656 0.07508701831102371 0.17159222066402435
v 0.2531355321407318 0.07700278609991074 0.17360036075115204
v 0.25319650769233704 0.07920731604099274 0.1753157377243042
v 0.25325900316238403 0.0817020982503891 0.17660722136497498
v 0.25085270404815674 0.06709456443786621 0.1641910970211029
v 0.250905841588974 0.06823522597551346 0.16701924800872803
v 0.25096362829208374 0.06957820802927017 0.16976235806941986
v 0.2510254383087158 0.07114720344543457 0.17239077389240265
v 0.25109073519706726 0.07297151535749435 0.1748611330986023
v 0.2511589229106903 0.07508479058742523 0.17710836231708527
v 0.2512294352054596 0.07751856744289398 0.17903241515159607
v 0.25130167603492737 0.08027608692646027 0.18048784136772156
v 0.246150404214859 0.059602536261081696 0.15775232017040253
v 0.24855804443359375 0.06273574382066727 0.1598631888628006
v 0.24619366228580475 0.06033577769994736 0.1613137274980545
v 0.2486051321029663 0.06359080225229263 0.1630980223417282
v 0.2462446242570877 0.06125258281826973 0.16483284533023834
v 0.248658686876297 0.06462933868169785 0.16628038883209229
v 0.24630258977413177 0.06236643344163895 0.16829578578472137
v 0.2487180382013321 0.06586747616529465 0.1693934053182602
v 0.24636682868003845 0.0636947900056839 0.1716843992471695
v 0.24878259003162384 0.06732580065727234 0.17241409420967102
v 0.2464367002248764 0.06525994092226028 0.17497408390045166
v 0.24885167181491852 0.06903032958507538 0.17531026899814606
v 0.24651144444942474 0.06709005683660507 0.17813029885292053
v 0.2489245980978012 0.07101322710514069 0.17803478240966797
v 0.24659039080142975 0.06922007352113724 0.18110254406929016
v 0.24900078773498535 0.07331164926290512 0.18051686882972717
v 0.2466728389263153 0.07169050723314285 0.18381480872631073
v 0.24907954037189484 0.07596087455749512 0.18264757096767426
v 0.2467580884695053 0.07454047352075577 0.18614991009235382
v 0.21677225828170776 0.04728252813220024 0.1432809978723526
v 0.2184457927942276 0.04711443558335304 0.14893266558647156
v 0.183677077293396 0.06475361436605453 0.16745512187480927
v 0.1882125586271286 0.06342367827892303 0.173480823636055
v 0.18365545570850372 0.06636728346347809 0.17945179343223572
v 0.223332941532135 0.05874243006110191 0.19591698050498962
v 0.22335831820964813 0.06156868487596512 0.20056277513504028
v 0.22006858885288239 0.06003708764910698 0.1998300403356552
v 0.2167545109987259 0.04899287968873978 0.16604085266590118
v 0.21674515306949615 0.049978289753198624 0.17166703939437866
v 0.21498845517635345 0.05043339729309082 0.17193588614463806
v 0.2167341262102127 0.051207371056079865 0.17724543809890747
v 0.21497264504432678 0.05165531858801842 0.17757022380828857
v 0.21672159433364868 0.05269720032811165 0.18276023864746094
v 0.2149546593427658 0.05313625931739807 0.18314240872859955
v 0.21670770645141602 0.05447039008140564 0.18819080293178558
v 0.21493472158908844 0.05489867553114891 0.18863217532634735
v 0.21669261157512665 0.05655663087964058 0.19350901246070862
v 0.21491305530071259 0.05697212740778923 0.19401203095912933
v 0.21667644381523132 0.05899481847882271 0.19867509603500366
v 0.21488983929157257 0.059395454823970795 0.1992429941892624
v 0.2200472205877304 0.047374654561281204 0.15444891154766083
v 0.21844424307346344 0.04743226245045662 0.1545763909816742
v 0.2200484275817871 0.04790610447525978 0.1600124090909958
v 0.21844172477722168 0.0479656420648098 0.1602039933204651
v 0.22005002200603485 0.04865929111838341 0.1655501276254654
v 0.2184383124113083 0.048721279948949814 0.16580618917942047
v 0.22005204856395721 0.04964350908994675 0.17105132341384888
v 0.21843409538269043 0.049708291888237 0.17137247323989868
v 0.22005440294742584 0.05087194964289665 0.1765030026435852
v 0.2184291034936905 0.05093972384929657 0.17689001560211182
v 0.22005710005760193 0.05236201733350754 0.18188878893852234
v 0.21842344105243683 0.05243279039859772 0.1823427379131317
v 0.2200600653886795 0.05413661524653435 0.18718735873699188
v 0.21841716766357422 0.05421026796102524 0.18770959973335266
v 0.22006329894065857 0.056225672364234924 0.19236959517002106
v 0.21841032803058624 0.05630197376012802 0.19296196103096008
v 0.22006677091121674 0.0586681067943573 0.1973944455385208
v 0.21840302646160126 0.0587468147277832 0.1980593502521515
v 0.21839921176433563 0.0601169690489769 0.20053234696388245
v 0.2166680097579956 0.06036124750971794 0.20118378102779388
v 0.21677106618881226 0.04738789424300194 0.1489909440279007
v 0.21676762402057648 0.047705452889204025 0.1546930968761444
v 0.21676205098628998 0.04823826625943184 0.16037942469120026
v 0.22007426619529724 0.06482859700918198 0.2066970020532608
v 0.22007232904434204 0.06310844421386719 0.20449583232402802
v 0.22007043659687042 0.06151445582509041 0.202201247215271
v 0.21486535668373108 0.06221980229020119 0.204267218708992
v 0.2130185216665268 0.06272546201944351 0.2048545479774475
v 0.21303382515907288 0.061271969228982925 0.2023393213748932
v 0.20918726921081543 0.06401655077934265 0.20588508248329163
v 0.20920634269714355 0.06259770691394806 0.2033073455095291
v 0.20523931086063385 0.06292492151260376 0.2014118880033493
v 0.2051984667778015 0.06557156890630722 0.20673227310180664
v 0.20517733693122864 0.06705883890390396 0.2093023657798767
v 0.21483975648880005 0.06551142036914825 0.2089955359697342
v 0.21485267579555511 0.0638023391366005 0.20667590200901031
v 0.22990812361240387 0.07123938202857971 0.2056722193956375
v 0.22994069755077362 0.07343242317438126 0.20697058737277985
v 0.22673064470291138 0.07319553196430206 0.209542915225029
v 0.22675514221191406 0.07557813078165054 0.21067237854003906
v 0.2234545201063156 0.07553616911172867 0.21312737464904785
v 0.2234688401222229 0.07809378951787949 0.2140333205461502
v 0.22008638083934784 0.07823903858661652 0.21635816991329193
v 0.2359016388654709 0.06685400754213333 0.19567987322807312
v 0.23294295370578766 0.067815862596035 0.19998662173748016
v 0.2298758625984192 0.06918401271104813 0.20416326820850372
v 0.2267063558101654 0.07095063477754593 0.2081582248210907
v 0.22344030439853668 0.07310335338115692 0.21191397309303284
v 0.2200842946767807 0.07562803477048874 0.21537336707115173
v 0.21836607158184052 0.07574739307165146 0.2164146453142166
v 0.22007621824741364 0.06668467819690704 0.20878508687019348
v 0.21838313341140747 0.06677142530679703 0.20964765548706055
v 0.2166323959827423 0.06700053066015244 0.2104545682668686
v 0.21482662856578827 0.06735781580209732 0.21120694279670715
v 0.20908647775650024 0.07305801659822464 0.21738798916339874
v 0.20910722017288208 0.07094879448413849 0.2153472900390625
v 0.2110317349433899 0.07247184216976166 0.21670979261398315
v 0.21105076372623444 0.0703437328338623 0.21471184492111206
v 0.2129376232624054 0.07194937020540237 0.21597881615161896
v 0.21295426785945892 0.06980587542057037 0.21402433514595032
v 0.21479983627796173 0.07150748372077942 0.2151942253112793
v 0.21481330692768097 0.06935279816389084 0.2132837325334549
v 0.2166137397289276 0.07116436213254929 0.21435514092445374
v 0.21662311255931854 0.06900345534086227 0.2124890387058258
v 0.21837466955184937 0.07093820720911026 0.21346069872379303
v 0.2183789312839508 0.06877674907445908 0.21163921058177948
v 0.22008022665977478 0.07084206491708755 0.21251004934310913
v 0.22007820010185242 0.06868632882833481 0.21073326468467712
v 0.22341223061084747 0.06868427246809006 0.20875383913516998
v 0.22339841723442078 0.06670022755861282 0.20689359307289124
v 0.22665853798389435 0.06689507514238358 0.2047892063856125
v 0.22663511335849762 0.06507868319749832 0.20287610590457916
v 0.2298126071691513 0.06548671424388885 0.20066162943840027
v 0.22978170216083527 0.06383338570594788 0.19872505962848663
v 0.21297071874141693 0.067823626101017 0.21190592646598816
v 0.21106955409049988 0.06837829202413559 0.21255262196063995
v 0.20912770926952362 0.06900352239608765 0.21314820647239685
v 0.20513390004634857 0.07041612267494202 0.21419048309326172
v 0.207126647233963 0.07160881906747818 0.21593166887760162
v 0.2090655267238617 0.07534439116716385 0.21922552585601807
v 0.21101251244544983 0.07477422058582306 0.21850183606147766
v 0.21292078495025635 0.07426413893699646 0.2177250236272812
v 0.21478620171546936 0.07383037358522415 0.21689434349536896
v 0.21660424768924713 0.07349033653736115 0.21600916981697083
v 0.21837039291858673 0.07326146960258484 0.21506880223751068
v 0.22008225321769714 0.07315630465745926 0.2140725553035736
v 0.2234261929988861 0.07081795483827591 0.21044127643108368
v 0.22668229043483734 0.06885050237178802 0.20656009018421173
v 0.22984400391578674 0.06726794689893723 0.2024831622838974
v 0.23290541768074036 0.06607960909605026 0.19825920462608337
v 0.23283229768276215 0.06297142803668976 0.1944827139377594
v 0.23236927390098572 0.0493493527173996 0.1432809978723526
v 0.23530474305152893 0.050632305443286896 0.1432809978723526
v 0.2323741316795349 0.04944632947444916 0.14817339181900024
v 0.23532593250274658 0.05101020261645317 0.15261642634868622
v 0.23238830268383026 0.04973931610584259 0.15305748581886292
v 0.23535138368606567 0.051487721502780914 0.15726350247859955
v 0.23241116106510162 0.050232015550136566 0.15792471170425415
v 0.23538582026958466 0.052165936678647995 0.16188450157642365
v 0.23244206607341766 0.050931669771671295 0.16276539862155914
v 0.23542852699756622 0.053054049611091614 0.16646863520145416
v 0.23248045146465302 0.05184771493077278 0.16756856441497803
v 0.23547884821891785 0.05416491627693176 0.17100276052951813
v 0.23252564668655396 0.05299337953329086 0.17232081294059753
v 0.23553606867790222 0.05551517382264137 0.17547041177749634
v 0.23257705569267273 0.054385751485824585 0.17700538039207458
v 0.23559951782226562 0.057126376777887344 0.17985008656978607
v 0.232634037733078 0.05604705587029457 0.18160037696361542
v 0.23566848039627075 0.059026192873716354 0.18411265313625336
v 0.23269599676132202 0.05800587311387062 0.1860760748386383
v 0.23574227094650269 0.06124982610344887 0.18821704387664795
v 0.23276227712631226 0.06029864773154259 0.1903906613588333
v 0.2358202338218689 0.06384151428937912 0.19210313260555267
v 0.2200884371995926 0.08096112310886383 0.21697434782981873
v 0.21835735440254211 0.08113360404968262 0.2180878221988678
v 0.2183617204427719 0.07838026434183121 0.2174406349658966
v 0.21658504009246826 0.0786328911781311 0.2184690684080124
v 0.21658022701740265 0.08000893890857697 0.2188611626625061
v 0.214751735329628 0.08037038892507553 0.21985405683517456
v 0.21475866436958313 0.07898540049791336 0.2194436639547348
v 0.21287822723388672 0.08081337064504623 0.2207937240600586
v 0.21288679540157318 0.079421766102314 0.22036467492580414
v 0.21659468114376068 0.0759841650724411 0.21740083396434784
v 0.2147793471813202 0.07505710422992706 0.21764987707138062
v 0.21291233599185944 0.0754886046051979 0.21850398182868958
v 0.21100282669067383 0.07599424570798874 0.21930424869060516
v 0.20905499160289764 0.0765581727027893 0.22005127370357513
v 0.20707157254219055 0.07716939598321915 0.22074563801288605
v 0.20504358410835266 0.07906597852706909 0.22218641638755798
v 0.20706042647361755 0.07842467725276947 0.22152119874954224
v 0.20904441177845 0.07781956344842911 0.2208036631345749
v 0.21099314093589783 0.07726018130779266 0.22003331780433655
v 0.21290382742881775 0.0767572745680809 0.2192097008228302
v 0.21477247774600983 0.07632635533809662 0.21833235025405884
v 0.21658986806869507 0.07729026675224304 0.2179795205593109
v 0.21476557850837708 0.07763642817735672 0.2189333438873291
v 0.21289531886577606 0.07806885242462158 0.21983326971530914
v 0.21098341047763824 0.07857115566730499 0.2206796109676361
v 0.20903380215168 0.07912814617156982 0.22147274017333984
v 0.20704923570156097 0.07972930371761322 0.222213014960289
v 0.2050320953130722 0.08036528527736664 0.22290074825286865
v 0.20502056181430817 0.08171597123146057 0.2235175520181656
v 0.207038015127182 0.081082783639431 0.22280853986740112
v 0.20901252329349518 0.08188217133283615 0.222513809800148
v 0.20902317762374878 0.08048304915428162 0.2220468819141388
v 0.21097365021705627 0.07992593944072723 0.2212323397397995
v 0.21285250782966614 0.08514422178268433 0.22137048840522766
v 0.2128610908985138 0.0836845263838768 0.2213044911623001
v 0.20508919656276703 0.07437581568956375 0.21858958899974823
v 0.20710477232933044 0.07369615882635117 0.21801431477069855
v 0.20708268880844116 0.07596343755722046 0.21989668905735016
v 0.2381790578365326 0.05254266411066055 0.1521424651145935
v 0.23820601403713226 0.053002770990133286 0.15655310451984406
v 0.2382424920797348 0.05365629866719246 0.16093839704990387
v 0.23828773200511932 0.054512105882167816 0.1652877926826477
v 0.23834103345870972 0.05558261275291443 0.16958852112293243
v 0.2384016513824463 0.056883830577135086 0.17382456362247467
v 0.23846885561943054 0.05843648314476013 0.17797504365444183
v 0.23854193091392517 0.060267165303230286 0.18201155960559845
v 0.2386201024055481 0.062409576028585434 0.18589426577091217
v 0.2387026846408844 0.06490594148635864 0.18956473469734192
v 0.238788902759552 0.067806176841259 0.19293473660945892
v 0.2388780564069748 0.07116112112998962 0.19586728513240814
v 0.23602870106697083 0.07227584719657898 0.20013634860515594
v 0.23305848240852356 0.0738120898604393 0.20420818030834198
v 0.22997353971004486 0.07575378566980362 0.20801933109760284
v 0.2267797589302063 0.07807224243879318 0.2115040123462677
v 0.22348318994045258 0.08074517548084259 0.21459083259105682
v 0.22009050846099854 0.08374237269163132 0.2171846628189087
v 0.20115478336811066 0.06256203353404999 0.1964103877544403
v 0.2011161893606186 0.06474042683839798 0.20199154317378998
v 0.20107541978359222 0.0672895535826683 0.207406684756279
v 0.2010328471660614 0.07028025388717651 0.21258112788200378
v 0.1969456672668457 0.062777079641819 0.19101636111736298
v 0.19691194593906403 0.06455531716346741 0.19677399098873138
v 0.19687585532665253 0.06664121150970459 0.20242278277873993
v 0.19683772325515747 0.06908605247735977 0.20791888236999512
v 0.1967979073524475 0.0719616711139679 0.21319235861301422
v 0.19677746295928955 0.07359160482883453 0.215711310505867
v 0.20916777849197388 0.0655498281121254 0.20839515328407288
v 0.20515580475330353 0.06866952031850815 0.21179436147212982
v 0.20101100206375122 0.07197072356939316 0.21504183113574982
v 0.19667169451713562 0.08441650122404099 0.2258318066596985
v 0.20090942084789276 0.08170562237501144 0.22412005066871643
v 0.2008979171514511 0.08304738253355026 0.22477857768535614
v 0.20500901341438293 0.08311649411916733 0.22402246296405792
v 0.20088639855384827 0.084444560110569 0.2253207415342331
v 0.19666090607643127 0.08580668270587921 0.2264096885919571
v 0.19234678149223328 0.08715054392814636 0.22729040682315826
v 0.18803589046001434 0.0767747089266777 0.21654096245765686
v 0.192430779337883 0.07692836970090866 0.21867817640304565
v 0.1924123764038086 0.07881467789411545 0.22101813554763794
v 0.18800662457942963 0.08025268465280533 0.22145862877368927
v 0.18799176812171936 0.08227689564228058 0.2236875593662262
v 0.18351757526397705 0.08355028182268143 0.22400984168052673
v 0.18819530308246613 0.06436648964881897 0.17946399748325348
v 0.18817566335201263 0.06551170349121094 0.1854104995727539
v 0.18364214897155762 0.0674566924571991 0.18540482223033905
v 0.18815389275550842 0.06687873601913452 0.19130820035934448
v 0.1836274117231369 0.06875800341367722 0.1913139820098877
v 0.1881302297115326 0.0684937909245491 0.1971404105424881
v 0.18361136317253113 0.07029683887958527 0.1971641629934311
v 0.18810491263866425 0.0703928992152214 0.20288294553756714
v 0.183594211935997 0.07210859656333923 0.20293334126472473
v 0.1880781650543213 0.07262668758630753 0.2084987461566925
v 0.18357610702514648 0.07424353063106537 0.20858757197856903
v 0.18805022537708282 0.07526841759681702 0.21392737329006195
v 0.1835571825504303 0.07677536457777023 0.21407067775726318
v 0.18353761732578278 0.07981734722852707 0.21928083896636963
v 0.12350281327962875 0.10118848830461502 0.21037660539150238
v 0.12350571900606155 0.10020214319229126 0.2111045867204666
v 0.12670157849788666 0.10071919113397598 0.21336886286735535
v 0.12669986486434937 0.09964848309755325 0.21403802931308746
v 0.13003887236118317 0.10015816986560822 0.21616902947425842
v 0.1300334483385086 0.09899958223104477 0.21675193309783936
v 0.13351865112781525 0.0994814932346344 0.21874143183231354
v 0.13351063430309296 0.09823761880397797 0.21920286118984222
v 0.13712817430496216 0.09867201000452042 0.22104068100452423
v 0.137118399143219 0.09735076129436493 0.2213420569896698
v 0.14086005091667175 0.09772215783596039 0.22301623225212097
v 0.14084923267364502 0.09634687006473541 0.22312429547309875
v 0.1447080820798874 0.09664227068424225 0.22462263703346252
v 0.14469684660434723 0.09524376690387726 0.2245110720396042
v 0.14866571128368378 0.09545157104730606 0.22582268714904785
v 0.14865462481975555 0.09406435489654541 0.22549188137054443
v 0.15272605419158936 0.09417383372783661 0.2266095131635666
v 0.1527155488729477 0.09283097088336945 0.22607363760471344
v 0.15688270330429077 0.09283074736595154 0.22699446976184845
v 0.1568731963634491 0.09154944121837616 0.22628293931484222
v 0.16113243997097015 0.09142497181892395 0.22700873017311096
v 0.1611243188381195 0.0902145653963089 0.22615638375282288
v 0.16547270119190216 0.08994568884372711 0.22669284045696259
v 0.16546636819839478 0.08880462497472763 0.22573070228099823
v 0.1698998510837555 0.08835719525814056 0.22608637809753418
v 0.16989175975322723 0.0862700417637825 0.2239321917295456
v 0.17440913617610931 0.085585817694664 0.2241276353597641
v 0.17440679669380188 0.08371500670909882 0.22176982462406158
v 0.17898456752300262 0.08275318890810013 0.22182756662368774
v 0.17898871004581451 0.08104220032691956 0.21934491395950317
v 0.17899686098098755 0.07810725271701813 0.21407750248908997
v 0.1790047436952591 0.07567477971315384 0.20855633914470673
v 0.17901229858398438 0.07362908124923706 0.20287826657295227
v 0.17901943624019623 0.07189608365297318 0.1970955729484558
v 0.17902609705924988 0.07042595744132996 0.19123952090740204
v 0.17903225123882294 0.06918386369943619 0.18533022701740265
v 0.17903777956962585 0.06814474612474442 0.1793813705444336
v 0.17904679477214813 0.06660670042037964 0.16740210354328156
v 0.17905257642269135 0.06571578979492188 0.15535643696784973
v 0.18802136182785034 0.07842830568552017 0.21906128525733948
v 0.1835276484489441 0.0815824642777443 0.22172613441944122
v 0.17898036539554596 0.08466906100511551 0.2241547405719757
v 0.17441152036190033 0.08770716190338135 0.22626136243343353
v 0.16990390419960022 0.08951155096292496 0.2270442396402359
v 0.16547904908657074 0.09116791188716888 0.22754652798175812
v 0.1611405909061432 0.09271857887506485 0.22772590816020966
v 0.15689222514629364 0.09418801963329315 0.22753804922103882
v 0.15273654460906982 0.09557867795228958 0.22694721817970276
v 0.1486768126487732 0.09687092900276184 0.22593727707862854
v 0.14471930265426636 0.09804076701402664 0.2245110720396042
v 0.1408708691596985 0.09906762093305588 0.22270384430885315
v 0.13713793456554413 0.09993968904018402 0.22056089341640472
v 0.13352665305137634 0.10066302120685577 0.21813397109508514
v 0.13004426658153534 0.10125105828046799 0.2154705673456192
v 0.12670329213142395 0.10172757506370544 0.21260805428028107
v 0.19239380955696106 0.08089734613895416 0.22318245470523834
v 0.18798427283763885 0.0833747535943985 0.22471880912780762
v 0.18350742757320404 0.08575934171676636 0.22606098651885986
v 0.1789761483669281 0.08683154731988907 0.22625388205051422
v 0.17897401750087738 0.08801925182342529 0.22718308866024017
v 0.17441271245479584 0.08887691050767899 0.22720842063426971
v 0.17441391944885254 0.09012559056282043 0.2280472069978714
v 0.16990797221660614 0.09074630588293076 0.22789359092712402
v 0.16991204023361206 0.09206339716911316 0.22860774397850037
v 0.1654854118824005 0.09247326850891113 0.2282647341489792
v 0.16549177467823029 0.09385521709918976 0.22881346940994263
v 0.16114875674247742 0.09408880025148392 0.2282739281654358
v 0.16115690767765045 0.09552273154258728 0.2286195158958435
v 0.1569017618894577 0.09560840576887131 0.2278807908296585
v 0.15691129863262177 0.09706241637468338 0.22799961268901825
v 0.15274706482887268 0.09701652824878693 0.22706426680088043
v 0.15275757014751434 0.09845437854528427 0.22694721817970276
v 0.14868789911270142 0.09829028695821762 0.22582268714904785
v 0.14869900047779083 0.09967749565839767 0.22549188137054443
v 0.14473053812980652 0.09940820932388306 0.22418878972530365
v 0.14474175870418549 0.10071725398302078 0.22367671132087708
v 0.14088167250156403 0.10035698860883713 0.22220705449581146
v 0.14089244604110718 0.10157814621925354 0.2215547263622284
v 0.1371476799249649 0.10114200413227081 0.21993011236190796
v 0.1371574103832245 0.10227233171463013 0.21917663514614105
v 0.13353462517261505 0.1017756462097168 0.2174072265625
v 0.13354259729385376 0.10281995683908463 0.21658344566822052
v 0.1300496608018875 0.10227858275175095 0.21467764675617218
v 0.20304231345653534 0.07508660852909088 0.21911472082138062
v 0.2030194252729416 0.07730825245380402 0.2210843414068222
v 0.20096638798713684 0.07581938058137894 0.21959054470062256
v 0.2009437382221222 0.07801535725593567 0.2216021567583084
v 0.19671455025672913 0.0794600397348404 0.222489133477211
v 0.19670389592647552 0.08061081171035767 0.2234472781419754
v 0.19238445162773132 0.08202189952135086 0.2241792380809784
v 0.1923750638961792 0.0832068994641304 0.22510424256324768
v 0.18797676265239716 0.08453572541475296 0.22567899525165558
v 0.18796925246715546 0.08576388657093048 0.22655348479747772
v 0.18350231647491455 0.0869668498635292 0.22696569561958313
v 0.18349720537662506 0.08824799954891205 0.22776369750499725
v 0.17897188663482666 0.08928363025188446 0.22800463438034058
v 0.17896975576877594 0.09062612801790237 0.22869345545768738
v 0.17441511154174805 0.09145496040582657 0.22875168919563293
v 0.17441631853580475 0.0928584635257721 0.2292892187833786
v 0.16991612315177917 0.09345626831054688 0.229153111577034
v 0.1699202060699463 0.0949121043086052 0.22949695587158203
v 0.16549815237522125 0.0953008383512497 0.22915954887866974
v 0.16550453007221222 0.09678039699792862 0.2292795330286026
v 0.16116508841514587 0.09699061512947083 0.22873938083648682
v 0.1611732542514801 0.09845848381519318 0.2286195158958435
v 0.15692083537578583 0.09851643443107605 0.2278807908296585
v 0.1569303572177887 0.09993681311607361 0.22753804922103882
v 0.1527680903673172 0.09985923022031784 0.2266095131635666
v 0.15277858078479767 0.101202093064785 0.22607363760471344
v 0.14871008694171906 0.10100433230400085 0.22496666014194489
v 0.14872115850448608 0.10225819051265717 0.22427836060523987
v 0.14475294947624207 0.10195551812648773 0.2230050414800644
v 0.14476412534713745 0.10311637818813324 0.22220481932163239
v 0.14090321958065033 0.10272445529699326 0.22077657282352448
v 0.1409139633178711 0.103797048330307 0.21989694237709045
v 0.13716712594032288 0.1033315360546112 0.21832376718521118
v 0.20511168241500854 0.07231289148330688 0.2164660096168518
v 0.2050664871931076 0.07662136852741241 0.22051610052585602
v 0.20505505800247192 0.07781817018985748 0.22138787806034088
v 0.20300790667533875 0.07849477231502533 0.2219785898923874
v 0.20299634337425232 0.0797339603304863 0.22279971837997437
v 0.2009323388338089 0.07919064909219742 0.22251835465431213
v 0.20092089474201202 0.08042026311159134 0.22336162626743317
v 0.19669318199157715 0.0818190649151802 0.2243330031633377
v 0.19668245315551758 0.08308715373277664 0.22513341903686523
v 0.19236567616462708 0.08445558696985245 0.22594362497329712
v 0.19235624372959137 0.08577009290456772 0.22667917609214783
v 0.18796169757843018 0.0870620384812355 0.2273225039243698
v 0.1879541426897049 0.08843082934617996 0.2279638946056366
v 0.18349209427833557 0.08960388600826263 0.22843122482299805
v 0.1834869533777237 0.09102795273065567 0.22893889248371124
v 0.17896761000156403 0.09204021096229553 0.22921834886074066
v 0.1789654791355133 0.09351350367069244 0.22954876720905304
v 0.17441752552986145 0.09432347118854523 0.22962793707847595
v 0.17441871762275696 0.09582123160362244 0.2297453135251999
v 0.1699242889881134 0.09640151262283325 0.229616180062294
v 0.1699283868074417 0.09789090603590012 0.22949695587158203
v 0.16551090776920319 0.09825997054576874 0.22915954887866974
v 0.16551728546619415 0.09970559179782867 0.22881346940994263
v 0.16118142008781433 0.09989241510629654 0.2282739281654358
v 0.16118958592414856 0.1012626364827156 0.22772590816020966
v 0.15693987905979156 0.10129408538341522 0.22699446976184845
v 0.15694940090179443 0.10257538408041 0.22628293931484222
v 0.15278905630111694 0.10247022658586502 0.22537189722061157
v 0.15279951691627502 0.10365699231624603 0.22453731298446655
v 0.14873220026493073 0.10343243926763535 0.2234591394662857
v 0.14874321222305298 0.10452867299318314 0.22253496944904327
v 0.14477525651454926 0.10420119762420654 0.22130121290683746
v 0.1447974592447281 0.1061602309346199 0.21926669776439667
v 0.14093534648418427 0.10573729872703552 0.21791326999664307
v 0.1409565508365631 0.10744210332632065 0.21572117507457733
v 0.1372056007385254 0.10694199800491333 0.21426378190517426
v 0.13722458481788635 0.10844317823648453 0.21199259161949158
v 0.1335897445678711 0.1078813299536705 0.21044325828552246
v 0.13362029194831848 0.1104244738817215 0.20576713979244232
v 0.13010220229625702 0.10980608314275742 0.2042044997215271
v 0.1336498260498047 0.11252150684595108 0.20087429881095886
v 0.13012219965457916 0.11189227551221848 0.19944803416728973
v 0.13014133274555206 0.11364252865314484 0.19455768167972565
v 0.12345340102910995 0.11227011680603027 0.19160516560077667
v 0.12344362586736679 0.11372962594032288 0.18692564964294434
v 0.11717171967029572 0.11224161833524704 0.18383081257343292
v 0.11714045703411102 0.11344309896230698 0.17943134903907776
v 0.1113073006272316 0.11182159185409546 0.17632034420967102
v 0.11126746237277985 0.11278916150331497 0.17226143181324005
v 0.10593994706869125 0.11101223528385162 0.1692551225423813
v 0.10590063780546188 0.11176813393831253 0.1655898243188858
v 0.10107636451721191 0.1108456403017044 0.1302317976951599
v 0.12350862473249435 0.09915649890899658 0.21174393594264984
v 0.12669813632965088 0.0985153391957283 0.21459557116031647
v 0.13002803921699524 0.09778181463479996 0.21719405055046082
v 0.13350263237953186 0.09694289416074753 0.21949239075183868
v 0.13710862398147583 0.09600106626749039 0.2214462012052536
v 0.1408384144306183 0.09497158229351044 0.22301623225212097
v 0.14468562602996826 0.09387632459402084 0.22418878972530365
v 0.14864353835582733 0.09273752570152283 0.22496666014194489
v 0.15270507335662842 0.09156283736228943 0.22537189722061157
v 0.15686370432376862 0.09035072475671768 0.22543714940547943
v 0.16111619770526886 0.08908537775278091 0.22519603371620178
v 0.16545376181602478 0.08674567937850952 0.22356928884983063
v 0.16988375782966614 0.0844358280301094 0.2215571403503418
v 0.17440445721149445 0.08205055445432663 0.21926163136959076
v 0.17439986765384674 0.07920695841312408 0.21395756304264069
v 0.17439544200897217 0.07685895264148712 0.20841558277606964
v 0.17439119517803192 0.07488894462585449 0.20272834599018097
v 0.17438718676567078 0.07322270423173904 0.19694501161575317
v 0.17438343167304993 0.07181079685688019 0.19109462201595306
v 0.17437997460365295 0.0706188827753067 0.1851956695318222
v 0.17437686026096344 0.06962237507104874 0.179260715842247
v 0.17437179386615753 0.06814843416213989 0.16731669008731842
v 0.17436854541301727 0.06729523837566376 0.15531235933303833
v 0.25795602798461914 0.08836828917264938 0.16491317749023438
v 0.259067565202713 0.0898522138595581 0.1606513112783432
v 0.2590891122817993 0.09126980602741241 0.1607341319322586
v 0.2599606215953827 0.0924776941537857 0.15640738606452942
v 0.2599734961986542 0.09354987740516663 0.156346395611763
v 0.26059961318969727 0.09446155279874802 0.15200920403003693
v 0.2606056332588196 0.09518435597419739 0.15183620154857635
v 0.2609826922416687 0.09578083455562592 0.14756420254707336
v 0.2606115937232971 0.09585670381784439 0.15151530504226685
v 0.2599862813949585 0.09462504833936691 0.15608583390712738
v 0.2591106593608856 0.09268739074468613 0.1606513112783432
v 0.25798752903938293 0.09012399613857269 0.16501912474632263
v 0.2566220462322235 0.08696088939905167 0.16912123560905457
v 0.2600111961364746 0.09651168435811996 0.15495479106903076
v 0.25917360186576843 0.09659595787525177 0.15879447758197784
v 0.2591530680656433 0.09542612731456757 0.15965935587882996
v 0.25808101892471313 0.09526510536670685 0.16366934776306152
v 0.25805026292800903 0.09363599866628647 0.16447331011295319
v 0.25674840807914734 0.09321524202823639 0.1685887724161148
v 0.25670650601387024 0.09113242477178574 0.16912123560905457
v 0.2551810145378113 0.090451180934906 0.17326472699642181
v 0.25512778759002686 0.0880441814661026 0.17342208325862885
v 0.2567896246910095 0.09514463692903519 0.16762292385101318
v 0.2552858293056488 0.09506802260875702 0.1715088188648224
v 0.2552338242530823 0.09284967184066772 0.17263711988925934
v 0.25919342041015625 0.09761564433574677 0.157775416970253
v 0.25811100006103516 0.09670905023813248 0.1625899076461792
v 0.26061737537384033 0.09645406156778336 0.15108196437358856
v 0.26099127531051636 0.09727954864501953 0.1460295021533966
v 0.260628342628479 0.09742771834135056 0.15000510215759277
v 0.2599988877773285 0.09562443196773529 0.1556042581796646
v 0.2591320276260376 0.09410743415355682 0.16030193865299225
v 0.25801903009414673 0.091879703104496 0.16491317749023438
v 0.2566642761230469 0.0890466570854187 0.1692519187927246
v 0.25507453083992004 0.0856371745467186 0.17326472699642181
v 0.2592124342918396 0.09849877655506134 0.1566496342420578
v 0.2581678330898285 0.09905531257390976 0.1599172055721283
v 0.25814002752304077 0.0979667603969574 0.16131959855556488
v 0.25686877965927124 0.09834019094705582 0.16481086611747742
v 0.2568298876285553 0.09685314446687698 0.16633008420467377
v 0.25533655285835266 0.09703043103218079 0.17000393569469452
v 0.25551867485046387 0.10257086157798767 0.1620546281337738
v 0.25547710061073303 0.10148255527019501 0.16422024369239807
v 0.2569413483142853 0.10073443502187729 0.16134822368621826
v 0.2554326057434082 0.10021238774061203 0.1662932187318802
v 0.25690609216690063 0.09962637722492218 0.16313505172729492
v 0.2553856372833252 0.09873715043067932 0.1682385951280594
v 0.25152304768562317 0.08930882066488266 0.18131496012210846
v 0.24932488799095154 0.08554624766111374 0.18545235693454742
v 0.2514490485191345 0.08628889173269272 0.18153274059295654
v 0.24924224615097046 0.08223595470190048 0.18520019948482513
v 0.253450483083725 0.0898415744304657 0.17733289301395416
v 0.25351399183273315 0.09254377335309982 0.17660722136497498
v 0.2515964210033417 0.09230168908834457 0.18048784136772156
v 0.25357648730278015 0.09503855556249619 0.1753157377243042
v 0.25166866183280945 0.09505920857191086 0.17903241515159607
v 0.2536374628543854 0.09724308550357819 0.17360036075115204
v 0.25173917412757874 0.09749298542737961 0.17710836231708527
v 0.2536964416503906 0.09915885329246521 0.17159222066402435
v 0.2518073618412018 0.09960626065731049 0.1748611330986023
v 0.2537529170513153 0.10081372410058975 0.169381782412529
v 0.2518726587295532 0.10143057256937027 0.17239077389240265
v 0.2538064122200012 0.102237768471241 0.16702800989151
v 0.2519344985485077 0.10299956798553467 0.16976235806941986
v 0.2538563907146454 0.1034572646021843 0.16457021236419678
v 0.25199225544929504 0.10434255748987198 0.16701924800872803
v 0.24737438559532166 0.09810706228017807 0.18381480872631073
v 0.24972517788410187 0.10007926821708679 0.17803478240966797
v 0.2474568486213684 0.10057750344276428 0.18110254406929016
v 0.24979811906814575 0.1020621582865715 0.17531026899814606
v 0.24753578007221222 0.10270752012729645 0.17813029885292053
v 0.24986718595027924 0.10376668721437454 0.17241409420967102
v 0.24761052429676056 0.10453762859106064 0.17497408390045166
v 0.2499317228794098 0.10522501915693283 0.1693934053182602
v 0.24768038094043732 0.10610277950763702 0.1716843992471695
v 0.2366757094860077 0.10280638188123703 0.19210313260555267
v 0.23969146609306335 0.10471365600824356 0.18589426577091217
v 0.2367536723613739 0.10539806634187698 0.18821704387664795
v 0.23976965248584747 0.10685607045888901 0.18201155960559845
v 0.23682746291160583 0.1076216995716095 0.18411265313625336
v 0.24944865703582764 0.09051104635000229 0.18482768535614014
v 0.24948953092098236 0.09212608635425568 0.18426784873008728
v 0.2472018152475357 0.09201928973197937 0.18793600797653198
v 0.2472456991672516 0.09368430078029633 0.18712501227855682
v 0.24478784203529358 0.09376034885644913 0.19059211015701294
v 0.24483340978622437 0.09543698281049728 0.18952816724777222
v 0.2422114610671997 0.09567219018936157 0.1927710473537445
v 0.24492284655570984 0.09847205132246017 0.1869911253452301
v 0.2423022985458374 0.09887585043907166 0.19003479182720184
v 0.24500933289527893 0.1011006161570549 0.18405385315418243
v 0.24239014089107513 0.10164790600538254 0.18687810003757477
v 0.24509213864803314 0.10336563736200333 0.18084095418453217
v 0.2424742728471756 0.10403521358966827 0.18343226611614227
v 0.24517057836055756 0.10531089454889297 0.1774331033229828
v 0.2425539195537567 0.10608470439910889 0.179781973361969
v 0.2452438473701477 0.10697395354509354 0.17388387024402618
v 0.2398427128791809 0.10868675261735916 0.17797504365444183
v 0.23943351209163666 0.09596210718154907 0.19586728513240814
v 0.23655253648757935 0.09811215847730637 0.19731085002422333
v 0.23352763056755066 0.10030455887317657 0.19825920462608337
v 0.23360075056552887 0.10341274738311768 0.1944827139377594
v 0.23367075622081757 0.10608553141355515 0.1903906613588333
v 0.233737051486969 0.10837829858064651 0.1860760748386383
v 0.26099514961242676 0.09772849828004837 0.14468351006507874
v 0.26099348068237305 0.09754645079374313 0.14536850154399872
v 0.2606464624404907 0.09868127107620239 0.14744959771633148
v 0.26063817739486694 0.09815400838851929 0.14876967668533325
v 0.260055273771286 0.09903256595134735 0.15149322152137756
v 0.260034441947937 0.09795638173818588 0.15334227681159973
v 0.2539438307285309 0.1053633764386177 0.15944239497184753
v 0.25559142231941223 0.10427307337522507 0.1575344204902649
v 0.2556217610836029 0.10491356253623962 0.1552094668149948
v 0.2570561170578003 0.10373107343912125 0.15357552468776703
v 0.2609962522983551 0.09783470630645752 0.14398524165153503
v 0.2606528699398041 0.0990404486656189 0.14608167111873627
v 0.26007288694381714 0.0998128205537796 0.14951786398887634
v 0.2592472732067108 0.09991435706615448 0.15419180691242218
v 0.26099663972854614 0.09786967933177948 0.1432809978723526
v 0.2606569826602936 0.09924975037574768 0.14468729496002197
v 0.2600864768028259 0.10034370422363281 0.14747114479541779
v 0.25927668809890747 0.10093942284584045 0.15156687796115875
v 0.2582187354564667 0.10079856216907501 0.15685710310935974
v 0.2581941485404968 0.09999367594718933 0.15842114388942719
v 0.2606584429740906 0.09931861609220505 0.1432809978723526
v 0.2600952386856079 0.10065273940563202 0.14538493752479553
v 0.2592993676662445 0.10163608938455582 0.1488475650548935
v 0.24999110400676727 0.10646315664052963 0.16628038883209229
v 0.2539023458957672 0.10449350625276566 0.1620352864265442
v 0.25398027896881104 0.10608010739088058 0.15680564939975739
v 0.2500917315483093 0.10835675150156021 0.1598631888628006
v 0.25004464387893677 0.10750169306993484 0.1630980223417282
v 0.25405463576316833 0.10740181803703308 0.13783131539821625
v 0.2522391676902771 0.10895054042339325 0.1432809978723526
v 0.254069983959198 0.10764681547880173 0.1432809978723526
v 0.25223463773727417 0.10888360440731049 0.14632144570350647
v 0.2540660500526428 0.10758586972951889 0.14600853621959686
v 0.25405463576316833 0.10740181803703308 0.14873069524765015
v 0.2501877546310425 0.10993165522813797 0.14996153116226196
v 0.2502025067806244 0.11015068739652634 0.14662447571754456
v 0.2340218871831894 0.11615215986967087 0.15792471170425415
v 0.2401055544614792 0.11412046104669571 0.15655310451984406
v 0.24550747871398926 0.1119140237569809 0.15499795973300934
v 0.22734613716602325 0.11849527060985565 0.15383215248584747
v 0.23404474556446075 0.11664485931396484 0.15305748581886292
v 0.24013251066207886 0.11458057165145874 0.1521424651145935
v 0.2455345094203949 0.11233261227607727 0.1511046141386032
v 0.24797344207763672 0.11138426512479782 0.14691650867462158
v 0.2556836009025574 0.10609551519155502 0.14808785915374756
v 0.25569310784339905 0.10626023262739182 0.1456868201494217
v 0.24940752983093262 0.0888565331697464 0.18520019948482513
v 0.24715755879878998 0.09027647227048874 0.18855883181095123
v 0.2447417825460434 0.0919836163520813 0.19148117303848267
v 0.24216517806053162 0.09390050917863846 0.19392387568950653
v 0.233799010515213 0.11033711582422256 0.18160037696361542
v 0.21655604243278503 0.08711942285299301 0.21914824843406677
v 0.2128182351589203 0.09086668491363525 0.22036467492580414
v 0.21283535659313202 0.08805136382579803 0.22111013531684875
v 0.20894843339920044 0.09064670652151108 0.222513809800148
v 0.24460181593894958 0.08627331256866455 0.19289126992225647
v 0.24464869499206543 0.08820623904466629 0.19263704121112823
v 0.24202384054660797 0.08801423758268356 0.19616715610027313
v 0.242071270942688 0.09004772454500198 0.19564706087112427
v 0.23929588496685028 0.09005661308765411 0.1989821344614029
v 0.23934213817119598 0.0921315848827362 0.19815778732299805
v 0.23642389476299286 0.09231534600257874 0.2012668401002884
v 0.23646724224090576 0.09437204897403717 0.20013634860515594
v 0.2334134727716446 0.09470227360725403 0.20299449563026428
v 0.23345202207565308 0.09670203924179077 0.2015746682882309
v 0.23027002811431885 0.09715012460947037 0.20416326820850372
v 0.2303018867969513 0.09906619042158127 0.2024831622838974
v 0.22699999809265137 0.09960481524467468 0.2047892063856125
v 0.2270234227180481 0.10142121464014053 0.20287610590457916
v 0.22361035645008087 0.10202477872371674 0.20489157736301422
v 0.22706905007362366 0.10466871410608292 0.19872312247753143
v 0.22363686561584473 0.10531489551067352 0.20056277513504028
v 0.2271127551794052 0.107459157705307 0.19425058364868164
v 0.22366224229335785 0.10814114660024643 0.19591698050498962
v 0.22715412080287933 0.10985264182090759 0.18955323100090027
v 0.22368627786636353 0.1105656698346138 0.19104859232902527
v 0.24455484747886658 0.08435029536485672 0.1929679960012436
v 0.24197624623775482 0.08595617860555649 0.19645477831363678
v 0.2392493337392807 0.08791296929121017 0.1995573490858078
v 0.23638023436069489 0.09014816582202911 0.2021632343530655
v 0.23337455093860626 0.09257208555936813 0.20420818030834198
v 0.23023778200149536 0.09509475529193878 0.2056722193956375
v 0.22697623074054718 0.09764938801527023 0.20656009018421173
v 0.2235967516899109 0.10018335282802582 0.20689359307289124
v 0.22010678052902222 0.10265615582466125 0.2066970020532608
v 0.22011059522628784 0.10597030073404312 0.202201247215271
v 0.22011424601078033 0.10881664603948593 0.1973944455385208
v 0.2201177179813385 0.1112590879201889 0.19236959517002106
v 0.24702361226081848 0.08489878475666046 0.1892676055431366
v 0.24711306393146515 0.08848793804645538 0.18897780776023865
v 0.24469536542892456 0.09012123942375183 0.1921689361333847
v 0.24211840331554413 0.09202095866203308 0.19489215314388275
v 0.23938806354999542 0.09410460293292999 0.19710904359817505
v 0.23651014268398285 0.0963057279586792 0.19880558550357819
v 0.23349009454250336 0.09856832027435303 0.19998662173748016
v 0.23033331334590912 0.10084742307662964 0.20066162943840027
v 0.23039449751377106 0.10403411835432053 0.19669292867183685
v 0.23045308887958527 0.10677327960729599 0.19240516424179077
v 0.23050856590270996 0.10912276059389114 0.18789266049861908
v 0.20075972378253937 0.09974485635757446 0.2216021567583084
v 0.20078256726264954 0.09733995050191879 0.22336162626743317
v 0.2049049586057663 0.09599912166595459 0.22218641638755798
v 0.13733229041099548 0.11486748605966568 0.19702264666557312
v 0.1372978240251541 0.11310572177171707 0.2021702229976654
v 0.1410585641860962 0.11363540589809418 0.20333857834339142
v 0.13726182281970978 0.1110006719827652 0.2071884274482727
v 0.14101873338222504 0.1115233302116394 0.208470419049263
v 0.14097754657268524 0.10895330458879471 0.2133910059928894
v 0.144841268658638 0.10939917713403702 0.21463945508003235
v 0.1448194682598114 0.10787834972143173 0.21702219545841217
v 0.14878690242767334 0.10823722183704376 0.21816708147525787
v 0.14876514673233032 0.10650573670864105 0.22045673429965973
v 0.15283071994781494 0.10675935447216034 0.22148267924785614
v 0.1528099626302719 0.1047641932964325 0.2235964983701706
v 0.15696834027767181 0.10489215701818466 0.22448408603668213
v 0.15695887804031372 0.10377410799264908 0.22543714940547943
v 0.16120585799217224 0.10376664996147156 0.22615638375282288
v 0.1611977368593216 0.1025562509894371 0.22700873017311096
v 0.1655300259590149 0.10239289700984955 0.22754652798175812
v 0.16552366316318512 0.1010875403881073 0.2282647341489792
v 0.16993655264377594 0.10073961317539215 0.22860774397850037
v 0.16993246972560883 0.09934674203395844 0.229153111577034
v 0.17442113161087036 0.09878399968147278 0.2292892187833786
v 0.17441992461681366 0.09731899946928024 0.22962793707847595
v 0.17896120250225067 0.09652310609817505 0.22954876720905304
v 0.17896334826946259 0.09501829743385315 0.2296631783246994
v 0.18347667157649994 0.09401817619800568 0.2293684333562851
v 0.183481827378273 0.09250814467668533 0.22925801575183868
v 0.18793897330760956 0.09134890139102936 0.22875578701496124
v 0.18794655799865723 0.08986365795135498 0.2284504622220993
v 0.14492537081241608 0.11410164833068848 0.2043820023536682
v 0.14488402009010315 0.1119818314909935 0.20961517095565796
v 0.1488506942987442 0.11236556619405746 0.21062470972537994
v 0.14880844950675964 0.10976826399564743 0.21573896706104279
v 0.1528717428445816 0.11004804074764252 0.21669045090675354
v 0.15285134315490723 0.10850521177053452 0.21915602684020996
v 0.15700587630271912 0.10866855829954147 0.21998929977416992
v 0.15698719024658203 0.10690636187791824 0.22234386205673218
v 0.16123013198375702 0.10693095624446869 0.2230396419763565
v 0.1612139642238617 0.10489583760499954 0.22519603371620178
v 0.16554270684719086 0.1047561839222908 0.22573070228099823
v 0.16553637385368347 0.10361512005329132 0.22669284045696259
v 0.16994468867778778 0.10329147428274155 0.2270442396402359
v 0.16994062066078186 0.10205670446157455 0.22789359092712402
v 0.17442353069782257 0.10151686519384384 0.2280472069978714
v 0.17442232370376587 0.10018749535083771 0.22875168919563293
v 0.17895692586898804 0.09941047430038452 0.22869345545768738
v 0.17895907163619995 0.09799639135599136 0.22921834886074066
v 0.18346640467643738 0.09700841456651688 0.22893889248371124
v 0.18347153067588806 0.09552821516990662 0.22925801575183868
v 0.18792380392551422 0.09437503665685654 0.22875578701496124
v 0.1879313886165619 0.09286197274923325 0.2288612574338913
v 0.1923183649778366 0.09159184247255325 0.2281419187784195
v 0.1966392993927002 0.08873900771141052 0.22711706161499023
v 0.20087483525276184 0.0858905166387558 0.22572752833366394
v 0.14496497809886932 0.115872822701931 0.19902397692203522
v 0.1529504805803299 0.11480828374624252 0.20610496401786804
v 0.15291176736354828 0.11266390979290009 0.2115011066198349
v 0.15702439844608307 0.11022575199604034 0.2174949198961258
v 0.1612461358308792 0.10871250182390213 0.22066709399223328
v 0.16555529832839966 0.10681512951850891 0.22356928884983063
v 0.1699487417936325 0.10444581508636475 0.22608637809753418
v 0.17442472279071808 0.10276555269956589 0.22720842063426971
v 0.17895479500293732 0.10075297951698303 0.22800463438034058
v 0.1834612786769867 0.09843246638774872 0.22843122482299805
v 0.18791621923446655 0.09586028009653091 0.2284504622220993
v 0.19230888783931732 0.09310534596443176 0.2280421108007431
v 0.19662851095199585 0.09024995565414429 0.2272106260061264
v 0.2008632868528366 0.08737513422966003 0.2259807139635086
v 0.1613232046365738 0.11515302211046219 0.20736072957515717
v 0.15706071257591248 0.11286603659391403 0.2122463881969452
v 0.1612931191921234 0.11296028643846512 0.21286265552043915
v 0.16126200556755066 0.11028767377138138 0.21815328299999237
v 0.16558019816875458 0.1102181077003479 0.21866655349731445
v 0.1655678153038025 0.10862015187740326 0.22118963301181793
v 0.16996483504772186 0.1083671897649765 0.2215571403503418
v 0.16995683312416077 0.10653296858072281 0.2239321917295456
v 0.1744282990694046 0.10605664551258087 0.2241276353597641
v 0.17442592978477478 0.10393530130386353 0.22626136243343353
v 0.17895053327083588 0.10320506244897842 0.22625388205051422
v 0.1789526641368866 0.1020173504948616 0.22718308866024017
v 0.18345104157924652 0.10106950998306274 0.22696569561958313
v 0.183456152677536 0.0997883602976799 0.22776369750499725
v 0.1879010796546936 0.09866189956665039 0.2273225039243698
v 0.18790864944458008 0.09729311615228653 0.2279638946056366
v 0.19228996336460114 0.09603313356637955 0.22729040682315826
v 0.19229941070079803 0.09459332376718521 0.227752685546875
v 0.19660687446594238 0.09324884414672852 0.2268451601266861
v 0.19661767780780792 0.09176090359687805 0.22711706161499023
v 0.20084017515182495 0.0903850719332695 0.2259807139635086
v 0.20085173845291138 0.08888010680675507 0.22606760263442993
v 0.20497427880764008 0.08753254264593124 0.22471310198307037
v 0.2089911550283432 0.08478420227766037 0.22307434678077698
v 0.21286967396736145 0.08223708719015121 0.22111013531684875
v 0.1373649537563324 0.11635465174913406 0.1917901188135147
v 0.13015946745872498 0.1151224821805954 0.18957877159118652
v 0.1301763951778412 0.11637602746486664 0.18453803658485413
v 0.12343449890613556 0.1149679645895958 0.18218271434307098
v 0.12342610955238342 0.11601433902978897 0.17739377915859222
v 0.1171116977930069 0.11445990204811096 0.1749860644340515
v 0.1170857697725296 0.11531182378530502 0.1705068051815033
v 0.11123152077198029 0.1136009469628334 0.16816972196102142
v 0.11117309331893921 0.11480693519115448 0.12664347887039185
v 0.10583674162626266 0.11289310455322266 0.12836626172065735
v 0.19654244184494019 0.10103987902402878 0.222489133477211
v 0.19652125239372253 0.10318061709403992 0.2203977406024933
v 0.19222435355186462 0.10436899960041046 0.22101813554763794
v 0.19220596551895142 0.10625531524419785 0.21867817640304565
v 0.18784144520759583 0.10729563981294632 0.21906128525733948
v 0.18782690167427063 0.10894923657178879 0.21654096245765686
v 0.18340589106082916 0.10981305688619614 0.21671925485134125
v 0.18339619040489197 0.11126099526882172 0.21407067775726318
v 0.17892982065677643 0.11192935705184937 0.21407750248908997
v 0.21656571328639984 0.08426563441753387 0.2193828672170639
v 0.21284392476081848 0.08660392463207245 0.2213044911623001
v 0.20896978676319122 0.08774467557668686 0.22307434678077698
v 0.20895911753177643 0.08921000361442566 0.2228603959083557
v 0.20495112240314484 0.09050488471984863 0.2243993878364563
v 0.2049395591020584 0.09194859862327576 0.22402246296405792
v 0.2008170783519745 0.09331564605236053 0.2253207415342331
v 0.20080554485321045 0.09471283107995987 0.22477857768535614
v 0.19658531248569489 0.09608342498540878 0.2258318066596985
v 0.19657455384731293 0.09741276502609253 0.22513341903686523
v 0.19227108359336853 0.09872809797525406 0.22594362497329712
v 0.19226166605949402 0.0999767854809761 0.22510424256324768
v 0.18788601458072662 0.10118822008371353 0.22567899525165558
v 0.1878710240125656 0.10344704240560532 0.2236875593662262
v 0.18343578279018402 0.10448607802391052 0.22400984168052673
v 0.18342570960521698 0.10645390301942825 0.22172613441944122
v 0.17894211411476135 0.10728342086076736 0.22182756662368774
v 0.17893797159194946 0.10899440199136734 0.21934491395950317
v 0.17443299293518066 0.10959190875291824 0.21926163136959076
v 0.2089804857969284 0.08626443892717361 0.22314731776714325
v 0.20496270060539246 0.0890275314450264 0.2246331125497818
v 0.20082862675189972 0.09186969697475433 0.22572752833366394
v 0.19659610092639923 0.09469324350357056 0.2264096885919571
v 0.19228051602840424 0.09741359204053879 0.22667917609214783
v 0.1878935545682907 0.09996005892753601 0.22655348479747772
v 0.18344594538211823 0.10227701812982559 0.22606098651885986
v 0.17894631624221802 0.10536754131317139 0.2241547405719757
v 0.17443065345287323 0.10792744904756546 0.22176982462406158
v 0.16997277736663818 0.10999433696269989 0.21903568506240845
v 0.16560448706150055 0.11293327063322067 0.21335189044475555
v 0.16562798619270325 0.11516395956277847 0.20782014727592468
v 0.20893777906894684 0.09204582870006561 0.2220468819141388
v 0.20492801070213318 0.09334912896156311 0.2235175520181656
v 0.2007940411567688 0.09605458378791809 0.22412005066871643
v 0.19656382501125336 0.09868086129426956 0.2243330031633377
v 0.19224295020103455 0.10228634625673294 0.22318245470523834
v 0.18785616755485535 0.10547126084566116 0.22145862877368927
v 0.1834157556295395 0.10821901261806488 0.21928083896636963
v 0.17893385887145996 0.11053430289030075 0.21675194799900055
v 0.17443756759166718 0.11243549734354019 0.21395756304264069
v 0.152987539768219 0.11659884452819824 0.2005859762430191
v 0.14500248432159424 0.11736637353897095 0.19358454644680023
v 0.1373954564332962 0.11761274933815002 0.18649856746196747
v 0.13019196689128876 0.11743376404047012 0.17945250868797302
v 0.12341853231191635 0.1168898418545723 0.17257069051265717
v 0.11704359203577042 0.1165751963853836 0.12508387863636017
v 0.2089165449142456 0.09470931440591812 0.2208036631345749
v 0.20488207042217255 0.09844372421503067 0.22051610052585602
v 0.20073707401752472 0.1019408330321312 0.21959054470062256
v 0.1965002715587616 0.10512907803058624 0.21812333166599274
v 0.19218780100345612 0.10797145962715149 0.21620799601078033
v 0.18781255185604095 0.11045552045106888 0.21392737329006195
v 0.24680154025554657 0.0761132687330246 0.18712501227855682
v 0.24432189762592316 0.07494022697210312 0.19059211015701294
v 0.24436792731285095 0.07671696692705154 0.19148117303848267
v 0.2417386919260025 0.07578717917203903 0.19489215314388275
v 0.24178582429885864 0.07776042073965073 0.19564706087112427
v 0.23901568353176117 0.07706661522388458 0.1989821344614029
v 0.23906223475933075 0.07921025902032852 0.1995573490858078
v 0.23615966737270355 0.07874485105276108 0.20279692113399506
v 0.23620377480983734 0.08103162795305252 0.203160360455513
v 0.2331768125295639 0.0807889774441719 0.2062813639640808
v 0.2332165241241455 0.08319208770990372 0.20641252398490906
v 0.23007294535636902 0.08316706120967865 0.20938219130039215
v 0.2301061749458313 0.08567455410957336 0.20923380553722382
v 0.22685404121875763 0.08585530519485474 0.21200715005397797
v 0.22687877714633942 0.08842765539884567 0.2115040123462677
v 0.22352634370326996 0.08878978341817856 0.2140333205461502
v 0.22354064881801605 0.09134741872549057 0.21312737464904785
v 0.22009672224521637 0.09185672551393509 0.21537336707115173
v 0.22009877860546112 0.09432844072580338 0.2140725553035736
v 0.21652717888355255 0.0950409471988678 0.21600916981697083
v 0.21651770174503326 0.09736690670251846 0.21435514092445374
v 0.21276742219924927 0.09833908826112747 0.21597881615161896
v 0.21275076270103455 0.10048257559537888 0.21402433514595032
v 0.20885373651981354 0.10158008337020874 0.2153472900390625
v 0.2088332325220108 0.10352535545825958 0.21314820647239685
v 0.20481465756893158 0.10464897006750107 0.21419048309326172
v 0.20479276776313782 0.10639557242393494 0.21179436147212982
v 0.20067061483860016 0.10747995227575302 0.21258112788200378
v 0.20475010573863983 0.10949353128671646 0.20673227310180664
v 0.20062804222106934 0.11047066003084183 0.207406684756279
v 0.2047092467546463 0.11214017122983932 0.2014118880033493
v 0.20058728754520416 0.11301978677511215 0.20199154317378998
v 0.20467057824134827 0.11440522223711014 0.19591255486011505
v 0.2005486786365509 0.11519818753004074 0.1964103877544403
v 0.24093352258205414 0.05433061346411705 0.15163780748844147
v 0.243638813495636 0.05738101527094841 0.1588679552078247
v 0.24099814891815186 0.0553966760635376 0.15993142127990723
v 0.24368421733379364 0.05815934017300606 0.1627049297094345
v 0.24104425311088562 0.05621587857604027 0.16403143107891083
v 0.24373766779899597 0.05913272500038147 0.1664971560239792
v 0.2410985380411148 0.05724053457379341 0.168084517121315
v 0.24379847943782806 0.06031560152769089 0.17022986710071564
v 0.2411602884531021 0.058485906571149826 0.1720752716064453
v 0.24386589229106903 0.06172662600874901 0.17388387024402618
v 0.24122875928878784 0.059971775859594345 0.17598353326320648
v 0.24393916130065918 0.06338968873023987 0.1774331033229828
v 0.2413031905889511 0.061723437160253525 0.179781973361969
v 0.2440175712108612 0.06533494591712952 0.18084095418453217
v 0.24138283729553223 0.06377293169498444 0.18343226611614227
v 0.24410037696361542 0.06759996712207794 0.18405385315418243
v 0.2414669394493103 0.06616024672985077 0.18687810003757477
v 0.2441868931055069 0.07022852450609207 0.1869911253452301
v 0.24155479669570923 0.06893229484558105 0.19003479182720184
v 0.24427630007266998 0.07326359301805496 0.18952816724777222
v 0.24164561927318573 0.07213595509529114 0.1927710473537445
v 0.24169191718101501 0.07390763610601425 0.19392387568950653
v 0.23892350494861603 0.0730186253786087 0.19710904359817505
v 0.23896941542625427 0.07499165087938309 0.19815778732299805
v 0.23607204854488373 0.07433255016803741 0.2012668401002884
v 0.2361157238483429 0.07649973034858704 0.2021632343530655
v 0.23309773206710815 0.07606153190135956 0.20517928898334503
v 0.23313720524311066 0.07839911431074142 0.20587503910064697
v 0.23000657558441162 0.07817445695400238 0.20878100395202637
v 0.23003973066806793 0.08065958321094513 0.20923380553722382
v 0.2268044799566269 0.08064459264278412 0.21200715005397797
v 0.22682926058769226 0.08324994891881943 0.2121744006872177
v 0.22349758446216583 0.08344179391860962 0.21477869153022766
v 0.22351199388504028 0.08613841235637665 0.21459083259105682
v 0.22009257972240448 0.0865236297249794 0.21697434782981873
v 0.22009466588497162 0.08924571424722672 0.21635816991329193
v 0.21654638648033142 0.08989838510751724 0.2184690684080124
v 0.2165367603302002 0.09254711866378784 0.21740083396434784
v 0.21280118823051453 0.09353117644786835 0.2192097008228302
v 0.21278423070907593 0.09602430462837219 0.2177250236272812
v 0.20889542996883392 0.09718449413776398 0.21922552585601807
v 0.20887447893619537 0.09947086125612259 0.21738798916339874
v 0.20485937595367432 0.10068928450345993 0.21858958899974823
v 0.2048368752002716 0.1027522012591362 0.2164660096168518
v 0.2007146179676056 0.10394909977912903 0.21738864481449127
v 0.20069247484207153 0.10578949004411697 0.21504183113574982
v 0.19647952914237976 0.10690831393003464 0.215711310505867
v 0.196459099650383 0.10853824764490128 0.21319235861301422
v 0.1921698898077011 0.10953918844461441 0.21363787353038788
v 0.19641928374767303 0.1114138588309288 0.20791888236999512
v 0.19213499128818512 0.11229696869850159 0.20827937126159668
v 0.19638115167617798 0.11385870724916458 0.20242278277873993
v 0.19210156798362732 0.11463536322116852 0.20271633565425873
v 0.19634506106376648 0.11594460904598236 0.19677399098873138
v 0.1920699179172516 0.11662697792053223 0.19701385498046875
v 0.17000338435173035 0.11504680663347244 0.20817087590694427
v 0.16998831927776337 0.11276538670063019 0.21371617913246155
v 0.17444200813770294 0.11478351056575775 0.20841558277606964
v 0.17892193794250488 0.11436183005571365 0.20855633914470673
v 0.18337726593017578 0.11379282921552658 0.20858757197856903
v 0.18778462707996368 0.11309725046157837 0.2084987461566925
v 0.17890724539756775 0.11814052611589432 0.1970955729484558
v 0.1744462549686432 0.11675352603197098 0.20272834599018097
v 0.1789143979549408 0.11640752851963043 0.20287826657295227
v 0.18335914611816406 0.11592776328325272 0.20293334126472473
v 0.18775787949562073 0.11533104628324509 0.20288294553756714
v 0.24684542417526245 0.07777827978134155 0.18793600797653198
v 0.2444143444299698 0.07857934385538101 0.1921689361333847
v 0.24183325469493866 0.07979390025138855 0.19616715610027313
v 0.23910896480083466 0.08138635009527206 0.19988133013248444
v 0.2362479865550995 0.08332394808530807 0.20327582955360413
v 0.23325622081756592 0.08559520542621613 0.2062813639640808
v 0.2301393449306488 0.08815968036651611 0.20878100395202637
v 0.22690340876579285 0.09092176705598831 0.21067237854003906
v 0.22355487942695618 0.09378023445606232 0.21191397309303284
v 0.22010080516338348 0.09664268046617508 0.21251004934310913
v 0.21650831401348114 0.09952782094478607 0.2124890387058258
v 0.21273431181907654 0.10246482491493225 0.21190592646598816
v 0.20881304144859314 0.10532066226005554 0.21082234382629395
v 0.2087736874818802 0.10851232707500458 0.20588508248329163
v 0.20873600244522095 0.1112445592880249 0.20067307353019714
v 0.20870032906532288 0.11358579993247986 0.19527003169059753
v 0.22722835838794708 0.11363358050584793 0.1797131597995758
v 0.2338559925556183 0.11199842393398285 0.17700538039207458
v 0.23990990221500397 0.1102394089102745 0.17382456362247467
v 0.24531124532222748 0.10838497430086136 0.17022986710071564
v 0.2272886335849762 0.11628732830286026 0.16950412094593048
v 0.2273125797510147 0.117246113717556 0.16431424021720886
v 0.22013099491596222 0.11882545799016953 0.1655501276254654
v 0.22013260424137115 0.11957865208387375 0.1600124090909958
v 0.2125045359134674 0.12095721811056137 0.1606839895248413
v 0.21249467134475708 0.12148243933916092 0.15489551424980164
v 0.2044910490512848 0.12260617315769196 0.15518657863140106
v 0.22013379633426666 0.12011009454727173 0.15444891154766083
v 0.22733189165592194 0.11797889322042465 0.15908655524253845
v 0.23399096727371216 0.11545250564813614 0.16276539862155914
v 0.24002383649349213 0.11261112987995148 0.1652877926826477
v 0.24537205696105957 0.10956785082817078 0.1664971560239792
v 0.22380293905735016 0.119645856320858 0.14872530102729797
v 0.22380469739437103 0.11974941939115524 0.1432809978723526
v 0.18768712878227234 0.12021223455667496 0.1854104995727539
v 0.17889443039894104 0.1208527460694313 0.18533022701740265
v 0.17888888716697693 0.12189185619354248 0.1793813705444336
v 0.1700664907693863 0.12205350399017334 0.1790938526391983
v 0.17007580399513245 0.12284489721059799 0.17315706610679626
v 0.24916024506092072 0.0789664015173912 0.18426784873008728
v 0.24688968062400818 0.07952110469341278 0.18855883181095123
v 0.2444610446691513 0.08049433678388596 0.19263704121112823
v 0.2418808490037918 0.08185196667909622 0.19645477831363678
v 0.23915578424930573 0.08356162160634995 0.19998255372047424
v 0.23629216849803925 0.08561626821756363 0.203160360455513
v 0.23329584300518036 0.0879850685596466 0.20587503910064697
v 0.23017238080501556 0.09058035165071487 0.20801933109760284
v 0.22692789137363434 0.09330436587333679 0.209542915225029
v 0.22356897592544556 0.09606562554836273 0.21044127643108368
v 0.22010281682014465 0.09879843145608902 0.21073326468467712
v 0.21649901568889618 0.10153074562549591 0.2104545682668686
v 0.21271809935569763 0.10429786145687103 0.2096552699804306
v 0.21268650889396667 0.10756299644708633 0.2048545479774475
v 0.21265625953674316 0.11036276817321777 0.1997644007205963
v 0.2126276046037674 0.11276420950889587 0.19447234272956848
v 0.21260084211826324 0.11481861770153046 0.18903496861457825
v 0.20460116863250732 0.117983378469944 0.18456295132637024
v 0.19625230133533478 0.12049542367458344 0.17928171157836914
v 0.18766748905181885 0.12135744839906693 0.17946399748325348
v 0.18765021860599518 0.12230025976896286 0.173480823636055
v 0.17888402938842773 0.12274640053510666 0.1734028458595276
v 0.17887988686561584 0.12342990934848785 0.16740210354328156
v 0.170083686709404 0.12347744405269623 0.16720165312290192
v 0.246934175491333 0.08130964636802673 0.18897780776023865
v 0.24450789391994476 0.08242727071046829 0.19289126992225647
v 0.24192854762077332 0.08390407264232635 0.1965431272983551
v 0.2392026036977768 0.08573687821626663 0.19988133013248444
v 0.23633629083633423 0.08790304511785507 0.20279692113399506
v 0.23333531618118286 0.09032264351844788 0.20517928898334503
v 0.2302052080631256 0.09290171414613724 0.20697058737277985
v 0.2269521951675415 0.09554926306009293 0.2081582248210907
v 0.22358295321464539 0.09819930791854858 0.20875383913516998
v 0.22010481357574463 0.10080007463693619 0.20878508687019348
v 0.21648988127708435 0.10338589549064636 0.2082834094762802
v 0.21647204458713531 0.10669536143541336 0.20363010466098785
v 0.21645498275756836 0.10953646153211594 0.19867509603500366
v 0.21643882989883423 0.11197463423013687 0.19350901246070862
v 0.21642372012138367 0.1140608862042427 0.18819080293178558
v 0.212576225399971 0.11656474322080612 0.18349038064479828
v 0.21255400776863098 0.11803199350833893 0.17786544561386108
v 0.2045711725950241 0.11936327815055847 0.1787702739238739
v 0.2045448124408722 0.12050140649080276 0.17292430996894836
v 0.19622769951820374 0.12153773754835129 0.1733396351337433
v 0.19620679318904877 0.12237284332513809 0.16736385226249695
v 0.18763557076454163 0.12305502593517303 0.16747014224529266
v 0.1876237541437149 0.12363236397504807 0.1614392250776291
v 0.17887656390666962 0.12395234405994415 0.16138502955436707
v 0.17887409031391144 0.12432081252336502 0.15535643696784973
v 0.17009474337100983 0.12430126219987869 0.1552537977695465
v 0.17009767889976501 0.12450385838747025 0.14926889538764954
v 0.16151174902915955 0.12419707328081131 0.14918680489063263
v 0.16151374578475952 0.12426120042800903 0.1432809978723526
v 0.15731823444366455 0.12401088327169418 0.1432809978723526
v 0.16150589287281036 0.12400390207767487 0.13147209584712982
v 0.1614837795495987 0.1232180967926979 0.11968567222356796
v 0.17009474337100983 0.12430126219987869 0.1313081979751587
v 0.170098677277565 0.12457111477851868 0.1432809978723526
v 0.17887204885482788 0.12461287528276443 0.1432809978723526
v 0.17887257039546967 0.12454008311033249 0.14932051301002502
v 0.18760961294174194 0.12428232282400131 0.14933975040912628
v 0.1876150369644165 0.12403973937034607 0.1553940325975418
v 0.19617751240730286 0.12346330285072327 0.15534508228302002
v 0.1961899697780609 0.12301205098628998 0.16136322915554047
v 0.20450438559055328 0.12211267650127411 0.1611228734254837
v 0.20452243089675903 0.12141387909650803 0.16703833639621735
v 0.2125179022550583 0.12021355330944061 0.16644872725009918
v 0.21253447234630585 0.11924267560243607 0.17217986285686493
v 0.22012899816036224 0.11784124374389648 0.17105132341384888
v 0.22012662887573242 0.11661280691623688 0.1765030026435852
v 0.22726042568683624 0.11508901417255402 0.17464274168014526
v 0.2503490746021271 0.06422040611505508 0.1555289924144745
v 0.24920111894607544 0.08058144897222519 0.18482768535614014
v 0.14509880542755127 0.12058117240667343 0.17698605358600616
v 0.1530855894088745 0.12045944482088089 0.1836397647857666
v 0.1614047735929489 0.11983734369277954 0.19025690853595734
v 0.17003142833709717 0.11857124418020248 0.19671787321567535
v 0.17445026338100433 0.11841975152492523 0.19694501161575317
v 0.2340637743473053 0.11703482270240784 0.1432809978723526
v 0.2340589165687561 0.11693784594535828 0.14817339181900024
v 0.23719120025634766 0.11601559072732925 0.1432809978723526
v 0.2371857911348343 0.11592163145542145 0.14795279502868652
v 0.2401549518108368 0.11494466662406921 0.1432809978723526
v 0.24014921486377716 0.11485414206981659 0.1477157026529312
v 0.18825504183769226 0.06136108562350273 0.1432809978723526
v 0.18369591236114502 0.0635114461183548 0.1432809978723526
v 0.1790546327829361 0.06542373448610306 0.1432809978723526
v 0.17436738312244415 0.06701566278934479 0.1432809978723526
v 0.169749915599823 0.06823190301656723 0.1432809978723526
v 0.16523230075836182 0.06911222636699677 0.1432809978723526
v 0.2606569826602936 0.09924975037574768 0.14187471568584442
v 0.2600952386856079 0.10065273940563202 0.14117707312107086
v 0.26009830832481384 0.10075432807207108 0.1432809978723526
v 0.2606528699398041 0.0990404486656189 0.14048033952713013
v 0.2600864768028259 0.10034370422363281 0.1390908658504486
v 0.2606464624404907 0.09868127107620239 0.1391124129295349
v 0.26007288694381714 0.0998128205537796 0.13704414665699005
v 0.26063817739486694 0.09815400838851929 0.13779233396053314
v 0.260055273771286 0.09903256595134735 0.13506878912448883
v 0.26099514961242676 0.09772849828004837 0.14187850058078766
v 0.25559142231941223 0.10427307337522507 0.1290275901556015
v 0.25401124358177185 0.10665388405323029 0.13242606818675995
v 0.2556474804878235 0.10542652010917664 0.13370686769485474
v 0.2556836009025574 0.10609551519155502 0.13847415149211884
v 0.2556963562965393 0.10631480067968369 0.1432809978723526
v 0.2593139708042145 0.10204122960567474 0.1460760235786438
v 0.25931912660598755 0.1021742969751358 0.1432809978723526
v 0.2593139708042145 0.10204122960567474 0.1404859870672226
v 0.2592993676662445 0.10163608938455582 0.1377144455909729
v 0.25927668809890747 0.10093942284584045 0.13499511778354645
v 0.2592472732067108 0.09991435706615448 0.1323702037334442
v 0.25917360186576843 0.09659595787525177 0.12776753306388855
v 0.2600111961364746 0.09651168435811996 0.13160721957683563
v 0.26061737537384033 0.09645406156778336 0.13548004627227783
v 0.260628342628479 0.09742771834135056 0.13655690848827362
v 0.260985791683197 0.09642088413238525 0.1393749862909317
v 0.2581678330898285 0.09905531257390976 0.1266448050737381
v 0.2609826922416687 0.09578083455562592 0.13899780809879303
v 0.2606115937232971 0.09585670381784439 0.13504670560359955
v 0.2599988877773285 0.09562443196773529 0.13095775246620178
v 0.2591530680656433 0.09542612731456757 0.12690265476703644
v 0.25808101892471313 0.09526510536670685 0.12289267033338547
v 0.2567896246910095 0.09514463692903519 0.11893908679485321
v 0.2552858293056488 0.09506802260875702 0.115053191781044
v 0.25351399183273315 0.09254377335309982 0.10995479673147202
v 0.2552338242530823 0.09284967184066772 0.11392487585544586
v 0.25674840807914734 0.09321524202823639 0.11797323822975159
v 0.25805026292800903 0.09363599866628647 0.12208870053291321
v 0.2591320276260376 0.09410743415355682 0.12626007199287415
v 0.2599862813949585 0.09462504833936691 0.130476176738739
v 0.2606056332588196 0.09518435597419739 0.13472580909729004
v 0.2500917315483093 0.10835675150156021 0.126698836684227
v 0.24789683520793915 0.11019503325223923 0.12880969047546387
v 0.2501316964626312 0.10904078185558319 0.12997311353683472
v 0.24795746803283691 0.11114964634180069 0.1360168606042862
v 0.2539023458957672 0.10449350625276566 0.1245267242193222
v 0.2520933449268341 0.10644035041332245 0.12526296079158783
v 0.2539438307285309 0.1053633764386177 0.12711963057518005
v 0.25217124819755554 0.10785950720310211 0.1311800330877304
v 0.25004464387893677 0.10750169306993484 0.12346400320529938
v 0.24999110400676727 0.10646315664052963 0.12028161436319351
v 0.24531124532222748 0.10838497430086136 0.11633214354515076
v 0.2454255223274231 0.11054123938083649 0.12385707348585129
v 0.24285896122455597 0.11241146922111511 0.12663058936595917
v 0.24547089636325836 0.11131956428289413 0.1276940554380417
v 0.2429235577583313 0.11347752809524536 0.13492420315742493
v 0.2455345094203949 0.11233261227607727 0.1354573667049408
v 0.24555127322673798 0.1125815287232399 0.1393655389547348
v 0.24014921486377716 0.11485414206981659 0.13884630799293518
v 0.24294641613960266 0.11382609605789185 0.1432809978723526
v 0.2340589165687561 0.11693784594535828 0.13838861882686615
v 0.24537205696105957 0.10956785082817078 0.12006485462188721
v 0.23997053503990173 0.11154061555862427 0.11697349697351456
v 0.23990990221500397 0.1102394089102745 0.11273743957281113
v 0.2338559925556183 0.11199842393398285 0.1095566377043724
v 0.2339525818824768 0.11453645676374435 0.11899344623088837
v 0.24002383649349213 0.11261112987995148 0.12127422541379929
v 0.24006909132003784 0.11346693336963654 0.12562362849712372
v 0.23399096727371216 0.11545250564813614 0.12379659712314606
v 0.2401055544614792 0.11412046104669571 0.13000890612602234
v 0.2340218871831894 0.11615215986967087 0.12863729894161224
v 0.24013251066207886 0.11458057165145874 0.1344195455312729
v 0.26097947359085083 0.09505417943000793 0.13889162242412567
v 0.26059961318969727 0.09446155279874802 0.13455280661582947
v 0.2599734961986542 0.09354987740516663 0.1302156150341034
v 0.2591106593608856 0.09268739074468613 0.1259106993675232
v 0.25801903009414673 0.091879703104496 0.12164883315563202
v 0.25670650601387024 0.09113242477178574 0.11744076758623123
v 0.2551810145378113 0.090451180934906 0.11329727619886398
v 0.253450483083725 0.0898415744304657 0.10922911763191223
v 0.25152304768562317 0.08930882066488266 0.10524703562259674
v 0.258294939994812 0.10291546583175659 0.15020661056041718
v 0.2583162784576416 0.10341279953718185 0.1467583328485489
v 0.2583238482475281 0.10357604175806046 0.1432809978723526
v 0.2583162784576416 0.10341279953718185 0.1398036777973175
v 0.258294939994812 0.10291546583175659 0.13635540008544922
v 0.2582617700099945 0.10205943882465363 0.13297174870967865
v 0.2582187354564667 0.10079856216907501 0.12970490753650665
v 0.2581941485404968 0.09999367594718933 0.1281408667564392
v 0.2569413483142853 0.10073443502187729 0.12521378695964813
v 0.25690609216690063 0.09962637722492218 0.12342695891857147
v 0.2554326057434082 0.10021238774061203 0.1202687919139862
v 0.2553856372833252 0.09873715043067932 0.118323415517807
v 0.2536964416503906 0.09915885329246521 0.11496978998184204
v 0.2536374628543854 0.09724308550357819 0.11296163499355316
v 0.25173917412757874 0.09749298542737961 0.10945364087820053
v 0.25166866183280945 0.09505920857191086 0.10752959549427032
v 0.24957023561000824 0.09513162076473236 0.10391443222761154
v 0.24948953092098236 0.09212608635425568 0.10229416191577911
v 0.24761052429676056 0.10453762859106064 0.11158793419599533
v 0.24753578007221222 0.10270752012729645 0.10843170434236526
v 0.24509213864803314 0.10336563736200333 0.10572105646133423
v 0.24500933289527893 0.1011006161570549 0.10250815004110336
v 0.24239014089107513 0.10164790600538254 0.09968389570713043
v 0.2423022985458374 0.09887585043907166 0.09652721881866455
v 0.23952266573905945 0.0993170514702797 0.09362728893756866
v 0.23943351209163666 0.09596210718154907 0.09069471806287766
v 0.23655253648757935 0.09811215847730637 0.08925116062164307
v 0.24702361226081848 0.08489878475666046 0.0972944125533104
v 0.24940752983093262 0.0888565331697464 0.10136181116104126
v 0.24932488799095154 0.08554624766111374 0.10110964626073837
v 0.2514490485191345 0.08628889173269272 0.10502927005290985
v 0.2533864974975586 0.08712293952703476 0.10904284566640854
v 0.25512778759002686 0.0880441814661026 0.11313992738723755
v 0.2566642761230469 0.0890466570854187 0.11731008440256119
v 0.25798752903938293 0.09012399613857269 0.12154288589954376
v 0.2590891122817993 0.09126980602741241 0.1258278787136078
v 0.2599606215953827 0.0924776941537857 0.13015462458133698
v 0.26059356331825256 0.0937412828207016 0.13451269268989563
v 0.25951817631721497 0.08715379983186722 0.12992751598358154
v 0.25915393233299255 0.08585216104984283 0.1288124918937683
v 0.2590046525001526 0.08594365417957306 0.12776753306388855
v 0.2570725083351135 0.07924708724021912 0.12558838725090027
v 0.25491899251937866 0.07905791699886322 0.11655808985233307
v 0.2548699378967285 0.07735119760036469 0.118323415517807
v 0.2548229396343231 0.07587597519159317 0.1202687919139862
v 0.2547784447669983 0.074605792760849 0.12234176695346832
v 0.25296658277511597 0.07200810313224792 0.11953400075435638
v 0.2530200481414795 0.07343214750289917 0.117180235683918
v 0.25307655334472656 0.07508701831102371 0.11496978998184204
v 0.2531355321407318 0.07700278609991074 0.11296163499355316
v 0.2511589229106903 0.07508479058742523 0.10945364087820053
v 0.25109073519706726 0.07297151535749435 0.1117008626461029
v 0.2510254383087158 0.07114720344543457 0.11417123675346375
v 0.25096362829208374 0.06957820802927017 0.11679965257644653
v 0.250905841588974 0.06823522597551346 0.11954276263713837
v 0.25085270404815674 0.06709456443786621 0.12237090617418289
v 0.2508047819137573 0.06613743305206299 0.12526296079158783
v 0.2525675892829895 0.0684170350432396 0.12717829644680023
v 0.25193801522254944 0.0671653002500534 0.12803548574447632
v 0.26097631454467773 0.09432752430438995 0.13899780809879303
v 0.2605874836444855 0.09302101284265518 0.13455280661582947
v 0.2599477171897888 0.09140551090240479 0.1302156150341034
v 0.259067565202713 0.0898522138595581 0.1259106993675232
v 0.25795602798461914 0.08836828917264938 0.12164883315563202
v 0.2566220462322235 0.08696088939905167 0.11744076758623123
v 0.25507453083992004 0.0856371745467186 0.11329727619886398
v 0.2533225119113922 0.08440429717302322 0.10922911763191223
v 0.25137507915496826 0.08326895534992218 0.10524703562259674
v 0.24924224615097046 0.08223595470190048 0.10136181116104126
v 0.246934175491333 0.08130964636802673 0.09758420288562775
v 0.24450789391994476 0.08242727071046829 0.09367073327302933
v 0.24455484747886658 0.08435029536485672 0.0935940146446228
v 0.2418808490037918 0.08185196667909622 0.09010723233222961
v 0.23906223475933075 0.07921025902032852 0.087004654109478
v 0.24183325469493866 0.07979390025138855 0.09039485454559326
v 0.2444610446691513 0.08049433678388596 0.09392496198415756
v 0.2361157238483429 0.07649973034858704 0.0843987837433815
v 0.23901568353176117 0.07706661522388458 0.08757986128330231
v 0.24178582429885864 0.07776042073965073 0.09091495722532272
v 0.2444143444299698 0.07857934385538101 0.0943930596113205
v 0.24688968062400818 0.07952110469341278 0.09800318628549576
v 0.24920111894607544 0.08058144897222519 0.10173431038856506
v 0.25130167603492737 0.08027608692646027 0.10607415437698364
v 0.25325900316238403 0.0817020982503891 0.10995479673147202
v 0.25502172112464905 0.08323868364095688 0.11392487585544586
v 0.2565801441669464 0.08487807214260101 0.11797323822975159
v 0.25792479515075684 0.08661199361085892 0.12208870053291321
v 0.2590462267398834 0.08843217045068741 0.12626007199287415
v 0.2599349319934845 0.0903303399682045 0.130476176738739
v 0.23305848240852356 0.0738120898604393 0.08235383033752441
v 0.23607204854488373 0.07433255016803741 0.0852951630949974
v 0.23896941542625427 0.07499165087938309 0.08840422332286835
v 0.2417386919260025 0.07578717917203903 0.09166984260082245
v 0.24436792731285095 0.07671696692705154 0.09508082270622253
v 0.24684542417526245 0.07777827978134155 0.09862598776817322
v 0.24916024506092072 0.0789664015173912 0.10229416191577911
v 0.2486051321029663 0.06359080225229263 0.12346400320529938
v 0.248658686876297 0.06462933868169785 0.12028161436319351
v 0.2487180382013321 0.06586747616529465 0.11716859042644501
v 0.24878259003162384 0.06732580065727234 0.11414790898561478
v 0.24885167181491852 0.06903032958507538 0.11125174164772034
v 0.2489245980978012 0.07101322710514069 0.10852722823619843
v 0.24900078773498535 0.07331164926290512 0.10604514181613922
v 0.2441868931055069 0.07022852450609207 0.0995708778500557
v 0.2466728389263153 0.07169050723314285 0.10274720191955566
v 0.24410037696361542 0.06759996712207794 0.10250815004110336
v 0.24659039080142975 0.06922007352113724 0.10545945912599564
v 0.2440175712108612 0.06533494591712952 0.10572105646133423
v 0.24651144444942474 0.06709005683660507 0.10843170434236526
v 0.24393916130065918 0.06338968873023987 0.1091289222240448
v 0.2464367002248764 0.06525994092226028 0.11158793419599533
v 0.24386589229106903 0.06172662600874901 0.11267813295125961
v 0.24636682868003845 0.0636947900056839 0.1148776113986969
v 0.24379847943782806 0.06031560152769089 0.11633214354515076
v 0.24630258977413177 0.06236643344163895 0.11826622486114502
v 0.24373766779899597 0.05913272500038147 0.12006485462188721
v 0.2462446242570877 0.06125258281826973 0.12172916531562805
v 0.24368421733379364 0.05815934017300606 0.12385707348585129
v 0.2515822649002075 0.06648029386997223 0.12859410047531128
v 0.246150404214859 0.059602536261081696 0.12880969047546387
v 0.24155479669570923 0.06893229484558105 0.09652721881866455
v 0.2414669394493103 0.06616024672985077 0.09968389570713043
v 0.24138283729553223 0.06377293169498444 0.10312975943088531
v 0.2413031905889511 0.061723437160253525 0.1067800298333168
v 0.24122875928878784 0.059971775859594345 0.11057848483324051
v 0.2411602884531021 0.058485906571149826 0.11448675394058228
v 0.2410985380411148 0.05724053457379341 0.11847750097513199
v 0.24104425311088562 0.05621587857604027 0.12253059446811676
v 0.24099814891815186 0.0553966760635376 0.12663058936595917
v 0.2382424920797348 0.05365629866719246 0.12562362849712372
v 0.23538582026958466 0.052165936678647995 0.12467750906944275
v 0.23828773200511932 0.054512105882167816 0.12127422541379929
v 0.23542852699756622 0.053054049611091614 0.12009338289499283
v 0.23834103345870972 0.05558261275291443 0.11697349697351456
v 0.23547884821891785 0.05416491627693176 0.11555925756692886
v 0.2384016513824463 0.056883830577135086 0.11273743957281113
v 0.23553606867790222 0.05551517382264137 0.11109160631895065
v 0.23846885561943054 0.05843648314476013 0.10858696699142456
v 0.23559951782226562 0.057126376777887344 0.10671190917491913
v 0.23854193091392517 0.060267165303230286 0.10455045104026794
v 0.23566848039627075 0.059026192873716354 0.10244935750961304
v 0.2386201024055481 0.062409576028585434 0.10066773742437363
v 0.23574227094650269 0.06124982610344887 0.09834495186805725
v 0.2387026846408844 0.06490594148635864 0.09699727594852448
v 0.2358202338218689 0.06384151428937912 0.09445887804031372
v 0.238788902759552 0.067806176841259 0.09362728893756866
v 0.2359016388654709 0.06685400754213333 0.09088212996721268
v 0.24093352258205414 0.05433061346411705 0.13492420315742493
v 0.24357520043849945 0.05636797100305557 0.1354573667049408
v 0.243638813495636 0.05738101527094841 0.1276940554380417
v 0.24619366228580475 0.06033577769994736 0.1252482831478119
v 0.23535138368606567 0.051487721502780914 0.12929850816726685
v 0.23820601403713226 0.053002770990133286 0.13000890612602234
v 0.23532593250274658 0.05101020261645317 0.13394558429718018
v 0.2381790578365326 0.05254266411066055 0.1344195455312729
v 0.23815661668777466 0.05217856541275978 0.1432809978723526
v 0.2273549884557724 0.118802510201931 0.13800126314163208
v 0.22735802829265594 0.11890427768230438 0.1432809978723526
v 0.23078200221061707 0.11799860745668411 0.1432809978723526
v 0.2273549884557724 0.118802510201931 0.14856074750423431
v 0.23077793419361115 0.11789903789758682 0.14837640523910522
v 0.2272886335849762 0.11628732830286026 0.11705787479877472
v 0.2273125797510147 0.117246113717556 0.12224776297807693
v 0.2124885469675064 0.12179553508758545 0.1374700367450714
v 0.22012662887573242 0.11661280691623688 0.11005900800228119
v 0.21255400776863098 0.11803199350833893 0.10869657248258591
v 0.22012899816036224 0.11784124374389648 0.11551067978143692
v 0.22719278931617737 0.1118980348110199 0.10186868160963058
v 0.22368627786636353 0.1105656698346138 0.09551341831684113
v 0.2201177179813385 0.1112590879201889 0.09419242292642593
v 0.21643882989883423 0.11197463423013687 0.09305299818515778
v 0.2126276046037674 0.11276420950889587 0.09208966791629791
v 0.20881304144859314 0.10532066226005554 0.07573968172073364
v 0.2087736874818802 0.10851232707500458 0.08067692071199417
v 0.20873600244522095 0.1112445592880249 0.08588892966508865
v 0.20870032906532288 0.11358579993247986 0.09129197150468826
v 0.20467057824134827 0.11440522223711014 0.09064944833517075
v 0.204634428024292 0.11634022742509842 0.09627704322338104
v 0.2088332325220108 0.10352535545825958 0.07341380417346954
v 0.21271809935569763 0.10429786145687103 0.07690674066543579
v 0.21647204458713531 0.10669536143541336 0.08293189853429794
v 0.22011424601078033 0.10881664603948593 0.08916755765676498
v 0.2049049586057663 0.09599912166595459 0.06437560170888901
v 0.20488207042217255 0.09844372421503067 0.06604592502117157
v 0.20889542996883392 0.09718449413776398 0.06733649969100952
v 0.20887447893619537 0.09947086125612259 0.06917400658130646
v 0.21276742219924927 0.09833908826112747 0.07058318704366684
v 0.21275076270103455 0.10048257559537888 0.07253766804933548
v 0.21650831401348114 0.09952782094478607 0.07407297939062119
v 0.21649901568889618 0.10153074562549591 0.0761074423789978
v 0.22010481357574463 0.10080007463693619 0.07777690887451172
v 0.22010678052902222 0.10265615582466125 0.079865001142025
v 0.22361035645008087 0.10202477872371674 0.08167042583227158
v 0.22363686561584473 0.10531489551067352 0.08599924296140671
v 0.22706905007362366 0.10466871410608292 0.08783888071775436
v 0.2271127551794052 0.107459157705307 0.09231142699718475
v 0.23045308887958527 0.10677327960729599 0.09415684640407562
v 0.23050856590270996 0.10912276059389114 0.09866935759782791
v 0.233737051486969 0.10837829858064651 0.10048593580722809
v 0.233799010515213 0.11033711582422256 0.10496163368225098
v 0.23689644038677216 0.1095215231180191 0.10671190917491913
v 0.20492801070213318 0.09334912896156311 0.0630444586277008
v 0.2089165449142456 0.09470931440591812 0.06575834006071091
v 0.21278423070907593 0.09602430462837219 0.0688369944691658
v 0.21651770174503326 0.09736690670251846 0.07220687717199326
v 0.22010281682014465 0.09879843145608902 0.07582873851060867
v 0.2235967516899109 0.10018335282802582 0.07966841757297516
v 0.2270234227180481 0.10142121464014053 0.08368590474128723
v 0.23039449751377106 0.10403411835432053 0.08986908942461014
v 0.23367075622081757 0.10608553141355515 0.09617134183645248
v 0.23682746291160583 0.1076216995716095 0.10244935750961304
v 0.2398427128791809 0.10868675261735916 0.10858696699142456
v 0.20485937595367432 0.10068928450345993 0.06797240674495697
v 0.20885373651981354 0.10158008337020874 0.07121472805738449
v 0.21273431181907654 0.10246482491493225 0.07465608417987823
v 0.21648988127708435 0.10338589549064636 0.07827860862016678
v 0.22011059522628784 0.10597030073404312 0.0843607634305954
v 0.22366224229335785 0.10814114660024643 0.09064501523971558
v 0.22715412080287933 0.10985264182090759 0.09700878709554672
v 0.23056042194366455 0.11113016307353973 0.10334444791078568
v 0.23651014268398285 0.0963057279586792 0.08775642514228821
v 0.23345202207565308 0.09670203924179077 0.0849873423576355
v 0.2334134727716446 0.09470227360725403 0.08356750756502151
v 0.23023778200149536 0.09509475529193878 0.08088979125022888
v 0.2302052080631256 0.09290171414613724 0.07959140837192535
v 0.22692789137363434 0.09330436587333679 0.0770190954208374
v 0.22690340876579285 0.09092176705598831 0.07588964700698853
v 0.22354064881801605 0.09134741872549057 0.07343463599681854
v 0.22352634370326996 0.08878978341817856 0.07252868264913559
v 0.22009466588497162 0.08924571424722672 0.07020384818315506
v 0.22009257972240448 0.0865236297249794 0.06958766281604767
v 0.21655604243278503 0.08711942285299301 0.06741376966238022
v 0.21656571328639984 0.08426563441753387 0.06717915087938309
v 0.21284392476081848 0.08660392463207245 0.06525752693414688
v 0.20460116863250732 0.117983378469944 0.10199905931949615
v 0.2044827789068222 0.1229003295302391 0.1492370367050171
v 0.20447994768619537 0.12299798429012299 0.1432809978723526
v 0.19616715610027313 0.12382140755653381 0.1432809978723526
v 0.19616979360580444 0.12373214960098267 0.137246236205101
v 0.1876150369644165 0.12403973937034607 0.13116797804832458
v 0.22013260424137115 0.11957865208387375 0.1265496015548706
v 0.22013099491596222 0.11882545799016953 0.1210118755698204
v 0.2125179022550583 0.12021355330944061 0.12011328339576721
v 0.21253447234630585 0.11924267560243607 0.11438214033842087
v 0.2045448124408722 0.12050140649080276 0.11363769322633743
v 0.2045711725950241 0.11936327815055847 0.10779174417257309
v 0.19625230133533478 0.12049542367458344 0.10728029906749725
v 0.19628030061721802 0.11923062056303024 0.10138314217329025
v 0.18768712878227234 0.12021223455667496 0.10115151107311249
v 0.2005126178264618 0.11705732345581055 0.09585145860910416
v 0.17888402938842773 0.12274640053510666 0.1131591647863388
v 0.17887988686561584 0.12342990934848785 0.11915989965200424
v 0.18763557076454163 0.12305502593517303 0.11909185349941254
v 0.1876237541437149 0.12363236397504807 0.1251227855682373
v 0.1961899697780609 0.12301205098628998 0.12519878149032593
v 0.19617751240730286 0.12346330285072327 0.13121692836284637
v 0.2044910490512848 0.12260617315769196 0.13137543201446533
v 0.2044827789068222 0.1229003295302391 0.1373249739408493
v 0.20852448046207428 0.1224827915430069 0.1432809978723526
v 0.2085270881652832 0.12238159775733948 0.14917351305484772
v 0.17887656390666962 0.12395234405994415 0.12517698109149933
v 0.22013454139232635 0.12042666226625443 0.13769303262233734
v 0.21249467134475708 0.12148243933916092 0.13166648149490356
v 0.20450438559055328 0.12211267650127411 0.1254391372203827
v 0.19620679318904877 0.12237284332513809 0.11919815838336945
v 0.18765021860599518 0.12230025976896286 0.1130811795592308
v 0.17888888716697693 0.12189185619354248 0.1071806475520134
v 0.17887409031391144 0.12432081252336502 0.13120557367801666
v 0.1876077502965927 0.12436284869909286 0.1432809978723526
v 0.19616979360580444 0.12373214960098267 0.14931577444076538
v 0.1789005845785141 0.11961064487695694 0.09532247483730316
v 0.1700441837310791 0.11993759125471115 0.09567771852016449
v 0.17889443039894104 0.1208527460694313 0.10123178362846375
v 0.16137929260730743 0.11853047460317612 0.09053876250982285
v 0.17003142833709717 0.11857124418020248 0.08984413743019104
v 0.1744462549686432 0.11675352603197098 0.08383366465568542
v 0.17444200813770294 0.11478351056575775 0.07814642786979675
v 0.17892193794250488 0.11436183005571365 0.07800566405057907
v 0.17443756759166718 0.11243549734354019 0.07260444760322571
v 0.17892982065677643 0.11192935705184937 0.07248450070619583
v 0.1744353026151657 0.11108550429344177 0.06991396844387054
v 0.1699487417936325 0.10444581508636475 0.06047562509775162
v 0.16995683312416077 0.10653296858072281 0.0626298189163208
v 0.1744282990694046 0.10605664551258087 0.062434371560811996
v 0.17443065345287323 0.10792744904756546 0.06479217857122421
v 0.17894211411476135 0.10728342086076736 0.06473443657159805
v 0.17893797159194946 0.10899440199136734 0.06721708178520203
v 0.1834157556295395 0.10821901261806488 0.06728117913007736
v 0.18340589106082916 0.10981305688619614 0.06984276324510574
v 0.18782690167427063 0.10894923657178879 0.07002105563879013
v 0.18781255185604095 0.11045552045106888 0.07263462245464325
v 0.1921698898077011 0.10953918844461441 0.07292413711547852
v 0.18778462707996368 0.11309725046157837 0.07806325703859329
v 0.19213499128818512 0.11229696869850159 0.07828263193368912
v 0.18775787949562073 0.11533104628324509 0.08367906510829926
v 0.19210156798362732 0.11463536322116852 0.08384567499160767
v 0.1877325475215912 0.11723014712333679 0.0894216001033783
v 0.1920699179172516 0.11662697792053223 0.08954816311597824
v 0.18770888447761536 0.11884520202875137 0.09525380283594131
v 0.192040354013443 0.11832282692193985 0.09534972161054611
v 0.20481465756893158 0.10464897006750107 0.07237152755260468
v 0.2048368752002716 0.1027522012591362 0.0700959861278534
v 0.2007146179676056 0.10394909977912903 0.06917335093021393
v 0.20073707401752472 0.1019408330321312 0.06697145849466324
v 0.19652125239372253 0.10318061709403992 0.06616425514221191
v 0.19654244184494019 0.10103987902402878 0.0640728697180748
v 0.19224295020103455 0.10228634625673294 0.06337954103946686
v 0.19226166605949402 0.0999767854809761 0.06145777180790901
v 0.18788601458072662 0.10118822008371353 0.06088301166892052
v 0.1878935545682907 0.09996005892753601 0.06000853702425957
v 0.18345104157924652 0.10106950998306274 0.059596315026283264
v 0.183456152677536 0.0997883602976799 0.05879830941557884
v 0.17895479500293732 0.10075297951698303 0.05855737254023552
v 0.17895692586898804 0.09941047430038452 0.05786854401230812
v 0.17442232370376587 0.10018749535083771 0.05781032517552376
v 0.17442113161087036 0.09878399968147278 0.057272788137197495
v 0.16993246972560883 0.09934674203395844 0.0574088916182518
v 0.1699283868074417 0.09789090603590012 0.05706504359841347
v 0.2005486786365509 0.11519818753004074 0.09015161544084549
v 0.2047092467546463 0.11214017122983932 0.08515013009309769
v 0.20058728754520416 0.11301978677511215 0.08457046747207642
v 0.20475010573863983 0.10949353128671646 0.07982972264289856
v 0.20062804222106934 0.11047066003084183 0.0791553184390068
v 0.20479276776313782 0.10639557242393494 0.07476764172315598
v 0.20067061483860016 0.10747995227575302 0.07398088276386261
v 0.20069247484207153 0.10578949004411697 0.07152017205953598
v 0.19647952914237976 0.10690831393003464 0.07085069268941879
v 0.1965002715587616 0.10512907803058624 0.06843868643045425
v 0.19220596551895142 0.10625531524419785 0.06788384914398193
v 0.19222435355186462 0.10436899960041046 0.06554387509822845
v 0.18785616755485535 0.10547126084566116 0.06510338187217712
v 0.1878710240125656 0.10344704240560532 0.0628744512796402
v 0.18343578279018402 0.10448607802391052 0.06255217641592026
v 0.18344594538211823 0.10227701812982559 0.06050102412700653
v 0.17895053327083588 0.10320506244897842 0.060308124870061874
v 0.1789526641368866 0.1020173504948616 0.05937892571091652
v 0.17442472279071808 0.10276555269956589 0.05935359746217728
v 0.17442353069782257 0.10151686519384384 0.0585147999227047
v 0.16994062066078186 0.10205670446157455 0.05866840481758118
v 0.16993655264377594 0.10073961317539215 0.057954274117946625
v 0.16994468867778778 0.10329147428274155 0.059517767280340195
v 0.17442592978477478 0.10393530130386353 0.06030064448714256
v 0.17894631624221802 0.10536754131317139 0.062407270073890686
v 0.18342570960521698 0.10645390301942825 0.06483587622642517
v 0.18784144520759583 0.10729563981294632 0.06750071793794632
v 0.19218780100345612 0.10797145962715149 0.07035399973392487
v 0.196459099650383 0.10853824764490128 0.07336963713169098
v 0.19641928374767303 0.1114138588309288 0.07864312827587128
v 0.19638115167617798 0.11385870724916458 0.08413923531770706
v 0.19634506106376648 0.11594460904598236 0.08978801220655441
v 0.1963113248348236 0.11772283911705017 0.09554564207792282
v 0.20075972378253937 0.09974485635757446 0.06495985388755798
v 0.20078256726264954 0.09733995050191879 0.06320038437843323
v 0.19656382501125336 0.09868086129426956 0.06222900375723839
v 0.19657455384731293 0.09741276502609253 0.06142858788371086
v 0.19227108359336853 0.09872809797525406 0.06061837449669838
v 0.19228051602840424 0.09741359204053879 0.059882838279008865
v 0.1879010796546936 0.09866189956665039 0.059239499270915985
v 0.18790864944458008 0.09729311615228653 0.058598119765520096
v 0.1834612786769867 0.09843246638774872 0.05813078209757805
v 0.18346640467643738 0.09700841456651688 0.05762311443686485
v 0.17895907163619995 0.09799639135599136 0.05734366551041603
v 0.17896120250225067 0.09652310609817505 0.05701325461268425
v 0.17441992461681366 0.09731899946928024 0.05693407729268074
v 0.17441871762275696 0.09582123160362244 0.05681668967008591
v 0.1699242889881134 0.09640151262283325 0.05694582685828209
v 0.1699202060699463 0.0949121043086052 0.05706504359841347
v 0.16996483504772186 0.1083671897649765 0.0650048702955246
v 0.17443299293518066 0.10959190875291824 0.06730036437511444
v 0.17893385887145996 0.11053430289030075 0.06981007009744644
v 0.18339619040489197 0.11126099526882172 0.07249133288860321
v 0.18337726593017578 0.11379282921552658 0.07797445356845856
v 0.18335914611816406 0.11592776328325272 0.08362866938114166
v 0.18334199488162994 0.11773952096700668 0.0893978476524353
v 0.18332594633102417 0.11927835643291473 0.0952480211853981
v 0.22013379633426666 0.12011009454727173 0.13211309909820557
v 0.2125045359134674 0.12095721811056137 0.12587802112102509
v 0.20452243089675903 0.12141387909650803 0.11952367424964905
v 0.19622769951820374 0.12153773754835129 0.11322236061096191
v 0.18766748905181885 0.12135744839906693 0.10709801316261292
v 0.22990812361240387 0.07123938202857971 0.08088979125022888
v 0.23301956057548523 0.0716819018125534 0.08356750756502151
v 0.23602870106697083 0.07227584719657898 0.08642566204071045
v 0.23892350494861603 0.0730186253786087 0.08945295959711075
v 0.24169191718101501 0.07390763610601425 0.09263813495635986
v 0.24432189762592316 0.07494022697210312 0.09596990793943405
v 0.24680154025554657 0.0761132687330246 0.09943699091672897
v 0.24907954037189484 0.07596087455749512 0.10391443222761154
v 0.2512294352054596 0.07751856744289398 0.10752959549427032
v 0.25319650769233704 0.07920731604099274 0.1112462654709816
v 0.2549697458744049 0.08102033287286758 0.115053191781044
v 0.25653892755508423 0.08294869214296341 0.11893908679485321
v 0.2578940689563751 0.08498290181159973 0.12289267033338547
v 0.22668229043483734 0.06885050237178802 0.08000193536281586
v 0.2298758625984192 0.06918401271104813 0.08239874988794327
v 0.23298102617263794 0.06968212872743607 0.0849873423576355
v 0.23598580062389374 0.07034216821193695 0.08775642514228821
v 0.2388780564069748 0.07116112112998962 0.09069471806287766
v 0.24164561927318573 0.07213595509529114 0.09379095584154129
v 0.24427630007266998 0.07326359301805496 0.09703384339809418
v 0.2467580884695053 0.07454047352075577 0.10041209310293198
v 0.25686877965927124 0.09834019094705582 0.12175115197896957
v 0.25533655285835266 0.09703043103218079 0.11655808985233307
v 0.25357648730278015 0.09503855556249619 0.1112462654709816
v 0.2515964210033417 0.09230168908834457 0.10607415437698364
v 0.24944865703582764 0.09051104635000229 0.10173431038856506
v 0.24711306393146515 0.08848793804645538 0.09758420288562775
v 0.24460181593894958 0.08627331256866455 0.09367073327302933
v 0.24192854762077332 0.08390407264232635 0.0900188758969307
v 0.23910896480083466 0.08138635009527206 0.08668068796396255
v 0.23615966737270355 0.07874485105276108 0.08376510441303253
v 0.23309773206710815 0.07606153190135956 0.08138272166252136
v 0.22994069755077362 0.07343242317438126 0.07959140837192535
v 0.2267063558101654 0.07095063477754593 0.0784037709236145
v 0.22341223061084747 0.06868427246809006 0.07780817151069641
v 0.25711527466773987 0.10495703667402267 0.1432809978723526
v 0.25710514187812805 0.10476504266262054 0.1391323357820511
v 0.25707653164863586 0.10417966544628143 0.13501809537410736
v 0.25703203678131104 0.103171207010746 0.13098043203353882
v 0.25697433948516846 0.10168434679508209 0.12708117067813873
v 0.25551867485046387 0.10257086157798767 0.1245073676109314
v 0.25547710061073303 0.10148255527019501 0.12234176695346832
v 0.2538064122200012 0.102237768471241 0.11953400075435638
v 0.2537529170513153 0.10081372410058975 0.117180235683918
v 0.2518726587295532 0.10143057256937027 0.11417123675346375
v 0.2518073618412018 0.09960626065731049 0.1117008626461029
v 0.24972517788410187 0.10007926821708679 0.10852722823619843
v 0.24964900314807892 0.09778084605932236 0.10604514181613922
v 0.24737438559532166 0.09810706228017807 0.10274720191955566
v 0.24728915095329285 0.09525711089372635 0.10041209310293198
v 0.24483340978622437 0.09543698281049728 0.09703384339809418
v 0.24478784203529358 0.09376034885644913 0.09596990793943405
v 0.24216517806053162 0.09390050917863846 0.09263813495635986
v 0.24211840331554413 0.09202095866203308 0.09166984260082245
v 0.23934213817119598 0.0921315848827362 0.08840422332286835
v 0.23929588496685028 0.09005661308765411 0.08757986128330231
v 0.23638023436069489 0.09014816582202911 0.0843987837433815
v 0.23633629083633423 0.08790304511785507 0.08376510441303253
v 0.23329584300518036 0.0879850685596466 0.08068697154521942
v 0.23325622081756592 0.08559520542621613 0.08028063923120499
v 0.2301061749458313 0.08567455410957336 0.07732820510864258
v 0.23007294535636902 0.08316706120967865 0.07717981189489365
v 0.22682926058769226 0.08324994891881943 0.07438761740922928
v 0.2268044799566269 0.08064459264278412 0.07455486804246902
v 0.22348318994045258 0.08074517548084259 0.07197117060422897
v 0.2234688401222229 0.07809378951787949 0.07252868264913559
v 0.22008638083934784 0.07823903858661652 0.07020384818315506
v 0.2200842946767807 0.07562803477048874 0.07118864357471466
v 0.2538563907146454 0.1034572646021843 0.12199179083108902
v 0.2519344985485077 0.10299956798553467 0.11679965257644653
v 0.24979811906814575 0.1020621582865715 0.11125174164772034
v 0.2474568486213684 0.10057750344276428 0.10545945912599564
v 0.24492284655570984 0.09847205132246017 0.0995708778500557
v 0.2422114610671997 0.09567219018936157 0.09379095584154129
v 0.23938806354999542 0.09410460293292999 0.08945295959711075
v 0.23642389476299286 0.09231534600257874 0.0852951630949974
v 0.23333531618118286 0.09032264351844788 0.08138272166252136
v 0.2301393449306488 0.08815968036651611 0.07778100669384003
v 0.22685404121875763 0.08585530519485474 0.07455486804246902
v 0.22349758446216583 0.08344179391860962 0.07178331166505814
v 0.2200884371995926 0.08096112310886383 0.06958766281604767
v 0.2472456991672516 0.09368430078029633 0.09943699091672897
v 0.2472018152475357 0.09201928973197937 0.09862598776817322
v 0.2447417825460434 0.0919836163520813 0.09508082270622253
v 0.24469536542892456 0.09012123942375183 0.0943930596113205
v 0.242071270942688 0.09004772454500198 0.09091495722532272
v 0.24202384054660797 0.08801423758268356 0.09039485454559326
v 0.2392493337392807 0.08791296929121017 0.087004654109478
v 0.2392026036977768 0.08573687821626663 0.08668068796396255
v 0.23629216849803925 0.08561626821756363 0.0834016427397728
v 0.2362479865550995 0.08332394808530807 0.08328617364168167
v 0.2332165241241455 0.08319208770990372 0.08014948666095734
v 0.2331768125295639 0.0807889774441719 0.08028063923120499
v 0.23003973066806793 0.08065958321094513 0.07732820510864258
v 0.23000657558441162 0.07817445695400238 0.07778100669384003
v 0.2267797589302063 0.07807224243879318 0.07505800575017929
v 0.22675514221191406 0.07557813078165054 0.07588964700698853
v 0.2234545201063156 0.07553616911172867 0.07343463599681854
v 0.22344030439853668 0.07310335338115692 0.07464804500341415
v 0.22008225321769714 0.07315630465745926 0.07248946279287338
v 0.22008022665977478 0.07084206491708755 0.07405196130275726
v 0.22007621824741364 0.06668467819690704 0.07777690887451172
v 0.22339841723442078 0.06670022755861282 0.07966841757297516
v 0.22665853798389435 0.06689507514238358 0.08177279680967331
v 0.22984400391578674 0.06726794689893723 0.08407885581254959
v 0.23294295370578766 0.067815862596035 0.08657537400722504
v 0.22007820010185242 0.06868632882833481 0.07582873851060867
v 0.2234261929988861 0.07081795483827591 0.07612074166536331
v 0.22673064470291138 0.07319553196430206 0.0770190954208374
v 0.22997353971004486 0.07575378566980362 0.07854267209768295
v 0.23313720524311066 0.07839911431074142 0.08068697154521942
v 0.23620377480983734 0.08103162795305252 0.0834016427397728
v 0.23915578424930573 0.08356162160634995 0.08657945692539215
v 0.24197624623775482 0.08595617860555649 0.09010723233222961
v 0.24464869499206543 0.08820623904466629 0.09392496198415756
v 0.24715755879878998 0.09027647227048874 0.09800318628549576
v 0.22969280183315277 0.059560857713222504 0.09415684640407562
v 0.22975140810012817 0.06230001896619797 0.08986908942461014
v 0.23283229768276215 0.06297142803668976 0.0920792818069458
v 0.21657055616378784 0.08283387869596481 0.06723842024803162
v 0.22009050846099854 0.08374237269163132 0.0693773627281189
v 0.21835735440254211 0.08113360404968262 0.0684741958975792
v 0.23646724224090576 0.09437204897403717 0.08642566204071045
v 0.23337455093860626 0.09257208555936813 0.08235383033752441
v 0.23017238080501556 0.09058035165071487 0.07854267209768295
v 0.22687877714633942 0.08842765539884567 0.07505800575017929
v 0.22351199388504028 0.08613841235637665 0.07197117060422897
v 0.2128610908985138 0.0836845263838768 0.06525752693414688
v 0.21474479138851166 0.08178482204675674 0.06640634685754776
v 0.21657538414001465 0.08141186088323593 0.06741376966238022
v 0.214751735329628 0.08037038892507553 0.06670793890953064
v 0.21658022701740265 0.08000893890857697 0.06770085543394089
v 0.21475866436958313 0.07898540049791336 0.067118339240551
v 0.21658504009246826 0.0786328911781311 0.068092942237854
v 0.21476557850837708 0.07763642817735672 0.06762867420911789
v 0.21286967396736145 0.08223708719015121 0.06545186787843704
v 0.21287822723388672 0.08081337064504623 0.0657682940363884
v 0.21288679540157318 0.079421766102314 0.06619732081890106
v 0.21289531886577606 0.07806885242462158 0.06672875583171844
v 0.21838313341140747 0.06677142530679703 0.07691434770822525
v 0.21837039291858673 0.07326146960258484 0.0714932233095169
v 0.21837466955184937 0.07093820720911026 0.07310130447149277
v 0.21660424768924713 0.07349033653736115 0.07055284082889557
v 0.2166137397289276 0.07116436213254929 0.07220687717199326
v 0.21478620171546936 0.07383037358522415 0.06966765969991684
v 0.21479983627796173 0.07150748372077942 0.0713677853345871
v 0.21836607158184052 0.07574739307165146 0.07014735788106918
v 0.21659468114376068 0.0759841650724411 0.06916118413209915
v 0.2147793471813202 0.07505710422992706 0.06891211867332458
v 0.21292078495025635 0.07426413893699646 0.0688369944691658
v 0.2129376232624054 0.07194937020540237 0.07058318704366684
v 0.2183617204427719 0.07838026434183121 0.0691213607788086
v 0.21658986806869507 0.07729026675224304 0.06858249008655548
v 0.21477247774600983 0.07632635533809662 0.06822965294122696
v 0.21291233599185944 0.0754886046051979 0.06805802136659622
v 0.21101251244544983 0.07477422058582306 0.06806015968322754
v 0.21098341047763824 0.07857115566730499 0.06588239967823029
v 0.21097365021705627 0.07992593944072723 0.0653296709060669
v 0.20901252329349518 0.08188217133283615 0.06404820829629898
v 0.2090018391609192 0.08331887423992157 0.06370161473751068
v 0.20500901341438293 0.08311649411916733 0.06253954768180847
v 0.23290541768074036 0.06607960909605026 0.08830280601978302
v 0.22978170216083527 0.06383338570594788 0.08783695846796036
v 0.2298126071691513 0.06548671424388885 0.08590038120746613
v 0.22661209106445312 0.06339356303215027 0.08571450412273407
v 0.22663511335849762 0.06507868319749832 0.08368590474128723
v 0.2233714461326599 0.06315133720636368 0.08378729224205017
v 0.223384827375412 0.0648588091135025 0.08167042583227158
v 0.22007232904434204 0.06310844421386719 0.08206618577241898
v 0.22007426619529724 0.06482859700918198 0.079865001142025
v 0.2183913290500641 0.06319095194339752 0.08128616213798523
v 0.21838726103305817 0.06491287797689438 0.0790443867444992
v 0.2166505604982376 0.06342732906341553 0.08055989444255829
v 0.21664154529571533 0.06514538824558258 0.07827860862016678
v 0.21485267579555511 0.0638023391366005 0.07988610118627548
v 0.22658948600292206 0.06183118000626564 0.08783888071775436
v 0.22335831820964813 0.06156868487596512 0.08599924296140671
v 0.22007043659687042 0.06151445582509041 0.0843607634305954
v 0.21839532256126404 0.06159554794430733 0.08362012356519699
v 0.21665936708450317 0.06183591112494469 0.08293189853429794
v 0.21486535668373108 0.06221980229020119 0.08229479193687439
v 0.2166680097579956 0.06036124750971794 0.08537822961807251
v 0.21667644381523132 0.05899481847882271 0.08788692206144333
v 0.21839921176433563 0.0601169690489769 0.08602965623140335
v 0.21840302646160126 0.0587468147277832 0.0885026603937149
v 0.22006858885288239 0.06003708764910698 0.08673197031021118
v 0.22006677091121674 0.0586681067943573 0.08916755765676498
v 0.21307741105556488 0.05752423778176308 0.09208966791629791
v 0.21491305530071259 0.05697212740778923 0.09254997223615646
v 0.21669261157512665 0.05655663087964058 0.09305299818515778
v 0.21841032803058624 0.05630197376012802 0.09360004961490631
v 0.22006329894065857 0.056225672364234924 0.09419242292642593
v 0.223332941532135 0.05874243006110191 0.09064501523971558
v 0.23238830268383026 0.04973931610584259 0.13350452482700348
v 0.2323741316795349 0.04944632947444916 0.13838861882686615
v 0.22936797142028809 0.04843509942293167 0.13818560540676117
v 0.22936390340328217 0.048335522413253784 0.1432809978723526
v 0.22630052268505096 0.047595616430044174 0.1432809978723526
v 0.22936797142028809 0.04843509942293167 0.14837640523910522
v 0.22630354762077332 0.04769738391041756 0.14856074750423431
v 0.2293798327445984 0.0487358532845974 0.1534634679555893
v 0.22631238400936127 0.0480046272277832 0.15383215248584747
v 0.2293989509344101 0.049241483211517334 0.1585334837436676
v 0.22632665932178497 0.048520997166633606 0.15908655524253845
v 0.2294248342514038 0.04995931312441826 0.16357678174972534
v 0.226345956325531 0.04925378039479256 0.16431424021720886
v 0.22945694625377655 0.050898924469947815 0.16858220100402832
v 0.22636990249156952 0.050212569534778595 0.16950412094593048
v 0.22949478030204773 0.052073728293180466 0.1735362857580185
v 0.22639811038970947 0.05141087993979454 0.17464274168014526
v 0.22953778505325317 0.0535011850297451 0.17842209339141846
v 0.22643019258975983 0.052866313606500626 0.1797131597995758
v 0.22958548367023468 0.05520397424697876 0.18321755528450012
v 0.22646576166152954 0.05460185930132866 0.1846933215856552
v 0.22963732481002808 0.05721137300133705 0.18789266049861908
v 0.2265044003725052 0.056647248566150665 0.18955323100090027
v 0.22969280183315277 0.059560857713222504 0.19240516424179077
v 0.2265457808971405 0.05904073640704155 0.19425058364868164
v 0.22975140810012817 0.06230001896619797 0.19669292867183685
v 0.22658948600292206 0.06183118000626564 0.19872312247753143
v 0.22661209106445312 0.06339356303215027 0.20084750652313232
v 0.2233714461326599 0.06315133720636368 0.20277471840381622
v 0.223384827375412 0.0648588091135025 0.20489157736301422
v 0.23244206607341766 0.050931669771671295 0.12379659712314606
v 0.23241116106510162 0.050232015550136566 0.12863729894161224
v 0.2293989509344101 0.049241483211517334 0.1280285269021988
v 0.2293798327445984 0.0487358532845974 0.1330985426902771
v 0.22631238400936127 0.0480046272277832 0.13272985816001892
v 0.22630354762077332 0.04769738391041756 0.13800126314163208
v 0.2231922447681427 0.04723772406578064 0.13783670961856842
v 0.22319047152996063 0.0471341647207737 0.1432809978723526
v 0.2231922447681427 0.04723772406578064 0.14872530102729797
v 0.22319737076759338 0.04755022004246712 0.15416134893894196
v 0.22320565581321716 0.04807516932487488 0.15958061814308167
v 0.22321686148643494 0.048819709569215775 0.16497348248958588
v 0.22323077917099 0.04979333654046059 0.17032897472381592
v 0.22324715554714203 0.05100950226187706 0.17563378810882568
v 0.22326578199863434 0.05248579382896423 0.18087118864059448
v 0.2232864499092102 0.054245274513959885 0.18601936101913452
v 0.22330890595912933 0.05631791055202484 0.19104859232902527
v 0.23276227712631226 0.06029864773154259 0.09617134183645248
v 0.23269599676132202 0.05800587311387062 0.10048593580722809
v 0.22963732481002808 0.05721137300133705 0.09866935759782791
v 0.22958548367023468 0.05520397424697876 0.10334444791078568
v 0.22646576166152954 0.05460185930132866 0.10186868160963058
v 0.22643019258975983 0.052866313606500626 0.10684885084629059
v 0.22326578199863434 0.05248579382896423 0.10569081455469131
v 0.22324715554714203 0.05100950226187706 0.11092822998762131
v 0.22005440294742584 0.05087194964289665 0.11005900800228119
v 0.22005204856395721 0.04964350908994675 0.11551067978143692
v 0.2184291034936905 0.05093972384929657 0.10967199504375458
v 0.21843409538269043 0.049708291888237 0.11518953740596771
v 0.232634037733078 0.05604705587029457 0.10496163368225098
v 0.22953778505325317 0.0535011850297451 0.10813991725444794
v 0.22639811038970947 0.05141087993979454 0.11191926896572113
v 0.22323077917099 0.04979333654046059 0.11623303592205048
v 0.22005002200603485 0.04865929111838341 0.1210118755698204
v 0.2184383124113083 0.048721279948949814 0.12075581401586533
v 0.21674515306949615 0.049978289753198624 0.11489496380090714
v 0.2167545109987259 0.04899287968873978 0.12052115797996521
v 0.21498845517635345 0.05043339729309082 0.11462611705064774
v 0.213187113404274 0.050074897706508636 0.12011328339576721
v 0.21317054331302643 0.051045775413513184 0.11438214033842087
v 0.23257705569267273 0.054385751485824585 0.1095566377043724
v 0.23252564668655396 0.05299337953329086 0.11424119770526886
v 0.22949478030204773 0.052073728293180466 0.1130257323384285
v 0.22945694625377655 0.050898924469947815 0.11797980964183807
v 0.22636990249156952 0.050212569534778595 0.11705787479877472
v 0.226345956325531 0.04925378039479256 0.12224776297807693
v 0.22321686148643494 0.048819709569215775 0.12158852815628052
v 0.22320565581321716 0.04807516932487488 0.12698139250278473
v 0.2200484275817871 0.04790610447525978 0.1265496015548706
v 0.2200472205877304 0.047374654561281204 0.13211309909820557
v 0.21844172477722168 0.0479656420648098 0.1263580173254013
v 0.21844424307346344 0.04743226245045662 0.1319856196641922
v 0.21676205098628998 0.04823826625943184 0.12618258595466614
v 0.21676762402057648 0.047705452889204025 0.13186891376972198
v 0.2132103592157364 0.04880600795149803 0.13166648149490356
v 0.21321646869182587 0.0484929122030735 0.1374700367450714
v 0.20943385362625122 0.05014728382229805 0.13738849759101868
v 0.20943647623062134 0.050046078860759735 0.1432809978723526
v 0.20546862483024597 0.0520671121776104 0.1432809978723526
v 0.20943385362625122 0.05014728382229805 0.14917351305484772
v 0.20546577870845795 0.05216476693749428 0.1492370367050171
v 0.20942623913288116 0.050452135503292084 0.1550590544939041
v 0.20545750856399536 0.05245891585946083 0.15518657863140106
v 0.20941391587257385 0.05096352472901344 0.16093038022518158
v 0.20544417202472687 0.052952419966459274 0.1611228734254837
v 0.20939728617668152 0.051687587052583694 0.16677935421466827
v 0.2054261416196823 0.05365121737122536 0.16703833639621735
v 0.20937663316726685 0.052632886916399 0.17259667813777924
v 0.20540374517440796 0.05456368252635002 0.17292430996894836
v 0.2093522995710373 0.05381173640489578 0.17837104201316833
v 0.20537737011909485 0.05570181459188461 0.1787702739238739
v 0.2093246430158615 0.05524057522416115 0.18408825993537903
v 0.20534738898277283 0.057081710547208786 0.18456295132637024
v 0.20929397642612457 0.05694134533405304 0.1897297352552414
v 0.20531414449214935 0.058724865317344666 0.19028496742248535
v 0.20926062762737274 0.05894308164715767 0.19527003169059753
v 0.20527799427509308 0.06065987050533295 0.19591255486011505
v 0.20922495424747467 0.06128431484103203 0.20067307353019714
v 0.23248045146465302 0.05184771493077278 0.11899344623088837
v 0.2294248342514038 0.04995931312441826 0.12298523634672165
v 0.22632665932178497 0.048520997166633606 0.12747545540332794
v 0.22319737076759338 0.04755022004246712 0.13240064680576324
v 0.2200464904308319 0.047058094292879105 0.13769303262233734
v 0.2184457927942276 0.04711443558335304 0.13762934505939484
v 0.21677106618881226 0.04738789424300194 0.1375710666179657
v 0.2132185697555542 0.04838898777961731 0.1432809978723526
v 0.21321646869182587 0.0484929122030735 0.14909197390079498
v 0.2132103592157364 0.04880600795149803 0.15489551424980164
v 0.21320047974586487 0.04933123290538788 0.1606839895248413
v 0.213187113404274 0.050074897706508636 0.16644872725009918
v 0.21317054331302643 0.051045775413513184 0.17217986285686493
v 0.2131510078907013 0.05225645378232002 0.17786544561386108
v 0.21312880516052246 0.053723711520433426 0.18349038064479828
v 0.21310418844223022 0.05546983703970909 0.18903496861457825
v 0.21307741105556488 0.05752423778176308 0.19447234272956848
v 0.2130487710237503 0.05992567911744118 0.1997644007205963
v 0.20090942084789276 0.08170562237501144 0.062441956251859665
v 0.20502056181430817 0.08171597123146057 0.0630444586277008
v 0.2050320953130722 0.08036528527736664 0.06366125494241714
v 0.207038015127182 0.081082783639431 0.06375345587730408
v 0.20704923570156097 0.07972930371761322 0.06434900313615799
v 0.20902317762374878 0.08048304915428162 0.064515121281147
v 0.19670389592647552 0.08061081171035767 0.06311473250389099
v 0.20092089474201202 0.08042026311159134 0.06320038437843323
v 0.2009323388338089 0.07919064909219742 0.06404365599155426
v 0.20299634337425232 0.0797339603304863 0.06376227736473083
v 0.20300790667533875 0.07849477231502533 0.06458341330289841
v 0.20504358410835266 0.07906597852706909 0.06437560170888901
v 0.20505505800247192 0.07781817018985748 0.06517412513494492
v 0.20707157254219055 0.07716939598321915 0.06581638008356094
v 0.20905499160289764 0.0765581727027893 0.06651072204113007
v 0.20708268880844116 0.07596343755722046 0.06666530668735504
v 0.20710477232933044 0.07369615882635117 0.06854770332574844
v 0.2050664871931076 0.07662136852741241 0.06604592502117157
v 0.20508919656276703 0.07437581568956375 0.06797240674495697
v 0.2030194252729416 0.07730825245380402 0.06547766178846359
v 0.20304231345653534 0.07508660852909088 0.06744728237390518
v 0.2009437382221222 0.07801535725593567 0.06495985388755798
v 0.19239380955696106 0.08089734613895416 0.06337954103946686
v 0.19671455025672913 0.0794600397348404 0.0640728697180748
v 0.21285250782966614 0.08514422178268433 0.06519151479005814
v 0.2089804857969284 0.08626443892717361 0.06341469287872314
v 0.2089911550283432 0.08478420227766037 0.06348764896392822
v 0.2049858719110489 0.08603756129741669 0.061928894370794296
v 0.2049974501132965 0.08456020802259445 0.0621626116335392
v 0.20087483525276184 0.0858905166387558 0.060834478586912155
v 0.20088639855384827 0.084444560110569 0.0612412728369236
v 0.19666090607643127 0.08580668270587921 0.06015230715274811
v 0.19667169451713562 0.08441650122404099 0.06073019281029701
v 0.19235624372959137 0.08577009290456772 0.059882838279008865
v 0.19236567616462708 0.08445558696985245 0.06061837449669838
v 0.18796925246715546 0.08576388657093048 0.06000853702425957
v 0.18797676265239716 0.08453572541475296 0.06088301166892052
v 0.18350742757320404 0.08575934171676636 0.06050102412700653
v 0.20096638798713684 0.07581938058137894 0.06697145849466324
v 0.19673575460910797 0.07731930166482925 0.06616425514221191
v 0.1924123764038086 0.07881467789411545 0.06554387509822845
v 0.18800662457942963 0.08025268465280533 0.06510338187217712
v 0.192430779337883 0.07692836970090866 0.06788384914398193
v 0.1967567354440689 0.07537084817886353 0.06843868643045425
v 0.19677746295928955 0.07359160482883453 0.07085069268941879
v 0.20098884403705597 0.0738111063838005 0.06917335093021393
v 0.20101100206375122 0.07197072356939316 0.07152017205953598
v 0.20511168241500854 0.07231289148330688 0.0700959861278534
v 0.20513390004634857 0.07041612267494202 0.07237152755260468
v 0.207126647233963 0.07160881906747818 0.07063033431768417
v 0.20912770926952362 0.06900352239608765 0.07341380417346954
v 0.20910722017288208 0.07094879448413849 0.07121472805738449
v 0.21106955409049988 0.06837829202413559 0.07400938868522644
v 0.21105076372623444 0.0703437328338623 0.07185016572475433
v 0.21297071874141693 0.067823626101017 0.07465608417987823
v 0.21295426785945892 0.06980587542057037 0.07253766804933548
v 0.21482662856578827 0.06735781580209732 0.07535506039857864
v 0.21481330692768097 0.06935279816389084 0.0732782706618309
v 0.2166323959827423 0.06700053066015244 0.0761074423789978
v 0.21662311255931854 0.06900345534086227 0.07407297939062119
v 0.2183789312839508 0.06877674907445908 0.07492279261350632
v 0.21298693120479584 0.06599058210849762 0.07690674066543579
v 0.20916777849197388 0.0655498281121254 0.07816685736179352
v 0.20914791524410248 0.06720821559429169 0.07573968172073364
v 0.20517733693122864 0.06705883890390396 0.07725964486598969
v 0.20515580475330353 0.06866952031850815 0.07476764172315598
v 0.2010328471660614 0.07028025388717651 0.07398088276386261
v 0.19683772325515747 0.06908605247735977 0.07864312827587128
v 0.20107541978359222 0.0672895535826683 0.0791553184390068
v 0.2051984667778015 0.06557156890630722 0.07982972264289856
v 0.20918726921081543 0.06401655077934265 0.08067692071199417
v 0.2011161893606186 0.06474042683839798 0.08457046747207642
v 0.20115478336811066 0.06256203353404999 0.09015161544084549
v 0.19687585532665253 0.06664121150970459 0.08413923531770706
v 0.19669318199157715 0.0818190649151802 0.06222900375723839
v 0.19238445162773132 0.08202189952135086 0.0623827762901783
v 0.18799176812171936 0.08227689564228058 0.0628744512796402
v 0.1835276484489441 0.0815824642777443 0.06483587622642517
v 0.2008979171514511 0.08304738253355026 0.06178343668580055
v 0.19668245315551758 0.08308715373277664 0.06142858788371086
v 0.1923750638961792 0.0832068994641304 0.06145777180790901
v 0.18798427283763885 0.0833747535943985 0.061843205243349075
v 0.18351757526397705 0.08355028182268143 0.06255217641592026
v 0.17898456752300262 0.08275318890810013 0.06473443657159805
v 0.2007940411567688 0.09605458378791809 0.062441956251859665
v 0.20080554485321045 0.09471283107995987 0.06178343668580055
v 0.19658531248569489 0.09608342498540878 0.06073019281029701
v 0.19659610092639923 0.09469324350357056 0.06015230715274811
v 0.19228996336460114 0.09603313356637955 0.05927161127328873
v 0.19229941070079803 0.09459332376718521 0.05880932882428169
v 0.18791621923446655 0.09586028009653091 0.05811154469847679
v 0.18792380392551422 0.09437503665685654 0.05780621990561485
v 0.18347153067588806 0.09552821516990662 0.057303983718156815
v 0.18347667157649994 0.09401817619800568 0.0571935810148716
v 0.17896334826946259 0.09501829743385315 0.05689883604645729
v 0.1789654791355133 0.09351350367069244 0.05701325461268425
v 0.17441752552986145 0.09432347118854523 0.05693407729268074
v 0.17441631853580475 0.0928584635257721 0.057272788137197495
v 0.16991612315177917 0.09345626831054688 0.0574088916182518
v 0.16991204023361206 0.09206339716911316 0.057954274117946625
v 0.2426283359527588 0.10783637315034866 0.11057848483324051
v 0.23976965248584747 0.10685607045888901 0.10455045104026794
v 0.2367536723613739 0.10539806634187698 0.09834495186805725
v 0.23360075056552887 0.10341274738311768 0.0920792818069458
v 0.23033331334590912 0.10084742307662964 0.08590038120746613
v 0.22699999809265137 0.09960481524467468 0.08177279680967331
v 0.22358295321464539 0.09819930791854858 0.07780817151069641
v 0.22010080516338348 0.09664268046617508 0.07405196130275726
v 0.21652717888355255 0.0950409471988678 0.07055284082889557
v 0.21280118823051453 0.09353117644786835 0.0673523098230362
v 0.20893777906894684 0.09204582870006561 0.064515121281147
v 0.2049395591020584 0.09194859862327576 0.06253954768180847
v 0.2008170783519745 0.09331564605236053 0.0612412728369236
v 0.20082862675189972 0.09186969697475433 0.060834478586912155
v 0.19660687446594238 0.09324884414672852 0.05971684679389
v 0.19661767780780792 0.09176090359687805 0.05944494530558586
v 0.19230888783931732 0.09310534596443176 0.05851989611983299
v 0.1923183649778366 0.09159184247255325 0.0584200881421566
v 0.1879313886165619 0.09286197274923325 0.057700738310813904
v 0.18793897330760956 0.09134890139102936 0.05780621990561485
v 0.183481827378273 0.09250814467668533 0.057303983718156815
v 0.1834869533777237 0.09102795273065567 0.05762311443686485
v 0.17896761000156403 0.09204021096229553 0.05734366551041603
v 0.17896975576877594 0.09062612801790237 0.05786854401230812
v 0.17441511154174805 0.09145496040582657 0.05781032517552376
v 0.17441391944885254 0.09012559056282043 0.0585147999227047
v 0.16990797221660614 0.09074630588293076 0.05866840481758118
v 0.16990390419960022 0.08951155096292496 0.059517767280340195
v 0.2452438473701477 0.10697395354509354 0.11267813295125961
v 0.2425539195537567 0.10608470439910889 0.1067800298333168
v 0.23969146609306335 0.10471365600824356 0.10066773742437363
v 0.2366757094860077 0.10280638188123703 0.09445887804031372
v 0.23352763056755066 0.10030455887317657 0.08830280601978302
v 0.2303018867969513 0.09906619042158127 0.08407885581254959
v 0.22697623074054718 0.09764938801527023 0.08000193536281586
v 0.22356897592544556 0.09606562554836273 0.07612074166536331
v 0.22009877860546112 0.09432844072580338 0.07248946279287338
v 0.2165367603302002 0.09254711866378784 0.06916118413209915
v 0.2128182351589203 0.09086668491363525 0.06619732081890106
v 0.20894843339920044 0.09064670652151108 0.06404820829629898
v 0.20495112240314484 0.09050488471984863 0.0621626116335392
v 0.20084017515182495 0.0903850719332695 0.06058129668235779
v 0.19662851095199585 0.09024995565414429 0.05935137718915939
v 0.1923278421163559 0.09007833898067474 0.05851989611983299
v 0.18794655799865723 0.08986365795135498 0.05811154469847679
v 0.18349209427833557 0.08960388600826263 0.05813078209757805
v 0.17897188663482666 0.08928363025188446 0.05855737254023552
v 0.17441271245479584 0.08887691050767899 0.05935359746217728
v 0.1698998510837555 0.08835719525814056 0.06047562509775162
v 0.16988375782966614 0.0844358280301094 0.0650048702955246
v 0.16989175975322723 0.0862700417637825 0.0626298189163208
v 0.17440913617610931 0.085585817694664 0.062434371560811996
v 0.17441152036190033 0.08770716190338135 0.06030064448714256
v 0.1789761483669281 0.08683154731988907 0.060308124870061874
v 0.17897401750087738 0.08801925182342529 0.05937892571091652
v 0.18350231647491455 0.0869668498635292 0.059596315026283264
v 0.18349720537662506 0.08824799954891205 0.05879830941557884
v 0.18796169757843018 0.0870620384812355 0.059239499270915985
v 0.1879541426897049 0.08843082934617996 0.058598119765520096
v 0.19234678149223328 0.08715054392814636 0.05927161127328873
v 0.19233731925487518 0.0885903611779213 0.05880932882428169
v 0.19665013253688812 0.08725107461214066 0.05971684679389
v 0.1966392993927002 0.08873900771141052 0.05944494530558586
v 0.2008632868528366 0.08737513422966003 0.06058129668235779
v 0.20085173845291138 0.08888010680675507 0.06049439683556557
v 0.20497427880764008 0.08753254264593124 0.06184890866279602
v 0.20496270060539246 0.0890275314450264 0.061928894370794296
v 0.20896978676319122 0.08774467557668686 0.06348764896392822
v 0.20895911753177643 0.08921000361442566 0.06370161473751068
v 0.21283535659313202 0.08805136382579803 0.06545186787843704
v 0.17898036539554596 0.08466906100511551 0.062407270073890686
v 0.17440679669380188 0.08371500670909882 0.06479217857122421
v 0.169875830411911 0.08280867338180542 0.06752632558345795
v 0.17440445721149445 0.08205055445432663 0.06730036437511444
v 0.17898871004581451 0.08104220032691956 0.06721708178520203
v 0.18353761732578278 0.07981734722852707 0.06728117913007736
v 0.18802136182785034 0.07842830568552017 0.06750071793794632
v 0.21654638648033142 0.08989838510751724 0.068092942237854
v 0.22009672224521637 0.09185672551393509 0.07118864357471466
v 0.22355487942695618 0.09378023445606232 0.07464804500341415
v 0.2269521951675415 0.09554926306009293 0.0784037709236145
v 0.23027002811431885 0.09715012460947037 0.08239874988794327
v 0.23349009454250336 0.09856832027435303 0.08657537400722504
v 0.2365943044424057 0.09979388117790222 0.09088212996721268
v 0.23960889875888824 0.10221729427576065 0.09699727594852448
v 0.2424742728471756 0.10403521358966827 0.10312975943088531
v 0.24517057836055756 0.10531089454889297 0.1091289222240448
v 0.24768038094043732 0.10610277950763702 0.1148776113986969
v 0.15706071257591248 0.11286603659391403 0.07431560754776001
v 0.1612931191921234 0.11296028643846512 0.07369937002658844
v 0.16126200556755066 0.11028767377138138 0.06840872764587402
v 0.16558019816875458 0.1102181077003479 0.06789544969797134
v 0.1612461358308792 0.10871250182390213 0.06589491665363312
v 0.1655678153038025 0.10862015187740326 0.06537237763404846
v 0.16123013198375702 0.10693095624446869 0.06352238357067108
v 0.16555529832839966 0.10681512951850891 0.06299271434545517
v 0.1612139642238617 0.10489583760499954 0.061365965753793716
v 0.16554270684719086 0.1047561839222908 0.06083129718899727
v 0.16120585799217224 0.10376664996147156 0.06040562316775322
v 0.16553637385368347 0.10361512005329132 0.059869181364774704
v 0.1611977368593216 0.1025562509894371 0.05955328419804573
v 0.1655300259590149 0.10239289700984955 0.05901547893881798
v 0.16118958592414856 0.1012626364827156 0.05883610248565674
v 0.16552366316318512 0.1010875403881073 0.05829727649688721
v 0.16118142008781433 0.09989241510629654 0.0582880936563015
v 0.16551728546619415 0.09970559179782867 0.05774853751063347
v 0.1611732542514801 0.09845848381519318 0.05794248729944229
v 0.16551090776920319 0.09825997054576874 0.05740247294306755
v 0.16116508841514587 0.09699061512947083 0.057822637259960175
v 0.16550453007221222 0.09678039699792862 0.0572824664413929
v 0.16115690767765045 0.09552273154258728 0.05794248729944229
v 0.16549815237522125 0.0953008383512497 0.05740247294306755
v 0.16114875674247742 0.09408880025148392 0.0582880936563015
v 0.16549177467823029 0.09385521709918976 0.05774853751063347
v 0.1611405909061432 0.09271857887506485 0.05883610248565674
v 0.1654854118824005 0.09247326850891113 0.05829727649688721
v 0.16113243997097015 0.09142497181892395 0.05955328419804573
v 0.16547904908657074 0.09116791188716888 0.05901547893881798
v 0.1611243188381195 0.0902145653963089 0.06040562316775322
v 0.16547270119190216 0.08994568884372711 0.059869181364774704
v 0.16111619770526886 0.08908537775278091 0.061365965753793716
v 0.16546636819839478 0.08880462497472763 0.06083129718899727
v 0.16110005974769592 0.08705025911331177 0.06352238357067108
v 0.16545376181602478 0.08674567937850952 0.06299271434545517
v 0.16108404099941254 0.08526872098445892 0.06589491665363312
v 0.16544124484062195 0.08494065701961517 0.06537237763404846
v 0.16106818616390228 0.08369354903697968 0.06840872764587402
v 0.16542886197566986 0.08334270119667053 0.06789544969797134
v 0.1654045581817627 0.08062753826379776 0.07321012765169144
v 0.16986027359962463 0.08003762364387512 0.07284583896398544
v 0.16984522342681885 0.07775621116161346 0.07839114218950272
v 0.17439986765384674 0.07920695841312408 0.07260444760322571
v 0.17439544200897217 0.07685895264148712 0.07814642786979675
v 0.17899686098098755 0.07810725271701813 0.07248450070619583
v 0.1790047436952591 0.07567477971315384 0.07800566405057907
v 0.1835571825504303 0.07677536457777023 0.07249133288860321
v 0.18357610702514648 0.07424353063106537 0.07797445356845856
v 0.18805022537708282 0.07526841759681702 0.07263462245464325
v 0.1880781650543213 0.07262668758630753 0.07806325703859329
v 0.1924668699502945 0.0736444965004921 0.07292413711547852
v 0.1967979073524475 0.0719616711139679 0.07336963713169098
v 0.19691194593906403 0.06455531716346741 0.08978801220655441
v 0.1881302297115326 0.0684937909245491 0.0894216001033783
v 0.18810491263866425 0.0703928992152214 0.08367906510829926
v 0.18361136317253113 0.07029683887958527 0.0893978476524353
v 0.183594211935997 0.07210859656333923 0.08362866938114166
v 0.17901943624019623 0.07189608365297318 0.08946643769741058
v 0.17901229858398438 0.07362908124923706 0.08368375152349472
v 0.17438718676567078 0.07322270423173904 0.08961698412895203
v 0.17439119517803192 0.07488894462585449 0.08383366465568542
v 0.16981716454029083 0.07423177361488342 0.08984413743019104
v 0.1698307991027832 0.07584567368030548 0.08407284319400787
v 0.16535857319831848 0.07653132826089859 0.0844036266207695
v 0.1653810739517212 0.07839684933423996 0.07874186336994171
v 0.16103707253932953 0.08102092891931534 0.07369937002658844
v 0.15679818391799927 0.08389908075332642 0.0690671056509018
v 0.15681669116020203 0.08545627444982529 0.06657270342111588
v 0.1568353772163391 0.08721847087144852 0.06421813368797302
v 0.15685422718524933 0.0892326757311821 0.06207793205976486
v 0.15686370432376862 0.09035072475671768 0.06112486496567726
v 0.1568731963634491 0.09154944121837616 0.06027907505631447
v 0.15688270330429077 0.09283074736595154 0.059567540884017944
v 0.15689222514629364 0.09418801963329315 0.05902395397424698
v 0.1569017618894577 0.09560840576887131 0.05868121609091759
v 0.15691129863262177 0.09706241637468338 0.05856239050626755
v 0.15692083537578583 0.09851643443107605 0.05868121609091759
v 0.1569303572177887 0.09993681311607361 0.05902395397424698
v 0.15693987905979156 0.10129408538341522 0.059567540884017944
v 0.15694940090179443 0.10257538408041 0.06027907505631447
v 0.15695887804031372 0.10377410799264908 0.06112486496567726
v 0.15696834027767181 0.10489215701818466 0.06207793205976486
v 0.15698719024658203 0.10690636187791824 0.06421813368797302
v 0.15700587630271912 0.10866855829954147 0.06657270342111588
v 0.15702439844608307 0.11022575199604034 0.0690671056509018
v 0.15291176736354828 0.11266390979290009 0.0750609040260315
v 0.2265457808971405 0.05904073640704155 0.09231142699718475
v 0.2265044003725052 0.056647248566150665 0.09700878709554672
v 0.22330890595912933 0.05631791055202484 0.09551341831684113
v 0.2232864499092102 0.054245274513959885 0.10054264217615128
v 0.2200600653886795 0.05413661524653435 0.09937465935945511
v 0.22005710005760193 0.05236201733350754 0.10467322170734406
v 0.21841716766357422 0.05421026796102524 0.09885241091251373
v 0.21842344105243683 0.05243279039859772 0.10421928018331528
v 0.21670770645141602 0.05447039008140564 0.09837120771408081
v 0.21672159433364868 0.05269720032811165 0.10380177944898605
v 0.21493472158908844 0.05489867553114891 0.09792982786893845
v 0.2149546593427658 0.05313625931739807 0.10341960936784744
v 0.21310418844223022 0.05546983703970909 0.09752703458070755
v 0.21312880516052246 0.053723711520433426 0.10307163000106812
v 0.2093246430158615 0.05524057522416115 0.10247374325990677
v 0.2093522995710373 0.05381173640489578 0.10819096863269806
v 0.20537737011909485 0.05570181459188461 0.10779174417257309
v 0.20540374517440796 0.05456368252635002 0.11363769322633743
v 0.19702930748462677 0.058962177485227585 0.11322236061096191
v 0.19705019891262054 0.05812707543373108 0.11919815838336945
v 0.18822722136974335 0.06266890466213226 0.11909185349941254
v 0.20939728617668152 0.051687587052583694 0.11978265643119812
v 0.20941391587257385 0.05096352472901344 0.12563163042068481
v 0.20544417202472687 0.052952419966459274 0.1254391372203827
v 0.20545750856399536 0.05245891585946083 0.13137543201446533
v 0.19707949459552765 0.057036615908145905 0.13121692836284637
v 0.19708985090255737 0.05667851120233536 0.1432809978723526
v 0.19707949459552765 0.057036615908145905 0.15534508228302002
v 0.1970670372247696 0.05748787149786949 0.16136322915554047
v 0.19705019891262054 0.05812707543373108 0.16736385226249695
v 0.19702930748462677 0.058962177485227585 0.1733396351337433
v 0.19700469076633453 0.060004498809576035 0.17928171157836914
v 0.1969767063856125 0.061269305646419525 0.18517886102199554
v 0.21320047974586487 0.04933123290538788 0.12587802112102509
v 0.20942623913288116 0.050452135503292084 0.13150295615196228
v 0.20546577870845795 0.05216476693749428 0.1373249739408493
v 0.20929397642612457 0.05694134533405304 0.096832275390625
v 0.20534738898277283 0.057081710547208786 0.10199905931949615
v 0.19700469076633453 0.060004498809576035 0.10728029906749725
v 0.1882125586271286 0.06342367827892303 0.1130811795592308
v 0.183677077293396 0.06475361436605453 0.11910689622163773
v 0.18819530308246613 0.06436648964881897 0.10709801316261292
v 0.1969767063856125 0.061269305646419525 0.10138314217329025
v 0.20531414449214935 0.058724865317344666 0.09627704322338104
v 0.20926062762737274 0.05894308164715767 0.09129197150468826
v 0.21115876734256744 0.06056244671344757 0.08632136136293411
v 0.21112418174743652 0.06333111971616745 0.08116862177848816
v 0.21300287544727325 0.06429490447044373 0.07926353067159653
v 0.21483975648880005 0.06551142036914825 0.07756645977497101
v 0.1969456672668457 0.062777079641819 0.09554564207792282
v 0.18817566335201263 0.06551170349121094 0.10115151107311249
v 0.18815389275550842 0.06687873601913452 0.09525380283594131
v 0.18364214897155762 0.0674566924571991 0.10115718841552734
v 0.1836274117231369 0.06875800341367722 0.0952480211853981
v 0.17903225123882294 0.06918386369943619 0.10123178362846375
v 0.17902609705924988 0.07042595744132996 0.09532247483730316
v 0.17437997460365295 0.0706188827753067 0.10136634856462479
v 0.17438343167304993 0.07181079685688019 0.09546738117933273
v 0.16979268193244934 0.07171273231506348 0.10155629366636276
v 0.1698044091463089 0.07286542654037476 0.09567771852016449
v 0.1653173714876175 0.07362481206655502 0.09595593065023422
v 0.16533727943897247 0.07495689392089844 0.09015034884214401
v 0.16095088422298431 0.07545074075460434 0.09053876250982285
v 0.16097816824913025 0.07699605822563171 0.08482906222343445
v 0.15247149765491486 0.07592476159334183 0.09157481789588928
v 0.15250660479068756 0.07743421196937561 0.0859760269522667
v 0.14441369473934174 0.07591815292835236 0.09297745674848557
v 0.14445118606090546 0.0774117186665535 0.08753802627325058
v 0.13685227930545807 0.07564748078584671 0.09477187693119049
v 0.13688494265079498 0.0771346464753151 0.08953936398029327
v 0.12989301979541779 0.07680675387382507 0.09200432151556015
v 0.1266596019268036 0.07843683660030365 0.08867320418357849
v 0.1235661506652832 0.08044182509183884 0.08591466397047043
v 0.12051891535520554 0.0828990489244461 0.08383829891681671
v 0.11753378063440323 0.08435367047786713 0.08431486040353775
v 0.11462214589118958 0.08596568554639816 0.08522230386734009
v 0.11179763078689575 0.08771726489067078 0.08659835904836655
v 0.10907267034053802 0.08957837522029877 0.08849145472049713
v 0.18365545570850372 0.06636728346347809 0.10711022466421127
v 0.17903777956962585 0.06814474612474442 0.1071806475520134
v 0.17437686026096344 0.06962237507104874 0.10730129480361938
v 0.1697821021080017 0.07074951380491257 0.10746815800666809
v 0.12980550527572632 0.07082499563694 0.12253380566835403
v 0.13670077919960022 0.07037948071956635 0.1324084848165512
v 0.1367272585630417 0.0711352601647377 0.12155956029891968
v 0.14423967897891998 0.0706344023346901 0.1320144087076187
v 0.14427009224891663 0.0713920071721077 0.12077018618583679
v 0.1523086130619049 0.07058453559875488 0.1317048817873001
v 0.15233708918094635 0.07135052233934402 0.12015058845281601
v 0.1608242690563202 0.06997731328010559 0.13147209584712982
v 0.16084639728069305 0.07076311856508255 0.11968567222356796
v 0.1652384251356125 0.06937483698129654 0.1313820332288742
v 0.16525569558143616 0.07017671316862106 0.11950650811195374
v 0.16975383460521698 0.06850175559520721 0.1313081979751587
v 0.169764906167984 0.06932556629180908 0.11936035007238388
v 0.17436854541301727 0.06729523837566376 0.13124965131282806
v 0.17437179386615753 0.06814843416213989 0.11924532055854797
v 0.17905257642269135 0.06571578979492188 0.13120557367801666
v 0.17904679477214813 0.06660670042037964 0.11915989965200424
v 0.18369099497795105 0.06381823122501373 0.1311773955821991
v 0.18824777007102966 0.061684198677539825 0.13116797804832458
v 0.1970670372247696 0.05748787149786949 0.12519878149032593
v 0.2054261416196823 0.05365121737122536 0.11952367424964905
v 0.20937663316726685 0.052632886916399 0.11396534740924835
v 0.2131510078907013 0.05225645378232002 0.10869657248258591
v 0.21497264504432678 0.05165531858801842 0.10899177193641663
v 0.2167341262102127 0.051207371056079865 0.10931657999753952
v 0.1528717428445816 0.11004804074764252 0.06987155228853226
v 0.14878690242767334 0.10823722183704376 0.06839492917060852
v 0.1447974592447281 0.1061602309346199 0.06729529798030853
v 0.1409139633178711 0.103797048330307 0.06666508316993713
v 0.1371574103832245 0.10227233171463013 0.06738536804914474
v 0.13352665305137634 0.10066302120685577 0.06842803955078125
v 0.1300334483385086 0.09899958223104477 0.06981007754802704
v 0.1266964226961136 0.09732621163129807 0.07154415547847748
v 0.12351738661527634 0.09569386392831802 0.07363243401050568
v 0.11743438988924026 0.09390076249837875 0.07872448861598969
v 0.11172845214605331 0.09248839318752289 0.0845387801527977
v 0.10904310643672943 0.09144764393568039 0.08778785169124603
v 0.2608456015586853 0.092320017516613 0.1483776867389679
v 0.2559330463409424 0.06377961486577988 0.13479280471801758
v 0.25603824853897095 0.06396094709634781 0.13452672958374023
v 0.2801246643066406 0.049105044454336166 0.13452675938606262
v 0.25756487250328064 0.066841259598732 0.13159377872943878
v 0.2576884627342224 0.06709755212068558 0.13141478598117828
v 0.2819807827472687 0.05211438983678818 0.13141493499279022
v 0.2593387961387634 0.07095520943403244 0.1297081559896469
v 0.25941839814186096 0.07116566598415375 0.12965866923332214
v 0.28427502512931824 0.055834174156188965 0.1296587735414505
v 0.2608790099620819 0.07560046762228012 0.1294388622045517
v 0.2609257698059082 0.07576470822095871 0.12945891916751862
v 0.2867453694343567 0.05983943119645119 0.12945887446403503
v 0.2543969750404358 0.06134067848324776 0.1434725672006607
v 0.2785009443759918 0.04647243767976761 0.1432809978723526
v 0.2544122040271759 0.06136304512619972 0.144169420003891
v 0.2786061763763428 0.046643033623695374 0.14563602209091187
v 0.25449618697166443 0.061487168073654175 0.14550171792507172
v 0.2548663914203644 0.06204712390899658 0.14807072281837463
v 0.2548374831676483 0.06200266629457474 0.1479233056306839
v 0.2789188325405121 0.047149933874607086 0.1479233056306839
v 0.25464874505996704 0.06171542406082153 0.14680303633213043
v 0.25450870394706726 0.06150572746992111 0.14563603699207306
v 0.2794298827648163 0.04797855392098427 0.15007703006267548
v 0.2553592920303345 0.06282465904951096 0.15007703006267548
v 0.2553156316280365 0.06275425851345062 0.14992660284042358
v 0.2550055980682373 0.062262922525405884 0.1487211436033249
v 0.25567373633384705 0.06334106624126434 0.15106116235256195
v 0.2801246643066406 0.049105044454336166 0.15203525125980377
v 0.25603824853897095 0.06396092474460602 0.15203525125980377
v 0.2567565143108368 0.06525473296642303 0.15360116958618164
v 0.25630372762680054 0.06442753970623016 0.15266092121601105
v 0.28098323941230774 0.05049699917435646 0.15374162793159485
v 0.2560739815235138 0.06402299553155899 0.15212321281433105
v 0.2819807827472687 0.05211438983678818 0.15514706075191498
v 0.2572268843650818 0.06615963578224182 0.1544398069381714
v 0.25683048367500305 0.0653938576579094 0.15374168753623962
v 0.25856515765190125 0.06903659552335739 0.15621130168437958
v 0.2584671080112457 0.06880834698677063 0.15610982477664948
v 0.28308865427970886 0.053910668939352036 0.15621113777160645
v 0.25797560811042786 0.06770848482847214 0.15553490817546844
v 0.2577092945575714 0.06714116036891937 0.15517666935920715
v 0.2589481472969055 0.06995900720357895 0.1565650850534439
v 0.28427502512931824 0.055834174156188965 0.1569032371044159
v 0.2594159245491028 0.07115907967090607 0.15690185129642487
v 0.2596459686756134 0.07178246229887009 0.15702641010284424
v 0.2855057418346405 0.057829562574625015 0.15720345079898834
v 0.260091096162796 0.07305976003408432 0.15718220174312592
v 0.26092568039894104 0.07576444000005722 0.15710312128067017
v 0.2608967125415802 0.07566244900226593 0.15711580216884613
v 0.2867453694343567 0.05983943119645119 0.15710313618183136
v 0.2605080008506775 0.07435392588376999 0.15721160173416138
v 0.2602137625217438 0.07342991232872009 0.15720348060131073
v 0.2610630989074707 0.07625745236873627 0.15703120827674866
v 0.2879582643508911 0.06180596351623535 0.15660518407821655
v 0.261412113904953 0.07758499681949615 0.15674962103366852
v 0.262050598859787 0.08036183565855026 0.1557239294052124
v 0.2620069086551666 0.08015445619821548 0.1558224856853485
v 0.28910955786705017 0.06367257982492447 0.1557239294052124
v 0.26172587275505066 0.07888554781675339 0.15634602308273315
v 0.2615397870540619 0.07810075581073761 0.15660503506660461
v 0.2621302008628845 0.08074720948934555 0.15553048253059387
v 0.29016607999801636 0.06538558751344681 0.15448470413684845
v 0.26236531138420105 0.08194723725318909 0.15483644604682922
v 0.26278549432754517 0.08435750007629395 0.15292342007160187
v 0.2627461552619934 0.084116131067276 0.1531538963317871
v 0.291097491979599 0.06689570099115372 0.15292318165302277
v 0.26256927847862244 0.08307152986526489 0.15404310822486877
v 0.2624623775482178 0.08247203379869461 0.15448498725891113
v 0.2628430426120758 0.08471667021512985 0.1525602787733078
v 0.29187697172164917 0.06815948337316513 0.15108424425125122
v 0.26298069953918457 0.08560550212860107 0.15153847634792328
v 0.2632124722003937 0.08719304203987122 0.14902126789093018
v 0.2631922662258148 0.08704957365989685 0.14930623769760132
v 0.29248207807540894 0.06914056837558746 0.14902085065841675
v 0.263096421957016 0.08638355880975723 0.1504526287317276
v 0.26303234696388245 0.08594934642314911 0.15108513832092285
v 0.2632489800453186 0.0874553695321083 0.14845159649848938
v 0.2928954064846039 0.06981073319911957 0.14679232239723206
v 0.263310968875885 0.0879172682762146 0.14722269773483276
v 0.26337796449661255 0.08848559111356735 0.14446280896663666
v 0.2633761763572693 0.08846738934516907 0.14464226365089417
v 0.2931050956249237 0.0701507031917572 0.14446277916431427
v 0.2633751332759857 0.08845704793930054 0.14473436772823334
v 0.2633654773235321 0.08836571872234344 0.1453787088394165
v 0.26333269476890564 0.08808773010969162 0.14664694666862488
v 0.26332762837409973 0.0880473181605339 0.1467924267053604
v 0.26337960362434387 0.08850204199552536 0.14427322149276733
v 0.29313144087791443 0.07019343972206116 0.1432809978723526
v 0.2633829116821289 0.08853798359632492 0.14299112558364868
v 0.2633823752403259 0.08853167295455933 0.1427890509366989
v 0.2931050956249237 0.0701507031917572 0.14209923148155212
v 0.26337796449661255 0.08848556876182556 0.14209896326065063
v 0.2633104622364044 0.08791343122720718 0.13932736217975616
v 0.26332759857177734 0.08804719150066376 0.13976909220218658
v 0.2928954064846039 0.06981073319911957 0.13976968824863434
v 0.26335278153419495 0.08825404196977615 0.14059916138648987
v 0.2633708715438843 0.0884157046675682 0.1415066421031952
v 0.2632482349872589 0.08745010197162628 0.13809823989868164
v 0.29248207807540894 0.06914056837558746 0.13754115998744965
v 0.2632124423980713 0.08719279617071152 0.13754026591777802
v 0.2630150616168976 0.0858335942029953 0.1353200078010559
v 0.26303237676620483 0.08594965934753418 0.13547730445861816
v 0.29187697172164917 0.06815948337316513 0.13547776639461517
v 0.2631268799304962 0.08659280091524124 0.136443093419075
v 0.263166218996048 0.08686630427837372 0.13691402971744537
v 0.2628830075263977 0.08497070521116257 0.13427454233169556
v 0.291097491979599 0.06689570099115372 0.13363882899284363
v 0.2627854347229004 0.0843571126461029 0.13363821804523468
v 0.29016607999801636 0.06538558751344681 0.13207730650901794
v 0.2626599073410034 0.08359826356172562 0.13294671475887299
v 0.2627283036708832 0.08400758355855942 0.1333077847957611
v 0.28910955786705017 0.06367257982492447 0.130838081240654
v 0.2622464597225189 0.08132875710725784 0.1313498467206955
v 0.26246675848960876 0.08249614387750626 0.13209392130374908
v 0.26186603307724 0.07950495183467865 0.13045485317707062
v 0.2619958817958832 0.08010261505842209 0.130715474486351
v 0.2620505690574646 0.08036182075738907 0.130838081240654
v 0.2879582643508911 0.06180596351623535 0.12995682656764984
v 0.26123911142349243 0.07691262662410736 0.12965363264083862
v 0.2615397274494171 0.07810045033693314 0.12995688617229462
v 0.2615676820278168 0.07821575552225113 0.12999194860458374
v 0.2855057418346405 0.057829562574625015 0.12935855984687805
v 0.25979191064834595 0.07219040393829346 0.12947165966033936
v 0.2602235972881317 0.0734599381685257 0.1293572634458542
v 0.2606324851512909 0.07476141303777695 0.12936687469482422
v 0.28308865427970886 0.053910668939352036 0.13035087287425995
v 0.2580512464046478 0.06787319481372833 0.13093139231204987
v 0.2585379183292389 0.06897285580635071 0.13037846982479095
v 0.2590208649635315 0.07014003396034241 0.1299375295639038
v 0.28098323941230774 0.05049699917435646 0.13282038271427155
v 0.256356805562973 0.06452235579490662 0.13378319144248962
v 0.25680965185165405 0.06535457819700241 0.1328595131635666
v 0.25728654861450195 0.06627797335386276 0.1320246309041977
v 0.2547909617424011 0.061931390315294266 0.13888691365718842
v 0.2548374831676483 0.06200266629457474 0.1386387050151825
v 0.2789188325405121 0.047149933874607086 0.1386387050151825
v 0.2550506293773651 0.062333349138498306 0.1376478374004364
v 0.2794298827648163 0.04797855392098427 0.13648498058319092
v 0.2553669214248657 0.06283698230981827 0.136459082365036
v 0.25573569536209106 0.06344478577375412 0.13532426953315735
v 0.2786061763763428 0.046643033623695374 0.14092597365379333
v 0.25451838970184326 0.061520155519247055 0.14082683622837067
v 0.2546844482421875 0.06176936998963356 0.13952013850212097
v 0.2543962299823761 0.06133958697319031 0.1432809978723526
v 0.2544223368167877 0.06137794256210327 0.14214539527893066
v 0.25450870394706726 0.06150572746992111 0.14092597365379333
v 0.2858161926269531 0.05833293870091438 0.1432809978723526
v 0.2530929446220398 0.06212353706359863 0.14077697694301605
v 0.2532566785812378 0.0623796321451664 0.1394457221031189
v 0.25399288535118103 0.06212868541479111 0.13949908316135406
v 0.2627390921115875 0.08777860552072525 0.1485329568386078
v 0.2540982663631439 0.062292326241731644 0.13886308670043945
v 0.2543550431728363 0.06269770115613937 0.13761962950229645
v 0.2546676695346832 0.06320441514253616 0.13642822206020355
v 0.255031943321228 0.06381431221961975 0.1352924108505249
v 0.25522682070732117 0.06414961814880371 0.13476097583770752
v 0.25683844089508057 0.06719798594713211 0.13156604766845703
v 0.25656330585479736 0.06663906574249268 0.13199642300605774
v 0.25609228014945984 0.06572119146585464 0.1328299343585968
v 0.25564512610435486 0.06489183008670807 0.13375216722488403
v 0.2586020827293396 0.07126833498477936 0.1296701729297638
v 0.2582840919494629 0.07046248763799667 0.1299036741256714
v 0.2578029930591583 0.06930851191282272 0.13034871220588684
v 0.25731998682022095 0.06822044402360916 0.13090352714061737
v 0.26016533374786377 0.0758691132068634 0.1293627917766571
v 0.25991174578666687 0.07503622770309448 0.12929891049861908
v 0.259494423866272 0.07374628633260727 0.12930111587047577
v 0.25905752182006836 0.07248974591493607 0.12942564487457275
v 0.2605389952659607 0.07717383652925491 0.12956468760967255
v 0.26134058833122253 0.08035887032747269 0.13059869408607483
v 0.2612011432647705 0.07976064085960388 0.1303425282239914
v 0.2608838975429535 0.07847260683774948 0.12989065051078796
v 0.2616124451160431 0.08158845454454422 0.13122574985027313
v 0.2618546783924103 0.08276192098855972 0.13196580111980438
v 0.2620698809623718 0.08387234061956406 0.13281823694705963
v 0.2621467113494873 0.08428537845611572 0.13318026065826416
v 0.2623216211795807 0.0852586179971695 0.13415199518203735
v 0.2624719440937042 0.08613219857215881 0.13520601391792297
v 0.2625996470451355 0.08690215647220612 0.1363409012556076
v 0.26264458894729614 0.08717986941337585 0.13681741058826447
v 0.2628093361854553 0.08824480324983597 0.13926281034946442
v 0.26273825764656067 0.08777324110269547 0.1380167305469513
v 0.26285824179649353 0.08859174698591232 0.14055345952510834
v 0.2628796100616455 0.08875641971826553 0.14147543907165527
v 0.26098671555519104 0.09233596175909042 0.14105357229709625
v 0.26101553440093994 0.0924716591835022 0.1426616758108139
v 0.2610170841217041 0.09247895330190659 0.1429159790277481
v 0.26100829243659973 0.092437244951725 0.14452895522117615
v 0.2628938555717468 0.08887448906898499 0.1427800953388214
v 0.26289457082748413 0.08888090401887894 0.14298583567142487
v 0.2628903388977051 0.08884432911872864 0.14429107308387756
v 0.2609997093677521 0.09239675104618073 0.1449916660785675
v 0.26099711656570435 0.09238462150096893 0.1451069712638855
v 0.2609739601612091 0.09227684885263443 0.1459120810031891
v 0.2628348767757416 0.08842231333255768 0.14670297503471375
v 0.26287317276000977 0.08870550990104675 0.14541520178318024
v 0.26288482546806335 0.08879852294921875 0.14476019144058228
v 0.262886106967926 0.0888090506196022 0.14466650784015656
v 0.2628099322319031 0.08824870735406876 0.14728708565235138
v 0.26267436146736145 0.08736604452133179 0.14939865469932556
v 0.26256486773490906 0.08668982237577438 0.15055856108665466
v 0.2624327540397644 0.08590112626552582 0.1516551524400711
v 0.2622762620449066 0.08500172197818756 0.15268456935882568
v 0.262166827917099 0.08439496904611588 0.1532810628414154
v 0.26196858286857605 0.0833413228392601 0.1541719138622284
v 0.2617427110671997 0.08220981806516647 0.15496309101581573
v 0.2614858150482178 0.08100489526987076 0.15565143525600433
v 0.2613524794578552 0.08041079342365265 0.15593960881233215
v 0.26105159521102905 0.07914140075445175 0.1564532369375229
v 0.26072007417678833 0.0778435617685318 0.15684504806995392
v 0.2603558301925659 0.07652202248573303 0.15711373090744019
v 0.2601836025714874 0.07593068480491638 0.15719248354434967
v 0.2597842812538147 0.07463212311267853 0.1572757512331009
v 0.2593599557876587 0.07335004210472107 0.15723496675491333
v 0.25891050696372986 0.07208626717329025 0.15706954896450043
v 0.2586793899536133 0.07146988064050674 0.1569410115480423
v 0.25821149349212646 0.07028353214263916 0.15659816563129425
v 0.257732629776001 0.0691457986831665 0.15613918006420135
v 0.2572450339794159 0.0680573508143425 0.1555626392364502
v 0.25698137283325195 0.06749531626701355 0.15520429611206055
v 0.2565043568611145 0.0665215477347374 0.15446817874908447
v 0.2560397684574127 0.06562180072069168 0.15363094210624695
v 0.25559279322624207 0.06479719281196594 0.15269207954406738
v 0.2553659677505493 0.064393050968647 0.1521548628807068
v 0.2549707591533661 0.06371035426855087 0.15109297633171082
v 0.2609005272388458 0.09194536507129669 0.14748932421207428
v 0.260854035615921 0.09174157679080963 0.14820337295532227
v 0.26072490215301514 0.09119119495153427 0.1497262865304947
v 0.26060888171195984 0.09071113914251328 0.15078602731227875
v 0.26041510701179504 0.0899292379617691 0.15220940113067627
v 0.2601844370365143 0.08902295678853989 0.15356002748012543
v 0.25991523265838623 0.08799386024475098 0.15483303368091583
v 0.25972965359687805 0.08730104565620422 0.1555732935667038
v 0.25939908623695374 0.08609925210475922 0.15668292343616486
v 0.2590309977531433 0.08480916917324066 0.15767346322536469
v 0.2586227059364319 0.08343411237001419 0.15853986144065857
v 0.25841474533081055 0.0827554240822792 0.1589042842388153
v 0.2579546570777893 0.08130358159542084 0.15955762565135956
v 0.2574608027935028 0.0798158273100853 0.16006089746952057
v 0.2569319009780884 0.07829733192920685 0.16041205823421478
v 0.256686270236969 0.07761652767658234 0.1605175882577896
v 0.25612661242485046 0.07611845433712006 0.16063737869262695
v 0.2555452287197113 0.07463539391756058 0.16060194373130798
v 0.2549426257610321 0.07316935807466507 0.1604098528623581
v 0.25463753938674927 0.0724528506398201 0.16025614738464355
v 0.2540287673473358 0.07107093930244446 0.15984012186527252
v 0.2534169852733612 0.06974223256111145 0.1592775285243988
v 0.25280454754829407 0.06846782565116882 0.15856647491455078
v 0.25247740745544434 0.06780846416950226 0.1581232249736786
v 0.25189208984375 0.06666392087936401 0.15721070766448975
v 0.25132954120635986 0.06560389697551727 0.1561708003282547
v 0.2507946491241455 0.06463029235601425 0.1550031155347824
v 0.25052547454833984 0.06415237486362457 0.15433451533317566
v 0.2500598132610321 0.06334396451711655 0.15301252901554108
v 0.24964651465415955 0.06264524906873703 0.1515980362892151
v 0.24929094314575195 0.06205781176686287 0.15009275078773499
v 0.24974435567855835 0.06221755966544151 0.1490296870470047
v 0.24989652633666992 0.06246830150485039 0.14980818331241608
v 0.25461700558662415 0.06312127411365509 0.14995716512203217
v 0.2543105483055115 0.06262673437595367 0.1487487405538559
v 0.2541728913784027 0.06240912899374962 0.14809608459472656
v 0.2491319179534912 0.0617990642786026 0.1492796242237091
v 0.2501929998397827 0.06215880066156387 0.14734098315238953
v 0.2504218816757202 0.06253393739461899 0.1487983614206314
v 0.25076982378959656 0.06212397664785385 0.14574669301509857
v 0.25092554092407227 0.06237586960196495 0.14718903601169586
v 0.2514501214027405 0.06209786236286163 0.14423489570617676
v 0.2515341639518738 0.0622316338121891 0.1456643044948578
v 0.25220927596092224 0.06206594407558441 0.14348091185092926
v 0.2522243559360504 0.062089502811431885 0.14420799911022186
v 0.2537083029747009 0.06169497221708298 0.1434737592935562
v 0.2537234127521515 0.06171762943267822 0.14417485892772675
v 0.25380653142929077 0.06184330955147743 0.14551492035388947
v 0.2539575397968292 0.06207416579127312 0.1468229740858078
v 0.24888406693935394 0.061400484293699265 0.14769360423088074
v 0.24871090054512024 0.06112557277083397 0.14606420695781708
v 0.24861577153205872 0.0609758198261261 0.14439478516578674
v 0.24859851598739624 0.06094881519675255 0.14352120459079742
v 0.24862723052501678 0.06099381670355797 0.14185738563537598
v 0.2529982030391693 0.06197709962725639 0.14212191104888916
v 0.25297319889068604 0.06193867698311806 0.14347656071186066
v 0.25336164236068726 0.0625457912683487 0.13880135118961334
v 0.25361737608909607 0.06295692920684814 0.1375422328710556
v 0.25392869114875793 0.06346990168094635 0.13633696734905243
v 0.25429144501686096 0.06408605724573135 0.13518907129764557
v 0.254485547542572 0.06442423909902573 0.13465237617492676
v 0.2549023926258087 0.06517158448696136 0.13363417983055115
v 0.25534820556640625 0.06600482761859894 0.13270390033721924
v 0.25581851601600647 0.066925048828125 0.13186323642730713
v 0.2560936510562897 0.06748458743095398 0.1314290463924408
v 0.2565760016441345 0.06850683689117432 0.1307601034641266
v 0.2570613622665405 0.06959335505962372 0.13019868731498718
v 0.2575468122959137 0.07074479758739471 0.12974660098552704
v 0.25786903500556946 0.07154865562915802 0.12950806319713593
v 0.258332759141922 0.07276715338230133 0.1292557269334793
v 0.2587806284427643 0.0740213394165039 0.12912309169769287
v 0.2592117488384247 0.07531004399061203 0.1291128247976303
v 0.2594754993915558 0.07614298164844513 0.12917183339595795
v 0.2598671019077301 0.07744928449392319 0.12936699390411377
v 0.260232150554657 0.07875172793865204 0.1296878308057785
v 0.2605714499950409 0.08004561066627502 0.13013683259487152
v 0.26072174310684204 0.08064734190702438 0.13039256632328033
v 0.26101699471473694 0.08188575506210327 0.13102102279663086
v 0.2612828314304352 0.08306964486837387 0.13176588714122772
v 0.26152119040489197 0.08419180661439896 0.13262680172920227
v 0.26160678267478943 0.08460970222949982 0.13299314677715302
v 0.2618025839328766 0.08559542149305344 0.13397808372974396
v 0.261971652507782 0.08648154139518738 0.13504844903945923
v 0.2621156871318817 0.08726374804973602 0.1362026035785675
v 0.2621663510799408 0.08754616975784302 0.1366875320672989
v 0.26227203011512756 0.08815023303031921 0.13790880143642426
v 0.26235231757164 0.08863092213869095 0.13917846977710724
v 0.26240792870521545 0.08898483961820602 0.14049452543258667
v 0.2624327540397644 0.0891527608036995 0.14143554866313934
v 0.2624496817588806 0.08927300572395325 0.1427687555551529
v 0.26245057582855225 0.08927953988313675 0.14297913014888763
v 0.26244544982910156 0.08924231678247452 0.1443137526512146
v 0.26244041323661804 0.08920639008283615 0.1446974128484726
v 0.26243889331817627 0.08919566124677658 0.1447930932044983
v 0.2624252438545227 0.08910086750984192 0.14546197652816772
v 0.2623812258243561 0.08881199359893799 0.1467757225036621
v 0.26235294342041016 0.0886349156498909 0.14737117290496826
v 0.2622729539871216 0.08815569430589676 0.14864064753055573
v 0.26219993829727173 0.087735615670681 0.14952228963375092
v 0.2620764374732971 0.08704791218042374 0.15070271492004395
v 0.2619275450706482 0.086247019469738 0.15181754529476166
v 0.2617516815662384 0.08533509075641632 0.15286241471767426
v 0.26162925362586975 0.08472062647342682 0.15346692502498627
v 0.2614087462425232 0.08365494012832642 0.15436792373657227
v 0.26115962862968445 0.08251239359378815 0.15516573190689087
v 0.2608790993690491 0.08129773288965225 0.15585723519325256
v 0.26073455810546875 0.08069958537817001 0.15614576637744904
v 0.2604110538959503 0.07942328602075577 0.156657874584198
v 0.26005837321281433 0.0781206265091896 0.1570456176996231
v 0.25967469811439514 0.07679643481969833 0.15730822086334229
v 0.2594945728778839 0.0762045755982399 0.1573837846517563
v 0.2590796947479248 0.07490617036819458 0.15745936334133148
v 0.2586424648761749 0.07362573593854904 0.15741045773029327
v 0.2581827640533447 0.07236459106206894 0.15723687410354614
v 0.2579475939273834 0.07174970954656601 0.15710440278053284
v 0.2574734389781952 0.07056627422571182 0.15675410628318787
v 0.25699055194854736 0.06943094730377197 0.15628822147846222
v 0.25650084018707275 0.068343885242939 0.155705064535141
v 0.25623664259910583 0.06778200715780258 0.1553432047367096
v 0.255759596824646 0.0668073371052742 0.15460050106048584
v 0.25529587268829346 0.06590506434440613 0.15375611186027527
v 0.2548501789569855 0.06507638096809387 0.1528090089559555
v 0.2546241879463196 0.06466954201459885 0.15226684510707855
v 0.2542304992675781 0.06398112326860428 0.1511945128440857
v 0.25387823581695557 0.06338579952716827 0.1500464379787445
v 0.2535730302333832 0.06288500130176544 0.1488237977027893
v 0.2534359395503998 0.06266432255506516 0.14816296100616455
v 0.25322145223617554 0.06232425197958946 0.1468731164932251
v 0.2530710697174072 0.06208959221839905 0.14554700255393982
v 0.25298821926116943 0.06196173280477524 0.1441878229379654
v 0.25373342633247375 0.06173272058367729 0.14213846623897552
v 0.2538285255432129 0.06187668815255165 0.14081236720085144
v 0.24873606860637665 0.06116533651947975 0.14020539820194244
v 0.24892465770244598 0.06146538257598877 0.13856947422027588
v 0.24904592335224152 0.06166011840105057 0.1377772092819214
v 0.24934245645999908 0.062142159789800644 0.1362280398607254
v 0.24970552325248718 0.06274393945932388 0.13474400341510773
v 0.25013163685798645 0.06346715986728668 0.1333295702934265
v 0.25036102533340454 0.06386426836252213 0.1326679289340973
v 0.25085699558258057 0.06474214047193527 0.13141237199306488
v 0.25139275193214417 0.06572111696004868 0.1302655041217804
v 0.2519640028476715 0.06680219620466232 0.12923040986061096
v 0.2523012161254883 0.06745928525924683 0.12869679927825928
v 0.25289809703826904 0.0686589851975441 0.1278771162033081
v 0.2535061836242676 0.06993245333433151 0.1271933615207672
v 0.25412243604660034 0.07127963751554489 0.12664848566055298
v 0.25453615188598633 0.07221835106611252 0.12636512517929077
v 0.2551383078098297 0.07363785058259964 0.12607325613498688
v 0.2557280659675598 0.07509420812129974 0.12593242526054382
v 0.2563038170337677 0.0765850692987442 0.12594535946846008
v 0.2566603720188141 0.07754559069871902 0.12603525817394257
v 0.2571961581707001 0.07904676347970963 0.12630316615104675
v 0.2577032148838043 0.08053739368915558 0.126724973320961
v 0.2581818401813507 0.08201216161251068 0.12730243802070618
v 0.25839635729789734 0.08269608020782471 0.12762770056724548
v 0.25882264971733093 0.08410032838582993 0.128419429063797
v 0.2592123746871948 0.08543868362903595 0.1293485015630722
v 0.2595670521259308 0.08670477569103241 0.13041305541992188
v 0.25969576835632324 0.08717598021030426 0.13086356222629547
v 0.2599928081035614 0.08828747272491455 0.13206902146339417
v 0.2602525055408478 0.08928799629211426 0.13337098062038422
v 0.26047635078430176 0.09017417579889297 0.13476720452308655
v 0.2605559229850769 0.09049529582262039 0.13535194098949432
v 0.26072341203689575 0.09118494391441345 0.13682064414024353
v 0.26085299253463745 0.09173698723316193 0.13834381103515625
v 0.2609448730945587 0.09214404970407486 0.13992242515087128
v 0.25023654103279114 0.06303703784942627 0.15124864876270294
v 0.25063130259513855 0.06371259689331055 0.15260134637355804
v 0.25107547640800476 0.0644930973649025 0.1538648009300232
v 0.25133198499679565 0.0649539977312088 0.15450358390808105
v 0.2518411874771118 0.06589194387197495 0.15561893582344055
v 0.2523761987686157 0.06691177934408188 0.1566123366355896
v 0.2529323399066925 0.06801175326108932 0.15748465061187744
v 0.253243088722229 0.06864502280950546 0.1579088270664215
v 0.2538246512413025 0.06986848264932632 0.15859046578407288
v 0.254405677318573 0.07114376872777939 0.15913186967372894
v 0.25498420000076294 0.07247038930654526 0.15953494608402252
v 0.25527429580688477 0.07315849512815475 0.15968532860279083
v 0.2558478116989136 0.07456738501787186 0.15987706184387207
v 0.2564018964767456 0.07599431276321411 0.15992040932178497
v 0.2569361925125122 0.07743781059980392 0.1598161906003952
v 0.25717097520828247 0.07809461653232574 0.15972009301185608
v 0.25767719745635986 0.0795615091919899 0.1593950241804123
v 0.2581506669521332 0.0810014009475708 0.1589236855506897
v 0.25859251618385315 0.08240918070077896 0.15830746293067932
v 0.2587924301624298 0.08306816965341568 0.1579623520374298
v 0.25918519496917725 0.08440499752759933 0.15713916718959808
v 0.2595396041870117 0.0856611505150795 0.1561945229768753
v 0.2598578929901123 0.08683281391859055 0.1551329642534256
v 0.2600364685058594 0.08750879019498825 0.15442322194576263
v 0.2602953016757965 0.08851339668035507 0.1532004177570343
v 0.2605166435241699 0.0893983244895935 0.151900514960289
v 0.2607019245624542 0.09016165882349014 0.15052847564220428
v 0.2608124911785126 0.09063009917736053 0.14950591325759888
v 0.26093512773513794 0.0911668986082077 0.14803540706634521
v 0.26097917556762695 0.09136563539505005 0.14734569191932678
v 0.261048823595047 0.0916891098022461 0.14582209289073944
v 0.2610709071159363 0.0917944461107254 0.14504441618919373
v 0.26107338070869446 0.0918063074350357 0.14493303000926971
v 0.26108160614967346 0.09184595942497253 0.14448612928390503
v 0.2610900402069092 0.09188682585954666 0.14292852580547333
v 0.2610885798931122 0.09187967330217361 0.14268293976783752
v 0.2610609531402588 0.09174686670303345 0.14112980663776398
v 0.2610211968421936 0.09155945479869843 0.1400371789932251
v 0.26093411445617676 0.09116242825984955 0.1385122835636139
v 0.26081109046936035 0.09062399715185165 0.13704153895378113
v 0.2606513798236847 0.08995097130537033 0.13562457263469696
v 0.2605752944946289 0.08963748067617416 0.13506093621253967
v 0.2603606879711151 0.08877219259738922 0.13371649384498596
v 0.26011109352111816 0.08779536187648773 0.1324651539325714
v 0.2598252594470978 0.08671082556247711 0.13130918145179749
v 0.25970134139060974 0.08625134080648422 0.13087794184684753
v 0.25935980677604675 0.08501773327589035 0.12986108660697937
v 0.25898468494415283 0.08371558040380478 0.1289767026901245
v 0.25857484340667725 0.08235159516334534 0.128226175904274
v 0.2583687901496887 0.08168815821409225 0.127919003367424
v 0.25790953636169434 0.08025951683521271 0.12737612426280975
v 0.2574237883090973 0.07881823927164078 0.12698309123516083
v 0.2569114565849304 0.07736941426992416 0.1267375648021698
v 0.2565709948539734 0.07644369453191757 0.12665829062461853
v 0.25602197647094727 0.07500863075256348 0.1266556978225708
v 0.2554604709148407 0.07360856980085373 0.1267988234758377
v 0.25488781929016113 0.07224522531032562 0.12708473205566406
v 0.25449469685554504 0.07134408503770828 0.1273592710494995
v 0.2539093792438507 0.07005105912685394 0.12788403034210205
v 0.25333189964294434 0.06882857531309128 0.1285398006439209
v 0.2527649700641632 0.06767628341913223 0.12932409346103668
v 0.2524445354938507 0.06704472750425339 0.1298341453075409
v 0.2519013285636902 0.06600476801395416 0.13082300126552582
v 0.25139138102531433 0.06506181508302689 0.13191847503185272
v 0.2509186863899231 0.06421506404876709 0.13311806321144104
v 0.25069984793663025 0.06383161246776581 0.13375043869018555
v 0.25029295682907104 0.06313251703977585 0.13510294258594513
v 0.24994583427906036 0.06255001574754715 0.13652291893959045
v 0.24966199696063995 0.06208284944295883 0.13800618052482605
v 0.2495458424091339 0.06189398095011711 0.13876508176326752
v 0.24936509132385254 0.06160280108451843 0.1403326690196991
v 0.24926072359085083 0.0614362508058548 0.1419161856174469
v 0.2492332011461258 0.061392541974782944 0.14351128041744232
v 0.24924972653388977 0.061418771743774414 0.14434878528118134
v 0.2493409663438797 0.06156419590115547 0.1459490954875946
v 0.24950693547725677 0.061831019818782806 0.14751052856445312
v 0.2505684792995453 0.06277716159820557 0.14954492449760437
v 0.25089576840400696 0.06332845240831375 0.15092575550079346
v 0.2512751817703247 0.06398264318704605 0.15222176909446716
v 0.2517014145851135 0.06473769247531891 0.15343168377876282
v 0.2519472539424896 0.06518321484327316 0.15404319763183594
v 0.25243473052978516 0.06608915328979492 0.15511085093021393
v 0.25294601917266846 0.06707330048084259 0.15606188774108887
v 0.2534767985343933 0.06813400983810425 0.15689752995967865
v 0.2537730634212494 0.06874444335699081 0.15730425715446472
v 0.2543269991874695 0.0699235051870346 0.15795892477035522
v 0.2548799514770508 0.07115247845649719 0.158480703830719
v 0.2554301917552948 0.0724312961101532 0.15887153148651123
v 0.2557060718536377 0.0730949118733406 0.15901853144168854
v 0.25625136494636536 0.07445451617240906 0.159209206700325
v 0.25677821040153503 0.0758330449461937 0.1592588573694229
v 0.25728639960289 0.07722941040992737 0.15916787087917328
v 0.257509708404541 0.07786543667316437 0.15907996892929077
v 0.2579914331436157 0.07928755134344101 0.15877771377563477
v 0.2584421634674072 0.08068570494651794 0.1583346128463745
v 0.25886285305023193 0.08205483853816986 0.15775154531002045
v 0.25905323028564453 0.08269643038511276 0.15742380917072296
v 0.2594272494316101 0.08399932086467743 0.1566397100687027
v 0.259764701128006 0.08522510528564453 0.15573690831661224
v 0.26006755232810974 0.08636950701475143 0.1547194868326187
v 0.26023736596107483 0.08703012764453888 0.1540379375219345
v 0.2604832351207733 0.08801218122243881 0.15286169946193695
v 0.2606930434703827 0.08887725323438644 0.15160909295082092
v 0.26086825132369995 0.0896230936050415 0.15028508007526398
v 0.26097244024276733 0.09008053690195084 0.14929741621017456
v 0.26108768582344055 0.09060436487197876 0.14787623286247253
v 0.2611289620399475 0.0907982662320137 0.14720945060253143
v 0.26119422912597656 0.09111406654119492 0.14573651552200317
v 0.2612149715423584 0.09121708571910858 0.1449848711490631
v 0.261217325925827 0.09122869372367859 0.14487724006175995
v 0.2612250745296478 0.09126751869916916 0.14444535970687866
v 0.26123306155204773 0.09130758792161942 0.1429404616355896
v 0.2612316608428955 0.09130057692527771 0.14270320534706116
v 0.26120564341545105 0.091170534491539 0.14120236039161682
v 0.26116836071014404 0.0909874215722084 0.1401461511850357
v 0.26108673214912415 0.09060000628232956 0.13867196440696716
v 0.2609710991382599 0.0900745838880539 0.13725052773952484
v 0.2608204782009125 0.08941729366779327 0.13588212430477142
v 0.2607485353946686 0.08911097049713135 0.1353382021188736
v 0.2605452835559845 0.08826518803834915 0.13404208421707153
v 0.26030829548835754 0.08731023967266083 0.13283778727054596
v 0.26003652811050415 0.08625032007694244 0.13172750174999237
v 0.2599186301231384 0.08580145239830017 0.1313139945268631
v 0.25959351658821106 0.08459707349538803 0.1303407847881317
v 0.25923633575439453 0.08332718163728714 0.1294969916343689
v 0.2588460445404053 0.0819987878203392 0.12878353893756866
v 0.2586498260498047 0.08135334402322769 0.1284925788640976
v 0.2582125663757324 0.07996504753828049 0.12798047065734863
v 0.2577502727508545 0.07856669276952744 0.12761273980140686
v 0.25726282596588135 0.0771631971001625 0.1273866593837738
v 0.25693902373313904 0.0762675330042839 0.127316415309906
v 0.2564169466495514 0.07488062232732773 0.12732236087322235
v 0.2558830678462982 0.07352910190820694 0.12746678292751312
v 0.25533851981163025 0.07221420854330063 0.12774662673473358
v 0.2549646496772766 0.07134553045034409 0.1280127912759781
v 0.2544076442718506 0.07009944319725037 0.12851887941360474
v 0.25385767221450806 0.06892134994268417 0.1291489452123642
v 0.2533171474933624 0.06781058758497238 0.1299009472131729
v 0.2530113160610199 0.06720153987407684 0.1303895115852356
v 0.252492219209671 0.06619808077812195 0.1313362419605255
v 0.2520041763782501 0.06528740376234055 0.13238483667373657
v 0.2515510320663452 0.06446882337331772 0.1335332989692688
v 0.25134098529815674 0.06409783661365509 0.13413889706134796
v 0.2509499788284302 0.06342094391584396 0.1354345977306366
v 0.2506159543991089 0.06285639852285385 0.13679566979408264
v 0.2503425180912018 0.06240323558449745 0.13821817934513092
v 0.2502305209636688 0.06221992149949074 0.13894625008106232
v 0.25005611777305603 0.06193719059228897 0.1404506117105484
v 0.24995535612106323 0.06177540123462677 0.141970694065094
v 0.2499287724494934 0.061732932925224304 0.1435021013021469
v 0.24994473159313202 0.06175842136144638 0.14430613815784454
v 0.25003284215927124 0.06189969182014465 0.14584240317344666
v 0.25114792585372925 0.06274045258760452 0.1485913097858429
v 0.25129029154777527 0.06297677010297775 0.14930950105190277
v 0.2516076862812042 0.06351221352815628 0.1506374478340149
v 0.2519751489162445 0.06414729356765747 0.15188337862491608
v 0.25238728523254395 0.06487991660833359 0.15304622054100037
v 0.2526246905326843 0.06531204283237457 0.15363384783267975
v 0.2530946731567383 0.06619041413068771 0.154659703373909
v 0.25358670949935913 0.06714426726102829 0.15557371079921722
v 0.2540964186191559 0.06817205995321274 0.15637725591659546
v 0.2543804943561554 0.06876348704099655 0.15676866471767426
v 0.25491082668304443 0.0699058547616005 0.15739946067333221
v 0.25543928146362305 0.07109682261943817 0.1579035520553589
v 0.25596413016319275 0.0723365917801857 0.15828286111354828
v 0.25622692704200745 0.07298021018505096 0.158426433801651
v 0.256745845079422 0.07429960370063782 0.15861497819423676
v 0.2572464346885681 0.0756385549902916 0.15866875648498535
v 0.25772857666015625 0.07699620723724365 0.15858785808086395
v 0.2579403221607208 0.07761508226394653 0.15850642323493958
v 0.25839656591415405 0.07900003343820572 0.15822264552116394
v 0.25882285833358765 0.0803631991147995 0.15780293941497803
v 0.25922030210494995 0.08169956505298615 0.15724784135818481
v 0.259399950504303 0.08232627809047699 0.1569349318742752
v 0.2597526013851166 0.08359980583190918 0.15618456900119781
v 0.2600702941417694 0.08479895442724228 0.15531833469867706
v 0.2603550851345062 0.0859190821647644 0.1543399840593338
v 0.2605145573616028 0.08656585216522217 0.1536836177110672
v 0.26074516773223877 0.08752736449241638 0.15254929661750793
v 0.26094159483909607 0.0883740782737732 0.15133963525295258
v 0.2611052393913269 0.08910360187292099 0.1500595510005951
v 0.2612023651599884 0.0895506739616394 0.14910392463207245
v 0.2613094449043274 0.0900622084736824 0.14772814512252808
v 0.2613477110862732 0.09025150537490845 0.14708256721496582
v 0.26140812039375305 0.09055997431278229 0.14565664529800415
v 0.2614273428916931 0.09066078066825867 0.1449292004108429
v 0.26142948865890503 0.09067215025424957 0.1448250561952591
v 0.26143670082092285 0.09071020036935806 0.1444072276353836
v 0.261444091796875 0.09074952453374863 0.14295165240764618
v 0.26144281029701233 0.09074263274669647 0.14272218942642212
v 0.2614186704158783 0.09061520546674728 0.14127011597156525
v 0.26138415932655334 0.09043621271848679 0.14024776220321655
v 0.26130858063697815 0.09005794674158096 0.13882046937942505
v 0.2612011134624481 0.08954484015703201 0.13744448125362396
v 0.2610607147216797 0.08890236169099808 0.13612063229084015
v 0.26099351048469543 0.08860275149345398 0.13559475541114807
v 0.2608032822608948 0.08777504414319992 0.13434262573719025
v 0.2605811357498169 0.08684011548757553 0.13318076729774475
v 0.26032593846321106 0.08580240607261658 0.1321113258600235
v 0.2602151334285736 0.08536301553249359 0.13171353936195374
v 0.2599092125892639 0.08418447524309158 0.1307787299156189
v 0.2595726549625397 0.0829426720738411 0.12997017800807953
v 0.2592044174671173 0.08164483308792114 0.12928849458694458
v 0.25901907682418823 0.08101468533277512 0.12901122868061066
v 0.2586057484149933 0.07966037839651108 0.12852485477924347
v 0.25816822052001953 0.07829781621694565 0.12817786633968353
v 0.25770628452301025 0.07693178951740265 0.12796728312969208
v 0.2573990821838379 0.07606084644794464 0.1279039829969406
v 0.2569032311439514 0.074713334441185 0.12791596353054047
v 0.25639545917510986 0.07340144366025925 0.1280602663755417
v 0.255876749753952 0.07212606817483902 0.12833380699157715
v 0.2555201053619385 0.07128394395112991 0.1285921186208725
v 0.25498801469802856 0.0700763463973999 0.12908130884170532
v 0.2544615864753723 0.06893488019704819 0.1296885907649994
v 0.25394320487976074 0.06785868853330612 0.13041220605373383
v 0.25364944338798523 0.06726854294538498 0.13088196516036987
v 0.253150075674057 0.06629601120948792 0.1317918598651886
v 0.25267958641052246 0.06541308015584946 0.132799431681633
v 0.25224196910858154 0.06461906433105469 0.13390304148197174
v 0.252038836479187 0.06425908952951431 0.13448506593704224
v 0.2516602575778961 0.0636020302772522 0.13573066890239716
v 0.25133633613586426 0.06305374205112457 0.13703957200050354
v 0.25107085704803467 0.06261344254016876 0.13840797543525696
v 0.2509620189666748 0.06243528053164482 0.1391085386276245
v 0.2507924735546112 0.0621604286134243 0.14055639505386353
v 0.2506944537162781 0.06200312077999115 0.1420196145772934
v 0.25066858530044556 0.0619618222117424 0.14349384605884552
v 0.25068411231040955 0.06198661029338837 0.14426787197589874
v 0.25168684124946594 0.06247695907950401 0.1470583826303482
v 0.25190469622612 0.06283204257488251 0.14841364324092865
v 0.25204405188560486 0.06306219846010208 0.1491076648235321
v 0.25235459208488464 0.06358374655246735 0.1503908932209015
v 0.25271356105804443 0.06420239061117172 0.15159475803375244
v 0.25311556458473206 0.06491612643003464 0.15271829068660736
v 0.2533468008041382 0.0653371587395668 0.15328603982925415
v 0.25380393862724304 0.0661931186914444 0.1542772650718689
v 0.2542814612388611 0.06712282449007034 0.155160591006279
v 0.2547750174999237 0.06812488287687302 0.15593747794628143
v 0.2550494968891144 0.06870163977146149 0.15631608664989471
v 0.255560964345932 0.06981601566076279 0.1569267064332962
v 0.2560690641403198 0.07097826153039932 0.15741540491580963
v 0.25657230615615845 0.07218867540359497 0.15778402984142303
v 0.25682371854782104 0.07281731814146042 0.15792404115200043
v 0.2573189437389374 0.07410649955272675 0.1581091433763504
v 0.25779521465301514 0.07541555166244507 0.1581643968820572
v 0.25825250148773193 0.07674365490674973 0.158089742064476
v 0.258452832698822 0.07734934240579605 0.15801268815994263
v 0.2588835656642914 0.07870534807443619 0.15774214267730713
v 0.25928470492362976 0.08004074543714523 0.15733999013900757
v 0.25965753197669983 0.08135058730840683 0.1568065732717514
v 0.2598257064819336 0.08196504414081573 0.15650540590286255
v 0.26015505194664 0.08321402221918106 0.1557822972536087
v 0.26045095920562744 0.08439037948846817 0.15494634211063385
v 0.260715514421463 0.08548928797245026 0.15400096774101257
v 0.26086342334747314 0.0861237421631813 0.15336616337299347
v 0.2610769271850586 0.08706672489643097 0.15226823091506958
v 0.26125845313072205 0.08789661526679993 0.15109629929065704
v 0.2614094316959381 0.08861099183559418 0.14985522627830505
v 0.2614988386631012 0.0890483483672142 0.14892825484275818
v 0.2615971863269806 0.08954832702875137 0.14759333431720734
v 0.2616322338581085 0.08973327279090881 0.14696690440177917
v 0.26168739795684814 0.09003480523824692 0.14558357000350952
v 0.2617049217224121 0.09013349562883377 0.14487820863723755
v 0.2617068588733673 0.09014464169740677 0.14477723836898804
v 0.2617133855819702 0.09018195420503616 0.14437225461006165
v 0.26172012090682983 0.09022055566310883 0.14296191930770874
v 0.2617189586162567 0.09021379053592682 0.14273959398269653
v 0.261696994304657 0.0900888666510582 0.14133216440677643
v 0.26166558265686035 0.08991377055644989 0.14034056663513184
v 0.2615963816642761 0.08954416215419769 0.13895568251609802
v 0.26149773597717285 0.08904266357421875 0.13762053847312927
v 0.26136836409568787 0.08841400593519211 0.13633649051189423
v 0.26130637526512146 0.08812061697244644 0.13582663238048553
v 0.2611306607723236 0.08730954676866531 0.1346133053302765
v 0.2609250843524933 0.08639276027679443 0.13348841667175293
v 0.2606884837150574 0.08537481725215912 0.1324540227651596
v 0.26058557629585266 0.0849437564611435 0.13206955790519714
v 0.26030099391937256 0.08378754556179047 0.13116683065891266
v 0.25998711585998535 0.08256949484348297 0.1303870975971222
v 0.25964269042015076 0.08129693567752838 0.1297307312488556
v 0.2594689428806305 0.08067922294139862 0.12946417927742004
v 0.25908058881759644 0.07935214787721634 0.12899743020534515
v 0.2586681544780731 0.0780177116394043 0.12866564095020294
v 0.25823137164115906 0.07668063044548035 0.12846578657627106
v 0.2579401731491089 0.07582857459783554 0.12840689718723297
v 0.2574688792228699 0.07451090961694717 0.1284218728542328
v 0.2569847106933594 0.07322882860898972 0.12856431305408478
v 0.2564886212348938 0.07198310643434525 0.1288311779499054
v 0.2561466693878174 0.07116091251373291 0.12908221781253815
v 0.25563523173332214 0.06998235732316971 0.1295565962791443
v 0.25512781739234924 0.06886880844831467 0.13014455139636993
v 0.2546267807483673 0.06781932711601257 0.13084447383880615
v 0.25434228777885437 0.06724397093057632 0.13129863142967224
v 0.2538577616214752 0.06629601866006851 0.13217802345752716
v 0.2534002363681793 0.06543561071157455 0.1331516057252884
v 0.25297388434410095 0.06466198712587357 0.13421787321567535
v 0.25277572870254517 0.06431128829717636 0.13478022813796997
v 0.25240594148635864 0.06367122381925583 0.13598376512527466
v 0.25208914279937744 0.06313717365264893 0.13724857568740845
v 0.25182920694351196 0.06270833313465118 0.13857097923755646
v 0.2517226040363312 0.06253481656312943 0.1392480581998825
v 0.251556396484375 0.06226713955402374 0.14064744114875793
v 0.2514602541923523 0.062113936990499496 0.1420617699623108
v 0.25143489241600037 0.0620737224817276 0.14348672330379486
v 0.2523074746131897 0.06222008168697357 0.1455972045660019
v 0.252458393573761 0.062459614127874374 0.14695221185684204
v 0.2526736557483673 0.06280645728111267 0.1482696682214737
v 0.2528112828731537 0.06303136050701141 0.1489444226026535
v 0.25311776995658875 0.06354124844074249 0.1501922309398651
v 0.2534717321395874 0.06414652615785599 0.15136317908763885
v 0.25386762619018555 0.06484539806842804 0.15245625376701355
v 0.25409504771232605 0.06525792926549911 0.15300869941711426
v 0.25454404950141907 0.06609716266393661 0.15397344529628754
v 0.2550121545791626 0.06700952351093292 0.1548333317041397
v 0.25549471378326416 0.06799371540546417 0.155589759349823
v 0.25576251745224 0.06856053322553635 0.15595842897891998
v 0.2562602758407593 0.06965631246566772 0.15655303001403809
v 0.2567530572414398 0.07079987227916718 0.1570289134979248
v 0.25723913311958313 0.07199136912822723 0.15738782286643982
v 0.2574812173843384 0.07261035591363907 0.15752413868904114
v 0.25795644521713257 0.07388000190258026 0.15770427882671356
v 0.2584112584590912 0.07516943663358688 0.1577579826116562
v 0.25884580612182617 0.07647770643234253 0.15768523514270782
v 0.2590354382991791 0.07707434147596359 0.1576102077960968
v 0.259441614151001 0.07841002196073532 0.15734688937664032
v 0.259817898273468 0.07972519844770432 0.1569555699825287
v 0.2601657509803772 0.08101499825716019 0.1564367115497589
v 0.26032203435897827 0.08161991834640503 0.15614378452301025
v 0.26062703132629395 0.08284925669431686 0.1554405242204666
v 0.26089978218078613 0.08400674164295197 0.15462763607501984
v 0.26114270091056824 0.08508750051259995 0.15370827913284302
v 0.2612781226634979 0.08571119606494904 0.15309090912342072
v 0.261473149061203 0.08663764595985413 0.15202300250530243
v 0.26163870096206665 0.08745226263999939 0.15088291466236115
v 0.2617761790752411 0.0881526917219162 0.14967523515224457
v 0.2618575096130371 0.08858104795217514 0.14877307415008545
v 0.26194673776626587 0.08907023817300797 0.1474737673997879
v 0.2619784474372864 0.08925110101699829 0.1468641310930252
v 0.2620280683040619 0.0895460844039917 0.14551836252212524
v 0.26204371452331543 0.08964278548955917 0.14483262598514557
v 0.2620454430580139 0.08965371549129486 0.1447344869375229
v 0.2620512545108795 0.08969032019376755 0.14434094727039337
v 0.26205724477767944 0.0897282212972641 0.14297112822532654
v 0.2620561718940735 0.08972157537937164 0.1427551954984665
v 0.26203665137290955 0.08959904313087463 0.14138756692409515
v 0.2620084583759308 0.0894276425242424 0.1404232233762741
v 0.2619459927082062 0.08906616270542145 0.13907559216022491
v 0.26185646653175354 0.08857547491788864 0.13777607679367065
v 0.26173877716064453 0.0879596397280693 0.136526420712471
v 0.2616823613643646 0.08767198771238327 0.13603030145168304
v 0.26152220368385315 0.08687607944011688 0.13484983146190643
v 0.26133447885513306 0.08597556501626968 0.1337556540966034
v 0.2611179053783417 0.08497495204210281 0.13274966180324554
v 0.26102352142333984 0.08455105870962143 0.13237576186656952
v 0.26076173782348633 0.08341363817453384 0.13149791955947876
v 0.2604717016220093 0.08221489191055298 0.13073965907096863
v 0.2601518929004669 0.0809621587395668 0.130101278424263
v 0.25999000668525696 0.08035394549369812 0.12984198331832886
v 0.25962668657302856 0.07904704660177231 0.12938791513442993
v 0.2592387795448303 0.07773271203041077 0.12906503677368164
v 0.25882574915885925 0.07641561329364777 0.12887047231197357
v 0.2585492432117462 0.0755762904882431 0.12881310284137726
v 0.25809985399246216 0.0742783322930336 0.12882758677005768
v 0.2576359808444977 0.07301560789346695 0.12896618247032166
v 0.25715845823287964 0.0717889741063118 0.1292259693145752
v 0.2568281292915344 0.07097963243722916 0.12947040796279907
v 0.2563323974609375 0.06981994211673737 0.12993232905864716
v 0.2558388411998749 0.0687248706817627 0.13050487637519836
v 0.25534990429878235 0.06769352406263351 0.13118641078472137
v 0.2550716698169708 0.06712846457958221 0.1316286027431488
v 0.25459688901901245 0.06619811058044434 0.13248470425605774
v 0.25414758920669556 0.06535442173480988 0.13343225419521332
v 0.25372815132141113 0.06459648907184601 0.13446979224681854
v 0.2535329759120941 0.06425312161445618 0.13501690328121185
v 0.2531684339046478 0.06362681835889816 0.1361875683069229
v 0.2528558075428009 0.06310463696718216 0.1374174952507019
v 0.2525990903377533 0.06268560141324997 0.13870318233966827
v 0.2524937391281128 0.06251612305641174 0.13936135172843933
v 0.25232943892478943 0.06225474178791046 0.14072155952453613
v 0.25223439931869507 0.062105193734169006 0.142096146941185
v 0.19025515019893646 0.07089565694332123 0.09731486439704895
v 0.19027915596961975 0.06944169849157333 0.10227469354867935
v 0.19846561551094055 0.06555454432964325 0.10255975276231766
v 0.186075359582901 0.07127050310373306 0.10225436091423035
v 0.17747844755649567 0.08091546595096588 0.0829494372010231
v 0.18177463114261627 0.0776049792766571 0.08756819367408752
v 0.1817624866962433 0.07975725829601288 0.0828891396522522
v 0.1859983652830124 0.0784253180027008 0.08294069021940231
v 0.18174991011619568 0.08234331756830215 0.07844133675098419
v 0.19428549706935883 0.0754161849617958 0.08340806514024734
v 0.19017401337623596 0.07696284353733063 0.08311127871274948
v 0.19020235538482666 0.0746043398976326 0.08768821507692337
v 0.20216315984725952 0.08017735928297043 0.07621216028928757
v 0.20215192437171936 0.08124811947345734 0.0755271390080452
v 0.1982165426015854 0.0825415700674057 0.07462139427661896
v 0.21678313612937927 0.06337936222553253 0.09413448721170425
v 0.21677453815937042 0.0647132396697998 0.09209505468606949
v 0.2151118814945221 0.06505322456359863 0.09153781086206436
v 0.21676576137542725 0.06614847481250763 0.09012582153081894
v 0.20790468156337738 0.07529521733522415 0.08004294335842133
v 0.20603100955486298 0.07590802758932114 0.07952254265546799
v 0.2060529738664627 0.07408231496810913 0.08126373589038849
v 0.2096739411354065 0.0823955237865448 0.07648251950740814
v 0.20966355502605438 0.08362738788127899 0.07620777189731598
v 0.20594145357608795 0.08475039154291153 0.07482696324586868
v 0.2166861593723297 0.08314220607280731 0.07934518158435822
v 0.2166813313961029 0.08436454087495804 0.07929867506027222
v 0.21323741972446442 0.08514538407325745 0.07755453884601593
v 0.19409117102622986 0.09719131886959076 0.07319489866495132
v 0.1941005140542984 0.09605512022972107 0.07259410619735718
v 0.19811011850833893 0.09479757398366928 0.0734022930264473
v 0.2230939120054245 0.08364695310592651 0.08328881114721298
v 0.22617152333259583 0.08349379897117615 0.08552435785531998
v 0.22619475424289703 0.08571644127368927 0.08565186709165573
v 0.21322068572044373 0.08762968331575394 0.07775984704494476
v 0.20585118234157562 0.09457135945558548 0.07660149782896042
v 0.20587365329265594 0.09227826446294785 0.07553155720233917
v 0.20960111916065216 0.09109915047883987 0.07685336470603943
v 0.216652512550354 0.09147298336029053 0.08085471391677856
v 0.21664300560951233 0.09364353865385056 0.0819609984755516
v 0.21317078173160553 0.0945197194814682 0.08045085519552231
v 0.21995609998703003 0.09872910380363464 0.08791232109069824
v 0.21995756030082703 0.10038962215185165 0.08962242305278778
v 0.21660585701465607 0.10103688389062881 0.08824116736650467
v 0.2291668802499771 0.08344213664531708 0.08790940791368484
v 0.23206868767738342 0.08349242806434631 0.09043566137552261
v 0.23210591077804565 0.08554176986217499 0.09053350985050201
v 0.24854052066802979 0.0749470442533493 0.11661587655544281
v 0.2486042082309723 0.07685457915067673 0.11478808522224426
v 0.24661599099636078 0.07522754371166229 0.11190985888242722
v 0.25724533200263977 0.08944153040647507 0.1397387683391571
v 0.2572394013404846 0.08910965174436569 0.140898197889328
v 0.25763529539108276 0.09271740168333054 0.14208777248859406
v 0.25777000188827515 0.09640999883413315 0.1432809978723526
v 0.2576389014720917 0.093131422996521 0.14095011353492737
v 0.25193673372268677 0.07645470649003983 0.1255412995815277
v 0.251897931098938 0.0754559263586998 0.1273549497127533
v 0.2533881664276123 0.07810217887163162 0.12953951954841614
v 0.25664323568344116 0.08779565244913101 0.13477392494678497
v 0.2572622299194336 0.09059254825115204 0.13759583234786987
v 0.2572724223136902 0.0914750024676323 0.1367160975933075
v 0.25669994950294495 0.0917079746723175 0.13238579034805298
v 0.2567119896411896 0.09262500703334808 0.1323467493057251
v 0.2559097111225128 0.09145934134721756 0.12874074280261993
v 0.25764402747154236 0.09391322731971741 0.13999401032924652
v 0.2576468884944916 0.09448087215423584 0.13969966769218445
v 0.2576413154602051 0.09346774965524673 0.14043428003787994
v 0.25764989852905273 0.095106340944767 0.1396251767873764
v 0.24920989573001862 0.09829499572515488 0.11661587655544281
v 0.25094860792160034 0.0979892686009407 0.1193801611661911
v 0.2510013282299042 0.0994943380355835 0.12120190262794495
v 0.24561575055122375 0.10780584067106247 0.1309623420238495
v 0.24767304956912994 0.10684479773044586 0.1319538652896881
v 0.24341578781604767 0.10929407179355621 0.1333022117614746
v 0.2538680136203766 0.09745883196592331 0.12511016428470612
v 0.2538317143917084 0.0961160883307457 0.12387695908546448
v 0.2550106644630432 0.09609553217887878 0.127027690410614
v 0.2576528489589691 0.09573181718587875 0.13969966769218445
v 0.2576557397842407 0.09629946202039719 0.13999401032924652
v 0.256780743598938 0.09745434671640396 0.13477392494678497
v 0.25732702016830444 0.09709279239177704 0.13759583234786987
v 0.25733616948127747 0.09775814414024353 0.13862618803977966
v 0.2576584219932556 0.09674493223428726 0.14043428003787994
v 0.257660835981369 0.0970812663435936 0.14095011353492737
v 0.1898057609796524 0.11635717004537582 0.17926423251628876
v 0.1898278445005417 0.11512492597103119 0.18428730964660645
v 0.18161389231681824 0.11593285948038101 0.1842568963766098
v 0.21995006501674652 0.09086256474256516 0.2039400041103363
v 0.21994853019714355 0.08860915154218674 0.20471014082431793
v 0.21666209399700165 0.08918559551239014 0.20654885470867157
v 0.25766289234161377 0.0973270907998085 0.14505483210086823
v 0.257660835981369 0.0970812663435936 0.14561189711093903
v 0.2576644718647003 0.09749528020620346 0.14447423815727234
v 0.2381223440170288 0.10446573793888092 0.17613203823566437
v 0.23819074034690857 0.10614316165447235 0.1727430522441864
v 0.24316911399364471 0.10474033653736115 0.16925887763500214
v 0.2351113259792328 0.09488218277692795 0.19001615047454834
v 0.23780763149261475 0.09463193267583847 0.18752236664295197
v 0.2377650886774063 0.09299086034297943 0.18850156664848328
v 0.23772209882736206 0.09126228839159012 0.1893160492181778
v 0.23221680521965027 0.09155448526144028 0.19444940984249115
v 0.2524573802947998 0.09617003798484802 0.16578128933906555
v 0.2538317143917084 0.0961160883307457 0.16268505156040192
v 0.25379419326782227 0.094589963555336 0.16371206939220428
v 0.2576557397842407 0.09629946202039719 0.14656800031661987
v 0.2576528489589691 0.09573181718587875 0.14686234295368195
v 0.19009187817573547 0.0861862376332283 0.21397387981414795
v 0.19009952247142792 0.08512112498283386 0.2132536768913269
v 0.1859438121318817 0.08631689101457596 0.2136646956205368
v 0.20230352878570557 0.06960517168045044 0.19782446324825287
v 0.20613767206668854 0.06804496794939041 0.1972109079360962
v 0.20617756247520447 0.06565132737159729 0.19274304807186127
v 0.20783960819244385 0.08173298090696335 0.21039101481437683
v 0.20596401393413544 0.08230675756931305 0.21103045344352722
v 0.2059527337551117 0.08351192623376846 0.21143420040607452
v 0.21149560809135437 0.080693319439888 0.20898328721523285
v 0.2096843421459198 0.08119222521781921 0.20970864593982697
v 0.2096739411354065 0.0823955237865448 0.21007949113845825
v 0.21499361097812653 0.08225886523723602 0.20796217024326324
v 0.2132541537284851 0.08266107738018036 0.20880216360092163
v 0.21324577927589417 0.08389868587255478 0.2089553326368332
v 0.21835559606552124 0.07488246262073517 0.2037791907787323
v 0.21993926167488098 0.0747896060347557 0.20291230082511902
v 0.2199377417564392 0.07275953888893127 0.20166511833667755
v 0.21836011111736298 0.07284407317638397 0.20249232649803162
v 0.21993623673915863 0.07085397839546204 0.20023341476917267
v 0.21836456656455994 0.0709332600235939 0.2010214775800705
v 0.21993476152420044 0.0690731406211853 0.19864970445632935
v 0.22596779465675354 0.06614501774311066 0.19198042154312134
v 0.22598940134048462 0.0676601454615593 0.19364482164382935
v 0.22892259061336517 0.06803731620311737 0.19174763560295105
v 0.21000510454177856 0.057364970445632935 0.17320507764816284
v 0.21352872252464294 0.055973928421735764 0.17276248335838318
v 0.21354778110980988 0.05486541986465454 0.16792656481266022
v 0.2100871205329895 0.053916916251182556 0.1432809978723526
v 0.20640142261981964 0.0557517483830452 0.1432809978723526
v 0.20639057457447052 0.056110452860593796 0.15344814956188202
v 0.24001474678516388 0.0807410180568695 0.18751303851604462
v 0.23746003210544586 0.0801817998290062 0.19037386775016785
v 0.2375476211309433 0.08389824628829956 0.1906834989786148
v 0.24836783111095428 0.07062166929244995 0.16342288255691528
v 0.24635173380374908 0.06845466792583466 0.16544021666049957
v 0.24641203880310059 0.06979244202375412 0.16797210276126862
v 0.2566763460636139 0.08989773690700531 0.1536206156015396
v 0.25727781653404236 0.0920088142156601 0.15018939971923828
v 0.2572724223136902 0.0914750024676323 0.1498459130525589
v 0.2576468884944916 0.09448087215423584 0.14686234295368195
v 0.25764402747154236 0.09391322731971741 0.14656800031661987
v 0.25478047132492065 0.08460784703493118 0.1595343053340912
v 0.2558310329914093 0.08681268990039825 0.1563381552696228
v 0.25581255555152893 0.08589179068803787 0.15551166236400604
v 0.2547275424003601 0.08248177170753479 0.15734919905662537
v 0.25579482316970825 0.08508830517530441 0.15458518266677856
v 0.25576239824295044 0.08379150182008743 0.15253490209579468
v 0.24392575025558472 0.0618111714720726 0.14946848154067993
v 0.24160785973072052 0.05972359701991081 0.1499457210302353
v 0.24166738986968994 0.06066058948636055 0.1565508097410202
v 0.2517777681350708 0.07282209396362305 0.1514282524585724
v 0.2500761151313782 0.07001050561666489 0.15251877903938293
v 0.250139057636261 0.07120296359062195 0.15701834857463837
v 0.2546800673007965 0.08088483661413193 0.15479612350463867
v 0.25573498010635376 0.08284720778465271 0.1503223329782486
v 0.25463998317718506 0.0797233134508133 0.1520422101020813
v 0.2557138204574585 0.08220338076353073 0.1480172574520111
v 0.2576389014720917 0.093131422996521 0.14561189711093903
v 0.2576368451118469 0.0928855910897255 0.14505483210086823
v 0.2576413154602051 0.09346774965524673 0.14612771570682526
v 0.25763529539108276 0.09271740168333054 0.14447423815727234
v 0.2576342523097992 0.09261910617351532 0.14388057589530945
v 0.09887035191059113 0.10440406948328018 0.14674822986125946
v 0.100284144282341 0.10546465218067169 0.14721894264221191
v 0.10030697286128998 0.10506988316774368 0.15114286541938782
v 0.09503420442342758 0.09779316186904907 0.15203827619552612
v 0.09450862556695938 0.09732748568058014 0.14913040399551392
v 0.0945027768611908 0.09783156961202621 0.1482289731502533
v 0.09574773162603378 0.09879370033740997 0.15404655039310455
v 0.09575828164815903 0.09826447814702988 0.15492592751979828
v 0.0991215705871582 0.09670819342136383 0.16661344468593597
v 0.09913554787635803 0.09591952711343765 0.16703757643699646
v 0.09783997386693954 0.09592544287443161 0.16373975574970245
v 0.10186551511287689 0.10650072246789932 0.14767979085445404
v 0.10360951721668243 0.10751088708639145 0.14812955260276794
v 0.10363873839378357 0.10704346001148224 0.1529613435268402
v 0.10585756599903107 0.10026329755783081 0.1762024462223053
v 0.10393154621124268 0.09984081983566284 0.17345724999904633
v 0.10389047116041183 0.10125342011451721 0.1714504063129425
v 0.11022491753101349 0.09654410928487778 0.18548080325126648
v 0.11255323141813278 0.09677638858556747 0.18826182186603546
v 0.11257650703191757 0.09522931277751923 0.1888260543346405
v 0.11501958221197128 0.09542188793420792 0.19154450297355652
v 0.1149771437048912 0.09853246808052063 0.1900397092103958
v 0.11753474175930023 0.0989125669002533 0.19254834949970245
v 0.11755265295505524 0.09736505150794983 0.1935064047574997
v 0.09419795125722885 0.09474077820777893 0.14528006315231323
v 0.09408000856637955 0.09640999883413315 0.1432809978723526
v 0.09419500827789307 0.09518507868051529 0.14620906114578247
v 0.09583712369203568 0.09232581406831741 0.15574777126312256
v 0.09584803134202957 0.09170353412628174 0.15492592751979828
v 0.09508804231882095 0.09282664954662323 0.15203827619552612
v 0.09678909182548523 0.09139275550842285 0.15881139039993286
v 0.09582595527172089 0.09306694567203522 0.15647262334823608
v 0.1102975383400917 0.09199699759483337 0.18600434064865112
v 0.11262315511703491 0.0919574424624443 0.1888260543346405
v 0.1126464307308197 0.09041036665439606 0.18826182186603546
v 0.12020871788263321 0.09772422164678574 0.19595517218112946
v 0.12019544839859009 0.0993306040763855 0.19493919610977173
v 0.12295162677764893 0.09978778660297394 0.19720488786697388
v 0.1229586973786354 0.09812857210636139 0.19827847182750702
v 0.13192282617092133 0.10553064197301865 0.19821815192699432
v 0.13518433272838593 0.10608217865228653 0.19974537193775177
v 0.1351679116487503 0.10482742637395859 0.20159953832626343
v 0.138601616024971 0.10874766856431961 0.19709357619285583
v 0.14209632575511932 0.10922376811504364 0.19825398921966553
v 0.14205722510814667 0.10705924779176712 0.2024080753326416
v 0.1385272890329361 0.1039036363363266 0.20484963059425354
v 0.13515132665634155 0.10341610014438629 0.2033364474773407
v 0.16117775440216064 0.1198444813489914 0.15329451858997345
v 0.1572633534669876 0.11960942298173904 0.15319204330444336
v 0.15727147459983826 0.11982173472642899 0.1432809978723526
v 0.1611846685409546 0.12006048858165741 0.1432809978723526
v 0.16516324877738953 0.12024372816085815 0.1432809978723526
v 0.16515782475471497 0.12002266198396683 0.1533825397491455
v 0.17326873540878296 0.11518822610378265 0.18895410001277924
v 0.17326323688030243 0.1137777790427208 0.1938794106245041
v 0.16505137085914612 0.11399119347333908 0.19328449666500092
v 0.16908499598503113 0.10804145038127899 0.2077098786830902
v 0.16909946501255035 0.110391765832901 0.20317859947681427
v 0.17325137555599213 0.11011902987957001 0.20344722270965576
v 0.131837397813797 0.09431392699480057 0.2055100053548813
v 0.12873823940753937 0.09397046267986298 0.2035486251115799
v 0.1287422627210617 0.09502309560775757 0.20362363755702972
v 0.12297647446393967 0.09334734827280045 0.1992015242576599
v 0.1229800283908844 0.09237702190876007 0.19900649785995483
v 0.11760668456554413 0.09204751253128052 0.19415231049060822
v 0.12038802355527878 0.07985943555831909 0.18062274158000946
v 0.12305431813001633 0.07972501963376999 0.18220607936382294
v 0.12306620180606842 0.07851201295852661 0.1784442514181137
v 0.12036449462175369 0.08126328885555267 0.1841498166322708
v 0.1230417788028717 0.0811552032828331 0.185890793800354
v 0.12868671119213104 0.08398932963609695 0.1947529911994934
v 0.12869444489479065 0.08509334176778793 0.1965591311454773
v 0.1317652463912964 0.0852612629532814 0.19821815192699432
v 0.13844090700149536 0.09497497230768204 0.20899277925491333
v 0.14192518591880798 0.09526309370994568 0.2105080634355545
v 0.14191491901874542 0.09412959963083267 0.21024729311466217
v 0.13843126595020294 0.09386361390352249 0.20874176919460297
v 0.14190466701984406 0.09304238855838776 0.2098318338394165
v 0.1566145122051239 0.07627952843904495 0.17293931543827057
v 0.15657882392406464 0.07515662908554077 0.1630854308605194
v 0.14883621037006378 0.0754355639219284 0.16258183121681213
v 0.11308637261390686 0.07592209428548813 0.13676878809928894
v 0.1085725650191307 0.07762281596660614 0.1375710815191269
v 0.10858414322137833 0.07744874805212021 0.1432809978723526
v 0.09419335424900055 0.09553603827953339 0.13996483385562897
v 0.09419500827789307 0.09518507868051529 0.14035294950008392
v 0.09583712369203568 0.09232581406831741 0.13081423938274384
v 0.09582595527172089 0.09306694567203522 0.1300893872976303
v 0.09507480263710022 0.09386037290096283 0.13336172699928284
v 0.09677278250455856 0.0923086404800415 0.12684625387191772
v 0.0992470309138298 0.08966513723134995 0.12173660099506378
v 0.10073552280664444 0.08887998759746552 0.11880034953355789
v 0.10070265829563141 0.09028586745262146 0.11736518889665604
v 0.10065244138240814 0.09295138716697693 0.11595705896615982
v 0.1006355956196785 0.09396400302648544 0.11584330350160599
v 0.09786231070756912 0.09441132098436356 0.12249641865491867
v 0.11535341292619705 0.07838453352451324 0.11597421020269394
v 0.11785305291414261 0.07795608043670654 0.11454925686120987
v 0.11782493442296982 0.07894724607467651 0.11105892807245255
v 0.10230901837348938 0.09159582108259201 0.11309122294187546
v 0.10410258919000626 0.09125242382287979 0.1099705845117569
v 0.10408104956150055 0.09242846071720123 0.10956864058971405
v 0.11514655500650406 0.08633098006248474 0.09887757897377014
v 0.11271553486585617 0.08657773584127426 0.10135015845298767
v 0.11273816972970963 0.08554159104824066 0.10261932015419006
v 0.11759767681360245 0.09294393658638 0.09223731607198715
v 0.11758866906166077 0.09385479986667633 0.09217821061611176
v 0.11259983479976654 0.09359337389469147 0.09753449261188507
v 0.1347895860671997 0.07615076750516891 0.11653396487236023
v 0.12860195338726044 0.07588782906532288 0.11797168850898743
v 0.12858498096466064 0.07479728758335114 0.12636929750442505
v 0.12046754360198975 0.0760774314403534 0.12062396854162216
v 0.12309672683477402 0.07588252425193787 0.11967355757951736
v 0.12308751791715622 0.07661139219999313 0.11578906327486038
v 0.12577331066131592 0.0747460201382637 0.12691320478916168
v 0.12030156701803207 0.08607900142669678 0.09426391124725342
v 0.11767806857824326 0.086163729429245 0.09651309996843338
v 0.11769555509090424 0.08504224568605423 0.09794268757104874
v 0.12298358976840973 0.09143863618373871 0.08786839246749878
v 0.1229800283908844 0.09237702190876007 0.08755552023649216
v 0.11760668456554413 0.09204751253128052 0.09240970015525818
v 0.1257888376712799 0.08986544609069824 0.08662135899066925
v 0.12578928470611572 0.09074275940656662 0.08609315007925034
v 0.12298712879419327 0.09054043889045715 0.08828354626893997
v 0.15668725967407227 0.07903432101011276 0.09899512678384781
v 0.15666081011295319 0.0779518336057663 0.10384143888950348
v 0.16475623846054077 0.07717546075582504 0.10309549421072006
v 0.14173677563667297 0.08184361457824707 0.09264032542705536
v 0.14170058071613312 0.08036213368177414 0.0970785915851593
v 0.14899921417236328 0.08049729466438293 0.09545395523309708
v 0.149130180478096 0.08727043867111206 0.07995141297578812
v 0.14914998412132263 0.08873604238033295 0.07801394164562225
v 0.14185373485088348 0.0884978249669075 0.08033907413482666
v 0.14916996657848358 0.09041081368923187 0.07625779509544373
v 0.15684211254119873 0.08870988339185715 0.07625380903482437
v 0.15299725532531738 0.0934753492474556 0.07318326830863953
v 0.1530066877603531 0.09461241960525513 0.07273244857788086
v 0.14921022951602936 0.09451699256896973 0.0737679973244667
v 0.1568254828453064 0.08721522986888885 0.07825196534395218
v 0.1568090170621872 0.08589612692594528 0.0803699716925621
v 0.1648550182580948 0.08539022505283356 0.07923416793346405
v 0.1689804643392563 0.08257154375314713 0.08338341116905212
v 0.1731998473405838 0.08186057209968567 0.08311478048563004
v 0.17320610582828522 0.08427367359399796 0.07859278470277786
v 0.10061874985694885 0.09497661143541336 0.11595705896615982
v 0.10405948013067245 0.0936652198433876 0.10942598432302475
v 0.09418673813343048 0.09712144732475281 0.14080409705638885
v 0.09418828785419464 0.09686668962240219 0.14035294950008392
v 0.09913554787635803 0.09591952711343765 0.11952443420886993
v 0.09783997386693954 0.09592544287443161 0.12282224744558334
v 0.09785113483667374 0.09518605470657349 0.12258151173591614
v 0.0950218215584755 0.09854033589363098 0.13587364554405212
v 0.0945027768611908 0.09783156961202621 0.1383330225944519
v 0.09450862556695938 0.09732748568058014 0.13743160665035248
v 0.09431596100330353 0.09775925427675247 0.14028391242027283
v 0.09418535232543945 0.09731099009513855 0.14128194749355316
v 0.1149771437048912 0.09853246808052063 0.09652228653430939
v 0.11753474175930023 0.0989125669002533 0.09401365369558334
v 0.11751693487167358 0.1003008633852005 0.0951886996626854
v 0.11756164580583572 0.09653102606534958 0.09268683940172195
v 0.11755265295505524 0.09736505150794983 0.0930556133389473
v 0.11499831825494766 0.09704956412315369 0.09562252461910248
v 0.10211822390556335 0.10073252022266388 0.11773659288883209
v 0.10389047116041183 0.10125342011451721 0.11511160433292389
v 0.10385074466466904 0.1024455800652504 0.11725127696990967
v 0.09500135481357574 0.09949962794780731 0.1387728899717331
v 0.09501073509454727 0.0990942046046257 0.1373029500246048
v 0.09571912884712219 0.09997525811195374 0.1353325992822647
v 0.12579473853111267 0.10180241614580154 0.08859976381063461
v 0.12294459342956543 0.10126794874668121 0.09066704660654068
v 0.12295162677764893 0.09978778660297394 0.08935713022947311
v 0.12579338252544403 0.09945714473724365 0.08662135899066925
v 0.12579293549060822 0.09857983142137527 0.08609315007925034
v 0.12875838577747345 0.09905608743429184 0.08404185622930527
v 0.13189689815044403 0.10289397835731506 0.08487814664840698
v 0.13515132665634155 0.10341610014438629 0.0832255557179451
v 0.1351679116487503 0.10482742637395859 0.08496246486902237
v 0.1385272890329361 0.1039036363363266 0.08171237260103226
v 0.1420171707868576 0.10434448719024658 0.08033907413482666
v 0.1420373022556305 0.10578428208827972 0.08218748867511749
v 0.14220461249351501 0.11372829973697662 0.10158564150333405
v 0.1422366499900818 0.11478260159492493 0.1061401516199112
v 0.13533219695091248 0.1137506291270256 0.10773683339357376
v 0.16093425452709198 0.105435311794281 0.07558677345514297
v 0.16496703028678894 0.10533814877271652 0.0750623494386673
v 0.16497813165187836 0.1068718433380127 0.07708688080310822
v 0.16495586931705475 0.10358725488185883 0.07322505861520767
v 0.15317364037036896 0.11026487499475479 0.08552680909633636
v 0.1570424735546112 0.11045349389314651 0.08482696115970612
v 0.1570737063884735 0.11227933317422867 0.08945917338132858
v 0.1732865869998932 0.11892648041248322 0.11773698031902313
v 0.17328977584838867 0.11948016285896301 0.12282794713973999
v 0.1651425063610077 0.11934757977724075 0.12309698760509491
v 0.17329421639442444 0.12020142376422882 0.13304324448108673
v 0.14965203404426575 0.11897561699151993 0.13362173736095428
v 0.1572633534669876 0.11960942298173904 0.13336996734142303
v 0.1534287929534912 0.11952892690896988 0.1432809978723526
v 0.14966171979904175 0.11918352544307709 0.1432809978723526
v 0.1459750533103943 0.11878695338964462 0.1432809978723526
v 0.14236371219158173 0.11813435703516006 0.13394178450107574
v 0.17328284680843353 0.11823389679193497 0.11266277730464935
v 0.1651187241077423 0.11817993223667145 0.11305714398622513
v 0.15720468759536743 0.1178378239274025 0.11362271010875702
v 0.14237356185913086 0.1183406263589859 0.1432809978723526
v 0.13886195421218872 0.11784595996141434 0.1432809978723526
v 0.13543689250946045 0.11709815263748169 0.13433702290058136
v 0.1354450136423111 0.11730436235666275 0.1432809978723526
v 0.13212749361991882 0.11671727150678635 0.1432809978723526
v 0.12891049683094025 0.11587958037853241 0.13481448590755463
v 0.12891435623168945 0.11608608812093735 0.1432809978723526
v 0.12581057846546173 0.11541228741407394 0.1432809978723526
v 0.12282449007034302 0.11449198424816132 0.13538087904453278
v 0.12282107770442963 0.11469729244709015 0.1432809978723526
v 0.11995065212249756 0.11394252628087997 0.1432809978723526
v 0.11721272766590118 0.11294975876808167 0.13603544235229492
v 0.17327387630939484 0.1163829118013382 0.10258921980857849
v 0.16508786380290985 0.11644286662340164 0.10309549421072006
v 0.17326873540878296 0.11518822610378265 0.09760792553424835
v 0.16507023572921753 0.11531967669725418 0.09816227853298187
v 0.15713194012641907 0.11508303880691528 0.09899512678384781
v 0.15715838968753815 0.11616551876068115 0.10384143888950348
v 0.16510409116744995 0.11738947033882141 0.10806351900100708
v 0.1732785850763321 0.11739113181829453 0.1076110303401947
v 0.16501061618328094 0.11052889376878738 0.08375710248947144
v 0.16911345720291138 0.1123238205909729 0.0881052240729332
v 0.16503143310546875 0.11241555958986282 0.08846306055784225
v 0.17326323688030243 0.1137777790427208 0.0926826000213623
v 0.14946165680885315 0.11327830702066422 0.09545395523309708
v 0.15710361301898956 0.11380140483379364 0.09419411420822144
v 0.16505137085914612 0.11399119347333908 0.09327751398086548
v 0.14949540793895721 0.11453642696142197 0.10012880712747574
v 0.1495269387960434 0.11559876799583435 0.10484900325536728
v 0.1609898805618286 0.11054548621177673 0.08423766493797302
v 0.15696033835411072 0.10369761288166046 0.07443971931934357
v 0.1569519340991974 0.10274838656187057 0.07363303750753403
v 0.16091285645961761 0.10274650156497955 0.07294218987226486
v 0.16495026648044586 0.10261669754981995 0.07240811735391617
v 0.16092000901699066 0.10370611399412155 0.07375632226467133
v 0.1569771021604538 0.1054074689745903 0.07625380903482437
v 0.15699371695518494 0.1069021224975586 0.07825196534395218
v 0.16498909890651703 0.10822810977697372 0.07923416793346405
v 0.15313765406608582 0.10805550962686539 0.08112554997205734
v 0.15701018273830414 0.10822122544050217 0.0803699716925621
v 0.16096240282058716 0.1082834005355835 0.07973980903625488
v 0.1456546038389206 0.10746405273675919 0.08301661908626556
v 0.14205722510814667 0.10705924779176712 0.08415393531322479
v 0.14569421112537384 0.10964109003543854 0.0872654989361763
v 0.14209632575511932 0.10922376811504364 0.08830802142620087
v 0.15308213233947754 0.10357849299907684 0.07527397572994232
v 0.14929090440273285 0.10336478799581528 0.07625779509544373
v 0.1492808759212494 0.1024361401796341 0.07547813653945923
v 0.14559346437454224 0.1030694916844368 0.07738988101482391
v 0.1419866979122162 0.1017986312508583 0.07792967557907104
v 0.14925064146518707 0.09925860911607742 0.0737679973244667
v 0.1492607295513153 0.10038062930107117 0.0742090493440628
v 0.14196623861789703 0.09979992359876633 0.07673018425703049
v 0.14561402797698975 0.10472700744867325 0.07910611480474472
v 0.14933069050312042 0.10650517046451569 0.07995141297578812
v 0.1493108719587326 0.1050395667552948 0.07801394164562225
v 0.15310078859329224 0.10527049750089645 0.07706302404403687
v 0.14935031533241272 0.10779953002929688 0.08200746774673462
v 0.14938880503177643 0.10999099910259247 0.08633904159069061
v 0.14942601323127747 0.11178384721279144 0.09084519743919373
v 0.12579825520515442 0.1064382791519165 0.09532569348812103
v 0.12882031500339508 0.10879583656787872 0.0975346639752388
v 0.12290406227111816 0.10751382261514664 0.10067122429609299
v 0.13521654903888702 0.10822144895792007 0.09074857085943222
v 0.13524770736694336 0.10998246818780899 0.09486375004053116
v 0.13194812834262848 0.10765409469604492 0.0921502634882927
v 0.128805473446846 0.10705609619617462 0.09367536753416061
v 0.13856489956378937 0.1065952405333519 0.08542030304670334
v 0.13188378512859344 0.10131862759590149 0.08337520062923431
v 0.13512621819972992 0.10093693435192108 0.08097388595342636
v 0.13513460755348206 0.10181694477796555 0.08166291564702988
v 0.13849866390228271 0.10138954222202301 0.07937856018543243
v 0.13850823044776917 0.1022832989692688 0.08009374141693115
v 0.14199687540531158 0.10270490497350693 0.07866896688938141
v 0.13848906755447388 0.100436270236969 0.0787476897239685
v 0.1419764757156372 0.10083051770925522 0.07727666944265366
v 0.14927081763744354 0.10144177079200745 0.07478797435760498
v 0.1649446338415146 0.10157724469900131 0.07168392091989517
v 0.12877437472343445 0.10235126316547394 0.08666970580816269
v 0.12579382956027985 0.100285604596138 0.08722396194934845
v 0.12876640260219574 0.10080309957265854 0.0852293148636818
v 0.1287624090909958 0.09995540231466293 0.08459700644016266
v 0.13187718391418457 0.10045386105775833 0.08271393924951553
v 0.1318705826997757 0.09953474253416061 0.08213242888450623
v 0.1351177841424942 0.09999991953372955 0.08036699146032333
v 0.13510935008525848 0.09900572896003723 0.07986065000295639
v 0.12579652667045593 0.10436145216226578 0.09179457277059555
v 0.12879011034965515 0.1049528568983078 0.0900028645992279
v 0.13192282617092133 0.10553064197301865 0.08834385871887207
v 0.11749926209449768 0.10154587030410767 0.09651309996843338
v 0.12015623599290848 0.10321007668972015 0.09577066451311111
v 0.1174817681312561 0.10266735404729843 0.09794268757104874
v 0.12013082951307297 0.10520616173744202 0.09899966418743134
v 0.11744745075702667 0.10460752248764038 0.10101175308227539
v 0.1287543773651123 0.09810540825128555 0.08358030021190643
v 0.12019544839859009 0.0993306040763855 0.09162281453609467
v 0.12020871788263321 0.09772422164678574 0.09060682356357574
v 0.1229586973786354 0.09812857210636139 0.08828354626893997
v 0.12296225130558014 0.09723038971424103 0.08786839246749878
v 0.1287822723388672 0.10372545570135117 0.08827859163284302
v 0.12293761968612671 0.10258910804986954 0.09213724732398987
v 0.12293071299791336 0.1037745475769043 0.09371893852949142
v 0.12291716784238815 0.1058163121342659 0.09710206091403961
v 0.14213413000106812 0.11099869012832642 0.09264032542705536
v 0.138601616024971 0.10874766856431961 0.08946843445301056
v 0.13518433272838593 0.10608217865228653 0.08681663870811462
v 0.11741426587104797 0.1062278300523758 0.10426051169633865
v 0.11720409244298935 0.11314940452575684 0.1432809978723526
v 0.11458628624677658 0.11231936514377594 0.1432809978723526
v 0.11211328953504562 0.1112646535038948 0.13676878809928894
v 0.11210210621356964 0.1114538311958313 0.1432809978723526
v 0.10975643992424011 0.11055423319339752 0.1432809978723526
v 0.10756571590900421 0.10944794118404388 0.1375710815191269
v 0.10755414515733719 0.10962200909852982 0.1432809978723526
v 0.10550010204315186 0.10865858197212219 0.1432809978723526
v 0.10360951721668243 0.10751088708639145 0.13843245804309845
v 0.10363873839378357 0.10704346001148224 0.13360066711902618
v 0.10368414223194122 0.10624516755342484 0.1288062483072281
v 0.10759840160608292 0.10892033576965332 0.13188019394874573
v 0.10764919966459274 0.10801707208156586 0.12623175978660583
v 0.11214488744735718 0.1106901690363884 0.13027732074260712
v 0.11219397187232971 0.10970421135425568 0.12383206188678741
v 0.1172371432185173 0.11234232783317566 0.12881162762641907
v 0.11727507412433624 0.11129719763994217 0.1216362789273262
v 0.12283413112163544 0.11386611312627792 0.12750272452831268
v 0.12284910678863525 0.11278649419546127 0.11967355757951736
v 0.12889957427978516 0.1152488961815834 0.12636929750442505
v 0.12888260185718536 0.11415836215019226 0.11797168850898743
v 0.1354139894247055 0.11646774411201477 0.12541310489177704
v 0.1353783756494522 0.11537611484527588 0.11653396487236023
v 0.142335906624794 0.11750363558530807 0.1246212050318718
v 0.14229270815849304 0.11641097068786621 0.11534237861633301
v 0.14962466061115265 0.11834003031253815 0.12398017942905426
v 0.1495821177959442 0.11723921447992325 0.11437820643186569
v 0.1572403758764267 0.11896072328090668 0.12347658723592758
v 0.09568092972040176 0.10116089135408401 0.1432809978723526
v 0.09568367153406143 0.10108913481235504 0.1412726491689682
v 0.09656117111444473 0.10230275243520737 0.1432809978723526
v 0.09656517207622528 0.10221493244171143 0.1407797932624817
v 0.09762368351221085 0.10342340171337128 0.1432809978723526
v 0.09762904793024063 0.10332036763429642 0.14029307663440704
v 0.0988636165857315 0.10452142357826233 0.1432809978723526
v 0.09887035191059113 0.10440406948328018 0.13981376588344574
v 0.10027607530355453 0.10559537261724472 0.1432809978723526
v 0.100284144282341 0.10546465218067169 0.13934306800365448
v 0.10185621678829193 0.10664384067058563 0.1432809978723526
v 0.1035991758108139 0.10766538977622986 0.1432809978723526
v 0.0941832885146141 0.09754643589258194 0.14227254688739777
v 0.09431142359972 0.0981098860502243 0.14176908135414124
v 0.09448672086000443 0.09881928563117981 0.1432809978723526
v 0.09569143503904343 0.10087317228317261 0.13927167654037476
v 0.0965765044093132 0.10195043683052063 0.1382877230644226
v 0.09764419496059418 0.10300979018211365 0.1373160183429718
v 0.09888939559459686 0.10405002534389496 0.13635900616645813
v 0.10030697286128998 0.10506988316774368 0.13541914522647858
v 0.16515782475471497 0.12002266198396683 0.1331794708967209
v 0.09498781710863113 0.09999926388263702 0.1432809978723526
v 0.09499412029981613 0.09977926313877106 0.14026543498039246
v 0.09570349007844925 0.10050694644451141 0.1372871696949005
v 0.09659408777952194 0.10150135308504105 0.1358160376548767
v 0.09766773134469986 0.10248187184333801 0.1343630999326706
v 0.09891898930072784 0.10344749689102173 0.13293200731277466
v 0.10034243762493134 0.10439726710319519 0.1315264254808426
v 0.10193263739347458 0.10533018410205841 0.1301499605178833
v 0.09449753165245056 0.09820592403411865 0.13928766548633575
v 0.09449310600757599 0.09848037362098694 0.14026951789855957
v 0.0944896936416626 0.09866993874311447 0.14126655459403992
v 0.09661690890789032 0.1008484959602356 0.13338138163089752
v 0.09769826382398605 0.10171330720186234 0.13145408034324646
v 0.0989573746919632 0.10256912559270859 0.12955549359321594
v 0.10038842260837555 0.1034153625369072 0.127690389752388
v 0.10198560357093811 0.10425139218568802 0.12586355209350586
v 0.10374302417039871 0.10507649183273315 0.12407977879047394
v 0.10771508514881134 0.1066909059882164 0.12066053599119186
v 0.11225765198469162 0.10825235396623611 0.11747093498706818
v 0.11732427030801773 0.10975351929664612 0.11454925686120987
v 0.12286853790283203 0.11118688434362411 0.11193375289440155
v 0.12886059284210205 0.11253766715526581 0.10966101288795471
v 0.10783559828996658 0.1036917045712471 0.11260105669498444
v 0.11248412728309631 0.10060901939868927 0.10135015845298767
v 0.11491452902555466 0.10214586555957794 0.10022792965173721
v 0.11246149241924286 0.10164515674114227 0.10261932015419006
v 0.1148739606142044 0.10402030497789383 0.10313162207603455
v 0.11253004521131516 0.09818915277719498 0.09914135932922363
v 0.11501958221197128 0.09542188793420792 0.09501750767230988
v 0.11257650703191757 0.09522931277751923 0.0977359488606453
v 0.11258815973997116 0.09441746026277542 0.09758586436510086
v 0.11255323141813278 0.09677638858556747 0.09830018132925034
v 0.11022491753101349 0.09654410928487778 0.10108120739459991
v 0.11024908721446991 0.09508274495601654 0.10055766254663467
v 0.10804501175880432 0.09498055279254913 0.10347526520490646
v 0.10401639342308044 0.09607801586389542 0.1099705845117569
v 0.10802092403173447 0.09635134786367416 0.10395819693803787
v 0.11757964640855789 0.09476567059755325 0.09223731607198715
v 0.11757064610719681 0.09566209465265274 0.09240970015525818
v 0.10797308385372162 0.0987456813454628 0.1055758148431778
v 0.11017689853906631 0.0990893766283989 0.10282932221889496
v 0.10794942080974579 0.09977316856384277 0.10659079253673553
v 0.11015316098928452 0.1001788005232811 0.10392363369464874
v 0.10792598873376846 0.10070435702800751 0.10769221186637878
v 0.11012964695692062 0.1011648029088974 0.10510976612567902
v 0.11008352786302567 0.10287996381521225 0.10766767710447311
v 0.112417072057724 0.10344447195529938 0.1053525060415268
v 0.1039736270904541 0.09814240038394928 0.11132443696260452
v 0.10590282827615738 0.09843046218156815 0.10840995609760284
v 0.10395248234272003 0.09903234243392944 0.11217734962701797
v 0.10588008165359497 0.09939136356115341 0.10934443771839142
v 0.10393154621124268 0.09984081983566284 0.11310476064682007
v 0.10585756599903107 0.10026329755783081 0.1103595644235611
v 0.1058133915066719 0.10178468376398087 0.11255396157503128
v 0.10788004100322723 0.10232673585414886 0.11007040739059448
v 0.11250699311494827 0.09946253150701523 0.10017776489257812
v 0.10799693316221237 0.097608283162117 0.1046813577413559
v 0.1039949432015419 0.09716004133224487 0.11057473719120026
v 0.10219302028417587 0.09788009524345398 0.11431194096803665
v 0.10058517754077911 0.09683169424533844 0.11676260083913803
v 0.1102733165025711 0.09353987127542496 0.10037104785442352
v 0.10806914418935776 0.09353537112474442 0.10330339521169662
v 0.10403791815042496 0.09490197151899338 0.10956864058971405
v 0.1006019338965416 0.0959414690732956 0.11627829819917679
v 0.14217033982276917 0.11248017847537994 0.0970785915851593
v 0.13527755439281464 0.11145593225955963 0.0990896001458168
v 0.1288345456123352 0.11025622487068176 0.10150852799415588
v 0.12289151549339294 0.10894400626420975 0.10435592383146286
v 0.1173824816942215 0.10759754478931427 0.10762190073728561
v 0.11233298480510712 0.10623215138912201 0.11126165837049484
v 0.11237411946058273 0.10495305061340332 0.10825396329164505
v 0.10779302567243576 0.10485219210386276 0.11522845923900604
v 0.10381270200014114 0.10346169024705887 0.1194755956530571
v 0.10208248347043991 0.10182826220989227 0.11967426538467407
v 0.1005035862326622 0.10022152960300446 0.12042219936847687
v 0.09573762118816376 0.09924773126840591 0.13343177735805511
v 0.09664390236139297 0.09995373338460922 0.13101327419281006
v 0.09773436933755875 0.10065831989049911 0.12862397730350494
v 0.09900277853012085 0.1013614609837532 0.12626972794532776
v 0.10044284164905548 0.1020631417632103 0.1239563524723053
v 0.09575828164815903 0.09826447814702988 0.13163608312606812
v 0.09576918184757233 0.0976421907544136 0.13081423938274384
v 0.09667403250932693 0.09874220937490463 0.12877537310123444
v 0.09668994694948196 0.09797421842813492 0.12775062024593353
v 0.0977746844291687 0.09922711551189423 0.12594830989837646
v 0.09779597818851471 0.09831834584474564 0.12472237646579742
v 0.09905347228050232 0.09971997141838074 0.1231616884469986
v 0.09908024221658707 0.09867586195468903 0.12173660099506378
v 0.10053566098213196 0.09904801845550537 0.11880034953355789
v 0.1021551713347435 0.09943601489067078 0.11592071503400803
v 0.0978178083896637 0.09723303467035294 0.12363964319229126
v 0.0991215705871582 0.09670819342136383 0.11994855850934982
v 0.09910766780376434 0.09742703288793564 0.1204768493771553
v 0.10056854039430618 0.09764212369918823 0.11736518889665604
v 0.09578036516904831 0.096901074051857 0.1300893872976303
v 0.09670624881982803 0.09705833345651627 0.12684625387191772
v 0.13530579209327698 0.11269925534725189 0.10338801890611649
v 0.12884800136089325 0.1114913746714592 0.10555826127529144
v 0.12287963926792145 0.11015701293945312 0.10811775922775269
v 0.11735238879919052 0.10876235365867615 0.11105892807245255
v 0.112294040620327 0.107322558760643 0.11434098333120346
v 0.1077527329325676 0.10584373772144318 0.11792132258415222
v 0.10377668589353561 0.10433173924684525 0.12175733596086502
v 0.10204827785491943 0.10276328772306442 0.12168969213962555
v 0.10047256201505661 0.10121467709541321 0.12215409427881241
v 0.09902757406234741 0.10060475021600723 0.12468444555997849
v 0.0977540910243988 0.09999816864728928 0.1272590011358261
v 0.0966586321592331 0.09939459711313248 0.1298714578151703
v 0.09574773162603378 0.09879370033740997 0.13251546025276184
v 0.09503420442342758 0.09779316186904907 0.13452373445034027
v 0.09504075348377228 0.0973210260272026 0.13390617072582245
v 0.0945148766040802 0.09663160145282745 0.1366559863090515
v 0.09504745900630951 0.09675943851470947 0.13336172699928284
v 0.09419165551662445 0.09602588415145874 0.1397739201784134
v 0.09418994933366776 0.09651573747396469 0.13996483385562897
v 0.09451808780431747 0.09617912769317627 0.13638266921043396
v 0.09452132880687714 0.09565819054841995 0.13627420365810394
v 0.0950542613863945 0.0960860550403595 0.13295195996761322
v 0.09506113082170486 0.09530990570783615 0.1327892392873764
v 0.09579171240329742 0.09601113945245743 0.12954340875148773
v 0.0958031490445137 0.09498400241136551 0.12932635843753815
v 0.09672281891107559 0.09595679491758347 0.12616436183452606
v 0.0967395231127739 0.09468348324298859 0.12589296698570251
v 0.16084803640842438 0.0922728180885315 0.07222042232751846
v 0.16489946842193604 0.09204108268022537 0.07168392091989517
v 0.1608552187681198 0.09337147325277328 0.07161392271518707
v 0.1649051159620285 0.09315088391304016 0.07107537984848022
v 0.16086241602897644 0.0945345014333725 0.07115110009908676
v 0.16491076350212097 0.09432521462440491 0.07061098515987396
v 0.16086964309215546 0.09575080126523972 0.07085966318845749
v 0.16491641104221344 0.0955529659986496 0.07031849771738052
v 0.16087684035301208 0.09699545055627823 0.07075872272253036
v 0.16492204368114471 0.09680916368961334 0.07021719217300415
v 0.1608840525150299 0.09824009239673615 0.07085966318845749
v 0.16492770612239838 0.09806536138057709 0.07031849771738052
v 0.16089127957820892 0.09945639222860336 0.07115110009908676
v 0.16493335366249084 0.09929311275482178 0.07061098515987396
v 0.16089847683906555 0.10061942785978317 0.07161392271518707
v 0.1649390012025833 0.10046744346618652 0.07107537984848022
v 0.160905659198761 0.10171808302402496 0.07222042232751846
v 0.15687572956085205 0.0923864096403122 0.07291803508996964
v 0.15688417851924896 0.093473419547081 0.07231739163398743
v 0.15689264237880707 0.0946240946650505 0.0718592032790184
v 0.15690112113952637 0.0958273857831955 0.07157076895236969
v 0.15690959990024567 0.09705867618322372 0.07147090137004852
v 0.15691807866096497 0.09828996658325195 0.07157076895236969
v 0.15692657232284546 0.09949325770139694 0.0718592032790184
v 0.15693503618240356 0.10064394026994705 0.07231739163398743
v 0.15694348514080048 0.10173093527555466 0.07291803508996964
v 0.16486598551273346 0.08674648404121399 0.07708688080310822
v 0.16487707197666168 0.08828018605709076 0.0750623494386673
v 0.16081944108009338 0.08855558186769485 0.07558677345514297
v 0.16483348608016968 0.0830894336104393 0.08375710248947144
v 0.16899491846561432 0.08492186665534973 0.07885213196277618
v 0.16900227963924408 0.08630384504795074 0.07670401781797409
v 0.1732093095779419 0.08568768948316574 0.07645390927791595
v 0.169009730219841 0.08786321431398392 0.07468102127313614
v 0.17321252822875977 0.0872783362865448 0.07444323599338531
v 0.1690172404050827 0.08963902294635773 0.07284723222255707
v 0.17321577668190002 0.08908339589834213 0.07262413203716278
v 0.16902101039886475 0.0906214639544487 0.07203251868486404
v 0.17321741580963135 0.0900791585445404 0.07181714475154877
v 0.16902479529380798 0.09167233109474182 0.07131064683198929
v 0.17321905493736267 0.09114224463701248 0.07110274583101273
v 0.16902856528759003 0.0927930399775505 0.07070429623126984
v 0.173220694065094 0.092274010181427 0.07050316780805588
v 0.16903236508369446 0.09397780895233154 0.07024168223142624
v 0.17322233319282532 0.09346868097782135 0.07004599273204803
v 0.1690361499786377 0.09521561861038208 0.06995031237602234
v 0.17322397232055664 0.09471538662910461 0.06975816190242767
v 0.16903994977474213 0.09648165851831436 0.0698494017124176
v 0.17322562634944916 0.09598979353904724 0.06965847313404083
v 0.16904374957084656 0.09774769097566605 0.06995031237602234
v 0.1732272505760193 0.09726420789957047 0.06975816190242767
v 0.169047549366951 0.09898550063371658 0.07024168223142624
v 0.1732289046049118 0.09851092100143433 0.07004599273204803
v 0.16905134916305542 0.10017026960849762 0.07070429623126984
v 0.17323055863380432 0.09970559179782867 0.07050316780805588
v 0.16905513405799866 0.1012909859418869 0.07131064683198929
v 0.17323218286037445 0.1008373573422432 0.07110274583101273
v 0.1690589040517807 0.10234184563159943 0.07203251868486404
v 0.17323383688926697 0.10190044343471527 0.07181714475154877
v 0.16906268894672394 0.103324294090271 0.07284723222255707
v 0.1732354611158371 0.10289620608091354 0.07262413203716278
v 0.16907018423080444 0.10510009527206421 0.07468102127313614
v 0.17323870956897736 0.10470125824213028 0.07444323599338531
v 0.16907763481140137 0.10665946453809738 0.07670401781797409
v 0.17324194312095642 0.10629191249608994 0.07645390927791595
v 0.16908499598503113 0.10804145038127899 0.07885213196277618
v 0.1732451319694519 0.10770592093467712 0.07859278470277786
v 0.17325137555599213 0.11011902987957001 0.08311478048563004
v 0.15685886144638062 0.09041973948478699 0.07443971931934357
v 0.1608336865901947 0.09028477966785431 0.07375632226467133
v 0.16488823294639587 0.09003107249736786 0.07322505861520767
v 0.1492203325033188 0.0956890806555748 0.073490671813488
v 0.15301613509655 0.09580101817846298 0.07244878262281418
v 0.14923043549060822 0.09688779711723328 0.07339475303888321
v 0.1530255824327469 0.09701702743768692 0.07235062122344971
v 0.14924055337905884 0.09808652102947235 0.073490671813488
v 0.15303504467010498 0.09823303669691086 0.07244878262281418
v 0.15304449200630188 0.09942163527011871 0.07273244857788086
v 0.1530539095401764 0.10055870562791824 0.07318326830863953
v 0.1530633419752121 0.10163328051567078 0.07377459108829498
v 0.14917999505996704 0.09133946895599365 0.07547813653945923
v 0.15686728060245514 0.09136896580457687 0.07363303750753403
v 0.16084083914756775 0.0912443995475769 0.07294218987226486
v 0.16489385068416595 0.09100162982940674 0.07240811735391617
v 0.14195598661899567 0.09871271252632141 0.07631472498178482
v 0.14554163813591003 0.09786424785852432 0.07469340413808823
v 0.14553123712539673 0.09668485075235367 0.0746002048254013
v 0.14552083611488342 0.09550546109676361 0.07469340413808823
v 0.1455104500055313 0.09435172379016876 0.0749630406498909
v 0.14920012652873993 0.09339497983455658 0.0742090493440628
v 0.15298783779144287 0.09240077435970306 0.07377459108829498
v 0.13510090112686157 0.09796010702848434 0.0794767439365387
v 0.1419457197189331 0.09757921099662781 0.0760539323091507
v 0.14193546772003174 0.09642115235328674 0.07596386224031448
v 0.14192518591880798 0.09526309370994568 0.0760539323091507
v 0.14191491901874542 0.09412959963083267 0.07631472498178482
v 0.14190466701984406 0.09304238855838776 0.07673018425703049
v 0.1491900533437729 0.0923338383436203 0.07478797435760498
v 0.1418740302324295 0.09013739973306656 0.07866896688938141
v 0.1418842226266861 0.09104367345571518 0.07792967557907104
v 0.14893391728401184 0.0781768411397934 0.10484900325536728
v 0.14896546304225922 0.07923917472362518 0.10012880712747574
v 0.12875033915042877 0.09710894525051117 0.08323140442371368
v 0.13509243726730347 0.09687281399965286 0.07923626899719238
v 0.13845054805278778 0.09610969573259354 0.07748262584209442
v 0.13844090700149536 0.09497497230768204 0.07756923139095306
v 0.13843126595020294 0.09386361390352249 0.07782024145126343
v 0.1384216547012329 0.09279631823301315 0.07822051644325256
v 0.14189442992210388 0.09201179444789886 0.07727666944265366
v 0.13505017757415771 0.09152695536613464 0.08036699146032333
v 0.13505861163139343 0.09252115339040756 0.07986065000295639
v 0.13506707549095154 0.09356676042079926 0.0794767439365387
v 0.13507552444934845 0.09465406835079193 0.07923626899719238
v 0.13508398830890656 0.0957634374499321 0.07915335893630981
v 0.1287221610546112 0.0900907963514328 0.08459700644016266
v 0.1350417584180832 0.09058994799852371 0.08097388595342636
v 0.13181748986244202 0.09125716984272003 0.08213242888450623
v 0.12872616946697235 0.0909901037812233 0.08404185622930527
v 0.13182412087917328 0.09223059564828873 0.081648088991642
v 0.1287301778793335 0.09194078296422958 0.08358030021190643
v 0.13183075189590454 0.09325263649225235 0.08128140866756439
v 0.12873421609401703 0.09293724596500397 0.08323140442371368
v 0.131837397813797 0.09431392699480057 0.08105199784040451
v 0.12873823940753937 0.09397046267986298 0.0830133855342865
v 0.13184402883052826 0.09539595246315002 0.08097297698259354
v 0.1287422627210617 0.09502309560775757 0.08293836563825607
v 0.13503336906433105 0.08970993012189865 0.08166291564702988
v 0.1317911595106125 0.08789793401956558 0.08487814664840698
v 0.13501663506031036 0.0881107822060585 0.0832255557179451
v 0.13177815079689026 0.08650367707014084 0.08655274659395218
v 0.1350000500679016 0.08669944852590561 0.08496246486902237
v 0.1257883757352829 0.0890369862318039 0.08722396194934845
v 0.1287141591310501 0.0884455069899559 0.08592395484447479
v 0.12871815264225006 0.0892430990934372 0.0852293148636818
v 0.13180430233478546 0.08947328478097916 0.08337520062923431
v 0.12874631583690643 0.09607572853565216 0.0830133855342865
v 0.12579110264778137 0.09466129541397095 0.08504641801118851
v 0.12579065561294556 0.09364019334316254 0.085117407143116
v 0.12579019367694855 0.09263718873262405 0.08532389998435974
v 0.12578974664211273 0.091668501496315 0.08565476536750793
v 0.12297647446393967 0.09334734827280045 0.08736049383878708
v 0.12297291308641434 0.09433450549840927 0.08729350566864014
v 0.1229693591594696 0.09532167762517929 0.08736049383878708
v 0.12296580523252487 0.09629200398921967 0.08755552023649216
v 0.12869444489479065 0.08509334176778793 0.0900028645992279
v 0.1287022829055786 0.08632074296474457 0.08827859163284302
v 0.12578658759593964 0.08616995811462402 0.09014029800891876
v 0.12578746676445007 0.08752016723155975 0.08859976381063461
v 0.12300124019384384 0.08740106970071793 0.09066704660654068
v 0.125785693526268 0.08496113121509552 0.09179457277059555
v 0.12578482925891876 0.08387178927659988 0.09353010356426239
v 0.12868671119213104 0.08398932963609695 0.09180902689695358
v 0.1349514275789261 0.08330543339252472 0.09074857085943222
v 0.13492026925086975 0.0815444141626358 0.09486375004053116
v 0.12301512062549591 0.08489447087049484 0.09371893852949142
v 0.1230219379067421 0.0838242769241333 0.09538073092699051
v 0.12578395009040833 0.08288431167602539 0.09532569348812103
v 0.12302866578102112 0.08285270631313324 0.09710206091403961
v 0.1230417788028717 0.0811552032828331 0.10067122429609299
v 0.12036449462175369 0.08126328885555267 0.10241219401359558
v 0.12038802355527878 0.07985943555831909 0.10593926906585693
v 0.11779484152793884 0.08011206239461899 0.10762190073728561
v 0.12300821393728256 0.0860799178481102 0.09213724732398987
v 0.12031450867652893 0.08492274582386017 0.09577066451311111
v 0.12032730877399445 0.08387718349695206 0.09735587984323502
v 0.11772987246513367 0.08310208469629288 0.10101175308227539
v 0.12033991515636444 0.0829266756772995 0.09899966418743134
v 0.11776305735111237 0.08148177713155746 0.10426051169633865
v 0.1731683909893036 0.07374569773674011 0.11266277730464935
v 0.17317737638950348 0.07559668272733688 0.10258921980857849
v 0.16890782117843628 0.07471810281276703 0.11283973604440689
v 0.16892854869365692 0.07650476694107056 0.10281377285718918
v 0.1647253781557083 0.07543839514255524 0.11305714398622513
v 0.1566145122051239 0.07627952843904495 0.11362271010875702
v 0.14887873828411102 0.0765363872051239 0.11437820643186569
v 0.14157821238040924 0.07643134146928787 0.11534237861633301
v 0.17316147685050964 0.07249943912029266 0.12282794713973999
v 0.1688918173313141 0.07351624220609665 0.12294948846101761
v 0.16470159590244293 0.07427074760198593 0.12309698760509491
v 0.15657882392406464 0.07515662908554077 0.12347658723592758
v 0.14883621037006378 0.0754355639219284 0.12398017942905426
v 0.14153499901294708 0.07533866912126541 0.1246212050318718
v 0.1347539722919464 0.07505913823843002 0.12541310489177704
v 0.13489042222499847 0.08007095009088516 0.0990896001458168
v 0.14166629314422607 0.07911401242017746 0.10158564150333405
v 0.13486216962337494 0.0788276270031929 0.10338801890611649
v 0.1416342705488205 0.07805971056222916 0.1061401516199112
v 0.13483577966690063 0.07777624577283859 0.10773683339357376
v 0.17315702140331268 0.07177817821502686 0.13304324448108673
v 0.16888153553009033 0.07282105088233948 0.13310499489307404
v 0.16468629240989685 0.07359565794467926 0.1331794708967209
v 0.15655586123466492 0.0745079293847084 0.13336996734142303
v 0.14880883693695068 0.07479999214410782 0.13362173736095428
v 0.14150719344615936 0.07470794767141342 0.13394178450107574
v 0.13473105430603027 0.07442872226238251 0.13433702290058136
v 0.12857405841350555 0.07416661083698273 0.13481448590755463
v 0.12312133610248566 0.07417702674865723 0.13538087904453278
v 0.12049562484025955 0.07501190900802612 0.12813635170459747
v 0.11794018000364304 0.0753672793507576 0.12881162762641907
v 0.11796459555625916 0.07475984841585159 0.13603544235229492
v 0.12312475591897964 0.07397172600030899 0.1432809978723526
v 0.12857019901275635 0.07396010309457779 0.1432809978723526
v 0.13472294807434082 0.07422251254320145 0.1432809978723526
v 0.14149735867977142 0.07450167834758759 0.1432809978723526
v 0.1487991362810135 0.07459208369255066 0.1432809978723526
v 0.15654772520065308 0.07429561764001846 0.1432809978723526
v 0.1646808683872223 0.07337460666894913 0.1432809978723526
v 0.11261149495840073 0.09276928752660751 0.09758586436510086
v 0.1150621846318245 0.09197358787059784 0.09501750767230988
v 0.11761568486690521 0.09117858111858368 0.09268683940172195
v 0.1202620267868042 0.09040860086679459 0.09060682356357574
v 0.1229906752705574 0.089687779545784 0.0887845978140831
v 0.1126464307308197 0.09041036665439606 0.09830018132925034
v 0.11266962438821793 0.08899760246276855 0.09914135932922363
v 0.11508344858884811 0.09034591168165207 0.09562252461910248
v 0.11510462313890457 0.08886300772428513 0.09652228653430939
v 0.1176336407661438 0.0895504429936409 0.09350205957889557
v 0.11764258146286011 0.08879704028367996 0.09401365369558334
v 0.12027529627084732 0.08880223333835602 0.09162281453609467
v 0.11262315511703491 0.0919574424624443 0.0977359488606453
v 0.1150728240609169 0.09114354848861694 0.09527692198753357
v 0.1176246702671051 0.09034455567598343 0.0930556133389473
v 0.12026866525411606 0.08958372473716736 0.09108062088489532
v 0.12299420684576035 0.0888812318444252 0.08935713022947311
v 0.1102975383400917 0.09199699759483337 0.10055766254663467
v 0.11032171547412872 0.09053563326597214 0.10108120739459991
v 0.11269266903400421 0.0877242162823677 0.10017776489257812
v 0.11512567847967148 0.08752941340208054 0.09762845188379288
v 0.11766039580106735 0.08740875124931335 0.0951886996626854
v 0.12028848379850388 0.08736500144004822 0.09286579489707947
v 0.12578792870044708 0.08825615048408508 0.0878869816660881
v 0.12871018052101135 0.0876949280500412 0.08666970580816269
v 0.1103934794664383 0.08690094202756882 0.10392363369464874
v 0.1103697270154953 0.08799036592245102 0.10282932221889496
v 0.1081652045249939 0.08832507580518723 0.1055758148431778
v 0.11034578830003738 0.0891982689499855 0.10186351090669632
v 0.10814135521650314 0.08946247398853302 0.1046813577413559
v 0.10811735689640045 0.09071940928697586 0.10395819693803787
v 0.1080932766199112 0.09209020435810089 0.10347526520490646
v 0.1041240319609642 0.09017039090394974 0.11057473719120026
v 0.10232830047607422 0.09060772508382797 0.11363554000854492
v 0.104145348072052 0.08918803185224533 0.11132443696260452
v 0.1006692573428154 0.0919865295290947 0.11627829819917679
v 0.11528460681438446 0.08047853410243988 0.10939797759056091
v 0.11524704098701477 0.08180657774209976 0.10620987415313721
v 0.11520780622959137 0.08337516337633133 0.10313162207603455
v 0.11516724526882172 0.08524961769580841 0.10022792965173721
v 0.11278259009122849 0.08374227583408356 0.1053525060415268
v 0.11282554268836975 0.08223369717597961 0.10825396329164505
v 0.11286667734384537 0.08095460385084152 0.11126165837049484
v 0.10608751326799393 0.08872543275356293 0.10840995609760284
v 0.10818886011838913 0.08729758858680725 0.10659079253673553
v 0.11041697859764099 0.08591493964195251 0.10510976612567902
v 0.11046311259269714 0.08419977873563766 0.10766767710447311
v 0.11050771921873093 0.08275917917490005 0.11038646101951599
v 0.1105504259467125 0.08153603225946426 0.11320709437131882
v 0.11290562152862549 0.07986418902873993 0.11434098333120346
v 0.0978734940290451 0.09363659471273422 0.12258151173591614
v 0.09919173270463943 0.09242146462202072 0.11952443420886993
v 0.10068599879741669 0.09109631180763245 0.11676260083913803
v 0.1023474782705307 0.08970935642719269 0.11431194096803665
v 0.10238533467054367 0.0881534218788147 0.11592071503400803
v 0.10418743640184402 0.08748961985111237 0.11310476064682007
v 0.10242226719856262 0.08685693144798279 0.11773659288883209
v 0.10422850400209427 0.0860770121216774 0.11511160433292389
v 0.10245800763368607 0.0857611894607544 0.11967426538467407
v 0.10426823794841766 0.08488485217094421 0.11725127696990967
v 0.10249222069978714 0.08482615649700165 0.12168969213962555
v 0.0945245623588562 0.09513726085424423 0.13638266921043396
v 0.09506799280643463 0.09453374892473221 0.13295195996761322
v 0.09581459313631058 0.09395688027143478 0.12954340875148773
v 0.096756212413311 0.0934101864695549 0.12616436183452606
v 0.0978846549987793 0.0928971990942955 0.12282224744558334
v 0.09452777355909348 0.09468477964401245 0.1366559863090515
v 0.10082834213972092 0.08586486428976059 0.1239563524723053
v 0.10079863667488098 0.08671332150697708 0.12215409427881241
v 0.09927380084991455 0.08862102776765823 0.1231616884469986
v 0.1007676050066948 0.08770646899938583 0.12042219936847687
v 0.09921959042549133 0.09091396629810333 0.1204768493771553
v 0.09792862832546234 0.09050429612398148 0.12472237646579742
v 0.09794992208480835 0.08959553390741348 0.12594830989837646
v 0.09680500626564026 0.09062476456165314 0.12877537310123444
v 0.09683513641357422 0.08941323310136795 0.13101327419281006
v 0.09586868435144424 0.0907202810049057 0.13343177735805511
v 0.095887191593647 0.08999275416135788 0.1353325992822647
v 0.09511152654886246 0.091525599360466 0.1373029500246048
v 0.09419655799865723 0.09493032842874527 0.14080409705638885
v 0.09453403204679489 0.09398889541625977 0.13743160665035248
v 0.10611025989055634 0.08776453137397766 0.10934443771839142
v 0.10821229219436646 0.08636640012264252 0.10769221186637878
v 0.10825824737548828 0.08474402129650116 0.11007040739059448
v 0.10830268263816833 0.08337905257940292 0.11260105669498444
v 0.10834524035453796 0.08221856504678726 0.11522845923900604
v 0.10838554799556732 0.08122701942920685 0.11792132258415222
v 0.11062866449356079 0.07960105687379837 0.11903464049100876
v 0.11294201761484146 0.07893440127372742 0.11747093498706818
v 0.11069478839635849 0.07820792496204376 0.1250082403421402
v 0.11074578016996384 0.07726044952869415 0.1310628205537796
v 0.1130547747015953 0.07649658620357513 0.13027732074260712
v 0.11300569027662277 0.07748253643512726 0.12383206188678741
v 0.11541157215833664 0.07688240706920624 0.12270685285329819
v 0.1085398867726326 0.07815041393041611 0.13188019394874573
v 0.10848908871412277 0.07905368506908417 0.12623175978660583
v 0.10842320322990417 0.08037985116243362 0.12066053599119186
v 0.10613276809453964 0.08689259737730026 0.1103595644235611
v 0.1061769425868988 0.08537121117115021 0.11255396157503128
v 0.10621967911720276 0.08408918231725693 0.1148914322257042
v 0.10626059025526047 0.08299781382083893 0.11731990426778793
v 0.10629931837320328 0.08206431567668915 0.11981003731489182
v 0.10633552074432373 0.08126597851514816 0.12234384566545486
v 0.10639885812997818 0.08001473546028137 0.12749896943569183
v 0.10644768923521042 0.07916125655174255 0.13272696733474731
v 0.11545640975236893 0.07586385309696198 0.12952609360218048
v 0.1179022565484047 0.07641240209341049 0.1216362789273262
v 0.11787892132997513 0.07711644470691681 0.11807834357023239
v 0.128679096698761 0.08299009501934052 0.09367536753416061
v 0.12578228116035461 0.08116201311349869 0.09904393553733826
v 0.12305431813001633 0.07972501963376999 0.10435592383146286
v 0.12306620180606842 0.07851201295852661 0.10811775922775269
v 0.12307729572057724 0.07748213410377502 0.11193375289440155
v 0.11309755593538284 0.07573292404413223 0.1432809978723526
v 0.11308637261390686 0.07592209428548813 0.14979322254657745
v 0.095128133893013 0.09084054082632065 0.14026543498039246
v 0.09591488540172577 0.08909483999013901 0.13927167654037476
v 0.09590283036231995 0.0894610658288002 0.1372871696949005
v 0.0942000150680542 0.09450533241033554 0.14227254688739777
v 0.09419795125722885 0.09474077820777893 0.14128194749355316
v 0.09454511851072311 0.09311046451330185 0.13928766548633575
v 0.09453987330198288 0.09348481148481369 0.1383330225944519
v 0.09510043263435364 0.09207947552204132 0.13587364554405212
v 0.09508804231882095 0.09282664954662323 0.13452373445034027
v 0.09584803134202957 0.09170353412628174 0.13163608312606812
v 0.09592263400554657 0.08887888491153717 0.1412726491689682
v 0.0951344296336174 0.09062054753303528 0.1432809978723526
v 0.09592539072036743 0.0888071283698082 0.1432809978723526
v 0.09420081228017807 0.0944293811917305 0.1432809978723526
v 0.09455294907093048 0.09264644235372543 0.14126655459403992
v 0.09678909182548523 0.09139275550842285 0.12775062024593353
v 0.09790682047605515 0.09158960729837418 0.12363964319229126
v 0.1045197919011116 0.07966504991054535 0.1432809978723526
v 0.10450946539640427 0.07981954514980316 0.13843245804309845
v 0.10267497599124908 0.08108872920274734 0.13888221979141235
v 0.10448024421930313 0.08028696477413177 0.13360066711902618
v 0.10264869779348373 0.08152131736278534 0.13449889421463013
v 0.10443483293056488 0.08108526468276978 0.1288062483072281
v 0.102607861161232 0.08225926756858826 0.1301499605178833
v 0.10437595099210739 0.08225394040346146 0.12407977879047394
v 0.10255488753318787 0.08333805203437805 0.12586355209350586
v 0.10434229671955109 0.08299870043992996 0.12175733596086502
v 0.10430628061294556 0.08386874198913574 0.1194755956530571
v 0.17315545678138733 0.07154186069965363 0.1432809978723526
v 0.16888153553009033 0.07282105088233948 0.15345700085163116
v 0.17315702140331268 0.07177817821502686 0.15351876616477966
v 0.1688918173313141 0.07351624220609665 0.16361252963542938
v 0.17316147685050964 0.07249943912029266 0.1637340635061264
v 0.16890782117843628 0.07471810281276703 0.1737222820520401
v 0.1731683909893036 0.07374569773674011 0.17389921844005585
v 0.16892854869365692 0.07650476694107056 0.1837482452392578
v 0.17317737638950348 0.07559668272733688 0.1839727908372879
v 0.17318250238895416 0.07679136842489243 0.18895410001277924
v 0.16470159590244293 0.07427074760198593 0.16346502304077148
v 0.1647253781557083 0.07543839514255524 0.17350485920906067
v 0.16475623846054077 0.07717546075582504 0.18346650898456573
v 0.16894039511680603 0.07765909284353256 0.1887103170156479
v 0.1731880009174347 0.07820182293653488 0.1938794106245041
v 0.1731937974691391 0.0798703134059906 0.19872434437274933
v 0.168953076004982 0.07902330905199051 0.19362081587314606
v 0.1647738665342331 0.0782986506819725 0.18839973211288452
v 0.15666081011295319 0.0779518336057663 0.18272057175636292
v 0.14887873828411102 0.0765363872051239 0.1721837967634201
v 0.14153499901294708 0.07533866912126541 0.161940798163414
v 0.1731998473405838 0.08186057209968567 0.20344722270965576
v 0.16896647214889526 0.08063948899507523 0.1984567791223526
v 0.1647927463054657 0.0796271339058876 0.19328449666500092
v 0.15668725967407227 0.07903432101011276 0.18756689131259918
v 0.14893391728401184 0.0781768411397934 0.18171299993991852
v 0.14157821238040924 0.07643134146928787 0.1712196320295334
v 0.1347539722919464 0.07505913823843002 0.16114892065525055
v 0.17320610582828522 0.08427367359399796 0.20796921849250793
v 0.1689804643392563 0.08257154375314713 0.20317859947681427
v 0.16481266915798187 0.08120276033878326 0.19809894263744354
v 0.15671558678150177 0.0803159549832344 0.19236789643764496
v 0.14896546304225922 0.07923917472362518 0.18643321096897125
v 0.1416342705488205 0.07805971056222916 0.1804218590259552
v 0.1347895860671997 0.07615076750516891 0.17002804577350616
v 0.12858498096466064 0.07479728758335114 0.16019272804260254
v 0.11535341292619705 0.07838453352451324 0.17058779299259186
v 0.11785305291414261 0.07795608043670654 0.17201276123523712
v 0.1179022565484047 0.07641240209341049 0.1649257242679596
v 0.12046754360198975 0.0760774314403534 0.16593803465366364
v 0.12049562484025955 0.07501190900802612 0.15842564404010773
v 0.12311170250177383 0.07480291277170181 0.1590592861175537
v 0.12312133610248566 0.07417702674865723 0.15118113160133362
v 0.12857405841350555 0.07416661083698273 0.15174752473831177
v 0.13473105430603027 0.07442872226238251 0.15222498774528503
v 0.14150719344615936 0.07470794767141342 0.15262022614479065
v 0.14880883693695068 0.07479999214410782 0.1529402732849121
v 0.15655586123466492 0.0745079293847084 0.15319204330444336
v 0.16468629240989685 0.07359565794467926 0.1533825397491455
v 0.16887791454792023 0.07259334623813629 0.1432809978723526
v 0.1350417584180832 0.09058994799852371 0.20558813214302063
v 0.13505017757415771 0.09152695536613464 0.20619501173496246
v 0.14189442992210388 0.09201179444789886 0.20928534865379333
v 0.13505861163139343 0.09252115339040756 0.2067013531923294
v 0.1287022829055786 0.08632074296474457 0.19828340411186218
v 0.13177815079689026 0.08650367707014084 0.2000092715024948
v 0.134983628988266 0.08544468879699707 0.19974537193775177
v 0.1350000500679016 0.08669944852590561 0.20159953832626343
v 0.1418336033821106 0.08705802261829376 0.2043745219707489
v 0.128679096698761 0.08299009501934052 0.19288665056228638
v 0.13173994421958923 0.08313781023025513 0.1944117397069931
v 0.1349514275789261 0.08330543339252472 0.19581344723701477
v 0.14181368052959442 0.08578306436538696 0.2024080753326416
v 0.149130180478096 0.08727043867111206 0.20661060512065887
v 0.14914998412132263 0.08873604238033295 0.20854805409908295
v 0.13503336906433105 0.08970993012189865 0.20489910244941711
v 0.13180430233478546 0.08947328478097916 0.20318681001663208
v 0.12871018052101135 0.0876949280500412 0.1998922973871231
v 0.1287141591310501 0.0884455069899559 0.2006380558013916
v 0.1317911595106125 0.08789793401956558 0.2016838639974594
v 0.13501663506031036 0.0881107822060585 0.2033364474773407
v 0.13181748986244202 0.09125716984272003 0.20442959666252136
v 0.13182412087917328 0.09223059564828873 0.2049139142036438
v 0.13183075189590454 0.09325263649225235 0.205280601978302
v 0.12873421609401703 0.09293724596500397 0.2033306062221527
v 0.1287301778793335 0.09194078296422958 0.20298171043395996
v 0.12872616946697235 0.0909901037812233 0.20252014696598053
v 0.1287221610546112 0.0900907963514328 0.20196500420570374
v 0.12871815264225006 0.0892430990934372 0.2013327032327652
v 0.13845054805278778 0.09610969573259354 0.20907938480377197
v 0.13508398830890656 0.0957634374499321 0.20740863680839539
v 0.13509243726730347 0.09687281399965286 0.207325741648674
v 0.12577523291110992 0.07583321630954742 0.1677733063697815
v 0.12309672683477402 0.07588252425193787 0.16688844561576843
v 0.12307729572057724 0.07748213410377502 0.17462825775146484
v 0.12043111771345139 0.07765369117259979 0.1733611673116684
v 0.11782493442296982 0.07894724607467651 0.17550309002399445
v 0.12301512062549591 0.08489447087049484 0.19284307956695557
v 0.125785693526268 0.08496113121509552 0.19476743042469025
v 0.1230219379067421 0.0838242769241333 0.1911812722682953
v 0.12578482925891876 0.08387178927659988 0.193031907081604
v 0.12302866578102112 0.08285270631313324 0.18945994973182678
v 0.12578395009040833 0.08288431167602539 0.19123631715774536
v 0.12578228116035461 0.08116201311349869 0.18751807510852814
v 0.12866424024105072 0.08125036209821701 0.189027339220047
v 0.1286500096321106 0.07978996634483337 0.1850534975528717
v 0.13492026925086975 0.0815444141626358 0.19169825315475464
v 0.12027529627084732 0.08880223333835602 0.19493919610977173
v 0.12299420684576035 0.0888812318444252 0.19720488786697388
v 0.12300124019384384 0.08740106970071793 0.19589495658874512
v 0.12578792870044708 0.08825615048408508 0.1986750215291977
v 0.12578746676445007 0.08752016723155975 0.19796223938465118
v 0.11764258146286011 0.08879704028367996 0.19254834949970245
v 0.12028848379850388 0.08736500144004822 0.19369620084762573
v 0.12300821393728256 0.0860799178481102 0.19442476332187653
v 0.12578658759593964 0.08616995811462402 0.19642171263694763
v 0.1176246702671051 0.09034455567598343 0.1935064047574997
v 0.11761568486690521 0.09117858111858368 0.19387516379356384
v 0.1202620267868042 0.09040860086679459 0.19595517218112946
v 0.12298358976840973 0.09143863618373871 0.19869361817836761
v 0.12298712879419327 0.09054043889045715 0.19827847182750702
v 0.11510462313890457 0.08886300772428513 0.1900397092103958
v 0.11766039580106735 0.08740875124931335 0.1913733184337616
v 0.12030156701803207 0.08607900142669678 0.19229808449745178
v 0.12033991515636444 0.0829266756772995 0.18756234645843506
v 0.11772987246513367 0.08310208469629288 0.185550257563591
v 0.12032730877399445 0.08387718349695206 0.18920612335205078
v 0.1384216547012329 0.09279631823301315 0.20834149420261383
v 0.13506707549095154 0.09356676042079926 0.2070852816104889
v 0.13507552444934845 0.09465406835079193 0.207325741648674
v 0.13184402883052826 0.09539595246315002 0.20558902621269226
v 0.12874631583690643 0.09607572853565216 0.2035486251115799
v 0.16501061618328094 0.11052889376878738 0.20280490815639496
v 0.16498909890651703 0.10822810977697372 0.20732784271240234
v 0.16497813165187836 0.1068718433380127 0.20947514474391937
v 0.17325744032859802 0.11210928857326508 0.19872434437274933
v 0.16911345720291138 0.1123238205909729 0.1984567791223526
v 0.16503143310546875 0.11241555958986282 0.19809894263744354
v 0.1570737063884735 0.11227933317422867 0.1971028447151184
v 0.15699371695518494 0.1069021224975586 0.2083100527524948
v 0.15701018273830414 0.10822122544050217 0.2061920464038849
v 0.16096240282058716 0.1082834005355835 0.2068222016096115
v 0.1570424735546112 0.11045349389314651 0.20173503458499908
v 0.1609898805618286 0.11054548621177673 0.20232433080673218
v 0.14195598661899567 0.09871271252632141 0.21024729311466217
v 0.14196623861789703 0.09979992359876633 0.2098318338394165
v 0.1492607295513153 0.10038062930107117 0.2123529613018036
v 0.14927081763744354 0.10144177079200745 0.21177402138710022
v 0.1530633419752121 0.10163328051567078 0.21278740465641022
v 0.15307274460792542 0.10263948142528534 0.212083101272583
v 0.1569519340991974 0.10274838656187057 0.21292898058891296
v 0.15696033835411072 0.10369761288166046 0.21212229132652283
v 0.16092000901699066 0.10370611399412155 0.21280568838119507
v 0.16093425452709198 0.105435311794281 0.21097524464130402
v 0.16496703028678894 0.10533814877271652 0.2114996612071991
v 0.16907763481140137 0.10665946453809738 0.2098579853773117
v 0.1732451319694519 0.10770592093467712 0.20796921849250793
v 0.1420171707868576 0.10434448719024658 0.20622292160987854
v 0.1420373022556305 0.10578428208827972 0.2043745219707489
v 0.14561402797698975 0.10472700744867325 0.20745590329170227
v 0.14933069050312042 0.10650517046451569 0.20661060512065887
v 0.1493108719587326 0.1050395667552948 0.20854805409908295
v 0.14942601323127747 0.11178384721279144 0.19571681320667267
v 0.14938880503177643 0.10999099910259247 0.20022296905517578
v 0.14569421112537384 0.10964109003543854 0.1992965042591095
v 0.14935031533241272 0.10779953002929688 0.20455454289913177
v 0.1456546038389206 0.10746405273675919 0.20354539155960083
v 0.1692020148038864 0.12036997079849243 0.1432809978723526
v 0.173295795917511 0.12043774127960205 0.1432809978723526
v 0.1692010909318924 0.12031321227550507 0.14837023615837097
v 0.17329539358615875 0.12037884443998337 0.14840121567249298
v 0.1572403758764267 0.11896072328090668 0.1630854308605194
v 0.18158195912837982 0.11933708935976028 0.1639033555984497
v 0.1732865869998932 0.11892648041248322 0.16882501542568207
v 0.17328977584838867 0.11948016285896301 0.1637340635061264
v 0.1651187241077423 0.11817993223667145 0.17350485920906067
v 0.1651425063610077 0.11934757977724075 0.16346502304077148
v 0.15720468759536743 0.1178378239274025 0.17293931543827057
v 0.14962466061115265 0.11834003031253815 0.16258183121681213
v 0.14965203404426575 0.11897561699151993 0.1529402732849121
v 0.15341974794864655 0.11931924521923065 0.1530742347240448
v 0.13510935008525848 0.09900572896003723 0.2067013531923294
v 0.13510090112686157 0.09796010702848434 0.2070852816104889
v 0.1419457197189331 0.09757921099662781 0.2105080634355545
v 0.14193546772003174 0.09642115235328674 0.2105981409549713
v 0.1492808759212494 0.1024361401796341 0.21108387410640717
v 0.1419764757156372 0.10083051770925522 0.20928534865379333
v 0.1419866979122162 0.1017986312508583 0.20863233506679535
v 0.13848906755447388 0.100436270236969 0.2078143060207367
v 0.13849866390228271 0.10138954222202301 0.20718345046043396
v 0.1569771021604538 0.1054074689745903 0.21030819416046143
v 0.15310078859329224 0.10527049750089645 0.20949898660182953
v 0.15308213233947754 0.10357849299907684 0.21128803491592407
v 0.14929090440273285 0.10336478799581528 0.21030423045158386
v 0.14559346437454224 0.1030694916844368 0.20917212963104248
v 0.14199687540531158 0.10270490497350693 0.20789304375648499
v 0.13850823044776917 0.1022832989692688 0.20646826922893524
v 0.13856489956378937 0.1065952405333519 0.20114170014858246
v 0.15317364037036896 0.11026487499475479 0.20103520154953003
v 0.15313765406608582 0.10805550962686539 0.20543645322322845
v 0.12579473853111267 0.10180241614580154 0.19796223938465118
v 0.12877437472343445 0.10235126316547394 0.1998922973871231
v 0.12876640260219574 0.10080309957265854 0.2013327032327652
v 0.13188378512859344 0.10131862759590149 0.20318681001663208
v 0.1287624090909958 0.09995540231466293 0.20196500420570374
v 0.13187718391418457 0.10045386105775833 0.20384806394577026
v 0.12875838577747345 0.09905608743429184 0.20252014696598053
v 0.1318705826997757 0.09953474253416061 0.20442959666252136
v 0.12875033915042877 0.09710894525051117 0.2033306062221527
v 0.1287543773651123 0.09810540825128555 0.20298171043395996
v 0.12879011034965515 0.1049528568983078 0.1965591311454773
v 0.1287822723388672 0.10372545570135117 0.19828340411186218
v 0.13189689815044403 0.10289397835731506 0.2016838639974594
v 0.13513460755348206 0.10181694477796555 0.20489910244941711
v 0.13512621819972992 0.10093693435192108 0.20558813214302063
v 0.1351177841424942 0.09999991953372955 0.20619501173496246
v 0.14213413000106812 0.11099869012832642 0.19392168521881104
v 0.128805473446846 0.10705609619617462 0.19288665056228638
v 0.13194812834262848 0.10765409469604492 0.1944117397069931
v 0.13521654903888702 0.10822144895792007 0.19581344723701477
v 0.12579293549060822 0.09857983142137527 0.20046885311603546
v 0.12579338252544403 0.09945714473724365 0.19994065165519714
v 0.12579382956027985 0.100285604596138 0.19933804869651794
v 0.12296580523252487 0.09629200398921967 0.19900649785995483
v 0.1229693591594696 0.09532167762517929 0.1992015242576599
v 0.11757964640855789 0.09476567059755325 0.19432470202445984
v 0.12294459342956543 0.10126794874668121 0.19589495658874512
v 0.11751693487167358 0.1003008633852005 0.1913733184337616
v 0.12293761968612671 0.10258910804986954 0.19442476332187653
v 0.12293071299791336 0.1037745475769043 0.19284307956695557
v 0.12579652667045593 0.10436145216226578 0.19476743042469025
v 0.12291716784238815 0.1058163121342659 0.18945994973182678
v 0.12579825520515442 0.1064382791519165 0.19123631715774536
v 0.1495821177959442 0.11723921447992325 0.1721837967634201
v 0.1495269387960434 0.11559876799583435 0.18171299993991852
v 0.1422366499900818 0.11478260159492493 0.1804218590259552
v 0.14220461249351501 0.11372829973697662 0.18497635424137115
v 0.13530579209327698 0.11269925534725189 0.1831739842891693
v 0.13527755439281464 0.11145593225955963 0.187472403049469
v 0.1288345456123352 0.11025622487068176 0.1850534975528717
v 0.12882031500339508 0.10879583656787872 0.189027339220047
v 0.12290406227111816 0.10751382261514664 0.185890793800354
v 0.12013082951307297 0.10520616173744202 0.18756234645843506
v 0.12015623599290848 0.10321007668972015 0.19079133868217468
v 0.11749926209449768 0.10154587030410767 0.1900489181280136
v 0.1354139894247055 0.11646774411201477 0.16114892065525055
v 0.13885273039340973 0.11763984709978104 0.15243245661258698
v 0.142335906624794 0.11750363558530807 0.161940798163414
v 0.14236371219158173 0.11813435703516006 0.15262022614479065
v 0.1459650993347168 0.11858014017343521 0.15278922021389008
v 0.12889957427978516 0.1152488961815834 0.16019272804260254
v 0.13212113082408905 0.11651084572076797 0.15199697017669678
v 0.13543689250946045 0.11709815263748169 0.15222498774528503
v 0.1353783756494522 0.11537611484527588 0.17002804577350616
v 0.12887215614318848 0.11342056095600128 0.17275986075401306
v 0.12888260185718536 0.11415836215019226 0.16859032213687897
v 0.12285832315683365 0.11205761879682541 0.1707729548215866
v 0.12284910678863525 0.11278649419546127 0.16688844561576843
v 0.11727507412433624 0.11129719763994217 0.1649257242679596
v 0.12283413112163544 0.11386611312627792 0.1590592861175537
v 0.1258101463317871 0.11520601809024811 0.15147577226161957
v 0.12891049683094025 0.11587958037853241 0.15174752473831177
v 0.1172371432185173 0.11234232783317566 0.15775038301944733
v 0.11995704472064972 0.11373943835496902 0.15086431801319122
v 0.12282449007034302 0.11449198424816132 0.15118113160133362
v 0.10842320322990417 0.08037985116243362 0.16590146720409393
v 0.11069478839635849 0.07820792496204376 0.1615537703037262
v 0.10848908871412277 0.07905368506908417 0.16033025085926056
v 0.11074578016996384 0.07726044952869415 0.1554991900920868
v 0.1085398867726326 0.07815041393041611 0.15468181669712067
v 0.1085725650191307 0.07762281596660614 0.1489909291267395
v 0.1130547747015953 0.07649658620357513 0.15628468990325928
v 0.11769555509090424 0.08504224568605423 0.18861931562423706
v 0.11516724526882172 0.08524961769580841 0.18633408844470978
v 0.11514655500650406 0.08633098006248474 0.18768443167209625
v 0.11271553486585617 0.08657773584127426 0.18521185219287872
v 0.11269266903400421 0.0877242162823677 0.18638424575328827
v 0.11776305735111237 0.08148177713155746 0.18230149149894714
v 0.11520780622959137 0.08337516337633133 0.18343038856983185
v 0.11273816972970963 0.08554159104824066 0.18394269049167633
v 0.1150728240609169 0.09114354848861694 0.19128508865833282
v 0.11508344858884811 0.09034591168165207 0.19093947112560272
v 0.1176336407661438 0.0895504429936409 0.19305995106697083
v 0.12026866525411606 0.08958372473716736 0.19548137485980988
v 0.1229906752705574 0.089687779545784 0.1977774202823639
v 0.11759767681360245 0.09294393658638 0.19432470202445984
v 0.1150621846318245 0.09197358787059784 0.19154450297355652
v 0.11261149495840073 0.09276928752660751 0.18897613883018494
v 0.1102733165025711 0.09353987127542496 0.18619096279144287
v 0.11259983479976654 0.09359337389469147 0.18902751803398132
v 0.11758866906166077 0.09385479986667633 0.19438380002975464
v 0.12297291308641434 0.09433450549840927 0.19926850497722626
v 0.10450946539640427 0.07981954514980316 0.14812955260276794
v 0.10644768923521042 0.07916125655174255 0.15383504331111908
v 0.10639885812997818 0.08001473546028137 0.15906302630901337
v 0.10633552074432373 0.08126597851514816 0.16421815752983093
v 0.10626059025526047 0.08299781382083893 0.16924209892749786
v 0.13173994421958923 0.08313781023025513 0.0921502634882927
v 0.12866424024105072 0.08125036209821701 0.0975346639752388
v 0.1286500096321106 0.07978996634483337 0.10150852799415588
v 0.12863655388355255 0.07855481654405594 0.10555826127529144
v 0.12862396240234375 0.07750852406024933 0.10966101288795471
v 0.12861238420009613 0.07662563771009445 0.11380213499069214
v 0.12577523291110992 0.07583321630954742 0.1187887042760849
v 0.12311170250177383 0.07480291277170181 0.12750272452831268
v 0.12051369994878769 0.07439339905977249 0.13569769263267517
v 0.11797323077917099 0.07456020265817642 0.1432809978723526
v 0.11796459555625916 0.07475984841585159 0.15052656829357147
v 0.11545640975236893 0.07586385309696198 0.1570359170436859
v 0.11300569027662277 0.07748253643512726 0.16272996366024017
v 0.11062866449356079 0.07960105687379837 0.16752736270427704
v 0.10834524035453796 0.08221856504678726 0.17133355140686035
v 0.10621967911720276 0.08408918231725693 0.1716705709695816
v 0.10422850400209427 0.0860770121216774 0.1714504063129425
v 0.10426823794841766 0.08488485217094421 0.16931073367595673
v 0.10430628061294556 0.08386874198913574 0.1670864075422287
v 0.10437595099210739 0.08225394040346146 0.16248223185539246
v 0.10443483293056488 0.08108526468276978 0.1577557623386383
v 0.10448024421930313 0.08028696477413177 0.1529613435268402
v 0.12051369994878769 0.07439339905977249 0.15086431801319122
v 0.11794018000364304 0.0753672793507576 0.15775038301944733
v 0.11541157215833664 0.07688240706920624 0.1638551503419876
v 0.11294201761484146 0.07893440127372742 0.16909107565879822
v 0.1105504259467125 0.08153603225946426 0.17335490882396698
v 0.10830268263816833 0.08337905257940292 0.17396093904972076
v 0.1061769425868988 0.08537121117115021 0.1740080565214157
v 0.10418743640184402 0.08748961985111237 0.17345724999904633
v 0.1041240319609642 0.09017039090394974 0.17598727345466614
v 0.10814135521650314 0.08946247398853302 0.1818806529045105
v 0.1081652045249939 0.08832507580518723 0.1809861958026886
v 0.1103697270154953 0.08799036592245102 0.18373268842697144
v 0.10818886011838913 0.08729758858680725 0.17997121810913086
v 0.1103934794664383 0.08690094202756882 0.18263837695121765
v 0.10821229219436646 0.08636640012264252 0.1788697987794876
v 0.11041697859764099 0.08591493964195251 0.18145224452018738
v 0.11046311259269714 0.08419977873563766 0.17889432609081268
v 0.11278259009122849 0.08374227583408356 0.1812095046043396
v 0.11282554268836975 0.08223369717597961 0.17830803990364075
v 0.11524704098701477 0.08180657774209976 0.1803521364927292
v 0.11528460681438446 0.08047853410243988 0.17716403305530548
v 0.11779484152793884 0.08011206239461899 0.17894010245800018
v 0.11286667734384537 0.08095460385084152 0.17530034482479095
v 0.11050771921873093 0.08275917917490005 0.1761755496263504
v 0.10825824737548828 0.08474402129650116 0.1764916032552719
v 0.10613276809453964 0.08689259737730026 0.1762024462223053
v 0.10611025989055634 0.08776453137397766 0.17721757292747498
v 0.104145348072052 0.08918803185224533 0.17523756623268127
v 0.10608751326799393 0.08872543275356293 0.17815203964710236
v 0.10073552280664444 0.08887998759746552 0.1677616685628891
v 0.10238533467054367 0.0881534218788147 0.17064130306243896
v 0.10242226719856262 0.08685693144798279 0.1688254177570343
v 0.1006692573428154 0.0919865295290947 0.1702837198972702
v 0.10065244138240814 0.09295138716697693 0.17060495913028717
v 0.10230901837348938 0.09159582108259201 0.17347078025341034
v 0.10408104956150055 0.09242846071720123 0.17699337005615234
v 0.10410258919000626 0.09125242382287979 0.1765914261341095
v 0.1080932766199112 0.09209020435810089 0.18308673799037933
v 0.10811735689640045 0.09071940928697586 0.18260382115840912
v 0.11032171547412872 0.09053563326597214 0.18548080325126648
v 0.11034578830003738 0.0891982689499855 0.18469850718975067
v 0.11266962438821793 0.08899760246276855 0.18742065131664276
v 0.11512567847967148 0.08752941340208054 0.18893355131149292
v 0.11767806857824326 0.086163729429245 0.1900489181280136
v 0.12031450867652893 0.08492274582386017 0.19079133868217468
v 0.1023474782705307 0.08970935642719269 0.17225006222724915
v 0.10070265829563141 0.09028586745262146 0.16919682919979095
v 0.09921959042549133 0.09091396629810333 0.1660851538181305
v 0.10099511593580246 0.08233262598514557 0.1432809978723526
v 0.1009870320558548 0.0824633464217186 0.14721894264221191
v 0.10267497599124908 0.08108872920274734 0.14767979085445404
v 0.10096421837806702 0.0828581228852272 0.15114286541938782
v 0.10264869779348373 0.08152131736278534 0.15206311643123627
v 0.10092876106500626 0.0835307240486145 0.1550355851650238
v 0.102607861161232 0.08225926756858826 0.1564120501279831
v 0.10088276118040085 0.0845126360654831 0.1588716208934784
v 0.10255488753318787 0.08333805203437805 0.16069845855236053
v 0.09932448714971542 0.08697953075170517 0.12626972794532776
v 0.09936989843845367 0.08577187359333038 0.12955549359321594
v 0.10088276118040085 0.0845126360654831 0.127690389752388
v 0.09940828382968903 0.08489349484443665 0.13293200731277466
v 0.10092876106500626 0.0835307240486145 0.1315264254808426
v 0.09943787753582001 0.08429097384214401 0.13635900616645813
v 0.10096421837806702 0.0828581228852272 0.13541914522647858
v 0.09945692121982574 0.08393692225217819 0.13981376588344574
v 0.1009870320558548 0.0824633464217186 0.13934306800365448
v 0.09946365654468536 0.08381957560777664 0.1432809978723526
v 0.09945692121982574 0.08393692225217819 0.14674822986125946
v 0.09943787753582001 0.08429097384214401 0.15020300447940826
v 0.09940828382968903 0.08489349484443665 0.15363000333309174
v 0.09936989843845367 0.08577187359333038 0.15700651705265045
v 0.0979902371764183 0.0881643295288086 0.12862397730350494
v 0.09686213731765747 0.08851848542690277 0.13338138163089752
v 0.09802636504173279 0.08710933476686478 0.13145408034324646
v 0.09688494354486465 0.08786561340093613 0.1358160376548767
v 0.09805689007043839 0.0863407775759697 0.1343630999326706
v 0.09690254181623459 0.08741653710603714 0.1382877230644226
v 0.09808042645454407 0.08581284433603287 0.1373160183429718
v 0.09691385179758072 0.08715204149484634 0.1407797932624817
v 0.09809557348489761 0.0855022668838501 0.14029307663440704
v 0.09691786766052246 0.0870642215013504 0.1432809978723526
v 0.0981009304523468 0.08539924025535583 0.1432809978723526
v 0.09691385179758072 0.08715204149484634 0.1457822173833847
v 0.09809557348489761 0.0855022668838501 0.14626893401145935
v 0.09690254181623459 0.08741653710603714 0.1482742875814438
v 0.09808042645454407 0.08581284433603287 0.1492459923028946
v 0.09688494354486465 0.08786561340093613 0.15074597299098969
v 0.09805689007043839 0.0863407775759697 0.1521989107131958
v 0.09686213731765747 0.08851848542690277 0.15318062901496887
v 0.09802636504173279 0.08710933476686478 0.15510793030261993
v 0.09592263400554657 0.08887888491153717 0.1452893614768982
v 0.095128133893013 0.09084054082632065 0.14629657566547394
v 0.09591488540172577 0.08909483999013901 0.14729033410549164
v 0.09590283036231995 0.0894610658288002 0.1492748260498047
v 0.09511152654886246 0.091525599360466 0.1492590606212616
v 0.095887191593647 0.08999275416135788 0.15122941136360168
v 0.09455592930316925 0.0924970954656601 0.1432809978723526
v 0.09455294907093048 0.09264644235372543 0.14529545605182648
v 0.09454511851072311 0.09311046451330185 0.14727434515953064
v 0.0978734940290451 0.09363659471273422 0.16398049890995026
v 0.09919173270463943 0.09242146462202072 0.16703757643699646
v 0.10068599879741669 0.09109631180763245 0.16979940235614777
v 0.10232830047607422 0.09060772508382797 0.17292647063732147
v 0.1257777214050293 0.07744666188955307 0.17580923438072205
v 0.096756212413311 0.0934101864695549 0.16039763391017914
v 0.0978846549987793 0.0928971990942955 0.16373975574970245
v 0.09790682047605515 0.09158960729837418 0.16292236745357513
v 0.0992470309138298 0.08966513723134995 0.1648254096508026
v 0.1007676050066948 0.08770646899938583 0.16613981127738953
v 0.10245800763368607 0.0857611894607544 0.16688773036003113
v 0.09680500626564026 0.09062476456165314 0.15778663754463196
v 0.09794992208480835 0.08959553390741348 0.16061368584632874
v 0.0942000150680542 0.09450533241033554 0.14428946375846863
v 0.09453987330198288 0.09348481148481369 0.1482289731502533
v 0.09510043263435364 0.09207947552204132 0.15068836510181427
v 0.09586868435144424 0.0907202810049057 0.15313021838665009
v 0.09683513641357422 0.08941323310136795 0.15554872155189514
v 0.0979902371764183 0.0881643295288086 0.15793803334236145
v 0.09932448714971542 0.08697953075170517 0.16029228270053864
v 0.10082834213972092 0.08586486428976059 0.1626056581735611
v 0.10249222069978714 0.08482615649700165 0.16487231850624084
v 0.09453403204679489 0.09398889541625977 0.14913040399551392
v 0.09507480263710022 0.09386037290096283 0.15320028364658356
v 0.09452777355909348 0.09468477964401245 0.14990602433681488
v 0.09419335424900055 0.09553603827953339 0.14659717679023743
v 0.09419165551662445 0.09602588415145874 0.1467880755662918
v 0.09452132880687714 0.09565819054841995 0.15028780698776245
v 0.0945245623588562 0.09513726085424423 0.15017934143543243
v 0.09506113082170486 0.09530990570783615 0.15377277135849
v 0.09506799280643463 0.09453374892473221 0.15361005067825317
v 0.0958031490445137 0.09498400241136551 0.15723563730716705
v 0.09581459313631058 0.09395688027143478 0.15701860189437866
v 0.09677278250455856 0.0923086404800415 0.15971575677394867
v 0.09792862832546234 0.09050429612398148 0.16183961927890778
v 0.09927380084991455 0.08862102776765823 0.1634003221988678
v 0.10079863667488098 0.08671332150697708 0.1644079089164734
v 0.0967395231127739 0.09468348324298859 0.16066902875900269
v 0.09786231070756912 0.09441132098436356 0.16406558454036713
v 0.1006355956196785 0.09396400302648544 0.1707186996936798
v 0.10405948013067245 0.0936652198433876 0.17713601887226105
v 0.10806914418935776 0.09353537112474442 0.18325860798358917
v 0.11253004521131516 0.09818915277719498 0.18742065131664276
v 0.11499831825494766 0.09704956412315369 0.19093947112560272
v 0.11756164580583572 0.09653102606534958 0.19387516379356384
v 0.12296225130558014 0.09723038971424103 0.19869361817836761
v 0.11757064610719681 0.09566209465265274 0.19415231049060822
v 0.10799693316221237 0.097608283162117 0.1818806529045105
v 0.11250699311494827 0.09946253150701523 0.18638424575328827
v 0.11248412728309631 0.10060901939868927 0.18521185219287872
v 0.11017689853906631 0.0990893766283989 0.18373268842697144
v 0.11015316098928452 0.1001788005232811 0.18263837695121765
v 0.11741426587104797 0.1062278300523758 0.18230149149894714
v 0.11744745075702667 0.10460752248764038 0.185550257563591
v 0.1148739606142044 0.10402030497789383 0.18343038856983185
v 0.10999619960784912 0.10554371029138565 0.17335490882396698
v 0.112294040620327 0.107322558760643 0.17222103476524353
v 0.11233298480510712 0.10623215138912201 0.17530034482479095
v 0.11735238879919052 0.10876235365867615 0.17550309002399445
v 0.11237411946058273 0.10495305061340332 0.17830803990364075
v 0.1173824816942215 0.10759754478931427 0.17894010245800018
v 0.12289151549339294 0.10894400626420975 0.18220607936382294
v 0.12287963926792145 0.11015701293945312 0.1784442514181137
v 0.12884800136089325 0.1114913746714592 0.18100374937057495
v 0.12886059284210205 0.11253766715526581 0.17690099775791168
v 0.13533219695091248 0.1137506291270256 0.17882516980171204
v 0.13535647094249725 0.11463657766580582 0.17444002628326416
v 0.14229270815849304 0.11641097068786621 0.1712196320295334
v 0.10788004100322723 0.10232673585414886 0.1764916032552719
v 0.10783559828996658 0.1036917045712471 0.17396093904972076
v 0.11008352786302567 0.10287996381521225 0.17889432609081268
v 0.112417072057724 0.10344447195529938 0.1812095046043396
v 0.1174817681312561 0.10266735404729843 0.18861931562423706
v 0.11491452902555466 0.10214586555957794 0.18633408844470978
v 0.11246149241924286 0.10164515674114227 0.18394269049167633
v 0.11012964695692062 0.1011648029088974 0.18145224452018738
v 0.11258815973997116 0.09441746026277542 0.18897613883018494
v 0.11024908721446991 0.09508274495601654 0.18600434064865112
v 0.10802092403173447 0.09635134786367416 0.18260382115840912
v 0.10401639342308044 0.09607801586389542 0.1765914261341095
v 0.1039949432015419 0.09716004133224487 0.17598727345466614
v 0.10797308385372162 0.0987456813454628 0.1809861958026886
v 0.10794942080974579 0.09977316856384277 0.17997121810913086
v 0.10590282827615738 0.09843046218156815 0.17815203964710236
v 0.10588008165359497 0.09939136356115341 0.17721757292747498
v 0.1039736270904541 0.09814240038394928 0.17523756623268127
v 0.10395248234272003 0.09903234243392944 0.17438466846942902
v 0.10219302028417587 0.09788009524345398 0.17225006222724915
v 0.10211822390556335 0.10073252022266388 0.1688254177570343
v 0.10208248347043991 0.10182826220989227 0.16688773036003113
v 0.10044284164905548 0.1020631417632103 0.1626056581735611
v 0.10047256201505661 0.10121467709541321 0.1644079089164734
v 0.1005035862326622 0.10022152960300446 0.16613981127738953
v 0.1021551713347435 0.09943601489067078 0.17064130306243896
v 0.12286853790283203 0.11118688434362411 0.17462825775146484
v 0.11732427030801773 0.10975351929664612 0.17201276123523712
v 0.11225765198469162 0.10825235396623611 0.16909107565879822
v 0.10991796106100082 0.10747868567705154 0.16752736270427704
v 0.10771508514881134 0.1066909059882164 0.16590146720409393
v 0.10764919966459274 0.10801707208156586 0.16033025085926056
v 0.11219397187232971 0.10970421135425568 0.16272996366024017
v 0.11214488744735718 0.1106901690363884 0.15628468990325928
v 0.11459650099277496 0.11212436109781265 0.15016911923885345
v 0.11721272766590118 0.11294975876808167 0.15052656829357147
v 0.10551121830940247 0.10849376767873764 0.14856700599193573
v 0.10756571590900421 0.10944794118404388 0.1489909291267395
v 0.10759840160608292 0.10892033576965332 0.15468181669712067
v 0.10976804792881012 0.11037204414606094 0.14940007030963898
v 0.11211328953504562 0.1112646535038948 0.14979322254657745
v 0.10368414223194122 0.10624516755342484 0.1577557623386383
v 0.10565481334924698 0.10588991641998291 0.16421815752983093
v 0.10779302567243576 0.10485219210386276 0.17133355140686035
v 0.10193263739347458 0.10533018410205841 0.1564120501279831
v 0.10374302417039871 0.10507649183273315 0.16248223185539246
v 0.10572975128889084 0.10415808111429214 0.16924209892749786
v 0.09910766780376434 0.09742703288793564 0.1660851538181305
v 0.0978178083896637 0.09723303467035294 0.16292236745357513
v 0.09779597818851471 0.09831834584474564 0.16183961927890778
v 0.09668994694948196 0.09797421842813492 0.15881139039993286
v 0.09667403250932693 0.09874220937490463 0.15778663754463196
v 0.0966586321592331 0.09939459711313248 0.1566905528306961
v 0.0945148766040802 0.09663160145282745 0.14990602433681488
v 0.09504075348377228 0.0973210260272026 0.15265583992004395
v 0.09504745900630951 0.09675943851470947 0.15320028364658356
v 0.09576918184757233 0.0976421907544136 0.15574777126312256
v 0.09578036516904831 0.096901074051857 0.15647262334823608
v 0.09670624881982803 0.09705833345651627 0.15971575677394867
v 0.09672281891107559 0.09595679491758347 0.16039763391017914
v 0.09785113483667374 0.09518605470657349 0.16398049890995026
v 0.10061874985694885 0.09497661143541336 0.17060495913028717
v 0.09418994933366776 0.09651573747396469 0.14659717679023743
v 0.09451808780431747 0.09617912769317627 0.15017934143543243
v 0.0950542613863945 0.0960860550403595 0.15361005067825317
v 0.09579171240329742 0.09601113945245743 0.15701860189437866
v 0.09418828785419464 0.09686668962240219 0.14620906114578247
v 0.10403791815042496 0.09490197151899338 0.17699337005615234
v 0.10804501175880432 0.09498055279254913 0.18308673799037933
v 0.0950218215584755 0.09854033589363098 0.15068836510181427
v 0.09573762118816376 0.09924773126840591 0.15313021838665009
v 0.09664390236139297 0.09995373338460922 0.15554872155189514
v 0.09418535232543945 0.09731099009513855 0.14528006315231323
v 0.09431596100330353 0.09775925427675247 0.14627809822559357
v 0.09449753165245056 0.09820592403411865 0.14727434515953064
v 0.09501073509454727 0.0990942046046257 0.1492590606212616
v 0.09571912884712219 0.09997525811195374 0.15122941136360168
v 0.1006019338965416 0.0959414690732956 0.1702837198972702
v 0.10058517754077911 0.09683169424533844 0.16979940235614777
v 0.10056854039430618 0.09764212369918823 0.16919682919979095
v 0.10053566098213196 0.09904801845550537 0.1677616685628891
v 0.09908024221658707 0.09867586195468903 0.1648254096508026
v 0.09905347228050232 0.09971997141838074 0.1634003221988678
v 0.0977746844291687 0.09922711551189423 0.16061368584632874
v 0.09902757406234741 0.10060475021600723 0.1618775576353073
v 0.0977540910243988 0.09999816864728928 0.1593029946088791
v 0.09900277853012085 0.1013614609837532 0.16029228270053864
v 0.09773436933755875 0.10065831989049911 0.15793803334236145
v 0.09769826382398605 0.10171330720186234 0.15510793030261993
v 0.09661690890789032 0.1008484959602356 0.15318062901496887
v 0.09659408777952194 0.10150135308504105 0.15074597299098969
v 0.09570349007844925 0.10050694644451141 0.1492748260498047
v 0.09569143503904343 0.10087317228317261 0.14729033410549164
v 0.09656517207622528 0.10221493244171143 0.1457822173833847
v 0.09762904793024063 0.10332036763429642 0.14626893401145935
v 0.09764419496059418 0.10300979018211365 0.1492459923028946
v 0.09888939559459686 0.10405002534389496 0.15020300447940826
v 0.09891898930072784 0.10344749689102173 0.15363000333309174
v 0.10034243762493134 0.10439726710319519 0.1550355851650238
v 0.10038842260837555 0.1034153625369072 0.1588716208934784
v 0.10198560357093811 0.10425139218568802 0.16069845855236053
v 0.10204827785491943 0.10276328772306442 0.16487231850624084
v 0.10381270200014114 0.10346169024705887 0.1670864075422287
v 0.10385074466466904 0.1024455800652504 0.16931073367595673
v 0.10792598873376846 0.10070435702800751 0.1788697987794876
v 0.1058133915066719 0.10178468376398087 0.1740080565214157
v 0.0989573746919632 0.10256912559270859 0.15700651705265045
v 0.09766773134469986 0.10248187184333801 0.1521989107131958
v 0.0965765044093132 0.10195043683052063 0.1482742875814438
v 0.09568367153406143 0.10108913481235504 0.1452893614768982
v 0.09431142359972 0.0981098860502243 0.14479292929172516
v 0.0941832885146141 0.09754643589258194 0.14428946375846863
v 0.09500135481357574 0.09949962794780731 0.1477891206741333
v 0.09449310600757599 0.09848037362098694 0.14629249274730682
v 0.09499412029981613 0.09977926313877106 0.14629657566547394
v 0.0944896936416626 0.09866993874311447 0.14529545605182648
v 0.0944875031709671 0.09878198802471161 0.14429010450839996
v 0.09498947113752365 0.0999443531036377 0.1447915881872177
v 0.09418249875307083 0.09762238711118698 0.1432809978723526
v 0.12579110264778137 0.09466129541397095 0.2015155851840973
v 0.12579065561294556 0.09364019334316254 0.201444610953331
v 0.12579019367694855 0.09263718873262405 0.20123811066150665
v 0.12578974664211273 0.091668501496315 0.20090723037719727
v 0.12578928470611572 0.09074275940656662 0.20046885311603546
v 0.1257888376712799 0.08986544609069824 0.19994065165519714
v 0.1257883757352829 0.0890369862318039 0.19933804869651794
v 0.2572355568408966 0.08891590684652328 0.14447829127311707
v 0.25658661127090454 0.0853143110871315 0.14507228136062622
v 0.2565947473049164 0.08560042083263397 0.14684602618217468
v 0.2500356137752533 0.06931807100772858 0.1479218453168869
v 0.2517441213130951 0.072202667593956 0.14737418293952942
v 0.25326621532440186 0.0752585157752037 0.1468135416507721
v 0.24827340245246887 0.06868989020586014 0.158597931265831
v 0.24820062518119812 0.06737875938415527 0.153579980134964
v 0.24815376102924347 0.06661791354417801 0.1484547108411789
v 0.246296226978302 0.06731570512056351 0.16281859576702118
v 0.24624618887901306 0.06635857373476028 0.16012896597385406
v 0.24616481363773346 0.06493692845106125 0.15460814535617828
v 0.24611243605613708 0.06411244720220566 0.1489708572626114
v 0.2417098432779312 0.06137942522764206 0.15980947017669678
v 0.24407058954238892 0.06421814858913422 0.16160602867603302
v 0.2439824640750885 0.06269440799951553 0.1555996537208557
v 0.23663316667079926 0.056223198771476746 0.15083160996437073
v 0.23400214314460754 0.05482339486479759 0.15123656392097473
v 0.23405821621418 0.05589072406291962 0.15912552177906036
v 0.23129238188266754 0.05366548150777817 0.15161371231079102
v 0.2572394013404846 0.08910965174436569 0.1456638127565384
v 0.25660741329193115 0.08609100431203842 0.1485808938741684
v 0.25724533200263977 0.08944153040647507 0.1468232423067093
v 0.2566238343715668 0.08680975437164307 0.1502458155155182
v 0.2572530508041382 0.08992719650268555 0.14793582260608673
v 0.25664323568344116 0.08779565244913101 0.15178807079792023
v 0.2572622299194336 0.09059254825115204 0.14896617829799652
v 0.256664901971817 0.08910494297742844 0.15310566127300262
v 0.2567119896411896 0.09262500703334808 0.1542152613401413
v 0.257294625043869 0.09384267032146454 0.1505843549966812
v 0.25728896260261536 0.09322645515203476 0.15055879950523376
v 0.25764989852905273 0.095106340944767 0.14693683385849
v 0.25458917021751404 0.07847169041633606 0.14624176919460297
v 0.25329291820526123 0.07580054551362991 0.15031203627586365
v 0.2518301010131836 0.07388801127672195 0.15539561212062836
v 0.2502206563949585 0.07295849919319153 0.16134284436702728
v 0.248421773314476 0.07185385376214981 0.16572138667106628
v 0.24647660553455353 0.07135031372308731 0.17038370668888092
v 0.2557002305984497 0.08182826638221741 0.14566074311733246
v 0.254609078168869 0.07893220335245132 0.1491738259792328
v 0.2533343732357025 0.07673252373933792 0.15373510122299194
v 0.251897931098938 0.0754559263586998 0.1592070609331131
v 0.2502673268318176 0.0740775540471077 0.16340169310569763
v 0.24847953021526337 0.07328811287879944 0.16790913045406342
v 0.24654477834701538 0.07315317541360855 0.17263160645961761
v 0.2533881664276123 0.07810217887163162 0.15702249109745026
v 0.25193673372268677 0.07645470649003983 0.16102071106433868
v 0.250317245721817 0.07537949085235596 0.16536010801792145
v 0.24854052066802979 0.0749470442533493 0.16994613409042358
v 0.24661599099636078 0.07522754371166229 0.17465215921401978
v 0.2534189224243164 0.07897402346134186 0.15858608484268188
v 0.2519782483577728 0.07761611044406891 0.16274493932724
v 0.25036996603012085 0.07688456028699875 0.1671818494796753
v 0.2486042082309723 0.07685457915067673 0.17177392542362213
v 0.2466896027326584 0.0775928869843483 0.17635245621204376
v 0.24463245272636414 0.07913202792406082 0.18069154024124146
v 0.24455077946186066 0.07628372311592102 0.179305762052536
v 0.24447104334831238 0.0737394317984581 0.17743954062461853
v 0.2443939447402954 0.07151015847921371 0.1752295047044754
v 0.2443201094865799 0.06957388669252396 0.17277559638023376
v 0.24425020813941956 0.06790156662464142 0.170146182179451
v 0.24418486654758453 0.06646613031625748 0.16738787293434143
v 0.24412478506565094 0.06524445116519928 0.16453337669372559
v 0.24243667721748352 0.08140938729047775 0.18454046547412872
v 0.24234957993030548 0.0781438797712326 0.18367759883403778
v 0.24226383864879608 0.07510604709386826 0.1821579784154892
v 0.24218016862869263 0.07239677011966705 0.18012702465057373
v 0.24209924042224884 0.07002518326044083 0.17773105204105377
v 0.24202175438404083 0.06796660274267197 0.17507651448249817
v 0.24194839596748352 0.0661894828081131 0.17223598062992096
v 0.24187982082366943 0.06466463953256607 0.16925887763500214
v 0.24181675910949707 0.06336729228496552 0.16617989540100098
v 0.24175986647605896 0.062277715653181076 0.16302374005317688
v 0.23737312853336334 0.0765341967344284 0.1893160492181778
v 0.23983915150165558 0.07406512647867203 0.18489991128444672
v 0.23728761076927185 0.07316454499959946 0.18752236664295197
v 0.23975414037704468 0.07120563089847565 0.18270547688007355
v 0.23720413446426392 0.07017030566930771 0.18516585230827332
v 0.23967191576957703 0.0687050074338913 0.18012753129005432
v 0.23712339997291565 0.06755455583333969 0.1824101358652115
v 0.23959319293498993 0.06653577089309692 0.17727820575237274
v 0.23704609274864197 0.06528681516647339 0.1793723851442337
v 0.2395186424255371 0.06466393172740936 0.1742338240146637
v 0.2369728982448578 0.063330739736557 0.17613203823566437
v 0.23944897949695587 0.06305832415819168 0.17104625701904297
v 0.23690448701381683 0.061653316020965576 0.1727430522441864
v 0.23938490450382233 0.06169261410832405 0.16775192320346832
v 0.23684155941009521 0.06022678315639496 0.16924326121807098
v 0.23932711780071259 0.060545869171619415 0.16437670588493347
v 0.23678481578826904 0.05902913212776184 0.16565950214862823
v 0.23927628993988037 0.05960061401128769 0.16094057261943817
v 0.23673491179943085 0.058042027056217194 0.16201259195804596
v 0.239233136177063 0.05884431675076485 0.15745794773101807
v 0.23669254779815674 0.05725230276584625 0.15831740200519562
v 0.23917266726493835 0.05785868316888809 0.15040071308612823
v 0.23741646111011505 0.07833565771579742 0.18994460999965668
v 0.2399703860282898 0.07898995280265808 0.18712793290615082
v 0.2399262636899948 0.07727700471878052 0.18655544519424438
v 0.23409822583198547 0.05670976638793945 0.16302095353603363
v 0.2341453731060028 0.05773350968956947 0.16686679422855377
v 0.23419895768165588 0.05897563695907593 0.17064769566059113
v 0.23425838351249695 0.060455236583948135 0.1743423044681549
v 0.23432298004627228 0.06219524145126343 0.17792297899723053
v 0.23439212143421173 0.06422469764947891 0.18135079741477966
v 0.2344651073217392 0.06657828390598297 0.18457014858722687
v 0.23454135656356812 0.06929466128349304 0.1874990612268448
v 0.23462019860744476 0.07240746915340424 0.19001615047454834
v 0.23466038703918457 0.07411583513021469 0.19106879830360413
v 0.23470096290111542 0.07591784745454788 0.19195036590099335
v 0.23474188148975372 0.07779964059591293 0.19263765215873718
v 0.21359261870384216 0.05252556502819061 0.14824095368385315
v 0.21359466016292572 0.05243023484945297 0.1432809978723526
v 0.21688568592071533 0.051533784717321396 0.1481533646583557
v 0.21843321621418 0.05157652869820595 0.15291717648506165
v 0.21688224375247955 0.051825299859046936 0.1530180275440216
v 0.21358662843704224 0.05281272530555725 0.15319357812404633
v 0.21007713675498962 0.054289091378450394 0.15333616733551025
v 0.2199152112007141 0.052700333297252655 0.16226744651794434
v 0.21842700242996216 0.05276012793183327 0.1624884158372879
v 0.2184225469827652 0.05366554111242294 0.167226180434227
v 0.21685989201068878 0.053910110145807266 0.16748106479644775
v 0.2168489396572113 0.05503638833761215 0.17222334444522858
v 0.21521714329719543 0.05543772876262665 0.17250537872314453
v 0.21519950032234192 0.05679243057966232 0.17723555862903595
v 0.2135070413351059 0.05731566995382309 0.17753900587558746
v 0.2134830206632614 0.05891037732362747 0.18223655223846436
v 0.20994825661182404 0.06022310629487038 0.18284688889980316
v 0.2099781483411789 0.058670759201049805 0.17806322872638702
v 0.2062830775976181 0.06033583730459213 0.17848320305347443
v 0.2062506079673767 0.06183406710624695 0.1833394318819046
v 0.19037435948848724 0.06475339084863663 0.15363600850105286
v 0.19035352766513824 0.06564328074455261 0.1639549732208252
v 0.19858533143997192 0.06074295565485954 0.15872997045516968
v 0.19856871664524078 0.061325423419475555 0.16385318338871002
v 0.20635995268821716 0.0572015643119812 0.16356199979782104
v 0.2135639637708664 0.05397607386112213 0.16304542124271393
v 0.21004892885684967 0.05542099475860596 0.16333413124084473
v 0.21002879738807678 0.05628633871674538 0.168290913105011
v 0.2063380777835846 0.05803591012954712 0.1685796082019806
v 0.20631234347820282 0.05907612293958664 0.17355751991271973
v 0.1985481083393097 0.062085941433906555 0.16895203292369843
v 0.19852383434772491 0.06303475052118301 0.17401757836341858
v 0.190321147441864 0.06717625260353088 0.17419381439685822
v 0.1861061006784439 0.06912624090909958 0.17419148981571198
v 0.18612980842590332 0.06767715513706207 0.16394607722759247
v 0.18614506721496582 0.06683661788702011 0.15362952649593353
v 0.190381720662117 0.06446129828691483 0.1432809978723526
v 0.1861504763364792 0.06656086444854736 0.1432809978723526
v 0.18181708455085754 0.07183513790369034 0.17921586334705353
v 0.1818256378173828 0.07090900093317032 0.1741374284029007
v 0.17749366164207458 0.07246658951044083 0.17403799295425415
v 0.18183952569961548 0.06953724473714828 0.1639033555984497
v 0.1774970144033432 0.07116318494081497 0.16383126378059387
v 0.1818484663963318 0.06874217838048935 0.15360631048679352
v 0.1774991750717163 0.07040832191705704 0.15356865525245667
v 0.18185164034366608 0.0684814453125 0.1432809978723526
v 0.1774999350309372 0.070160873234272 0.1432809978723526
v 0.18609152734279633 0.07010374963283539 0.1792706400156021
v 0.18180760741233826 0.07294145971536636 0.1842568963766098
v 0.23142112791538239 0.056664999574422836 0.16799314320087433
v 0.22866472601890564 0.057140059769153595 0.1731710433959961
v 0.2314692884683609 0.05794503539800644 0.1719590276479721
v 0.22870948910713196 0.05870167538523674 0.17722027003765106
v 0.23152270913124084 0.05946972221136093 0.17583702504634857
v 0.22875812649726868 0.060538019984960556 0.1811523735523224
v 0.23158077895641327 0.06126278638839722 0.17959897220134735
v 0.22881019115447998 0.06268011778593063 0.18492721021175385
v 0.2316429316997528 0.06335435062646866 0.18320514261722565
v 0.22886516153812408 0.06516554206609726 0.18848733603954315
v 0.2317085564136505 0.0657806470990181 0.1865987926721573
v 0.225830540060997 0.058153100311756134 0.17848505079746246
v 0.22586679458618164 0.06002287566661835 0.18257547914981842
v 0.2259056270122528 0.06220376119017601 0.1865086555480957
v 0.2259466052055359 0.06473451107740402 0.1902269870042801
v 0.22298911213874817 0.06745169311761856 0.19537848234176636
v 0.2229766845703125 0.06591681391000748 0.19363796710968018
v 0.22296446561813354 0.0644884929060936 0.19180898368358612
v 0.2229185402393341 0.059718601405620575 0.1838606595993042
v 0.22294087707996368 0.06192643567919731 0.1879412829875946
v 0.23177708685398102 0.06858254969120026 0.18969601392745972
v 0.23134279251098633 0.05476574972271919 0.15987861156463623
v 0.2285587638616562 0.053882699459791183 0.16057302057743073
v 0.22858889400959015 0.054747819900512695 0.16482853889465332
v 0.22574064135551453 0.054125357419252396 0.1656186878681183
v 0.2257671058177948 0.05522691830992699 0.169981449842453
v 0.2228611707687378 0.05486053600907326 0.17083261907100677
v 0.22287847101688385 0.05621428042650223 0.17527231574058533
v 0.21992048621177673 0.056095995008945465 0.1761491596698761
v 0.21992270648479462 0.05771949887275696 0.1806313693523407
v 0.21840476989746094 0.05778694525361061 0.18108315765857697
v 0.2183975875377655 0.05969539284706116 0.1855132132768631
v 0.2257181853055954 0.05324343964457512 0.16120506823062897
v 0.22283300757408142 0.05284898728132248 0.16177108883857727
v 0.22284594178199768 0.0537436418235302 0.16632699966430664
v 0.2199167162179947 0.05360379442572594 0.16694892942905426
v 0.21991847455501556 0.0547308512032032 0.17158128321170807
v 0.21841730177402496 0.05479460582137108 0.17191557586193085
v 0.21841135621070862 0.05616168677806854 0.1765415370464325
v 0.21683646738529205 0.05639979988336563 0.1769033670425415
v 0.21682263910770416 0.05802035704255104 0.1815006285905838
v 0.2151799350976944 0.05840251222252846 0.1818847805261612
v 0.2168152630329132 0.05893457308411598 0.18376027047634125
v 0.2134702056646347 0.05981004238128662 0.18454810976982117
v 0.21679969131946564 0.06098996847867966 0.18817995488643646
v 0.215147465467453 0.06135294958949089 0.18864662945270538
v 0.21513591706752777 0.06249600648880005 0.19082452356815338
v 0.21680761873722076 0.05992303043603897 0.1859883815050125
v 0.21838989853858948 0.06191951408982277 0.18979313969612122
v 0.21992512047290802 0.05962645262479782 0.1850002557039261
v 0.22289767861366272 0.05782528594136238 0.17962440848350525
v 0.22579719126224518 0.056562721729278564 0.17427754402160645
v 0.2286243736743927 0.05582880601286888 0.16903316974639893
v 0.23137874901294708 0.05560993775725365 0.16396112740039825
v 0.2134568989276886 0.06078285351395607 0.18682950735092163
v 0.20991575717926025 0.062046609818935394 0.18753181397914886
v 0.2167915254831314 0.062140315771102905 0.19032873213291168
v 0.21512405574321747 0.06372735649347305 0.1929534524679184
v 0.21678313612937927 0.06337936222553253 0.19242753088474274
v 0.2151118814945221 0.06505322456359863 0.19502419233322144
v 0.21677453815937042 0.0647132396697998 0.1944669634103775
v 0.21509945392608643 0.06648026406764984 0.1970260590314865
v 0.21676576137542725 0.06614847481250763 0.19643618166446686
v 0.21342894434928894 0.06296563148498535 0.19128158688545227
v 0.21341435611248016 0.06418592482805252 0.1934393048286438
v 0.21339942514896393 0.06550022959709167 0.1955401450395584
v 0.21338416635990143 0.0669153556227684 0.19757355749607086
v 0.21344314515590668 0.061833061277866364 0.1890760064125061
v 0.2098809778690338 0.06417371332645416 0.19208359718322754
v 0.2098628431558609 0.06536377966403961 0.19429482519626617
v 0.20984426140785217 0.06664641946554184 0.19645212590694427
v 0.21993330121040344 0.06741262227296829 0.1969395875930786
v 0.21993185579776764 0.06586659699678421 0.19512559473514557
v 0.21993044018745422 0.06442844122648239 0.19322460889816284
v 0.2199290543794632 0.06309142708778381 0.19125130772590637
v 0.21992771327495575 0.061849288642406464 0.1892167627811432
v 0.2230939120054245 0.08364695310592651 0.20327319204807281
v 0.22617152333259583 0.08349379897117615 0.20103766024112701
v 0.22308054566383362 0.08134564757347107 0.20312859117984772
v 0.22614827752113342 0.08127115666866302 0.20091015100479126
v 0.22306719422340393 0.07907431572675705 0.20270048081874847
v 0.2261250913143158 0.07906853407621384 0.20052747428417206
v 0.22305390238761902 0.07686840742826462 0.20199735462665558
v 0.22610196471214294 0.07691846042871475 0.1998869776725769
v 0.22304067015647888 0.07475347816944122 0.20104460418224335
v 0.22607900202274323 0.07484810799360275 0.19900554418563843
v 0.2230275720357895 0.07274962216615677 0.19987498223781586
v 0.22605621814727783 0.07288039475679398 0.1979111284017563
v 0.22301457822322845 0.07086409628391266 0.19852080941200256
v 0.22603365778923035 0.0710248202085495 0.19663360714912415
v 0.22300174832344055 0.06909914314746857 0.19701358675956726
v 0.22601138055324554 0.06928537786006927 0.19520330429077148
v 0.2291668802499771 0.08344213664531708 0.19865259528160095
v 0.22913570702075958 0.08130346983671188 0.19854064285755157
v 0.22910459339618683 0.07917621731758118 0.19819971919059753
v 0.22907359898090363 0.07709018886089325 0.19761766493320465
v 0.22904279828071594 0.07507368922233582 0.19680415093898773
v 0.22901222109794617 0.07315179705619812 0.19578272104263306
v 0.22898195683956146 0.07133588939905167 0.19458095729351044
v 0.2289520651102066 0.06963136792182922 0.19322796165943146
v 0.20219656825065613 0.07721947878599167 0.20795626938343048
v 0.20603100955486298 0.07590802758932114 0.207039475440979
v 0.2060529738664627 0.07408231496810913 0.2052982747554779
v 0.20792602002620697 0.07344801723957062 0.20481517910957336
v 0.20607465505599976 0.07239393144845963 0.20342126488685608
v 0.20978622138500214 0.07112479209899902 0.20248346030712128
v 0.20609603822231293 0.07083161920309067 0.20143455266952515
v 0.2098059058189392 0.06951859593391418 0.20056115090847015
v 0.2150072306394577 0.0798572301864624 0.20740343630313873
v 0.2132708728313446 0.08024505525827408 0.2082148939371109
v 0.21326252818107605 0.08144108206033707 0.20855319499969482
v 0.2183510661125183 0.0770454928278923 0.20484575629234314
v 0.2167101353406906 0.07725610584020615 0.20570729672908783
v 0.21670056879520416 0.07954349368810654 0.20654885470867157
v 0.21994079649448395 0.07693967968225479 0.2039400041103363
v 0.2183464914560318 0.07931848615407944 0.20565110445022583
v 0.21994233131408691 0.07919308543205261 0.20471014082431793
v 0.2183419018983841 0.08167925477027893 0.20615479350090027
v 0.21994386613368988 0.08152641355991364 0.2051876336336136
v 0.21994543075561523 0.08390112221240997 0.20535093545913696
v 0.2166813313961029 0.08436454087495804 0.20726333558559418
v 0.2166861593723297 0.08314220607280731 0.20721684396266937
v 0.21669095754623413 0.08192689716815948 0.20707967877388
v 0.21672910451889038 0.07304433733224869 0.2032739818096161
v 0.21671965718269348 0.07508555054664612 0.20460101962089539
v 0.21503423154354095 0.07538703829050064 0.2053782045841217
v 0.2150207757949829 0.0775601863861084 0.2065248191356659
v 0.21328751742839813 0.07794246822595596 0.20729857683181763
v 0.21327920258045197 0.07907810062170029 0.2077942043542862
v 0.21675680577754974 0.06769220530986786 0.19832083582878113
v 0.21508678793907166 0.06801582127809525 0.1989448517560959
v 0.21507391333580017 0.06966748833656311 0.200764000415802
v 0.213352769613266 0.07007863372564316 0.2013799399137497
v 0.21333670616149902 0.07184267044067383 0.20311439037322998
v 0.21157078444957733 0.07231775671243668 0.2037239372730255
v 0.211552232503891 0.07420047372579575 0.20535136759281158
v 0.20974603295326233 0.07472269982099533 0.20595654845237732
v 0.20972561836242676 0.07673144340515137 0.20744603872299194
v 0.20788316428661346 0.07728762179613113 0.20804879069328308
v 0.20786143839359283 0.07943352311849594 0.2093595266342163
v 0.20969469845294952 0.08002270758152008 0.20925098657608032
v 0.21150511503219604 0.07952429354190826 0.20854417979717255
v 0.20970503985881805 0.07888881862163544 0.20871570706367493
v 0.21151460707187653 0.0783887505531311 0.20802880823612213
v 0.21153348684310913 0.07622271031141281 0.20680029690265656
v 0.2133040577173233 0.0757710412144661 0.2061111479997635
v 0.21332046389579773 0.07373855262994766 0.20470291376113892
v 0.21504759788513184 0.0733480155467987 0.20401066541671753
v 0.21506083011627197 0.07144264131784439 0.20246127247810364
v 0.21673846244812012 0.07113376259803772 0.20176386833190918
v 0.2167476862668991 0.0693516954779625 0.20010417699813843
v 0.21836897730827332 0.06914912909269333 0.1993996798992157
v 0.21837332844734192 0.06748652458190918 0.19765271246433258
v 0.21837760508060455 0.06593913584947586 0.19580301642417908
v 0.21838180720806122 0.06450004130601883 0.19386743009090424
v 0.21838590502738953 0.06316229701042175 0.19186048209667206
v 0.20597527921199799 0.0811401829123497 0.21053555607795715
v 0.20785054564476013 0.08056433498859406 0.20991472899913788
v 0.20598649978637695 0.08001366257667542 0.20996052026748657
v 0.20599769055843353 0.07892753928899765 0.20931553840637207
v 0.20600885152816772 0.07788169384002686 0.2086089700460434
v 0.21323741972446442 0.08514538407325745 0.20900747179985046
v 0.19849622249603271 0.06418492645025253 0.1790391504764557
v 0.19846561551094055 0.06555454432964325 0.18400225043296814
v 0.20238138735294342 0.06532714515924454 0.1885526478290558
v 0.1984323412179947 0.06716720759868622 0.1888875514268875
v 0.1983967274427414 0.06905464082956314 0.19366738200187683
v 0.19030123949050903 0.0682094618678093 0.17926423251628876
v 0.19027915596961975 0.06944169849157333 0.18428730964660645
v 0.19025515019893646 0.07089565694332123 0.18924714624881744
v 0.19022947549819946 0.07260226458311081 0.19412080943584442
v 0.19432015717029572 0.07294649630784988 0.19864791631698608
v 0.19020235538482666 0.0746043398976326 0.19887380301952362
v 0.19017401337623596 0.07696284353733063 0.2034507393836975
v 0.21686919033527374 0.053006693720817566 0.16269135475158691
v 0.20621532201766968 0.06359513103961945 0.18810348212718964
v 0.20234350860118866 0.06730218231678009 0.19326820969581604
v 0.19835911691188812 0.07125956565141678 0.1983008086681366
v 0.19428549706935883 0.0754161849617958 0.20315393805503845
v 0.21336857974529266 0.06843883544206619 0.1995256394147873
v 0.20982526242733002 0.06802869588136673 0.19854536652565002
v 0.20611706376075745 0.0693851038813591 0.19935926795005798
v 0.2022617608308792 0.07229320704936981 0.2021530419588089
v 0.20224031805992126 0.07380452007055283 0.204199880361557
v 0.20221857726573944 0.07544222474098206 0.20614296197891235
v 0.19825851917266846 0.07860163599252701 0.20871150493621826
v 0.19012980163097382 0.08137631416320801 0.20975583791732788
v 0.19424968957901 0.07833743095397949 0.2073661983013153
v 0.19014473259449005 0.079767145216465 0.20775608718395233
v 0.19426771998405457 0.07681374251842499 0.20530569553375244
v 0.2021743357181549 0.07914991676807404 0.20960325002670288
v 0.20216315984725952 0.08017735928297043 0.21034984290599823
v 0.20215192437171936 0.08124811947345734 0.2110348641872406
v 0.2021406590938568 0.08236309140920639 0.2116490602493286
v 0.21158911287784576 0.07056840509176254 0.20195281505584717
v 0.2097662389278412 0.0728563517332077 0.20429062843322754
v 0.20790468156337738 0.07529521733522415 0.20651906728744507
v 0.20601995289325714 0.07687564194202423 0.20784829556941986
v 0.2021854817867279 0.07816458493471146 0.20880326628684998
v 0.1982376128435135 0.08048318326473236 0.21043218672275543
v 0.19822709262371063 0.08148922771215439 0.21121710538864136
v 0.1982165426015854 0.0825415700674057 0.21194060146808624
v 0.19421298801898956 0.08183329552412033 0.21109910309314728
v 0.1942037045955658 0.08281606435775757 0.21191991865634918
v 0.19820596277713776 0.08364182710647583 0.21259254217147827
v 0.20212937891483307 0.08352252095937729 0.21218067407608032
v 0.20211806893348694 0.08472536504268646 0.21261700987815857
v 0.20210674405097961 0.08596628159284592 0.21294377744197845
v 0.20594145357608795 0.08475039154291153 0.2117350548505783
v 0.2020954042673111 0.08723723143339157 0.21314716339111328
v 0.20593014359474182 0.08601468801498413 0.21192169189453125
v 0.2059188336133957 0.08729250729084015 0.21198561787605286
v 0.19819533824920654 0.08479084074497223 0.2131597101688385
v 0.19818469882011414 0.08598803728818893 0.2136276513338089
v 0.19817404448986053 0.087227962911129 0.213979572057724
v 0.19816340506076813 0.08850207179784775 0.2141992449760437
v 0.19815273582935333 0.08979421108961105 0.2142748385667801
v 0.19831983745098114 0.07384052127599716 0.20272378623485565
v 0.19829967617988586 0.07529615610837936 0.20482586324214935
v 0.1982792317867279 0.07687819004058838 0.20683039724826813
v 0.19423142075538635 0.08000407367944717 0.20930984616279602
v 0.19011472165584564 0.08315208554267883 0.21160727739334106
v 0.18596598505973816 0.08266990631818771 0.21005408465862274
v 0.18597692251205444 0.08111662417650223 0.20800568163394928
v 0.1817973107099533 0.0742497444152832 0.18924766778945923
v 0.18178629875183105 0.07579004019498825 0.1941695660352707
v 0.18177463114261627 0.0776049792766571 0.19899381697177887
v 0.1817624866962433 0.07975725829601288 0.2036728709936142
v 0.18174991011619568 0.08234331756830215 0.2081206738948822
v 0.17748932540416718 0.0744001716375351 0.1841428130865097
v 0.1774868369102478 0.07564656436443329 0.18913373351097107
v 0.1774841845035553 0.07711613178253174 0.19406288862228394
v 0.17748138308525085 0.07885131984949112 0.19890393316745758
v 0.17747844755649567 0.08091546595096588 0.2036125808954239
v 0.17747540771961212 0.08340764790773392 0.20810672640800476
v 0.18174350261688232 0.08384422957897186 0.2102091759443283
v 0.18595492839813232 0.08439326286315918 0.2119600474834442
v 0.19010713696479797 0.08411075919866562 0.21246086061000824
v 0.19419439136981964 0.08384793251752853 0.21267959475517273
v 0.1941850483417511 0.08493125438690186 0.21336711943149567
v 0.19417570531368256 0.08606745302677155 0.21396790444850922
v 0.19416631758213043 0.08725637942552567 0.21446578204631805
v 0.19415691494941711 0.08849252015352249 0.2148415893316269
v 0.1941475123167038 0.08976681530475616 0.2150767296552658
v 0.19413810968399048 0.0910612940788269 0.21515780687332153
v 0.1900765597820282 0.08848685026168823 0.21513114869594574
v 0.19008423388004303 0.08730806410312653 0.21460562944412231
v 0.18593260645866394 0.08847011625766754 0.21507327258586884
v 0.18593820929527283 0.08736341446638107 0.21441395580768585
v 0.18172723054885864 0.08842651546001434 0.21468839049339294
v 0.1817305088043213 0.08739820122718811 0.21391451358795166
v 0.17747074365615845 0.0883307084441185 0.21400494873523712
v 0.1774723082780838 0.08649063855409622 0.21221254765987396
v 0.17321252822875977 0.0872783362865448 0.21211878955364227
v 0.1732093095779419 0.08568768948316574 0.21010810136795044
v 0.16900227963924408 0.08630384504795074 0.2098579853773117
v 0.16899491846561432 0.08492186665534973 0.2077098786830902
v 0.1648550182580948 0.08539022505283356 0.20732784271240234
v 0.16483348608016968 0.0830894336104393 0.20280490815639496
v 0.15677672624588013 0.08366385102272034 0.20173503458499908
v 0.15674549341201782 0.08183802664279938 0.1971028447151184
v 0.14903484284877777 0.0819917544722557 0.19571681320667267
v 0.14899921417236328 0.08049729466438293 0.19110806286334991
v 0.14170058071613312 0.08036213368177414 0.1894834190607071
v 0.14166629314422607 0.07911401242017746 0.18497635424137115
v 0.13486216962337494 0.0788276270031929 0.1831739842891693
v 0.13483577966690063 0.07777624577283859 0.17882516980171204
v 0.12862396240234375 0.07750852406024933 0.17690099775791168
v 0.12860195338726044 0.07588782906532288 0.16859032213687897
v 0.12863655388355255 0.07855481654405594 0.18100374937057495
v 0.13489042222499847 0.08007095009088516 0.187472403049469
v 0.14173677563667297 0.08184361457824707 0.19392168521881104
v 0.1490720808506012 0.08378459513187408 0.20022296905517578
v 0.1568090170621872 0.08589612692594528 0.2061920464038849
v 0.16486598551273346 0.08674648404121399 0.20947514474391937
v 0.169009730219841 0.08786321431398392 0.21188099682331085
v 0.17321577668190002 0.08908339589834213 0.2139378786087036
v 0.17746995389461517 0.08934188634157181 0.21479833126068115
v 0.181723952293396 0.0895179957151413 0.21537114679813385
v 0.18592698872089386 0.08963759988546371 0.2156234085559845
v 0.19006888568401337 0.08971703797578812 0.21552902460098267
v 0.19005350768566132 0.09228331595659256 0.21586455404758453
v 0.19006119668483734 0.09098907560110092 0.2157784402370453
v 0.1859157383441925 0.09212810546159744 0.21630318462848663
v 0.18592137098312378 0.09086025506258011 0.21604099869728088
v 0.18171735107898712 0.09188751876354218 0.2163766771554947
v 0.18172064423561096 0.0906735509634018 0.21594230830669403
v 0.17746835947036743 0.09156212210655212 0.21608750522136688
v 0.1774691492319107 0.09041863679885864 0.2154996544122696
v 0.17321905493736267 0.09114224463701248 0.21545925736427307
v 0.17321741580963135 0.0900791585445404 0.21474486589431763
v 0.16902101039886475 0.0906214639544487 0.21452948451042175
v 0.1690172404050827 0.08963902294635773 0.21371477842330933
v 0.16488823294639587 0.09003107249736786 0.21333695948123932
v 0.16487707197666168 0.08828018605709076 0.2114996612071991
v 0.16081944108009338 0.08855558186769485 0.21097524464130402
v 0.1900458037853241 0.0935775488615036 0.2157784402370453
v 0.18591010570526123 0.09341994673013687 0.21639381349086761
v 0.1817140430212021 0.0931495651602745 0.21664975583553314
v 0.17746756970882416 0.0927666500210762 0.21653525531291962
v 0.173220694065094 0.092274010181427 0.21605883538722992
v 0.16902479529380798 0.09167233109474182 0.2152513563632965
v 0.16489385068416595 0.09100162982940674 0.21415390074253082
v 0.1608336865901947 0.09028477966785431 0.21280568838119507
v 0.15684211254119873 0.08870988339185715 0.21030819416046143
v 0.1568254828453064 0.08721522986888885 0.2083100527524948
v 0.1491105556488037 0.08597607910633087 0.20455454289913177
v 0.14177459478378296 0.08361854404211044 0.19825398921966553
v 0.181737020611763 0.08551809191703796 0.21216070652008057
v 0.17747387290000916 0.08486156165599823 0.21022571623325348
v 0.20964272320270538 0.08614568412303925 0.21058201789855957
v 0.20965315401554108 0.08488090336322784 0.21052400767803192
v 0.20966355502605438 0.08362738788127899 0.21035422384738922
v 0.25730589032173157 0.09508445113897324 0.150434672832489
v 0.2567359209060669 0.09447235614061356 0.15398894250392914
v 0.25674763321876526 0.09535226225852966 0.1536206156015396
v 0.2573114037513733 0.09567652642726898 0.15018939971923828
v 0.25675907731056213 0.09614505618810654 0.15310566127300262
v 0.25731682777404785 0.09621033817529678 0.1498459130525589
v 0.2573002874851227 0.09445889294147491 0.15055879950523376
v 0.25672397017478943 0.09354202449321747 0.15417620539665222
v 0.256780743598938 0.09745434671640396 0.15178807079792023
v 0.25732702016830444 0.09709279239177704 0.14896617829799652
v 0.2576584219932556 0.09674493223428726 0.14612771570682526
v 0.25602462887763977 0.09783036261796951 0.15458518266677856
v 0.2560068964958191 0.09702689200639725 0.15551166236400604
v 0.2559884190559387 0.09610598534345627 0.1563381552696228
v 0.2559692859649658 0.0950608178973198 0.15702424943447113
v 0.2559496760368347 0.09389994293451309 0.15751616656780243
v 0.2559297978878021 0.0926714539527893 0.15776781737804413
v 0.2538680136203766 0.09745883196592331 0.16145184636116028
v 0.2525031566619873 0.097710981965065 0.16434749960899353
v 0.25094860792160034 0.0979892686009407 0.1671818494796753
v 0.25390276312828064 0.09862884134054184 0.16007189452648163
v 0.2525469958782196 0.09905283153057098 0.16274493932724
v 0.2510013282299042 0.0994943380355835 0.16536010801792145
v 0.24927090108394623 0.09995394200086594 0.16790913045406342
v 0.2548084557056427 0.0858977884054184 0.16039113700389862
v 0.2535603940486908 0.08402616530656815 0.16371206939220428
v 0.2535988688468933 0.08572418987751007 0.16445337235927582
v 0.25216367840766907 0.08420373499393463 0.16784530878067017
v 0.2522129714488983 0.08627771586179733 0.16830192506313324
v 0.25059956312179565 0.08511427044868469 0.17170438170433044
v 0.2506592869758606 0.08743691444396973 0.171829953789711
v 0.2488752156496048 0.08662102371454239 0.17518678307533264
v 0.24894431233406067 0.0892006978392601 0.17503808438777924
v 0.24699616432189941 0.0887182429432869 0.178294375538826
v 0.24707281589508057 0.0915447324514389 0.1776062399148941
v 0.24496576189994812 0.09136821329593658 0.18069154024124146
v 0.2450474351644516 0.09421651810407639 0.179305762052536
v 0.242655947804451 0.08964448422193527 0.18419653177261353
v 0.2448827624320984 0.0883154571056366 0.18146470189094543
v 0.2469189316034317 0.08589086681604385 0.17846885323524475
v 0.24880611896514893 0.08404134958982468 0.17503808438777924
v 0.25054028630256653 0.08277792483568192 0.17117410898208618
v 0.2521151900291443 0.08225162327289581 0.16697785258293152
v 0.2535228729248047 0.08250004053115845 0.16268505156040192
v 0.254753440618515 0.08347207307815552 0.15850365161895752
v 0.23763521015644073 0.08761468529701233 0.19037386775016785
v 0.23767878115177155 0.0894608199596405 0.18994460999965668
v 0.24019315838813782 0.08776151388883591 0.18751303851604462
v 0.24261225759983063 0.08799558877944946 0.18454046547412872
v 0.24252447485923767 0.0847024917602539 0.18477550148963928
v 0.24479910731315613 0.0852501168847084 0.18166784942150116
v 0.24471546709537506 0.08218478411436081 0.18146470189094543
v 0.2468416839838028 0.08306348323822021 0.178294375538826
v 0.24676504731178284 0.08023698627948761 0.1776062399148941
v 0.24873755872249603 0.08145391196012497 0.1744307577610016
v 0.2486700713634491 0.07902780920267105 0.17330724000930786
v 0.2504819631576538 0.08058278262615204 0.1701793074607849
v 0.2504250407218933 0.07861404865980148 0.16881394386291504
v 0.2520678639411926 0.08049889653921127 0.16578128933906555
v 0.2520220875740051 0.07895796000957489 0.16434749960899353
v 0.25348660349845886 0.08115729689598083 0.16145184636116028
v 0.2534518539905548 0.0799872875213623 0.16007189452648163
v 0.24010396003723145 0.08425126224756241 0.18778347969055176
v 0.2375914603471756 0.08575297147035599 0.19060982763767242
v 0.23478305339813232 0.07973349094390869 0.19311431050300598
v 0.23482435941696167 0.08169016987085342 0.19338208436965942
v 0.23486576974391937 0.0836448222398758 0.19346721470355988
v 0.23210591077804565 0.08554176986217499 0.19602850079536438
v 0.2322894185781479 0.09518783539533615 0.19237208366394043
v 0.23232510685920715 0.09684821963310242 0.19109675288200378
v 0.235151007771492 0.09648945182561874 0.18881884217262268
v 0.24269936978816986 0.09126108884811401 0.18367759883403778
v 0.24028165638446808 0.0912255272269249 0.18655544519424438
v 0.24274244904518127 0.09281758219003677 0.18299227952957153
v 0.2403254210948944 0.09287212044000626 0.18580634891986847
v 0.24278509616851807 0.09429892897605896 0.1821579784154892
v 0.24036875367164612 0.09443739801645279 0.18489991128444672
v 0.2404537796974182 0.09729690104722977 0.18270547688007355
v 0.2378496676683426 0.09617745131254196 0.18640340864658356
v 0.23218002915382385 0.08960091322660446 0.19519829750061035
v 0.23214304447174072 0.08758700639009476 0.19572579860687256
v 0.25105127692222595 0.10079627484083176 0.16340169310569763
v 0.2493286430835724 0.10138818621635437 0.16572138667106628
v 0.2493826150894165 0.10262037068605423 0.16342288255691528
v 0.24742579460144043 0.1019892767071724 0.16797210276126862
v 0.24310055375099182 0.10321550071239471 0.17223598062992096
v 0.2453480064868927 0.10259866714477539 0.170146182179451
v 0.24527810513973236 0.10092635452747345 0.17277559638023376
v 0.24736124277114868 0.1004314124584198 0.17038370668888092
v 0.24729306995868683 0.09862854331731796 0.17263160645961761
v 0.24920989573001862 0.09829499572515488 0.16994613409042358
v 0.2491462081670761 0.09638746082782745 0.17177392542362213
v 0.25089356303215027 0.09625978767871857 0.16881394386291504
v 0.2508366107940674 0.09429104626178741 0.1701793074607849
v 0.25241005420684814 0.09441731870174408 0.16697785258293152
v 0.25236156582832336 0.09246520698070526 0.16784530878067017
v 0.25375574827194214 0.09289193898439407 0.16445337235927582
v 0.25371667742729187 0.09109067916870117 0.1648392677307129
v 0.2549249231815338 0.09185255318880081 0.16132505238056183
v 0.25489556789398193 0.09035168588161469 0.16139402985572815
v 0.2559097111225128 0.09145934134721756 0.15782126784324646
v 0.2558896541595459 0.09024722129106522 0.15776781737804413
v 0.25669994950294495 0.0917079746723175 0.15417620539665222
v 0.25668805837631226 0.09077764302492142 0.15398894250392914
v 0.2572833299636841 0.09260088950395584 0.150434672832489
v 0.2558697462081909 0.08901872485876083 0.15751616656780243
v 0.25486624240875244 0.08885082602500916 0.16132505238056183
v 0.2536773085594177 0.08930806070566177 0.16492527723312378
v 0.2523122727870941 0.09039123356342316 0.16830192506313324
v 0.25077828764915466 0.09209589660167694 0.17117410898208618
v 0.2490803450345993 0.09421423822641373 0.17330724000930786
v 0.24722185730934143 0.09655418992042542 0.17465215921401978
v 0.24520428478717804 0.09899009019136429 0.1752295047044754
v 0.24302718043327332 0.10143837332725525 0.17507651448249817
v 0.24286876618862152 0.09700820595026016 0.18012702465057373
v 0.24053598940372467 0.09979751706123352 0.18012753129005432
v 0.2558501660823822 0.08785784989595413 0.15702424943447113
v 0.2548370957374573 0.08733171224594116 0.16100731492042542
v 0.2536379098892212 0.08752544224262238 0.1648392677307129
v 0.2522626221179962 0.08833447098731995 0.168406680226326
v 0.2507190406322479 0.08975956588983536 0.17170438170433044
v 0.24901287257671356 0.09178812801837921 0.1744307577610016
v 0.24714823067188263 0.09418883919715881 0.17635245621204376
v 0.24512715637683868 0.0967608168721199 0.17743954062461853
v 0.2429496943950653 0.09937978535890579 0.17773105204105377
v 0.24061472713947296 0.1019667536020279 0.17727820575237274
v 0.23519015312194824 0.09799499064683914 0.1874990612268448
v 0.23789110779762268 0.09762617945671082 0.18516585230827332
v 0.23526640236377716 0.10071136802434921 0.18457014858722687
v 0.23797184228897095 0.10024192929267883 0.1824101358652115
v 0.23533941805362701 0.10306495428085327 0.18135079741477966
v 0.23255659639835358 0.10572206974029541 0.17959897220134735
v 0.23249445855617523 0.10363049805164337 0.18320514261722565
v 0.23242883384227753 0.10120420157909393 0.1865987926721573
v 0.2549540400505066 0.09337165951728821 0.16100731492042542
v 0.25498270988464355 0.09480559080839157 0.16039113700389862
v 0.2550106644630432 0.09609553217887878 0.1595343053340912
v 0.25503772497177124 0.09723130613565445 0.15850365161895752
v 0.25506365299224854 0.09822160750627518 0.15734919905662537
v 0.2550881505012512 0.09907975047826767 0.15610548853874207
v 0.25604140758514404 0.09852704405784607 0.15358656644821167
v 0.25605708360671997 0.09912717342376709 0.15253490209579468
v 0.2568001449108124 0.0984402447938919 0.1502458155155182
v 0.2568087875843048 0.0988302007317543 0.1494247019290924
v 0.25733616948127747 0.09775814414024353 0.14793582260608673
v 0.2573438882827759 0.09824381023645401 0.1468232423067093
v 0.2573498785495758 0.09857569634914398 0.1456638127565384
v 0.2540426552295685 0.10240083932876587 0.15203623473644257
v 0.25402021408081055 0.10188360512256622 0.15373510122299194
v 0.25272345542907715 0.10337261855602264 0.15342648327350616
v 0.25269514322280884 0.10278092324733734 0.15539561212062836
v 0.2526629865169525 0.10206449776887894 0.15732663869857788
v 0.2539947032928467 0.10125759243965149 0.155400812625885
v 0.2551511824131012 0.10098005831241608 0.1520422101020813
v 0.25518208742141724 0.10177117586135864 0.1491738259792328
v 0.25735369324684143 0.09876944124698639 0.14447829127311707
v 0.2575361132621765 0.09823081642389297 0.1432809978723526
v 0.2576654851436615 0.09759357571601868 0.14388057589530945
v 0.25766584277153015 0.0976259708404541 0.1432809978723526
v 0.2540616989135742 0.10281557589769363 0.15031203627586365
v 0.25274747610092163 0.10384684801101685 0.1514282524585724
v 0.2527811527252197 0.1044662669301033 0.14737418293952942
v 0.25262731313705444 0.1012130081653595 0.1592070609331131
v 0.25396642088890076 0.10051394253969193 0.15702249109745026
v 0.25513213872909546 0.10044903308153152 0.15343773365020752
v 0.25608447194099426 0.10007146000862122 0.1503223329782486
v 0.25610560178756714 0.10071529448032379 0.1480172574520111
v 0.2552019953727722 0.10223168134689331 0.14624176919460297
v 0.2561192214488983 0.10109040886163712 0.14566074311733246
v 0.2552090287208557 0.10238295793533325 0.1432809978723526
v 0.2561240494251251 0.1012137159705162 0.1432809978723526
v 0.2540884017944336 0.10335761308670044 0.1468135416507721
v 0.2527930438518524 0.1046694740653038 0.1432809978723526
v 0.2540978491306305 0.10353554040193558 0.1432809978723526
v 0.25258851051330566 0.10021422803401947 0.16102071106433868
v 0.25393566489219666 0.09964210540056229 0.15858608484268188
v 0.25511106848716736 0.09981854259967804 0.15479612350463867
v 0.2560714781284332 0.09963963180780411 0.15144364535808563
v 0.256816565990448 0.09915899485349655 0.1485808938741684
v 0.25682923197746277 0.099649578332901 0.14684602618217468
v 0.2568373680114746 0.09993568807840347 0.14507228136062622
v 0.2568402588367462 0.10002981871366501 0.1432809978723526
v 0.2510979175567627 0.10191532969474792 0.16134284436702728
v 0.2494322508573532 0.10366988182067871 0.1610417366027832
v 0.251140832901001 0.10286889970302582 0.15920902788639069
v 0.2511795461177826 0.1036708727478981 0.15701834857463837
v 0.24759167432785034 0.10542314499616623 0.16012896597385406
v 0.2475416213274002 0.104466013610363 0.16281859576702118
v 0.24748612940311432 0.10332705080509186 0.16544021666049957
v 0.2512829601764679 0.10555575788021088 0.1479218453168869
v 0.24960900843143463 0.10681140422821045 0.14587077498435974
v 0.2512936294078827 0.10572628676891327 0.14560408890247345
v 0.24961324036121368 0.10687344521284103 0.1432809978723526
v 0.2512972950935364 0.10578279197216034 0.1432809978723526
v 0.251242458820343 0.10486331582069397 0.15251877903938293
v 0.24772541224956512 0.10766927897930145 0.1489708572626114
v 0.24773921072483063 0.1078721359372139 0.14612911641597748
v 0.24774393439292908 0.10793931782245636 0.1432809978723526
v 0.24323217570781708 0.1060376837849617 0.16617989540100098
v 0.2432890683412552 0.10712725669145584 0.16302374005317688
v 0.24763567745685577 0.10621268302202225 0.1573881208896637
v 0.24333909153938293 0.10802555084228516 0.15980947017669678
v 0.24767304956912994 0.10684479773044586 0.15460814535617828
v 0.2433815598487854 0.10874439030885696 0.1565508097410202
v 0.24341578781604767 0.10929407179355621 0.15325979888439178
v 0.25121358036994934 0.10433290898799896 0.1547849178314209
v 0.24344106018543243 0.1096813753247261 0.1499457210302353
v 0.23286281526088715 0.11367948353290558 0.1432809978723526
v 0.23574413359165192 0.11272864788770676 0.1472628116607666
v 0.23285827040672302 0.11358991265296936 0.1474514603614807
v 0.23846206068992615 0.11157327890396118 0.15083160996437073
v 0.2328449934720993 0.11331936717033386 0.15161371231079102
v 0.24345675110816956 0.10991177707910538 0.14661696553230286
v 0.24105116724967957 0.11088616400957108 0.14684462547302246
v 0.2410566508769989 0.11096639186143875 0.1432809978723526
v 0.23848307132720947 0.11191001534461975 0.1432809978723526
v 0.23846206068992615 0.11157327890396118 0.13573040068149567
v 0.23282356560230255 0.11286457628011703 0.1557592898607254
v 0.23843681812286377 0.111147940158844 0.154587060213089
v 0.23279458284378052 0.11221909523010254 0.15987861156463623
v 0.23840269446372986 0.11054418236017227 0.15831740200519562
v 0.23275861144065857 0.11137491464614868 0.16396112740039825
v 0.23836031556129456 0.10975445061922073 0.16201259195804596
v 0.23271626234054565 0.11031985282897949 0.16799314320087433
v 0.23831042647361755 0.10876734554767609 0.16565950214862823
v 0.23266807198524475 0.109039805829525 0.1719590276479721
v 0.2382536679506302 0.10756970196962357 0.16924326121807098
v 0.232614666223526 0.1075151264667511 0.17583702504634857
v 0.23804914951324463 0.10250966250896454 0.1793723851442337
v 0.2318122684955597 0.07013662904500961 0.19109675288200378
v 0.23184795677661896 0.07179701328277588 0.19237208366394043
v 0.23188407719135284 0.07356377691030502 0.193498894572258
v 0.23192055523395538 0.07543036341667175 0.19444940984249115
v 0.2319573312997818 0.07738393545150757 0.19519829750061035
v 0.23199433088302612 0.07939783483743668 0.19572579860687256
v 0.23203147947788239 0.08144308626651764 0.19602850079536438
v 0.23206868767738342 0.08349242806434631 0.19612635672092438
v 0.22619475424289703 0.08571644127368927 0.20091015100479126
v 0.2199469804763794 0.08627582341432571 0.2051876336336136
v 0.22621795535087585 0.08791906386613846 0.20052747428417206
v 0.22624105215072632 0.09006913751363754 0.1998869776725769
v 0.22626401484012604 0.09213948249816895 0.19900554418563843
v 0.22628681361675262 0.09410720318555832 0.1979111284017563
v 0.2199515998363495 0.09301263093948364 0.20291230082511902
v 0.216652512550354 0.09147298336029053 0.20570729672908783
v 0.21320398151874542 0.09004570543766022 0.2082148939371109
v 0.20962189137935638 0.0886639878153801 0.21035422384738922
v 0.21322068572044373 0.08762968331575394 0.20880216360092163
v 0.21667170524597168 0.08680219203233719 0.20707967877388
v 0.2058849334716797 0.09107309579849243 0.21143420040607452
v 0.20587365329265594 0.09227826446294785 0.21103045344352722
v 0.20960111916065216 0.09109915047883987 0.20970864593982697
v 0.2095804214477539 0.09340255707502365 0.20871570706367493
v 0.2131873220205307 0.09234828501939774 0.20729857683181763
v 0.21317078173160553 0.0945197194814682 0.2061111479997635
v 0.21664300560951233 0.09364353865385056 0.20460101962089539
v 0.21663355827331543 0.09568475186824799 0.2032739818096161
v 0.21995311975479126 0.09504269808530807 0.20166511833667755
v 0.21995460987091064 0.09694826602935791 0.20023341476917267
v 0.2095598429441452 0.09555993974208832 0.20744603872299194
v 0.20953942835330963 0.09756867587566376 0.20595654845237732
v 0.2131543606519699 0.09655221551656723 0.20470291376113892
v 0.22319872677326202 0.09984221309423447 0.19537848234176636
v 0.21995756030082703 0.10038962215185165 0.1969395875930786
v 0.21996042132377625 0.10337379574775696 0.19322460889816284
v 0.2165881097316742 0.10401584953069687 0.1944669634103775
v 0.2165711373090744 0.10658877342939377 0.19032873213291168
v 0.2130458950996399 0.10732512921094894 0.19128158688545227
v 0.21301794052124023 0.10950791090726852 0.18682950735092163
v 0.2056223601102829 0.11098989099264145 0.18810348212718964
v 0.21995609998703003 0.09872910380363464 0.19864970445632935
v 0.21660585701465607 0.10103688389062881 0.19832083582878113
v 0.2130753993988037 0.10479053109884262 0.1955401450395584
v 0.20940446853637695 0.10811765491962433 0.19208359718322754
v 0.20963230729103088 0.08741047233343124 0.21052400767803192
v 0.20590752363204956 0.08857033401727676 0.21192169189453125
v 0.20589621365070343 0.08983463048934937 0.2117350548505783
v 0.19814206659793854 0.09108635038137436 0.2141992449760437
v 0.19812075793743134 0.09360038489103317 0.2136276513338089
v 0.19811011850833893 0.09479757398366928 0.2131597101688385
v 0.20203876495361328 0.09352544695138931 0.21218067407608032
v 0.20190638303756714 0.10475476086139679 0.2021530419588089
v 0.20578470826148987 0.10050270706415176 0.2052982747554779
v 0.2019495666027069 0.10160574316978455 0.20614296197891235
v 0.2058066576719284 0.09867698699235916 0.207039475440979
v 0.20197157561779022 0.09982848912477493 0.20795626938343048
v 0.20582881569862366 0.09670332819223404 0.2086089700460434
v 0.20199380815029144 0.09789805114269257 0.20960325002670288
v 0.20585118234157562 0.09457135945558548 0.20996052026748657
v 0.202016219496727 0.09579984843730927 0.2110348641872406
v 0.15295039117336273 0.08876355737447739 0.20949898660182953
v 0.15685886144638062 0.09041973948478699 0.21212229132652283
v 0.16084083914756775 0.0912443995475769 0.21361982822418213
v 0.16489946842193604 0.09204108268022537 0.21487809717655182
v 0.16902856528759003 0.0927930399775505 0.21585772931575775
v 0.17322233319282532 0.09346868097782135 0.21651601791381836
v 0.17746677994728088 0.09402155876159668 0.2168169915676117
v 0.18171074986457825 0.09443715959787369 0.21674424409866333
v 0.18590447306632996 0.0947118028998375 0.21630318462848663
v 0.19003812968730927 0.0948495864868164 0.21552902460098267
v 0.19813139736652374 0.09236045181751251 0.213979572057724
v 0.14185373485088348 0.0884978249669075 0.20622292160987854
v 0.14916996657848358 0.09041081368923187 0.21030423045158386
v 0.15296904742717743 0.0904555544257164 0.21128803491592407
v 0.15297843515872955 0.0913945734500885 0.212083101272583
v 0.15686728060245514 0.09136896580457687 0.21292898058891296
v 0.15687572956085205 0.0923864096403122 0.21364398300647736
v 0.16084803640842438 0.0922728180885315 0.21434158086776733
v 0.1608552187681198 0.09337147325277328 0.21494808793067932
v 0.1649051159620285 0.09315088391304016 0.21548663079738617
v 0.16491076350212097 0.09432521462440491 0.21595101058483124
v 0.16903236508369446 0.09397780895233154 0.21632033586502075
v 0.1690361499786377 0.09521561861038208 0.21661168336868286
v 0.17322397232055664 0.09471538662910461 0.21680386364459991
v 0.17322562634944916 0.09598979353904724 0.21690352261066437
v 0.17746596038341522 0.09530327469110489 0.21691453456878662
v 0.17746517062187195 0.0965849906206131 0.2168169915676117
v 0.1817074567079544 0.09572476893663406 0.21664975583553314
v 0.18170413374900818 0.0969868078827858 0.2163766771554947
v 0.18589884042739868 0.09597964584827423 0.21604099869728088
v 0.1858932077884674 0.09720230847597122 0.2156234085559845
v 0.19003044068813324 0.0960797667503357 0.21513114869594574
v 0.1900227814912796 0.097258560359478 0.21460562944412231
v 0.1941005140542984 0.09605512022972107 0.21396790444850922
v 0.19409117102622986 0.09719131886959076 0.21336711943149567
v 0.1980995088815689 0.09594658762216568 0.21259254217147827
v 0.19808892905712128 0.0970468521118164 0.21194060146808624
v 0.19806784391403198 0.09910524636507034 0.21043218672275543
v 0.19804693758487701 0.1009867861866951 0.20871150493621826
v 0.19802623987197876 0.10271023213863373 0.20683039724826813
v 0.19798561930656433 0.10574790090322495 0.20272378623485565
v 0.19794633984565735 0.10832885652780533 0.1983008086681366
v 0.1899922788143158 0.10141453146934509 0.21160727739334106
v 0.19000749289989471 0.09944549202919006 0.2132536768913269
v 0.18587639927864075 0.10052301734685898 0.2136646956205368
v 0.18588200211524963 0.09947649389505386 0.21441395580768585
v 0.18169426918029785 0.10044781118631363 0.21468839049339294
v 0.1816975474357605 0.09935633838176727 0.21537114679813385
v 0.17746278643608093 0.10018791258335114 0.2154996544122696
v 0.1774635910987854 0.09904441237449646 0.21608750522136688
v 0.17323055863380432 0.09970559179782867 0.21605883538722992
v 0.1732289046049118 0.09851092100143433 0.21651601791381836
v 0.169047549366951 0.09898550063371658 0.21632033586502075
v 0.16904374957084656 0.09774769097566605 0.21661168336868286
v 0.16492770612239838 0.09806536138057709 0.21624350547790527
v 0.16492204368114471 0.09680916368961334 0.21634483337402344
v 0.16087684035301208 0.09699545055627823 0.21580328047275543
v 0.16086964309215546 0.09575080126523972 0.2157023549079895
v 0.15690112113952637 0.0958273857831955 0.2149912565946579
v 0.15689264237880707 0.0946240946650505 0.2147028148174286
v 0.1530066877603531 0.09461241960525513 0.21382956206798553
v 0.15299725532531738 0.0934753492474556 0.21337872743606567
v 0.14920012652873993 0.09339497983455658 0.2123529613018036
v 0.1491900533437729 0.0923338383436203 0.21177402138710022
v 0.1418842226266861 0.09104367345571518 0.20863233506679535
v 0.1383928656578064 0.08993608504533768 0.20646826922893524
v 0.13837382197380066 0.08831574767827988 0.20484963059425354
v 0.14921022951602936 0.09451699256896973 0.21279402077198029
v 0.15301613509655 0.09580101817846298 0.2141132354736328
v 0.15690959990024567 0.09705867618322372 0.21509110927581787
v 0.1608840525150299 0.09824009239673615 0.2157023549079895
v 0.16493335366249084 0.09929311275482178 0.21595101058483124
v 0.16905134916305542 0.10017026960849762 0.21585772931575775
v 0.17323218286037445 0.1008373573422432 0.21545925736427307
v 0.17746199667453766 0.10126466304063797 0.21479833126068115
v 0.1816909909248352 0.10147613286972046 0.21391451358795166
v 0.18586526811122894 0.10244664549827576 0.2119600474834442
v 0.18997719883918762 0.10319030284881592 0.20975583791732788
v 0.1492203325033188 0.0956890806555748 0.2130713313817978
v 0.1530255824327469 0.09701702743768692 0.2142113894224167
v 0.15691807866096497 0.09828996658325195 0.2149912565946579
v 0.16089127957820892 0.09945639222860336 0.21541090309619904
v 0.1649390012025833 0.10046744346618652 0.21548663079738617
v 0.16905513405799866 0.1012909859418869 0.2152513563632965
v 0.17323383688926697 0.10190044343471527 0.21474486589431763
v 0.17746120691299438 0.10227584093809128 0.21400494873523712
v 0.1816844791173935 0.10335622727870941 0.21216070652008057
v 0.1858542263507843 0.10416999459266663 0.21005408465862274
v 0.1899622678756714 0.10479947179555893 0.20775608718395233
v 0.1418740302324295 0.09013739973306656 0.20789304375648499
v 0.14917999505996704 0.09133946895599365 0.21108387410640717
v 0.15298783779144287 0.09240077435970306 0.21278740465641022
v 0.15688417851924896 0.093473419547081 0.21424460411071777
v 0.16086241602897644 0.0945345014333725 0.21541090309619904
v 0.16491641104221344 0.0955529659986496 0.21624350547790527
v 0.16903994977474213 0.09648165851831436 0.2167126089334488
v 0.1732272505760193 0.09726420789957047 0.21680386364459991
v 0.17746438086032867 0.09783989191055298 0.21653525531291962
v 0.18170084059238434 0.09820078313350677 0.21594230830669403
v 0.18588759005069733 0.0983697846531868 0.21507327258586884
v 0.19001512229442596 0.09838038682937622 0.21397387981414795
v 0.19408182799816132 0.09827464073896408 0.21267959475517273
v 0.1940632313489914 0.10028927773237228 0.21109910309314728
v 0.1940447986125946 0.10211850702762604 0.20930984616279602
v 0.19402652978897095 0.10378515720367432 0.2073661983013153
v 0.19399072229862213 0.10670638829469681 0.20315393805503845
v 0.19395606219768524 0.10917607694864273 0.19864791631698608
v 0.19392289221286774 0.11127940565347672 0.19394882023334503
v 0.19787313044071198 0.11242120712995529 0.1888875514268875
v 0.20178677141666412 0.11172082275152206 0.1885526478290558
v 0.2018246203660965 0.10974578559398651 0.19326820969581604
v 0.20566010475158691 0.1089336946606636 0.19274304807186127
v 0.20569999516010284 0.10654005408287048 0.1972109079360962
v 0.2094411998987198 0.10564496368169785 0.19645212590694427
v 0.20947954058647156 0.1027727797627449 0.20056115090847015
v 0.21310624480247498 0.1018519252538681 0.1995256394147873
v 0.21313811838626862 0.09844809770584106 0.20311439037322998
v 0.2166242003440857 0.09759532660245895 0.20176386833190918
v 0.1978398561477661 0.11403387039899826 0.18400225043296814
v 0.18993297219276428 0.10760378837585449 0.2034507393836975
v 0.18990465998649597 0.10996227711439133 0.19887380301952362
v 0.18987752497196198 0.11196435242891312 0.19412080943584442
v 0.14923043549060822 0.09688779711723328 0.2131672501564026
v 0.15303504467010498 0.09823303669691086 0.2141132354736328
v 0.15692657232284546 0.09949325770139694 0.2147028148174286
v 0.16089847683906555 0.10061942785978317 0.21494808793067932
v 0.1649446338415146 0.10157724469900131 0.21487809717655182
v 0.1690589040517807 0.10234184563159943 0.21452948451042175
v 0.1732354611158371 0.10289620608091354 0.2139378786087036
v 0.17745962738990784 0.10411591082811356 0.21221254765987396
v 0.18167798221111298 0.10503009706735611 0.2102091759443283
v 0.1858433037996292 0.10572327673435211 0.20800568163394928
v 0.18582184612751007 0.10841458290815353 0.20362131297588348
v 0.18580108880996704 0.11066610366106033 0.19898642599582672
v 0.18578124046325684 0.11257099360227585 0.19419163465499878
v 0.14924055337905884 0.09808652102947235 0.2130713313817978
v 0.15304449200630188 0.09942163527011871 0.21382956206798553
v 0.15693503618240356 0.10064394026994705 0.21424460411071777
v 0.160905659198761 0.10171808302402496 0.21434158086776733
v 0.16495026648044586 0.10261669754981995 0.21415390074253082
v 0.16906268894672394 0.103324294090271 0.21371477842330933
v 0.17323870956897736 0.10470125824213028 0.21211878955364227
v 0.17745807766914368 0.10574498772621155 0.21022571623325348
v 0.18167157471179962 0.10653100907802582 0.2081206738948822
v 0.18165899813175201 0.1091170683503151 0.2036728709936142
v 0.18164685368537903 0.11126935482025146 0.19899381697177887
v 0.18163520097732544 0.11308427900075912 0.1941695660352707
v 0.1455104500055313 0.09435172379016876 0.2115989774465561
v 0.14552083611488342 0.09550546109676361 0.21186861395835876
v 0.14553123712539673 0.09668485075235367 0.2119618058204651
v 0.14554163813591003 0.09786424785852432 0.21186861395835876
v 0.14925064146518707 0.09925860911607742 0.21279402077198029
v 0.1530539095401764 0.10055870562791824 0.21337872743606567
v 0.15694348514080048 0.10173093527555466 0.21364398300647736
v 0.16091285645961761 0.10274650156497955 0.21361982822418213
v 0.16495586931705475 0.10358725488185883 0.21333695948123932
v 0.16907018423080444 0.10510009527206421 0.21188099682331085
v 0.17324194312095642 0.10629191249608994 0.21010810136795044
v 0.1774565428495407 0.10719889402389526 0.20810672640800476
v 0.17745350301265717 0.1096910834312439 0.2036125808954239
v 0.17745056748390198 0.11175522208213806 0.19890393316745758
v 0.17744776606559753 0.11349041759967804 0.19406288862228394
v 0.18162418901920319 0.11462457478046417 0.18924766778945923
v 0.1857624351978302 0.11419117450714111 0.1892881989479065
v 0.18985185027122498 0.1136709675192833 0.18924714624881744
v 0.20951920747756958 0.09943502396345139 0.20429062843322754
v 0.20574162900447845 0.10375340282917023 0.20143455266952515
v 0.20186461508274078 0.10744278877973557 0.19782446324825287
v 0.19790872931480408 0.11053378880023956 0.19366738200187683
v 0.1938914805650711 0.11307620257139206 0.18911631405353546
v 0.19780924916267395 0.11540350317955017 0.1790391504764557
v 0.19778162240982056 0.11655367165803909 0.17401757836341858
v 0.13524770736694336 0.10998246818780899 0.19169825315475464
v 0.14217033982276917 0.11248017847537994 0.1894834190607071
v 0.14946165680885315 0.11327830702066422 0.19110806286334991
v 0.14949540793895721 0.11453642696142197 0.18643321096897125
v 0.15713194012641907 0.11508303880691528 0.18756689131259918
v 0.15715838968753815 0.11616551876068115 0.18272057175636292
v 0.16508786380290985 0.11644286662340164 0.18346650898456573
v 0.16510409116744995 0.11738947033882141 0.17849849164485931
v 0.1732785850763321 0.11739113181829453 0.1789509803056717
v 0.17328284680843353 0.11823389679193497 0.17389921844005585
v 0.1815958470106125 0.11796533316373825 0.1741374284029007
v 0.1815883368253708 0.11872736364603043 0.16903093457221985
v 0.18976834416389465 0.11824162304401398 0.16908782720565796
v 0.1897534728050232 0.11892334371805191 0.1639549732208252
v 0.19773675501346588 0.11826299875974655 0.16385318338871002
v 0.19772012531757355 0.11884546279907227 0.15872997045516968
v 0.19775734841823578 0.11750248074531555 0.16895203292369843
v 0.18978585302829742 0.11739037930965424 0.17419381439685822
v 0.18160441517829895 0.11703918129205704 0.17921586334705353
v 0.17327387630939484 0.1163829118013382 0.1839727908372879
v 0.16507023572921753 0.11531967669725418 0.18839973211288452
v 0.15710361301898956 0.11380140483379364 0.19236789643764496
v 0.19770784676074982 0.11925677955150604 0.15358945727348328
v 0.18974149227142334 0.11944503337144852 0.15880244970321655
v 0.1897326409816742 0.11981324106454849 0.15363600850105286
v 0.1691983938217163 0.12014226615428925 0.15345700085163116
v 0.17329421639442444 0.12020142376422882 0.15351876616477966
v 0.1815730184316635 0.12013215571641922 0.15360631048679352
v 0.23847772181034088 0.11182626336812973 0.14706021547317505
v 0.23574921488761902 0.11281552910804749 0.1432809978723526
v 0.2328449934720993 0.11331936717033386 0.13494829833507538
v 0.22318609058856964 0.09819476306438446 0.19701358675956726
v 0.25735506415367126 0.09883324056863785 0.1432809978723526
v 0.25735369324684143 0.09876944124698639 0.14208371937274933
v 0.25753310322761536 0.09803619980812073 0.1414923071861267
v 0.25766289234161377 0.0973270907998085 0.14150717854499817
v 0.2576644718647003 0.09749528020620346 0.14208777248859406
v 0.2573498785495758 0.09857569634914398 0.140898197889328
v 0.2573438882827759 0.09824381023645401 0.1397387683391571
v 0.2568373680114746 0.09993568807840347 0.14148972928524017
v 0.2561192214488983 0.10109040886163712 0.14090126752853394
v 0.2552019953727722 0.10223168134689331 0.14032022655010223
v 0.2540884017944336 0.10335761308670044 0.1397484689950943
v 0.2527811527252197 0.1044662669301033 0.13918782770633698
v 0.2512829601764679 0.10555575788021088 0.1386401653289795
v 0.25511106848716736 0.09981854259967804 0.13176588714122772
v 0.25604140758514404 0.09852704405784607 0.13297544419765472
v 0.25605708360671997 0.09912717342376709 0.13402710855007172
v 0.2568001449108124 0.0984402447938919 0.1363161951303482
v 0.25730589032173157 0.09508445113897324 0.13612733781337738
v 0.25731682777404785 0.09621033817529678 0.1367160975933075
v 0.25675907731056213 0.09614505618810654 0.13345634937286377
v 0.25672397017478943 0.09354202449321747 0.13238579034805298
v 0.257294625043869 0.09384267032146454 0.13597765564918518
v 0.25602462887763977 0.09783036261796951 0.13197682797908783
v 0.2560068964958191 0.09702689200639725 0.13105034828186035
v 0.2550881505012512 0.09907975047826767 0.13045652210712433
v 0.25396642088890076 0.10051394253969193 0.12953951954841614
v 0.2525469958782196 0.09905283153057098 0.1238170713186264
v 0.2525031566619873 0.097710981965065 0.12221450358629227
v 0.25390276312828064 0.09862884134054184 0.12649013102054596
v 0.25503772497177124 0.09723130613565445 0.12805835902690887
v 0.2559884190559387 0.09610598534345627 0.1302238553762436
v 0.24568741023540497 0.10890631377696991 0.14637814462184906
v 0.24346214532852173 0.10998806357383728 0.1432809978723526
v 0.24569253623485565 0.10897824913263321 0.1432809978723526
v 0.24344106018543243 0.1096813753247261 0.1366162896156311
v 0.24772541224956512 0.10766927897930145 0.137591153383255
v 0.256816565990448 0.09915899485349655 0.137981116771698
v 0.2568087875843048 0.0988302007317543 0.137137308716774
v 0.25608447194099426 0.10007146000862122 0.1362396776676178
v 0.2560714781284332 0.09963963180780411 0.13511836528778076
v 0.2551511824131012 0.10098005831241608 0.1345198005437851
v 0.25513213872909546 0.10044903308153152 0.13312427699565887
v 0.25402021408081055 0.10188360512256622 0.13282690942287445
v 0.2539947032928467 0.10125759243965149 0.13116119801998138
v 0.25269514322280884 0.10278092324733734 0.13116639852523804
v 0.2526629865169525 0.10206449776887894 0.1292353719472885
v 0.2511795461177826 0.1036708727478981 0.12954364717006683
v 0.251140832901001 0.10286889970302582 0.1273529976606369
v 0.24947702884674072 0.10455214977264404 0.1279640644788742
v 0.2494322508573532 0.10366988182067871 0.1255202740430832
v 0.24759167432785034 0.10542314499616623 0.12643304467201233
v 0.2475416213274002 0.104466013610363 0.12374341487884521
v 0.24552762508392334 0.10628209263086319 0.12495598942041397
v 0.24323217570781708 0.1060376837849617 0.12038210779428482
v 0.2433815598487854 0.10874439030885696 0.1300112009048462
v 0.24333909153938293 0.10802555084228516 0.12675254046916962
v 0.2432890683412552 0.10712725669145584 0.12353827804327011
v 0.25682923197746277 0.099649578332901 0.1397159844636917
v 0.25610560178756714 0.10071529448032379 0.1385447382926941
v 0.25518208742141724 0.10177117586135864 0.1373881846666336
v 0.2540616989135742 0.10281557589769363 0.13624997437000275
v 0.25274747610092163 0.10384684801101685 0.135133758187294
v 0.251242458820343 0.10486331582069397 0.13404323160648346
v 0.24954982101917267 0.1058632880449295 0.1329820305109024
v 0.25262731313705444 0.1012130081653595 0.1273549497127533
v 0.2510979175567627 0.10191532969474792 0.1252191662788391
v 0.2493826150894165 0.10262037068605423 0.12313912808895111
v 0.24748612940311432 0.10332705080509186 0.12112179398536682
v 0.24316911399364471 0.10474033653736115 0.11730313301086426
v 0.25506365299224854 0.09822160750627518 0.12921281158924103
v 0.25393566489219666 0.09964210540056229 0.1279759258031845
v 0.25258851051330566 0.10021422803401947 0.1255412995815277
v 0.25105127692222595 0.10079627484083176 0.12316031008958817
v 0.2493286430835724 0.10138818621635437 0.12084062397480011
v 0.24742579460144043 0.1019892767071724 0.11858990788459778
v 0.2453480064868927 0.10259866714477539 0.11641582101583481
v 0.24310055375099182 0.10321550071239471 0.11432602256536484
v 0.2524573802947998 0.09617003798484802 0.12078071385622025
v 0.25089356303215027 0.09625978767871857 0.11774806678295135
v 0.2491462081670761 0.09638746082782745 0.11478808522224426
v 0.24722185730934143 0.09655418992042542 0.11190985888242722
v 0.24496576189994812 0.09136821329593658 0.10587047785520554
v 0.24707281589508057 0.0915447324514389 0.1089557632803917
v 0.24714823067188263 0.09418883919715881 0.11020954698324203
v 0.24901287257671356 0.09178812801837921 0.11213124543428421
v 0.2490803450345993 0.09421423822641373 0.11325476318597794
v 0.25077828764915466 0.09209589660167694 0.11538789421319962
v 0.2508366107940674 0.09429104626178741 0.11638269573450089
v 0.25236156582832336 0.09246520698070526 0.11871669441461563
v 0.25241005420684814 0.09441731870174408 0.11958415061235428
v 0.25375574827194214 0.09289193898439407 0.12210863083600998
v 0.25379419326782227 0.094589963555336 0.12284993380308151
v 0.2549540400505066 0.09337165951728821 0.12555468082427979
v 0.25498270988464355 0.09480559080839157 0.12617087364196777
v 0.2559496760368347 0.09389994293451309 0.12904582917690277
v 0.2559692859649658 0.0950608178973198 0.12953776121139526
v 0.2567359209060669 0.09447235614061356 0.13257306814193726
v 0.25674763321876526 0.09535226225852966 0.13294139504432678
v 0.24269936978816986 0.09126108884811401 0.10288440436124802
v 0.242655947804451 0.08964448422193527 0.10236549377441406
v 0.24927090108394623 0.09995394200086594 0.11865288019180298
v 0.24729306995868683 0.09862854331731796 0.11393040418624878
v 0.24512715637683868 0.0967608168721199 0.10912246257066727
v 0.2450474351644516 0.09421651810407639 0.10725624114274979
v 0.24278509616851807 0.09429892897605896 0.104404017329216
v 0.24274244904518127 0.09281758219003677 0.10356973856687546
v 0.23843681812286377 0.111147940158844 0.1319749504327774
v 0.23840269446372986 0.11054418236017227 0.12824460864067078
v 0.23836031556129456 0.10975445061922073 0.12454941868782043
v 0.23831042647361755 0.10876734554767609 0.12090249359607697
v 0.2382536679506302 0.10756970196962357 0.11731874942779541
v 0.23819074034690857 0.10614316165447235 0.1138189509510994
v 0.2381223440170288 0.10446573793888092 0.11042996495962143
v 0.24527810513973236 0.10092635452747345 0.11378641426563263
v 0.24302718043327332 0.10143837332725525 0.11148548871278763
v 0.2429496943950653 0.09937978535890579 0.10883095115423203
v 0.24053598940372467 0.09979751706123352 0.10643449425697327
v 0.2404537796974182 0.09729690104722977 0.10385652631521225
v 0.24736124277114868 0.1004314124584198 0.11617829650640488
v 0.24520428478717804 0.09899009019136429 0.11133252084255219
v 0.24286876618862152 0.09700820595026016 0.10643498599529266
v 0.24036875367164612 0.09443739801645279 0.10166209191083908
v 0.23789110779762268 0.09762617945671082 0.10139614343643188
v 0.2378496676683426 0.09617745131254196 0.10015859454870224
v 0.23780763149261475 0.09463193267583847 0.09903963655233383
v 0.2403254210948944 0.09287212044000626 0.10075566917657852
v 0.2377650886774063 0.09299086034297943 0.09806044399738312
v 0.24028165638446808 0.0912255272269249 0.10000655800104141
v 0.23772209882736206 0.09126228839159012 0.0972459688782692
v 0.23767878115177155 0.0894608199596405 0.09661740809679031
v 0.24019315838813782 0.08776151388883591 0.09904896467924118
v 0.23763521015644073 0.08761468529701233 0.09618814289569855
v 0.2375914603471756 0.08575297147035599 0.09595219045877457
v 0.24061472713947296 0.1019667536020279 0.10928380489349365
v 0.23804914951324463 0.10250966250896454 0.1071896180510521
v 0.23797184228897095 0.10024192929267883 0.10415186733007431
v 0.23526640236377716 0.10071136802434921 0.10199185460805893
v 0.23519015312194824 0.09799499064683914 0.09906294196844101
v 0.23236028850078583 0.09840229153633118 0.09686599671840668
v 0.235151007771492 0.09648945182561874 0.09774316102266312
v 0.23232510685920715 0.09684821963310242 0.09546525031328201
v 0.2351113259792328 0.09488218277692795 0.09654586017131805
v 0.2322894185781479 0.09518783539533615 0.09418992698192596
v 0.232253298163414 0.093421071767807 0.0930631160736084
v 0.23255659639835358 0.10572206974029541 0.10696303099393845
v 0.232614666223526 0.1075151264667511 0.11072497814893723
v 0.23266807198524475 0.109039805829525 0.11460298299789429
v 0.23271626234054565 0.11031985282897949 0.11856886744499207
v 0.23275861144065857 0.11137491464614868 0.12260088324546814
v 0.23279458284378052 0.11221909523010254 0.12668339908123016
v 0.23282356560230255 0.11286457628011703 0.1308027058839798
v 0.25668805837631226 0.09077764302492142 0.13257306814193726
v 0.2558896541595459 0.09024722129106522 0.12879419326782227
v 0.2572833299636841 0.09260088950395584 0.13612733781337738
v 0.2558310329914093 0.08681268990039825 0.1302238553762436
v 0.2558501660823822 0.08785784989595413 0.12953776121139526
v 0.2548084557056427 0.0858977884054184 0.12617087364196777
v 0.25478047132492065 0.08460784703493118 0.127027690410614
v 0.2535603940486908 0.08402616530656815 0.12284993380308151
v 0.2535228729248047 0.08250004053115845 0.12387695908546448
v 0.2521151900291443 0.08225162327289581 0.11958415061235428
v 0.2520678639411926 0.08049889653921127 0.12078071385622025
v 0.2566763460636139 0.08989773690700531 0.13294139504432678
v 0.256664901971817 0.08910494297742844 0.13345634937286377
v 0.25581255555152893 0.08589179068803787 0.13105034828186035
v 0.254753440618515 0.08347207307815552 0.12805835902690887
v 0.25348660349845886 0.08115729689598083 0.12511016428470612
v 0.2520220875740051 0.07895796000957489 0.12221450358629227
v 0.25579482316970825 0.08508830517530441 0.13197682797908783
v 0.2547275424003601 0.08248177170753479 0.12921281158924103
v 0.2534518539905548 0.0799872875213623 0.12649013102054596
v 0.2519782483577728 0.07761611044406891 0.1238170713186264
v 0.2546800673007965 0.08088483661413193 0.13176588714122772
v 0.25576239824295044 0.08379150182008743 0.13402710855007172
v 0.2566238343715668 0.08680975437164307 0.1363161951303482
v 0.2572530508041382 0.08992719650268555 0.13862618803977966
v 0.25660741329193115 0.08609100431203842 0.137981116771698
v 0.25573498010635376 0.08284720778465271 0.1362396776676178
v 0.25463998317718506 0.0797233134508133 0.1345198005437851
v 0.2533343732357025 0.07673252373933792 0.13282690942287445
v 0.2518301010131836 0.07388801127672195 0.13116639852523804
v 0.250139057636261 0.07120296359062195 0.12954364717006683
v 0.25763389468193054 0.0925867110490799 0.1432809978723526
v 0.24827340245246887 0.06868989020586014 0.1279640644788742
v 0.2502206563949585 0.07295849919319153 0.1252191662788391
v 0.2502673268318176 0.0740775540471077 0.12316031008958817
v 0.250317245721817 0.07537949085235596 0.12120190262794495
v 0.25036996603012085 0.07688456028699875 0.1193801611661911
v 0.2504250407218933 0.07861404865980148 0.11774806678295135
v 0.2504819631576538 0.08058278262615204 0.11638269573450089
v 0.25489556789398193 0.09035168588161469 0.12516798079013824
v 0.25486624240875244 0.08885082602500916 0.12523697316646576
v 0.2536773085594177 0.08930806070566177 0.12163673341274261
v 0.2536379098892212 0.08752544224262238 0.12172272801399231
v 0.2522626221179962 0.08833447098731995 0.11815532296895981
v 0.2522129714488983 0.08627771586179733 0.11826008558273315
v 0.2506592869758606 0.08743691444396973 0.1147320568561554
v 0.25059956312179565 0.08511427044868469 0.11485762149095535
v 0.2488752156496048 0.08662102371454239 0.11137523502111435
v 0.24880611896514893 0.08404134958982468 0.11152394115924835
v 0.2469189316034317 0.08589086681604385 0.10809315741062164
v 0.2468416839838028 0.08306348323822021 0.10826762765645981
v 0.24479910731315613 0.0852501168847084 0.10489415377378464
v 0.24471546709537506 0.08218478411436081 0.10509730130434036
v 0.24252447485923767 0.0847024917602539 0.10178649425506592
v 0.24243667721748352 0.08140938729047775 0.10202154517173767
v 0.2486700713634491 0.07902780920267105 0.11325476318597794
v 0.2466896027326584 0.0775928869843483 0.11020954698324203
v 0.24847953021526337 0.07328811287879944 0.11865288019180298
v 0.24654477834701538 0.07315317541360855 0.11393040418624878
v 0.24010396003723145 0.08425126224756241 0.09877852350473404
v 0.2375476211309433 0.08389824628829956 0.09587851166725159
v 0.24001474678516388 0.0807410180568695 0.09904896467924118
v 0.23746003210544586 0.0801817998290062 0.09618814289569855
v 0.2559297978878021 0.0926714539527893 0.12879419326782227
v 0.2549249231815338 0.09185255318880081 0.12523697316646576
v 0.25371667742729187 0.09109067916870117 0.12172272801399231
v 0.2523122727870941 0.09039123356342316 0.11826008558273315
v 0.2507190406322479 0.08975956588983536 0.11485762149095535
v 0.24894431233406067 0.0892006978392601 0.11152394115924835
v 0.24699616432189941 0.0887182429432869 0.10826762765645981
v 0.2448827624320984 0.0883154571056366 0.10509730130434036
v 0.24261225759983063 0.08799558877944946 0.10202154517173767
v 0.2399703860282898 0.07898995280265808 0.09943406283855438
v 0.23741646111011505 0.07833565771579742 0.09661740809679031
v 0.2558697462081909 0.08901872485876083 0.12904582917690277
v 0.2548370957374573 0.08733171224594116 0.12555468082427979
v 0.2535988688468933 0.08572418987751007 0.12210863083600998
v 0.25216367840766907 0.08420373499393463 0.11871669441461563
v 0.25054028630256653 0.08277792483568192 0.11538789421319962
v 0.24873755872249603 0.08145391196012497 0.11213124543428421
v 0.24676504731178284 0.08023698627948761 0.1089557632803917
v 0.24463245272636414 0.07913202792406082 0.10587047785520554
v 0.24234957993030548 0.0781438797712326 0.10288440436124802
v 0.2399262636899948 0.07727700471878052 0.10000655800104141
v 0.23737312853336334 0.0765341967344284 0.0972459688782692
v 0.2565947473049164 0.08560042083263397 0.1397159844636917
v 0.2557138204574585 0.08220338076353073 0.1385447382926941
v 0.254609078168869 0.07893220335245132 0.1373881846666336
v 0.25329291820526123 0.07580054551362991 0.13624997437000275
v 0.2517777681350708 0.07282209396362305 0.135133758187294
v 0.2500761151313782 0.07001050561666489 0.13404323160648346
v 0.24820062518119812 0.06737875938415527 0.1329820305109024
v 0.24616481363773346 0.06493692845106125 0.1319538652896881
v 0.24624618887901306 0.06635857373476028 0.12643304467201233
v 0.2439824640750885 0.06269440799951553 0.1309623420238495
v 0.24407058954238892 0.06421814858913422 0.12495598942041397
v 0.24166738986968994 0.06066058948636055 0.1300112009048462
v 0.2572355568408966 0.08891590684652328 0.14208371937274933
v 0.25658661127090454 0.0853143110871315 0.14148972928524017
v 0.2557002305984497 0.08182826638221741 0.14090126752853394
v 0.25458917021751404 0.07847169041633606 0.14032022655010223
v 0.25326621532440186 0.0752585157752037 0.1397484689950943
v 0.2517441213130951 0.072202667593956 0.13918782770633698
v 0.2500356137752533 0.06931807100772858 0.1386401653289795
v 0.24815376102924347 0.06661791354417801 0.1381072998046875
v 0.24611243605613708 0.06411244720220566 0.137591153383255
v 0.24392575025558472 0.0618111714720726 0.13709352910518646
v 0.24160785973072052 0.05972359701991081 0.1366162896156311
v 0.23917266726493835 0.05785868316888809 0.13616129755973816
v 0.239233136177063 0.05884431675076485 0.12910406291484833
v 0.23663316667079926 0.056223198771476746 0.13573040068149567
v 0.23669254779815674 0.05725230276584625 0.12824460864067078
v 0.23400214314460754 0.05482339486479759 0.13532544672489166
v 0.23405821621418 0.05589072406291962 0.12743648886680603
v 0.23129238188266754 0.05366548150777817 0.13494829833507538
v 0.23486576974391937 0.0836448222398758 0.09309478849172592
v 0.23214304447174072 0.08758700639009476 0.09083621203899384
v 0.23218002915382385 0.08960091322660446 0.09136372059583664
v 0.23221680521965027 0.09155448526144028 0.09211260080337524
v 0.23533941805362701 0.10306495428085327 0.10521122068166733
v 0.23249445855617523 0.10363049805164337 0.10335685312747955
v 0.23242883384227753 0.10120420157909393 0.09996321052312851
v 0.22946859896183014 0.1017187237739563 0.09807468205690384
v 0.22941116988658905 0.09884694963693619 0.09481438249349594
v 0.22635363042354584 0.0993274599313736 0.09291719645261765
v 0.2293817102909088 0.09725290536880493 0.09333404898643494
v 0.2263316661119461 0.09770222008228302 0.09135870635509491
v 0.22935181856155396 0.09554838389158249 0.09198105335235596
v 0.2263093739748001 0.0959627777338028 0.08992841094732285
v 0.22628681361675262 0.09410720318555832 0.08865088224411011
v 0.22621795535087585 0.08791906386613846 0.08603452891111374
v 0.22624105215072632 0.09006913751363754 0.08667504042387009
v 0.22626401484012604 0.09213948249816895 0.08755645900964737
v 0.21655504405498505 0.1088060587644577 0.10057362914085388
v 0.21996574103832245 0.10817578434944153 0.10156174749135971
v 0.21654002368450165 0.11070872843265533 0.1050613671541214
v 0.21996816992759705 0.11008273810148239 0.1059306412935257
v 0.21997037529945374 0.11170624196529388 0.1104128435254097
v 0.21301794052124023 0.10950791090726852 0.09973250329494476
v 0.21299181878566742 0.11138038337230682 0.10432545840740204
v 0.21296778321266174 0.1129750907421112 0.10902300477027893
v 0.2129461169242859 0.11431682854890823 0.11379951983690262
v 0.2199723869562149 0.11307138949632645 0.11498073488473892
v 0.21292705833911896 0.11542534083127975 0.11863544583320618
v 0.21997414529323578 0.11419844627380371 0.11961308121681213
v 0.21291087567806244 0.11631468683481216 0.12351658940315247
v 0.21997563540935516 0.1151019036769867 0.12429457157850266
v 0.21289783716201782 0.1169964149594307 0.12843076884746552
v 0.21997684240341187 0.11579389125108719 0.12901191413402557
v 0.2128881961107254 0.11747804284095764 0.13336843252182007
v 0.2199777513742447 0.11628233641386032 0.13375477492809296
v 0.21288016438484192 0.11786052584648132 0.1432809978723526
v 0.21997849643230438 0.11666987091302872 0.1432809978723526
v 0.21288222074508667 0.11776519566774368 0.14824095368385315
v 0.21997830271720886 0.11657334864139557 0.14804808795452118
v 0.2128881961107254 0.11747804284095764 0.15319357812404633
v 0.2199777513742447 0.11628233641386032 0.15280722081661224
v 0.21289783716201782 0.1169964149594307 0.15813124179840088
v 0.21997684240341187 0.11579389125108719 0.15755009651184082
v 0.21291087567806244 0.11631468683481216 0.16304542124271393
v 0.21997563540935516 0.1151019036769867 0.16226744651794434
v 0.21292705833911896 0.11542534083127975 0.16792656481266022
v 0.21997414529323578 0.11419844627380371 0.16694892942905426
v 0.2129461169242859 0.11431682854890823 0.17276248335838318
v 0.2199723869562149 0.11307138949632645 0.17158128321170807
v 0.21296778321266174 0.1129750907421112 0.17753900587558746
v 0.21997037529945374 0.11170624196529388 0.1761491596698761
v 0.21299181878566742 0.11138038337230682 0.18223655223846436
v 0.21996816992759705 0.11008273810148239 0.1806313693523407
v 0.21655504405498505 0.1088060587644577 0.1859883815050125
v 0.21996574103832245 0.10817578434944153 0.1850002557039261
v 0.21996314823627472 0.10595295578241348 0.1892167627811432
v 0.2232469618320465 0.10536746680736542 0.1879412829875946
v 0.22322337329387665 0.10280542075634003 0.19180898368358612
v 0.22639644145965576 0.10225309431552887 0.1902269870042801
v 0.22635363042354584 0.0993274599313736 0.19364482164382935
v 0.22941116988658905 0.09884694963693619 0.19174763560295105
v 0.2263316661119461 0.09770222008228302 0.19520330429077148
v 0.2293817102909088 0.09725290536880493 0.19322796165943146
v 0.2263093739748001 0.0959627777338028 0.19663360714912415
v 0.22935181856155396 0.09554838389158249 0.19458095729351044
v 0.232253298163414 0.093421071767807 0.193498894572258
v 0.21995460987091064 0.09694826602935791 0.08632861077785492
v 0.2166242003440857 0.09759532660245895 0.08479814231395721
v 0.21310624480247498 0.1018519252538681 0.0870363712310791
v 0.21313811838626862 0.09844809770584106 0.08344762027263641
v 0.2199515998363495 0.09301263093948364 0.08364970237016678
v 0.21995311975479126 0.09504269808530807 0.08489688485860825
v 0.21663355827331543 0.09568475186824799 0.0832880362868309
v 0.21995006501674652 0.09086256474256516 0.08262200653553009
v 0.21994853019714355 0.08860915154218674 0.08185186982154846
v 0.2199469804763794 0.08627582341432571 0.0813743844628334
v 0.21666209399700165 0.08918559551239014 0.08001314848661423
v 0.2131873220205307 0.09234828501939774 0.07926343381404877
v 0.2095598429441452 0.09555993974208832 0.07911597192287445
v 0.20951920747756958 0.09943502396345139 0.08227137476205826
v 0.20947954058647156 0.1027727797627449 0.08600085973739624
v 0.2130753993988037 0.10479053109884262 0.09102187305688858
v 0.2165881097316742 0.10401584953069687 0.09209505468606949
v 0.21996042132377625 0.10337379574775696 0.09333740919828415
v 0.22322337329387665 0.10280542075634003 0.09475302696228027
v 0.2232469618320465 0.10536746680736542 0.09862073510885239
v 0.22643741965293884 0.10478384047746658 0.1000533401966095
v 0.22647622227668762 0.10696472972631454 0.10398652404546738
v 0.23236028850078583 0.09840229153633118 0.18969601392745972
v 0.22946859896183014 0.1017187237739563 0.18848733603954315
v 0.22643741965293884 0.10478384047746658 0.1865086555480957
v 0.22647622227668762 0.10696472972631454 0.18257547914981842
v 0.22651249170303345 0.10883449763059616 0.17848505079746246
v 0.22654585540294647 0.11042487621307373 0.17427754402160645
v 0.22657594084739685 0.11176067590713501 0.169981449842453
v 0.22660239040851593 0.1128622442483902 0.1656186878681183
v 0.22662486135959625 0.11374416202306747 0.16120506823062897
v 0.22664295136928558 0.11441884934902191 0.15675435960292816
v 0.22665633261203766 0.11489451676607132 0.15227720141410828
v 0.22666463255882263 0.11517760902643204 0.14778321981430054
v 0.22666747868061066 0.11527140438556671 0.1432809978723526
v 0.22665633261203766 0.11489451676607132 0.13428480923175812
v 0.22664295136928558 0.11441884934902191 0.12980765104293823
v 0.22662486135959625 0.11374416202306747 0.12535694241523743
v 0.22660239040851593 0.1128622442483902 0.12094331532716751
v 0.22657594084739685 0.11176067590713501 0.1165805533528328
v 0.22654585540294647 0.11042487621307373 0.11228445917367935
v 0.22651249170303345 0.10883449763059616 0.10807695984840393
v 0.22952356934547424 0.10420415550470352 0.10163480788469315
v 0.22639644145965576 0.10225309431552887 0.0963350310921669
v 0.22319872677326202 0.09984221309423447 0.09118351340293884
v 0.22318609058856964 0.09819476306438446 0.08954841643571854
v 0.22317326068878174 0.09642981737852097 0.08804120123386383
v 0.2131543606519699 0.09655221551656723 0.08185908943414688
v 0.20953942835330963 0.09756867587566376 0.08060544729232788
v 0.20578470826148987 0.10050270706415176 0.08126373589038849
v 0.2058066576719284 0.09867698699235916 0.07952254265546799
v 0.21994543075561523 0.08390112221240997 0.08121107518672943
v 0.21667170524597168 0.08680219203233719 0.07948232442140579
v 0.21320398151874542 0.09004570543766022 0.0783471092581749
v 0.2095804214477539 0.09340255707502365 0.07784631103277206
v 0.20582881569862366 0.09670332819223404 0.077953040599823
v 0.18972715735435486 0.12003251910209656 0.14846067130565643
v 0.18157066404819489 0.1203278973698616 0.14844535291194916
v 0.18972527980804443 0.1201053261756897 0.1432809978723526
v 0.18156984448432922 0.12039288133382797 0.1432809978723526
v 0.1897326409816742 0.11981324106454849 0.13292600214481354
v 0.1815730184316635 0.12013215571641922 0.13295570015907288
v 0.18974149227142334 0.11944503337144852 0.12775954604148865
v 0.18158195912837982 0.11933708935976028 0.12265865504741669
v 0.1897534728050232 0.11892334371805191 0.1226070374250412
v 0.18976834416389465 0.11824162304401398 0.11747419089078903
v 0.1815883368253708 0.11872736364603043 0.11753108352422714
v 0.18978585302829742 0.11739037930965424 0.11236819624900818
v 0.1815958470106125 0.11796533316373825 0.1124245896935463
v 0.1898057609796524 0.11635717004537582 0.10729777067899704
v 0.18160441517829895 0.11703918129205704 0.10734615474939346
v 0.1898278445005417 0.11512492597103119 0.10227469354867935
v 0.20558705925941467 0.11275095492601395 0.10322258621454239
v 0.20178677141666412 0.11172082275152206 0.09800934791564941
v 0.2056223601102829 0.11098989099264145 0.09845853596925735
v 0.2018246203660965 0.10974578559398651 0.09329379349946976
v 0.20566010475158691 0.1089336946606636 0.09381897002458572
v 0.20186461508274078 0.10744278877973557 0.08873754739761353
v 0.19798561930656433 0.10574790090322495 0.08383823186159134
v 0.19794633984565735 0.10832885652780533 0.0882612019777298
v 0.19790872931480408 0.11053378880023956 0.09289462864398956
v 0.20558705925941467 0.11275095492601395 0.1833394318819046
v 0.20555460453033447 0.11424918472766876 0.17848320305347443
v 0.20552532374858856 0.11550889909267426 0.17355751991271973
v 0.2054995894432068 0.11654911935329437 0.1685796082019806
v 0.2054777294397354 0.1173834577202797 0.16356199979782104
v 0.2054601013660431 0.1180228665471077 0.15851539373397827
v 0.20544709265232086 0.1184745728969574 0.15344814956188202
v 0.2054390162229538 0.11874385923147202 0.14836779236793518
v 0.20543625950813293 0.1188332736492157 0.1432809978723526
v 0.20544709265232086 0.1184745728969574 0.13311386108398438
v 0.2054601013660431 0.1180228665471077 0.12804661691188812
v 0.2054777294397354 0.1173834577202797 0.12300001084804535
v 0.2054995894432068 0.11654911935329437 0.1179823949933052
v 0.20552532374858856 0.11550889909267426 0.11300448328256607
v 0.20555460453033447 0.11424918472766876 0.10807880014181137
v 0.20940446853637695 0.10811765491962433 0.09447842091321945
v 0.20569999516010284 0.10654005408287048 0.0893511176109314
v 0.20190638303756714 0.10475476086139679 0.0844089686870575
v 0.20192782580852509 0.10324344038963318 0.0823621153831482
v 0.20576301217079163 0.10219109058380127 0.08314075320959091
v 0.20574162900447845 0.10375340282917023 0.08512745052576065
v 0.2094411998987198 0.10564496368169785 0.09010989218950272
v 0.2130458950996399 0.10732512921094894 0.09528043121099472
v 0.2165711373090744 0.10658877342939377 0.09623327851295471
v 0.21996314823627472 0.10595295578241348 0.0973452478647232
v 0.20203876495361328 0.09352544695138931 0.07438133656978607
v 0.19812075793743134 0.09360038489103317 0.0729343593120575
v 0.2058849334716797 0.09107309579849243 0.07512780278921127
v 0.1940084993839264 0.10530883818864822 0.08125632256269455
v 0.19402652978897095 0.10378515720367432 0.07919580489397049
v 0.19802623987197876 0.10271023213863373 0.07973160594701767
v 0.1940447986125946 0.10211850702762604 0.07725217193365097
v 0.19804693758487701 0.1009867861866951 0.07785049825906754
v 0.1940632313489914 0.10028927773237228 0.07546290755271912
v 0.19806784391403198 0.09910524636507034 0.07612981647253036
v 0.19408182799816132 0.09827464073896408 0.07388240844011307
v 0.19808892905712128 0.0970468521118164 0.07462139427661896
v 0.1980995088815689 0.09594658762216568 0.07396946847438812
v 0.19003044068813324 0.0960797667503357 0.07143086940050125
v 0.19813139736652374 0.09236045181751251 0.0725824311375618
v 0.19003812968730927 0.0948495864868164 0.07103299349546432
v 0.19814206659793854 0.09108635038137436 0.07236276566982269
v 0.1900227814912796 0.097258560359478 0.07195638120174408
v 0.19001512229442596 0.09838038682937622 0.07258812338113785
v 0.19000749289989471 0.09944549202919006 0.07330833375453949
v 0.1899922788143158 0.10141453146934509 0.07495473325252533
v 0.18997719883918762 0.10319030284881592 0.07680618017911911
v 0.1899622678756714 0.10479947179555893 0.07880593091249466
v 0.18993297219276428 0.10760378837585449 0.08311127871274948
v 0.20589621365070343 0.08983463048934937 0.07482696324586868
v 0.20590752363204956 0.08857033401727676 0.07464032620191574
v 0.2059188336133957 0.08729250729084015 0.07457637786865234
v 0.202016219496727 0.09579984843730927 0.0755271390080452
v 0.20199380815029144 0.09789805114269257 0.07695876061916351
v 0.20197157561779022 0.09982848912477493 0.0786057561635971
v 0.2019495666027069 0.10160574316978455 0.08041904121637344
v 0.1980057805776596 0.10429226607084274 0.08173614740371704
v 0.19399072229862213 0.10670638829469681 0.08340806514024734
v 0.19395606219768524 0.10917607694864273 0.08791408687829971
v 0.18163520097732544 0.11308427900075912 0.0923924446105957
v 0.1857624351978302 0.11419117450714111 0.0972738042473793
v 0.18162418901920319 0.11462457478046417 0.09731432795524597
v 0.18161389231681824 0.11593285948038101 0.10230512171983719
v 0.17744776606559753 0.11349041759967804 0.09249912202358246
v 0.17745056748390198 0.11175522208213806 0.08765807747840881
v 0.17325744032859802 0.11210928857326508 0.08783766627311707
v 0.16909946501255035 0.110391765832901 0.08338341116905212
v 0.23462019860744476 0.07240746915340424 0.09654586017131805
v 0.23184795677661896 0.07179701328277588 0.09418992698192596
v 0.2318122684955597 0.07013662904500961 0.09546525031328201
v 0.22898195683956146 0.07133588939905167 0.09198105335235596
v 0.2289520651102066 0.06963136792182922 0.09333404898643494
v 0.22603365778923035 0.0710248202085495 0.08992841094732285
v 0.22601138055324554 0.06928537786006927 0.09135870635509491
v 0.22301457822322845 0.07086409628391266 0.08804120123386383
v 0.22300174832344055 0.06909914314746857 0.08954841643571854
v 0.21993623673915863 0.07085397839546204 0.08632861077785492
v 0.21993476152420044 0.0690731406211853 0.08791232109069824
v 0.22892259061336517 0.06803731620311737 0.09481438249349594
v 0.22598940134048462 0.0676601454615593 0.09291719645261765
v 0.22596779465675354 0.06614501774311066 0.09458159655332565
v 0.22298911213874817 0.06745169311761856 0.09118351340293884
v 0.2229766845703125 0.06591681391000748 0.09292403608560562
v 0.24447104334831238 0.0737394317984581 0.10912246257066727
v 0.2443939447402954 0.07151015847921371 0.11133252084255219
v 0.24218016862869263 0.07239677011966705 0.10643498599529266
v 0.24209924042224884 0.07002518326044083 0.10883095115423203
v 0.23975414037704468 0.07120563089847565 0.10385652631521225
v 0.23967191576957703 0.0687050074338913 0.10643449425697327
v 0.23720413446426392 0.07017030566930771 0.10139614343643188
v 0.23712339997291565 0.06755455583333969 0.10415186733007431
v 0.23454135656356812 0.06929466128349304 0.09906294196844101
v 0.2344651073217392 0.06657828390598297 0.10199185460805893
v 0.23177708685398102 0.06858254969120026 0.09686599671840668
v 0.2317085564136505 0.0657806470990181 0.09996321052312851
v 0.22886516153812408 0.06516554206609726 0.09807468205690384
v 0.2259466052055359 0.06473451107740402 0.0963350310921669
v 0.22296446561813354 0.0644884929060936 0.09475302696228027
v 0.21993330121040344 0.06741262227296829 0.08962242305278778
v 0.21993185579776764 0.06586659699678421 0.09143643081188202
v 0.21993044018745422 0.06442844122648239 0.09333740919828415
v 0.2199290543794632 0.06309142708778381 0.09531070291996002
v 0.24647660553455353 0.07135031372308731 0.11617829650640488
v 0.2443201094865799 0.06957388669252396 0.11378641426563263
v 0.24202175438404083 0.06796660274267197 0.11148548871278763
v 0.23959319293498993 0.06653577089309692 0.10928380489349365
v 0.23704609274864197 0.06528681516647339 0.1071896180510521
v 0.23439212143421173 0.06422469764947891 0.10521122068166733
v 0.2316429316997528 0.06335435062646866 0.10335685312747955
v 0.22881019115447998 0.06268011778593063 0.10163480788469315
v 0.2259056270122528 0.06220376119017601 0.1000533401966095
v 0.22294087707996368 0.06192643567919731 0.09862073510885239
v 0.21992771327495575 0.061849288642406464 0.0973452478647232
v 0.24455077946186066 0.07628372311592102 0.10725624114274979
v 0.24226383864879608 0.07510604709386826 0.104404017329216
v 0.23983915150165558 0.07406512647867203 0.10166209191083908
v 0.23728761076927185 0.07316454499959946 0.09903963655233383
v 0.21669095754623413 0.08192689716815948 0.07948232442140579
v 0.2183419018983841 0.08167925477027893 0.08040721714496613
v 0.21670056879520416 0.07954349368810654 0.08001314848661423
v 0.2150072306394577 0.0798572301864624 0.07915857434272766
v 0.2150207757949829 0.0775601863861084 0.0800371915102005
v 0.21324577927589417 0.08389868587255478 0.0776066780090332
v 0.2132541537284851 0.08266107738018036 0.07775984704494476
v 0.21499361097812653 0.08225886523723602 0.07859983295202255
v 0.21326252818107605 0.08144108206033707 0.07800881564617157
v 0.21158911287784576 0.07056840509176254 0.08460919559001923
v 0.213352769613266 0.07007863372564316 0.0851820781826973
v 0.21333670616149902 0.07184267044067383 0.08344762027263641
v 0.21506083011627197 0.07144264131784439 0.08410074561834335
v 0.21504759788513184 0.0733480155467987 0.08255136013031006
v 0.21672910451889038 0.07304433733224869 0.0832880362868309
v 0.21671965718269348 0.07508555054664612 0.0819609984755516
v 0.21835559606552124 0.07488246262073517 0.0827828198671341
v 0.2183510661125183 0.0770454928278923 0.08171624690294266
v 0.21994079649448395 0.07693967968225479 0.08262200653553009
v 0.21994233131408691 0.07919308543205261 0.08185186982154846
v 0.22305390238761902 0.07686840742826462 0.08456465601921082
v 0.22306719422340393 0.07907431572675705 0.08386152237653732
v 0.22610196471214294 0.07691846042871475 0.08667504042387009
v 0.2261250913143158 0.07906853407621384 0.08603452891111374
v 0.22907359898090363 0.07709018886089325 0.08894433826208115
v 0.22910459339618683 0.07917621731758118 0.08836229145526886
v 0.2319573312997818 0.07738393545150757 0.09136372059583664
v 0.23199433088302612 0.07939783483743668 0.09083621203899384
v 0.23474188148975372 0.07779964059591293 0.09392435103654861
v 0.23478305339813232 0.07973349094390869 0.09344770014286041
v 0.20593014359474182 0.08601468801498413 0.07464032620191574
v 0.20965315401554108 0.08488090336322784 0.07603799551725388
v 0.20964272320270538 0.08614568412303925 0.07598000764846802
v 0.20963230729103088 0.08741047233343124 0.07603799551725388
v 0.20962189137935638 0.0886639878153801 0.07620777189731598
v 0.20785054564476013 0.08056433498859406 0.07664728164672852
v 0.20783960819244385 0.08173298090696335 0.07617100328207016
v 0.20596401393413544 0.08230675756931305 0.07553155720233917
v 0.2059527337551117 0.08351192623376846 0.07512780278921127
v 0.20978622138500214 0.07112479209899902 0.08407856523990631
v 0.21157078444957733 0.07231775671243668 0.08283807337284088
v 0.21332046389579773 0.07373855262994766 0.08185908943414688
v 0.21503423154354095 0.07538703829050064 0.08118380606174469
v 0.2167101353406906 0.07725610584020615 0.08085471391677856
v 0.2183464914560318 0.07931848615407944 0.08091090619564056
v 0.21994386613368988 0.08152641355991364 0.0813743844628334
v 0.22308054566383362 0.08134564757347107 0.08343340456485748
v 0.22614827752113342 0.08127115666866302 0.08565186709165573
v 0.22913570702075958 0.08130346983671188 0.08802136778831482
v 0.23203147947788239 0.08144308626651764 0.09053350985050201
v 0.23482435941696167 0.08169016987085342 0.09317991137504578
v 0.2132708728313446 0.08024505525827408 0.0783471092581749
v 0.21149560809135437 0.080693319439888 0.07757872343063354
v 0.21327920258045197 0.07907810062170029 0.0787678062915802
v 0.21150511503219604 0.07952429354190826 0.07801781594753265
v 0.21328751742839813 0.07794246822595596 0.07926343381404877
v 0.21151460707187653 0.0783887505531311 0.07853321731090546
v 0.21153348684310913 0.07622271031141281 0.07976170629262924
v 0.20972561836242676 0.07673144340515137 0.07911597192287445
v 0.20974603295326233 0.07472269982099533 0.08060544729232788
v 0.20792602002620697 0.07344801723957062 0.08174683153629303
v 0.21513591706752777 0.06249600648880005 0.09573748707771301
v 0.21342894434928894 0.06296563148498535 0.09528043121099472
v 0.2134568989276886 0.06078285351395607 0.09973250329494476
v 0.2079678475856781 0.07015158236026764 0.08554434776306152
v 0.20982526242733002 0.06802869588136673 0.08801664412021637
v 0.2098059058189392 0.06951859593391418 0.08600085973739624
v 0.21338416635990143 0.0669153556227684 0.08898844569921494
v 0.21336857974529266 0.06843883544206619 0.0870363712310791
v 0.21508678793907166 0.06801582127809525 0.08761715888977051
v 0.21507391333580017 0.06966748833656311 0.08579801768064499
v 0.2167476862668991 0.0693516954779625 0.08645782619714737
v 0.21673846244812012 0.07113376259803772 0.08479814231395721
v 0.20991575717926025 0.062046609818935394 0.09903019666671753
v 0.21167604625225067 0.06352958083152771 0.09486108273267746
v 0.21339942514896393 0.06550022959709167 0.09102187305688858
v 0.21509945392608643 0.06648026406764984 0.08953595906496048
v 0.21675680577754974 0.06769220530986786 0.08824116736650467
v 0.20609603822231293 0.07083161920309067 0.08512745052576065
v 0.21836011111736298 0.07284407317638397 0.08406969159841537
v 0.21993926167488098 0.0747896060347557 0.08364970237016678
v 0.22304067015647888 0.07475347816944122 0.08551739901304245
v 0.22607900202274323 0.07484810799360275 0.08755645900964737
v 0.22904279828071594 0.07507368922233582 0.08975786715745926
v 0.23192055523395538 0.07543036341667175 0.09211260080337524
v 0.23470096290111542 0.07591784745454788 0.09461163729429245
v 0.23134279251098633 0.05476574972271919 0.12668339908123016
v 0.22853446006774902 0.05322108045220375 0.13028165698051453
v 0.22851651906967163 0.05275480076670647 0.13460080325603485
v 0.22570006549358368 0.05256875231862068 0.12980765104293823
v 0.2256866991519928 0.05209308862686157 0.13428480923175812
v 0.22282259166240692 0.05216420069336891 0.12938347458839417
v 0.2228148877620697 0.05168117210268974 0.1340021938085556
v 0.2199140191078186 0.05200835317373276 0.12901191413402557
v 0.21991311013698578 0.05151990428566933 0.13375477492809296
v 0.21843321621418 0.05157652869820595 0.13364483416080475
v 0.24836783111095428 0.07062166929244995 0.12313912808895111
v 0.24635173380374908 0.06845466792583466 0.12112179398536682
v 0.246296226978302 0.06731570512056351 0.12374341487884521
v 0.24418486654758453 0.06646613031625748 0.11917413771152496
v 0.24412478506565094 0.06524445116519928 0.12202862650156021
v 0.24187982082366943 0.06466463953256607 0.11730313301086426
v 0.24181675910949707 0.06336729228496552 0.12038210779428482
v 0.23944897949695587 0.06305832415819168 0.11551575362682343
v 0.23938490450382233 0.06169261410832405 0.11881008744239807
v 0.23690448701381683 0.061653316020965576 0.1138189509510994
v 0.23684155941009521 0.06022678315639496 0.11731874942779541
v 0.23425838351249695 0.060455236583948135 0.11221970617771149
v 0.23419895768165588 0.05897563695907593 0.11591431498527527
v 0.23152270913124084 0.05946972221136093 0.11072497814893723
v 0.2314692884683609 0.05794503539800644 0.11460298299789429
v 0.22870948910713196 0.05870167538523674 0.10934174060821533
v 0.22866472601890564 0.057140059769153595 0.1133909597992897
v 0.225830540060997 0.058153100311756134 0.10807695984840393
v 0.22579719126224518 0.056562721729278564 0.11228445917367935
v 0.22289767861366272 0.05782528594136238 0.10693760216236115
v 0.22287847101688385 0.05621428042650223 0.11128968745470047
v 0.21992270648479462 0.05771949887275696 0.1059306412935257
v 0.21992048621177673 0.056095995008945465 0.1104128435254097
v 0.21841135621070862 0.05616168677806854 0.1100204735994339
v 0.21841730177402496 0.05479460582137108 0.11464642733335495
v 0.2168489396572113 0.05503638833761215 0.11433865875005722
v 0.21685989201068878 0.053910110145807266 0.11908093839883804
v 0.21354778110980988 0.05486541986465454 0.11863544583320618
v 0.21521714329719543 0.05543772876262665 0.11405662447214127
v 0.21683646738529205 0.05639979988336563 0.1096586361527443
v 0.21840476989746094 0.05778694525361061 0.10547884553670883
v 0.21992512047290802 0.05962645262479782 0.10156174749135971
v 0.2229185402393341 0.059718601405620575 0.1027013435959816
v 0.22586679458618164 0.06002287566661835 0.10398652404546738
v 0.22875812649726868 0.060538019984960556 0.1054096445441246
v 0.23158077895641327 0.06126278638839722 0.10696303099393845
v 0.23432298004627228 0.06219524145126343 0.10863903164863586
v 0.2369728982448578 0.063330739736557 0.11042996495962143
v 0.2395186424255371 0.06466393172740936 0.1123281940817833
v 0.24194839596748352 0.0661894828081131 0.11432602256536484
v 0.24425020813941956 0.06790156662464142 0.11641582101583481
v 0.24641203880310059 0.06979244202375412 0.11858990788459778
v 0.248421773314476 0.07185385376214981 0.12084062397480011
v 0.19852383434772491 0.06303475052118301 0.11254444718360901
v 0.2063380777835846 0.05803591012954712 0.1179823949933052
v 0.20631234347820282 0.05907612293958664 0.11300448328256607
v 0.21002879738807678 0.05628633871674538 0.11827109009027481
v 0.21000510454177856 0.057364970445632935 0.11335693299770355
v 0.21352872252464294 0.055973928421735764 0.11379951983690262
v 0.21519950032234192 0.05679243057966232 0.10932644456624985
v 0.21682263910770416 0.05802035704255104 0.1050613671541214
v 0.2183975875377655 0.05969539284706116 0.10104880481958389
v 0.21004892885684967 0.05542099475860596 0.12322787940502167
v 0.213577002286911 0.0532943531870842 0.12843076884746552
v 0.2135639637708664 0.05397607386112213 0.12351658940315247
v 0.21687670052051544 0.05231432616710663 0.12869499623775482
v 0.21686919033527374 0.053006693720817566 0.12387065589427948
v 0.21842700242996216 0.05276012793183327 0.12407360225915909
v 0.2184225469827652 0.05366554111242294 0.11933583766222
v 0.2199167162179947 0.05360379442572594 0.11961308121681213
v 0.21991847455501556 0.0547308512032032 0.11498073488473892
v 0.22284594178199768 0.0537436418235302 0.12023500353097916
v 0.2228611707687378 0.05486053600907326 0.11572939157485962
v 0.22574064135551453 0.054125357419252396 0.12094331532716751
v 0.2257671058177948 0.05522691830992699 0.1165805533528328
v 0.22858889400959015 0.054747819900512695 0.12173345685005188
v 0.2286243736743927 0.05582880601286888 0.11752884835004807
v 0.23137874901294708 0.05560993775725365 0.12260088324546814
v 0.23142112791538239 0.056664999574422836 0.11856886744499207
v 0.23409822583198547 0.05670976638793945 0.12354104965925217
v 0.2341453731060028 0.05773350968956947 0.11969520896673203
v 0.23673491179943085 0.058042027056217194 0.12454941868782043
v 0.23678481578826904 0.05902913212776184 0.12090249359607697
v 0.23927628993988037 0.05960061401128769 0.12562142312526703
v 0.23932711780071259 0.060545869171619415 0.12218531966209412
v 0.24175986647605896 0.062277715653181076 0.12353827804327011
v 0.2285587638616562 0.053882699459791183 0.12598899006843567
v 0.2257181853055954 0.05324343964457512 0.12535694241523743
v 0.22283300757408142 0.05284898728132248 0.12479090690612793
v 0.2199152112007141 0.052700333297252655 0.12429457157850266
v 0.2184305638074875 0.052066393196582794 0.1288466602563858
v 0.21688224375247955 0.051825299859046936 0.1335439831018448
v 0.1985481083393097 0.062085941433906555 0.11760997772216797
v 0.19856871664524078 0.061325423419475555 0.12270881980657578
v 0.20635995268821716 0.0572015643119812 0.12300001084804535
v 0.20639057457447052 0.056110452860593796 0.13311386108398438
v 0.21006515622138977 0.05475771054625511 0.12821577489376068
v 0.21007713675498962 0.054289091378450394 0.13322584331035614
v 0.21358662843704224 0.05281272530555725 0.13336843252182007
v 0.21359261870384216 0.05252556502819061 0.13832105696201324
v 0.21688568592071533 0.051533784717321396 0.13840864598751068
v 0.21688686311244965 0.05143704265356064 0.1432809978723526
v 0.21843542158603668 0.05118771269917488 0.1432809978723526
v 0.19815273582935333 0.08979421108961105 0.0722871646285057
v 0.2020954042673111 0.08723723143339157 0.07341485470533371
v 0.20210674405097961 0.08596628159284592 0.07361822575330734
v 0.20211806893348694 0.08472536504268646 0.07394498586654663
v 0.20212937891483307 0.08352252095937729 0.07438133656978607
v 0.20597527921199799 0.0811401829123497 0.07602644711732864
v 0.20786143839359283 0.07943352311849594 0.07720247656106949
v 0.20599769055843353 0.07892753928899765 0.07724647969007492
v 0.20598649978637695 0.08001366257667542 0.07660149782896042
v 0.2021406590938568 0.08236309140920639 0.07491295039653778
v 0.19820596277713776 0.08364182710647583 0.07396946847438812
v 0.19819533824920654 0.08479084074497223 0.0734022930264473
v 0.19818469882011414 0.08598803728818893 0.0729343593120575
v 0.19817404448986053 0.087227962911129 0.0725824311375618
v 0.19816340506076813 0.08850207179784775 0.07236276566982269
v 0.1982376128435135 0.08048318326473236 0.07612981647253036
v 0.2021854817867279 0.07816458493471146 0.07775873690843582
v 0.2021743357181549 0.07914991676807404 0.07695876061916351
v 0.20601995289325714 0.07687564194202423 0.07871370762586594
v 0.20600885152816772 0.07788169384002686 0.077953040599823
v 0.20788316428661346 0.07728762179613113 0.07851321995258331
v 0.2097662389278412 0.0728563517332077 0.08227137476205826
v 0.211552232503891 0.07420047372579575 0.08121063560247421
v 0.2133040577173233 0.0757710412144661 0.08045085519552231
v 0.2096843421459198 0.08119222521781921 0.07685336470603943
v 0.20969469845294952 0.08002270758152008 0.07731103152036667
v 0.20970503985881805 0.07888881862163544 0.07784631103277206
v 0.1900458037853241 0.0935775488615036 0.07078356295824051
v 0.19413810968399048 0.0910612940788269 0.07140421867370605
v 0.1941475123167038 0.08976681530475616 0.07148528099060059
v 0.19415691494941711 0.08849252015352249 0.07172040641307831
v 0.19416631758213043 0.08725637942552567 0.07209622114896774
v 0.19417570531368256 0.08606745302677155 0.07259410619735718
v 0.1941850483417511 0.08493125438690186 0.07319489866495132
v 0.19419439136981964 0.08384793251752853 0.07388240844011307
v 0.19822709262371063 0.08148922771215439 0.07534489780664444
v 0.19009952247142792 0.08512112498283386 0.07330833375453949
v 0.19010713696479797 0.08411075919866562 0.07410115748643875
v 0.1942037045955658 0.08281606435775757 0.07464209198951721
v 0.19005350768566132 0.09228331595659256 0.07069744169712067
v 0.19006119668483734 0.09098907560110092 0.07078356295824051
v 0.19006888568401337 0.08971703797578812 0.07103299349546432
v 0.1900765597820282 0.08848685026168823 0.07143086940050125
v 0.19008423388004303 0.08730806410312653 0.07195638120174408
v 0.19009187817573547 0.0861862376332283 0.07258812338113785
v 0.19014473259449005 0.079767145216465 0.07880593091249466
v 0.19426771998405457 0.07681374251842499 0.08125632256269455
v 0.19424968957901 0.07833743095397949 0.07919580489397049
v 0.19829967617988586 0.07529615610837936 0.08173614740371704
v 0.1982792317867279 0.07687819004058838 0.07973160594701767
v 0.20224031805992126 0.07380452007055283 0.0823621153831482
v 0.20221857726573944 0.07544222474098206 0.08041904121637344
v 0.20607465505599976 0.07239393144845963 0.08314075320959091
v 0.19421298801898956 0.08183329552412033 0.07546290755271912
v 0.19011472165584564 0.08315208554267883 0.07495473325252533
v 0.2022617608308792 0.07229320704936981 0.0844089686870575
v 0.19831983745098114 0.07384052127599716 0.08383823186159134
v 0.19835911691188812 0.07125956565141678 0.0882612019777298
v 0.20230352878570557 0.06960517168045044 0.08873754739761353
v 0.20613767206668854 0.06804496794939041 0.0893511176109314
v 0.2080082893371582 0.06732017546892166 0.08971185237169266
v 0.20984426140785217 0.06664641946554184 0.09010989218950272
v 0.2062506079673767 0.06183406710624695 0.10322258621454239
v 0.20621532201766968 0.06359513103961945 0.09845853596925735
v 0.20994825661182404 0.06022310629487038 0.10371512174606323
v 0.2134830206632614 0.05891037732362747 0.10432545840740204
v 0.21515867114067078 0.060292862355709076 0.1001351997256279
v 0.2167915254831314 0.062140315771102905 0.09623327851295471
v 0.18595492839813232 0.08439326286315918 0.07460197061300278
v 0.18596598505973816 0.08266990631818771 0.07650793343782425
v 0.19012980163097382 0.08137631416320801 0.07680618017911911
v 0.19423142075538635 0.08000407367944717 0.07725217193365097
v 0.19825851917266846 0.07860163599252701 0.07785049825906754
v 0.20219656825065613 0.07721947878599167 0.0786057561635971
v 0.18597692251205444 0.08111662417650223 0.07855632156133652
v 0.1983967274427414 0.06905464082956314 0.09289462864398956
v 0.20234350860118866 0.06730218231678009 0.09329379349946976
v 0.20617756247520447 0.06565132737159729 0.09381897002458572
v 0.2098809778690338 0.06417371332645416 0.09447842091321945
v 0.21164235472679138 0.06603574752807617 0.09054622799158096
v 0.19787313044071198 0.11242120712995529 0.09767446666955948
v 0.1938914805650711 0.11307620257139206 0.09744568914175034
v 0.19392289221286774 0.11127940565347672 0.09261319041252136
v 0.18987752497196198 0.11196435242891312 0.09244119375944138
v 0.18990465998649597 0.10996227711439133 0.08768821507692337
v 0.18580108880996704 0.11066610366106033 0.08757558465003967
v 0.18582184612751007 0.10841458290815353 0.08294069021940231
v 0.18165899813175201 0.1091170683503151 0.0828891396522522
v 0.1858433037996292 0.10572327673435211 0.07855632156133652
v 0.18167157471179962 0.10653100907802582 0.07844133675098419
v 0.1858542263507843 0.10416999459266663 0.07650793343782425
v 0.18167798221111298 0.10503009706735611 0.07635283470153809
v 0.18586526811122894 0.10244664549827576 0.07460197061300278
v 0.1816844791173935 0.10335622727870941 0.07440131157636642
v 0.18587639927864075 0.10052301734685898 0.07289731502532959
v 0.1816909909248352 0.10147613286972046 0.07264750450849533
v 0.18588200211524963 0.09947649389505386 0.07214806228876114
v 0.18169426918029785 0.10044781118631363 0.07187360525131226
v 0.18588759005069733 0.0983697846531868 0.07148875296115875
v 0.1816975474357605 0.09935633838176727 0.07119086384773254
v 0.1858932077884674 0.09720230847597122 0.0709385946393013
v 0.18170084059238434 0.09820078313350677 0.07061971724033356
v 0.18589884042739868 0.09597964584827423 0.07052101194858551
v 0.18170413374900818 0.0969868078827858 0.07018532603979111
v 0.18590447306632996 0.0947118028998375 0.07025882601737976
v 0.1817074567079544 0.09572476893663406 0.06991223990917206
v 0.18591010570526123 0.09341994673013687 0.07016818970441818
v 0.18171074986457825 0.09443715959787369 0.06981775909662247
v 0.1859157383441925 0.09212810546159744 0.07025882601737976
v 0.1817140430212021 0.0931495651602745 0.06991223990917206
v 0.18592137098312378 0.09086025506258011 0.07052101194858551
v 0.18171735107898712 0.09188751876354218 0.07018532603979111
v 0.18592698872089386 0.08963759988546371 0.0709385946393013
v 0.18172064423561096 0.0906735509634018 0.07061971724033356
v 0.18593260645866394 0.08847011625766754 0.07148875296115875
v 0.181723952293396 0.0895179957151413 0.07119086384773254
v 0.18593820929527283 0.08736341446638107 0.07214806228876114
v 0.18172723054885864 0.08842651546001434 0.07187360525131226
v 0.1859438121318817 0.08631689101457596 0.07289731502532959
v 0.1817305088043213 0.08739820122718811 0.07264750450849533
v 0.181737020611763 0.08551809191703796 0.07440131157636642
v 0.18174350261688232 0.08384422957897186 0.07635283470153809
v 0.1978398561477661 0.11403387039899826 0.10255975276231766
v 0.18985185027122498 0.1136709675192833 0.09731486439704895
v 0.18578124046325684 0.11257099360227585 0.09237037599086761
v 0.18164685368537903 0.11126935482025146 0.08756819367408752
v 0.17745350301265717 0.1096910834312439 0.0829494372010231
v 0.1774565428495407 0.10719889402389526 0.07845527678728104
v 0.17745807766914368 0.10574498772621155 0.07633629441261292
v 0.17745962738990784 0.10411591082811356 0.07434946298599243
v 0.17746120691299438 0.10227584093809128 0.07255704700946808
v 0.17746199667453766 0.10126466304063797 0.07176367193460464
v 0.17746278643608093 0.10018791258335114 0.07106234133243561
v 0.1774635910987854 0.09904441237449646 0.07047450542449951
v 0.17746438086032867 0.09783989191055298 0.07002676278352737
v 0.17746517062187195 0.0965849906206131 0.0697450116276741
v 0.17746596038341522 0.09530327469110489 0.06964747607707977
v 0.17746677994728088 0.09402155876159668 0.0697450116276741
v 0.17746756970882416 0.0927666500210762 0.07002676278352737
v 0.17746835947036743 0.09156212210655212 0.07047450542449951
v 0.1774691492319107 0.09041863679885864 0.07106234133243561
v 0.17746995389461517 0.08934188634157181 0.07176367193460464
v 0.17747074365615845 0.0883307084441185 0.07255704700946808
v 0.1774723082780838 0.08649063855409622 0.07434946298599243
v 0.17747540771961212 0.08340764790773392 0.07845527678728104
v 0.17747387290000916 0.08486156165599823 0.07633629441261292
v 0.19022947549819946 0.07260226458311081 0.09244119375944138
v 0.1984323412179947 0.06716720759868622 0.09767446666955948
v 0.20238138735294342 0.06532714515924454 0.09800934791564941
v 0.1383928656578064 0.08993608504533768 0.08009374141693115
v 0.13837382197380066 0.08831574767827988 0.08171237260103226
v 0.1418336033821106 0.08705802261829376 0.08218748867511749
v 0.14181368052959442 0.08578306436538696 0.08415393531322479
v 0.1491105556488037 0.08597607910633087 0.08200746774673462
v 0.1490720808506012 0.08378459513187408 0.08633904159069061
v 0.15677672624588013 0.08366385102272034 0.08482696115970612
v 0.15674549341201782 0.08183802664279938 0.08945917338132858
v 0.16481266915798187 0.08120276033878326 0.08846306055784225
v 0.1647927463054657 0.0796271339058876 0.09327751398086548
v 0.16896647214889526 0.08063948899507523 0.0881052240729332
v 0.168953076004982 0.07902330905199051 0.09294119477272034
v 0.1731937974691391 0.0798703134059906 0.08783766627311707
v 0.1731880009174347 0.07820182293653488 0.0926826000213623
v 0.1774841845035553 0.07711613178253174 0.09249912202358246
v 0.1774868369102478 0.07564656436443329 0.09742826968431473
v 0.1817973107099533 0.0742497444152832 0.09731432795524597
v 0.18180760741233826 0.07294145971536636 0.10230512171983719
v 0.17748138308525085 0.07885131984949112 0.08765807747840881
v 0.18178629875183105 0.07579004019498825 0.0923924446105957
v 0.19030123949050903 0.0682094618678093 0.10729777067899704
v 0.19849622249603271 0.06418492645025253 0.1075228601694107
v 0.2062830775976181 0.06033583730459213 0.10807880014181137
v 0.2099781483411789 0.058670759201049805 0.10849878191947937
v 0.2135070413351059 0.05731566995382309 0.10902300477027893
v 0.2151799350976944 0.05840251222252846 0.1046772301197052
v 0.21680761873722076 0.05992303043603897 0.10057362914085388
v 0.21838989853858948 0.06191951408982277 0.09676886349916458
v 0.21838590502738953 0.06316229701042175 0.09470152854919434
v 0.21838180720806122 0.06450004130601883 0.09269458800554276
v 0.21837760508060455 0.06593913584947586 0.09075899422168732
v 0.21837332844734192 0.06748652458190918 0.08890929073095322
v 0.21836897730827332 0.06914912909269333 0.0871623307466507
v 0.21836456656455994 0.0709332600235939 0.0855405330657959
v 0.2199377417564392 0.07275953888893127 0.08489688485860825
v 0.2230275720357895 0.07274962216615677 0.08668703585863113
v 0.22605621814727783 0.07288039475679398 0.08865088224411011
v 0.22901222109794617 0.07315179705619812 0.09077929705381393
v 0.23188407719135284 0.07356377691030502 0.0930631160736084
v 0.23466038703918457 0.07411583513021469 0.09549321234226227
v 0.1818256378173828 0.07090900093317032 0.1124245896935463
v 0.18609152734279633 0.07010374963283539 0.10729137063026428
v 0.1861061006784439 0.06912624090909958 0.11237052083015442
v 0.190321147441864 0.06717625260353088 0.11236819624900818
v 0.18183952569961548 0.06953724473714828 0.12265865504741669
v 0.18612980842590332 0.06767715513706207 0.12261591851711273
v 0.19035352766513824 0.06564328074455261 0.1226070374250412
v 0.1818484663963318 0.06874217838048935 0.13295570015907288
v 0.18614506721496582 0.06683661788702011 0.13293248414993286
v 0.19037435948848724 0.06475339084863663 0.13292600214481354
v 0.19859760999679565 0.060331642627716064 0.13297255337238312
v 0.19860783219337463 0.060005154460668564 0.1432809978723526
v 0.19859760999679565 0.060331642627716064 0.15358945727348328
v 0.2063775509595871 0.0565621592104435 0.15851539373397827
v 0.21006515622138977 0.05475771054625511 0.1583462357521057
v 0.213577002286911 0.0532943531870842 0.15813124179840088
v 0.21687670052051544 0.05231432616710663 0.15786701440811157
v 0.2184305638074875 0.052066393196582794 0.1577153503894806
v 0.21991311013698578 0.05151990428566933 0.15280722081661224
v 0.2199140191078186 0.05200835317373276 0.15755009651184082
v 0.2228148877620697 0.05168117210268974 0.1525598168373108
v 0.22282259166240692 0.05216420069336891 0.15717853605747223
v 0.2256866991519928 0.05209308862686157 0.15227720141410828
v 0.22570006549358368 0.05256875231862068 0.15675435960292816
v 0.22851651906967163 0.05275480076670647 0.15196120738983154
v 0.22853446006774902 0.05322108045220375 0.15628035366535187
v 0.2313138097524643 0.054120276123285294 0.1557592898607254
v 0.1317652463912964 0.0852612629532814 0.08834385871887207
v 0.134983628988266 0.08544468879699707 0.08681663870811462
v 0.14177459478378296 0.08361854404211044 0.08830802142620087
v 0.14903484284877777 0.0819917544722557 0.09084519743919373
v 0.15671558678150177 0.0803159549832344 0.09419411420822144
v 0.1647738665342331 0.0782986506819725 0.09816227853298187
v 0.16894039511680603 0.07765909284353256 0.09785168617963791
v 0.17318250238895416 0.07679136842489243 0.09760792553424835
v 0.17748932540416718 0.0744001716375351 0.10241919010877609
v 0.17749366164207458 0.07246658951044083 0.11252401769161224
v 0.1774970144033432 0.07116318494081497 0.12273073941469193
v 0.1774991750717163 0.07040832191705704 0.13299335539340973
v 0.25723421573638916 0.08885210752487183 0.1432809978723526
v 0.25658372044563293 0.08522018790245056 0.1432809978723526
v 0.2556954026222229 0.08170495182275772 0.1432809978723526
v 0.25458213686943054 0.07832042127847672 0.1432809978723526
v 0.25325676798820496 0.07508058845996857 0.1432809978723526
v 0.25173220038414 0.0719994604587555 0.1432809978723526
v 0.2500213086605072 0.06909104436635971 0.1432809978723526
v 0.2481371909379959 0.06636859476566315 0.1432809978723526
v 0.24609389901161194 0.06384240090847015 0.1432809978723526
v 0.2439056783914566 0.061521995812654495 0.1432809978723526
v 0.2415868043899536 0.059416912496089935 0.1432809978723526
v 0.239151269197464 0.05753614008426666 0.1432809978723526
v 0.23661215603351593 0.055886466056108475 0.1432809978723526
v 0.23398229479789734 0.0544741228222847 0.1432809978723526
v 0.2312745451927185 0.05330536141991615 0.1432809978723526
v 0.2285015881061554 0.052385494112968445 0.1432809978723526
v 0.225675567984581 0.05171619728207588 0.1432809978723526
v 0.22280848026275635 0.05129823088645935 0.1432809978723526
v 0.21991237998008728 0.05113236978650093 0.1432809978723526
v 0.19770024716854095 0.11950188130140305 0.14843791723251343
v 0.19769763946533203 0.11958326399326324 0.1432809978723526
v 0.19770784676074982 0.11925677955150604 0.13297255337238312
v 0.19772012531757355 0.11884546279907227 0.12783204019069672
v 0.19773675501346588 0.11826299875974655 0.12270881980657578
v 0.19775734841823578 0.11750248074531555 0.11760997772216797
v 0.19778162240982056 0.11655367165803909 0.11254444718360901
v 0.19780924916267395 0.11540350317955017 0.1075228601694107
v 0.22317326068878174 0.09642981737852097 0.19852080941200256
f 1 2 3
f 4 5 6
f 7 8 9
f 10 11 12
f 13 14 15
f 16 17 18
f 19 20 21
f 22 23 24
f 25 26 27
f 28 29 30
f 31 32 33
f 34 35 36
f 37 38 39
f 40 41 42
f 43 44 45
f 46 47 48
f 49 50 51
f 52 38 53
f 54 55 56
f 57 58 59
f 59 58 60
f 61 62 63
f 64 65 66
f 67 68 69
f 70 71 72
f 43 73 74
f 74 73 75
f 76 77 78
f 79 80 81
f 82 83 84
f 85 86 87
f 88 89 90
f 91 92 93
f 94 95 96
f 97 38 98
f 99 100 101
f 102 103 104
f 105 106 107
f 108 109 110
f 111 112 113
f 114 115 116
f 117 118 119
f 120 121 122
f 123 124 125
f 126 127 128
f 129 130 131
f 132 38 133
f 134 135 136
f 38 132 137
f 138 139 140
f 141 142 143
f 144 145 146
f 147 148 149
f 150 151 152
f 153 154 155
f 156 157 158
f 159 154 160
f 161 154 159
f 162 160 154
f 163 164 165
f 166 167 168
f 169 170 171
f 172 173 174
f 152 151 175
f 176 177 178
f 179 178 180
f 181 182 183
f 182 181 184
f 185 186 187
f 188 189 190
f 191 192 193
f 194 195 196
f 197 198 199
f 200 195 201
f 202 203 204
f 205 206 207
f 208 209 210
f 211 212 213
f 214 215 216
f 217 218 219
f 220 221 222
f 223 224 225
f 226 154 227
f 228 154 229
f 228 162 154
f 230 231 232
f 233 234 235
f 236 154 237
f 236 229 154
f 238 237 154
f 226 238 154
f 239 240 241
f 242 243 240
f 244 245 246
f 247 248 249
f 250 251 252
f 253 254 255
f 256 257 258
f 259 227 154
f 260 261 262
f 263 264 261
f 264 263 265
f 266 267 268
f 269 270 271
f 272 273 274
f 275 154 276
f 277 278 279
f 280 281 282
f 283 284 285
f 286 287 38
f 288 38 289
f 38 288 290
f 291 289 38
f 292 293 38
f 294 295 38
f 296 297 298
f 299 300 301
f 302 303 304
f 304 303 305
f 305 303 306
f 305 306 307
f 308 309 310
f 310 309 311
f 310 311 312
f 312 313 310
f 310 313 314
f 310 314 315
f 315 314 316
f 299 301 317
f 318 319 320
f 320 319 321
f 322 323 324
f 324 323 325
f 324 325 326
f 327 328 329
f 329 328 330
f 329 330 331
f 327 329 332
f 332 329 333
f 332 333 334
f 37 335 336
f 38 295 39
f 39 295 337
f 39 337 37
f 37 337 338
f 37 338 335
f 293 294 38
f 339 292 38
f 290 339 38
f 340 291 38
f 287 340 38
f 341 286 38
f 342 343 137
f 137 343 341
f 137 341 38
f 344 345 346
f 347 348 349
f 349 348 350
f 349 350 351
f 352 353 354
f 354 353 355
f 354 355 356
f 357 358 359
f 359 358 360
f 361 362 363
f 363 362 364
f 363 364 365
f 365 364 360
f 366 367 361
f 367 366 368
f 368 366 369
f 368 369 370
f 371 372 373
f 373 372 374
f 375 376 377
f 377 376 378
f 377 378 379
f 378 380 379
f 379 380 381
f 379 381 382
f 307 383 305
f 305 383 384
f 305 384 385
f 385 384 386
f 385 386 375
f 387 388 389
f 390 391 392
f 393 394 395
f 395 394 392
f 395 392 396
f 396 392 391
f 396 391 397
f 397 391 398
f 397 398 399
f 399 398 400
f 401 281 402
f 402 281 280
f 402 280 403
f 404 403 405
f 405 403 280
f 405 280 406
f 406 280 282
f 406 282 407
f 408 409 410
f 410 409 411
f 410 411 412
f 413 408 414
f 414 408 410
f 414 410 415
f 415 410 412
f 415 412 416
f 417 418 419
f 419 418 420
f 419 420 421
f 421 420 422
f 421 422 423
f 423 422 424
f 423 424 425
f 425 424 426
f 425 426 427
f 428 429 430
f 430 429 431
f 430 431 432
f 432 431 433
f 432 433 434
f 434 433 435
f 434 435 436
f 436 435 437
f 436 437 438
f 438 437 426
f 439 440 441
f 441 440 442
f 441 442 443
f 443 442 444
f 443 444 445
f 445 444 446
f 445 446 447
f 447 446 448
f 447 448 449
f 449 448 450
f 449 450 451
f 451 450 452
f 451 452 453
f 453 452 454
f 279 278 455
f 455 278 456
f 455 456 457
f 428 458 459
f 428 459 429
f 429 459 460
f 429 460 431
f 431 460 461
f 431 461 433
f 433 461 462
f 433 462 435
f 435 462 463
f 435 463 437
f 464 465 466
f 466 465 467
f 466 467 468
f 388 417 389
f 389 417 419
f 389 419 469
f 469 419 421
f 469 421 470
f 470 421 423
f 470 423 471
f 471 423 425
f 471 425 472
f 472 425 427
f 472 427 277
f 277 427 473
f 277 473 278
f 278 473 474
f 278 474 456
f 456 474 475
f 456 475 457
f 457 475 464
f 457 464 476
f 476 464 466
f 476 466 477
f 477 466 468
f 477 468 478
f 479 401 480
f 480 401 402
f 480 402 481
f 481 402 403
f 481 403 482
f 482 403 404
f 482 404 274
f 483 484 485
f 484 483 486
f 486 483 487
f 486 487 488
f 489 490 491
f 488 487 492
f 492 487 493
f 492 493 494
f 494 493 495
f 494 495 496
f 496 495 497
f 496 497 498
f 497 499 498
f 498 499 500
f 498 500 501
f 501 500 502
f 503 504 505
f 505 504 506
f 505 506 507
f 507 506 508
f 507 508 509
f 509 508 510
f 509 510 511
f 511 510 512
f 511 512 513
f 513 512 514
f 513 514 515
f 515 514 516
f 515 516 517
f 502 500 518
f 518 500 519
f 518 519 520
f 483 503 487
f 487 503 505
f 487 505 493
f 493 505 507
f 493 507 495
f 495 507 509
f 495 509 497
f 497 509 511
f 497 511 499
f 499 511 513
f 499 513 500
f 500 513 515
f 500 515 519
f 519 515 517
f 519 517 520
f 504 521 506
f 506 521 522
f 506 522 508
f 508 522 523
f 508 523 510
f 510 523 524
f 510 524 512
f 512 524 525
f 512 525 514
f 514 525 526
f 514 526 516
f 274 273 482
f 482 273 527
f 482 527 481
f 481 527 491
f 481 491 480
f 480 491 490
f 480 490 479
f 528 529 530
f 531 532 533
f 533 532 534
f 533 534 535
f 535 534 536
f 532 537 534
f 534 537 272
f 534 272 536
f 536 272 274
f 536 274 538
f 538 274 404
f 538 404 539
f 539 404 405
f 539 405 540
f 540 405 406
f 540 406 541
f 541 406 407
f 541 407 542
f 543 489 544
f 544 489 491
f 544 491 545
f 545 491 527
f 545 527 546
f 546 527 273
f 546 273 547
f 547 273 272
f 547 272 548
f 548 272 537
f 548 537 549
f 549 537 532
f 549 532 550
f 550 532 531
f 550 531 551
f 552 551 553
f 553 551 531
f 553 531 554
f 554 531 533
f 554 533 555
f 555 533 535
f 555 535 556
f 556 535 536
f 556 536 557
f 557 536 538
f 557 538 558
f 558 538 539
f 558 539 559
f 559 539 540
f 559 540 560
f 560 540 541
f 560 541 561
f 561 541 542
f 561 542 562
f 478 552 477
f 477 552 553
f 477 553 476
f 476 553 554
f 476 554 457
f 457 554 555
f 457 555 455
f 455 555 556
f 455 556 279
f 279 556 557
f 279 557 277
f 277 557 558
f 277 558 472
f 472 558 559
f 472 559 471
f 471 559 560
f 471 560 470
f 470 560 561
f 470 561 469
f 469 561 562
f 469 562 389
f 563 564 565
f 565 564 269
f 565 269 566
f 566 269 271
f 566 271 567
f 426 437 427
f 427 437 463
f 427 463 473
f 473 463 462
f 473 462 474
f 474 462 461
f 474 461 475
f 475 461 460
f 475 460 464
f 464 460 459
f 464 459 465
f 465 459 458
f 465 458 467
f 467 458 563
f 467 563 468
f 468 563 565
f 468 565 478
f 478 565 566
f 478 566 552
f 552 566 567
f 552 567 551
f 551 567 568
f 551 568 550
f 550 568 569
f 550 569 549
f 549 569 570
f 549 570 548
f 548 570 571
f 548 571 547
f 572 573 574
f 573 572 266
f 266 572 575
f 266 575 267
f 576 577 578
f 579 574 580
f 580 574 573
f 580 573 581
f 581 573 266
f 582 583 584
f 585 586 587
f 587 586 588
f 589 590 591
f 591 590 585
f 591 585 592
f 592 585 587
f 593 594 595
f 593 595 596
f 596 595 597
f 596 597 598
f 576 578 599
f 599 578 600
f 599 600 601
f 601 600 602
f 601 602 603
f 604 605 603
f 605 598 603
f 603 598 597
f 603 597 601
f 601 597 595
f 601 595 599
f 599 595 594
f 599 594 576
f 606 577 607
f 607 577 576
f 607 576 608
f 608 576 594
f 608 594 609
f 609 594 593
f 609 593 610
f 610 593 596
f 610 596 611
f 611 596 598
f 611 598 612
f 612 598 605
f 612 605 613
f 613 605 604
f 613 604 614
f 615 588 616
f 616 588 586
f 616 586 263
f 263 586 585
f 263 585 265
f 261 260 263
f 263 260 617
f 263 617 616
f 616 617 618
f 616 618 615
f 619 620 621
f 621 620 622
f 621 622 623
f 623 622 624
f 625 626 627
f 627 626 628
f 627 628 629
f 629 628 630
f 629 630 631
f 631 630 632
f 631 632 633
f 634 635 636
f 636 635 624
f 637 258 638
f 638 258 257
f 638 257 639
f 640 637 641
f 641 637 638
f 641 638 642
f 642 638 639
f 642 639 643
f 644 645 646
f 646 645 647
f 646 647 648
f 648 647 649
f 648 649 650
f 650 649 651
f 650 651 652
f 652 651 653
f 652 653 654
f 654 653 655
f 654 655 656
f 656 655 657
f 658 644 659
f 659 644 646
f 659 646 660
f 660 646 648
f 660 648 661
f 661 648 650
f 661 650 662
f 662 650 652
f 662 652 663
f 663 652 654
f 663 654 664
f 664 654 656
f 665 666 667
f 667 666 668
f 667 668 669
f 669 668 670
f 669 670 671
f 671 670 672
f 671 672 673
f 673 672 674
f 673 674 675
f 675 674 676
f 675 676 677
f 677 676 678
f 677 678 679
f 679 678 680
f 679 680 681
f 681 680 682
f 681 682 683
f 683 682 684
f 254 657 255
f 255 657 655
f 255 655 685
f 685 655 653
f 685 653 686
f 686 653 651
f 686 651 687
f 687 651 649
f 687 649 688
f 688 649 647
f 688 647 689
f 689 647 645
f 620 690 622
f 622 690 691
f 622 691 624
f 624 691 692
f 624 692 636
f 636 692 693
f 636 693 634
f 634 693 694
f 689 625 688
f 688 625 627
f 688 627 687
f 687 627 629
f 687 629 686
f 686 629 631
f 686 631 685
f 685 631 633
f 685 633 255
f 255 633 695
f 255 695 253
f 253 695 251
f 251 250 253
f 253 250 696
f 253 696 254
f 254 696 697
f 254 697 657
f 657 697 698
f 657 698 656
f 656 698 699
f 656 699 664
f 626 619 628
f 628 619 621
f 628 621 630
f 630 621 623
f 630 623 632
f 632 623 624
f 632 624 633
f 633 624 635
f 633 635 695
f 695 635 634
f 695 634 251
f 251 634 694
f 251 694 252
f 700 665 701
f 701 665 667
f 701 667 702
f 702 667 669
f 702 669 703
f 703 669 671
f 703 671 704
f 704 671 673
f 704 673 705
f 705 673 675
f 705 675 706
f 706 675 677
f 706 677 707
f 707 677 679
f 707 679 708
f 708 679 681
f 708 681 709
f 709 681 683
f 666 710 668
f 668 710 711
f 668 711 670
f 670 711 712
f 670 712 672
f 672 712 713
f 672 713 674
f 674 713 714
f 674 714 676
f 676 714 715
f 676 715 678
f 678 715 716
f 678 716 680
f 680 716 717
f 680 717 682
f 682 717 718
f 682 718 684
f 684 718 719
f 684 719 720
f 710 721 711
f 711 721 722
f 711 722 712
f 712 722 723
f 712 723 713
f 713 723 724
f 713 724 714
f 714 724 725
f 714 725 715
f 715 725 726
f 715 726 716
f 716 726 727
f 716 727 717
f 717 727 728
f 717 728 718
f 718 728 729
f 718 729 719
f 730 248 731
f 731 248 247
f 731 247 732
f 732 247 733
f 732 733 734
f 729 730 719
f 719 730 731
f 719 731 720
f 720 731 732
f 720 732 684
f 684 732 734
f 684 734 683
f 683 734 735
f 683 735 709
f 736 737 738
f 738 737 739
f 738 739 740
f 740 739 741
f 740 741 742
f 742 741 743
f 742 743 744
f 744 743 745
f 744 745 746
f 746 745 747
f 746 747 748
f 748 747 749
f 748 749 750
f 750 749 751
f 750 751 752
f 752 751 753
f 752 753 754
f 754 753 755
f 754 755 756
f 756 755 757
f 756 757 758
f 758 757 759
f 721 759 722
f 722 759 757
f 722 757 723
f 723 757 755
f 723 755 724
f 724 755 753
f 724 753 725
f 725 753 751
f 725 751 726
f 726 751 749
f 726 749 727
f 727 749 747
f 727 747 728
f 728 747 745
f 728 745 729
f 729 745 743
f 729 743 730
f 730 743 741
f 730 741 248
f 248 741 739
f 248 739 249
f 249 739 737
f 690 256 691
f 691 256 258
f 691 258 692
f 692 258 637
f 692 637 693
f 693 637 640
f 693 640 694
f 694 640 760
f 694 760 252
f 252 760 761
f 252 761 250
f 250 761 736
f 250 736 696
f 696 736 738
f 696 738 697
f 697 738 740
f 697 740 698
f 698 740 742
f 698 742 699
f 699 742 744
f 699 744 664
f 664 744 746
f 664 746 663
f 663 746 748
f 663 748 662
f 662 748 750
f 662 750 661
f 661 750 752
f 661 752 660
f 660 752 754
f 660 754 659
f 659 754 756
f 659 756 658
f 658 756 758
f 762 763 764
f 764 763 765
f 764 765 766
f 767 768 769
f 769 768 770
f 769 770 771
f 771 770 772
f 771 772 773
f 773 772 774
f 775 766 776
f 776 766 765
f 776 765 777
f 777 765 763
f 777 763 778
f 773 775 771
f 771 775 776
f 771 776 769
f 769 776 777
f 769 777 767
f 767 777 778
f 767 778 779
f 246 245 780
f 780 245 781
f 780 781 782
f 782 781 783
f 782 783 784
f 783 785 784
f 784 785 786
f 784 786 787
f 787 786 788
f 787 788 789
f 789 788 790
f 789 790 791
f 791 790 792
f 791 792 793
f 794 795 796
f 796 795 797
f 796 798 794
f 794 798 799
f 794 799 233
f 233 799 800
f 233 800 234
f 801 802 803
f 803 802 804
f 803 804 805
f 805 804 806
f 806 804 807
f 806 807 808
f 808 807 809
f 808 809 810
f 810 809 811
f 810 811 812
f 812 811 454
f 812 454 813
f 813 454 452
f 813 452 814
f 814 452 450
f 814 450 815
f 815 450 448
f 815 448 816
f 816 448 446
f 816 446 817
f 817 446 444
f 817 444 818
f 818 444 442
f 818 442 819
f 819 442 440
f 819 440 820
f 820 440 439
f 820 439 413
f 413 439 821
f 413 821 408
f 801 822 802
f 802 822 823
f 802 823 804
f 804 823 583
f 804 583 807
f 807 583 582
f 807 582 809
f 824 801 825
f 822 826 823
f 823 826 827
f 823 827 583
f 583 827 828
f 583 828 584
f 584 828 829
f 584 829 830
f 830 829 831
f 830 831 268
f 268 831 832
f 268 832 266
f 266 832 833
f 266 833 581
f 826 834 827
f 827 834 835
f 827 835 828
f 828 835 836
f 828 836 829
f 829 836 837
f 829 837 831
f 831 837 838
f 831 838 832
f 825 839 824
f 824 839 840
f 824 840 841
f 842 243 843
f 843 243 242
f 843 242 844
f 844 242 845
f 240 239 242
f 242 239 846
f 242 846 845
f 847 848 841
f 846 847 845
f 845 847 841
f 845 841 844
f 844 841 840
f 844 840 843
f 843 840 839
f 843 839 842
f 842 839 825
f 849 850 851
f 851 850 852
f 851 852 853
f 853 852 854
f 853 854 855
f 855 854 856
f 857 858 859
f 859 858 860
f 859 860 861
f 861 860 862
f 861 862 863
f 863 862 864
f 863 864 865
f 865 864 866
f 865 866 867
f 867 866 868
f 867 774 856
f 856 774 772
f 856 772 855
f 855 772 770
f 855 770 853
f 853 770 768
f 853 768 851
f 851 768 767
f 851 767 849
f 849 767 779
f 849 779 869
f 867 856 865
f 865 856 854
f 865 854 863
f 863 854 852
f 863 852 861
f 861 852 850
f 861 850 859
f 859 850 849
f 859 849 857
f 857 849 869
f 857 869 870
f 871 872 873
f 241 874 875
f 875 874 876
f 875 876 877
f 877 876 878
f 877 878 879
f 879 878 880
f 879 880 881
f 881 880 882
f 801 824 822
f 822 824 841
f 822 841 826
f 826 841 848
f 826 848 834
f 834 848 883
f 834 883 835
f 835 883 884
f 835 884 836
f 836 884 885
f 836 885 837
f 530 606 886
f 886 606 607
f 886 607 887
f 887 607 608
f 887 608 589
f 589 608 609
f 589 609 590
f 590 609 610
f 590 610 585
f 585 610 611
f 585 611 265
f 265 611 612
f 265 612 264
f 264 612 613
f 264 613 261
f 261 613 614
f 261 614 262
f 262 614 888
f 241 875 239
f 239 875 877
f 239 877 846
f 846 877 879
f 846 879 847
f 847 879 881
f 847 881 848
f 848 881 882
f 848 882 883
f 883 882 889
f 883 889 884
f 874 890 876
f 876 890 891
f 876 891 878
f 878 891 892
f 878 892 880
f 880 892 893
f 880 893 882
f 882 893 894
f 882 894 889
f 889 894 888
f 889 888 884
f 884 888 614
f 884 614 885
f 885 614 604
f 885 604 837
f 837 604 603
f 837 603 838
f 838 603 602
f 838 602 832
f 832 602 600
f 832 600 833
f 833 600 578
f 833 578 581
f 581 578 577
f 581 577 580
f 580 577 606
f 580 606 579
f 579 606 530
f 579 530 895
f 895 530 529
f 896 897 898
f 898 897 899
f 898 899 900
f 900 899 901
f 900 901 902
f 903 904 905
f 905 904 906
f 905 906 907
f 907 906 908
f 907 908 909
f 910 911 912
f 912 911 913
f 785 914 786
f 786 914 915
f 786 915 788
f 788 915 916
f 788 916 790
f 790 916 917
f 790 917 792
f 792 917 913
f 792 913 793
f 793 913 911
f 230 918 231
f 231 918 919
f 231 919 235
f 235 919 920
f 235 920 233
f 785 797 914
f 914 797 795
f 914 795 915
f 915 795 794
f 915 794 916
f 916 794 233
f 916 233 917
f 917 233 920
f 917 920 913
f 913 920 919
f 913 919 912
f 912 919 918
f 912 918 921
f 921 918 230
f 232 231 922
f 922 231 235
f 922 235 923
f 923 235 234
f 923 234 924
f 924 234 800
f 924 800 925
f 925 800 799
f 925 799 926
f 926 799 798
f 926 798 927
f 927 798 796
f 927 796 928
f 929 930 931
f 931 930 932
f 931 932 933
f 933 932 934
f 933 934 935
f 936 872 937
f 937 872 871
f 937 871 938
f 938 871 939
f 938 939 940
f 940 939 941
f 940 941 942
f 942 941 943
f 901 944 902
f 902 944 945
f 902 945 946
f 946 945 947
f 946 947 948
f 948 947 949
f 948 949 950
f 949 951 950
f 950 951 952
f 950 952 953
f 954 955 956
f 956 955 943
f 956 943 929
f 929 943 941
f 929 941 930
f 930 941 939
f 930 939 932
f 932 939 871
f 932 871 934
f 934 871 873
f 934 873 935
f 957 958 222
f 959 215 960
f 960 215 214
f 960 214 961
f 962 216 963
f 963 216 215
f 963 215 964
f 964 215 959
f 964 959 217
f 218 965 966
f 967 212 968
f 968 212 211
f 968 211 969
f 970 971 972
f 972 971 973
f 972 973 974
f 974 973 975
f 974 975 976
f 976 975 977
f 976 977 978
f 217 219 964
f 964 219 979
f 964 979 963
f 963 979 980
f 963 980 962
f 962 980 981
f 962 981 982
f 958 961 222
f 222 961 214
f 222 214 220
f 220 214 216
f 220 216 983
f 983 216 962
f 983 962 208
f 208 962 982
f 208 982 209
f 984 967 985
f 985 967 968
f 985 968 986
f 986 968 969
f 986 969 987
f 988 984 989
f 989 984 985
f 989 985 990
f 990 985 986
f 990 986 991
f 991 986 987
f 991 987 992
f 992 993 991
f 991 993 994
f 991 994 990
f 990 994 995
f 990 995 989
f 989 995 996
f 989 996 988
f 988 996 997
f 998 213 999
f 999 213 212
f 999 212 1000
f 1000 212 967
f 1000 967 1001
f 1001 967 984
f 1001 984 1002
f 1002 984 988
f 1002 988 1003
f 1003 988 997
f 1003 997 1004
f 224 1005 1006
f 1006 1005 1007
f 1006 1007 1008
f 1008 1007 1009
f 1008 1009 1010
f 1010 1009 1011
f 1011 1009 1012
f 1011 1012 1013
f 1013 1012 1014
f 1013 1014 1015
f 1015 1014 1016
f 1015 1016 1017
f 1005 1018 1007
f 1007 1018 1019
f 1007 1019 1009
f 1009 1019 1020
f 1009 1020 1012
f 1012 1020 1021
f 1012 1021 1014
f 1014 1021 1022
f 1014 1022 1016
f 224 223 1005
f 1005 223 1023
f 1005 1023 1018
f 1018 1023 1024
f 1018 1024 1019
f 1019 1024 1025
f 1019 1025 1020
f 1020 1025 206
f 1020 206 1021
f 1021 206 205
f 1021 205 1022
f 1026 1027 1028
f 1028 1027 1029
f 1028 1029 1030
f 1030 1029 1031
f 207 206 1032
f 1032 206 1025
f 1032 1025 1033
f 1033 1025 1024
f 1033 1024 1034
f 1034 1024 1023
f 1034 1023 1035
f 1035 1023 223
f 1035 223 1036
f 1036 223 225
f 1036 225 1037
f 1038 970 1039
f 1039 970 972
f 1039 972 1040
f 1040 972 974
f 1040 974 1041
f 1041 974 976
f 1041 976 1042
f 1042 976 978
f 1042 978 1043
f 1044 1045 1046
f 1046 1045 1047
f 1046 1047 1048
f 1048 1047 1049
f 1048 1049 1050
f 1050 1051 1048
f 1048 1051 1043
f 1048 1043 1046
f 1046 1043 978
f 1046 978 1044
f 1044 978 977
f 221 220 1052
f 1052 220 983
f 1052 983 1053
f 1053 983 208
f 1053 208 1054
f 1054 208 210
f 1054 210 1055
f 1055 1045 1054
f 1054 1045 1044
f 1054 1044 1053
f 1053 1044 977
f 1053 977 1052
f 1052 977 975
f 1052 975 221
f 221 975 973
f 221 973 222
f 222 973 971
f 222 971 957
f 957 971 970
f 957 970 1056
f 1056 970 1038
f 1056 1038 1057
f 1058 1059 1060
f 1061 1060 1062
f 1062 1060 1059
f 1062 1059 1063
f 1064 1065 1066
f 1067 1061 1068
f 1068 1061 1062
f 1068 1062 1069
f 1069 1062 1063
f 1069 1063 1070
f 1071 1067 1072
f 1072 1067 1068
f 1072 1068 1073
f 1073 1068 1069
f 1073 1069 1074
f 1074 1069 1070
f 1074 1070 1075
f 1065 1064 1076
f 1076 1064 1077
f 1076 1077 1078
f 1078 1077 1079
f 1078 1079 1080
f 1055 1081 1045
f 1045 1081 1082
f 1045 1082 1047
f 1047 1082 1083
f 1047 1083 1049
f 1049 1083 1084
f 1049 1084 1050
f 1050 1084 1085
f 1050 1085 1051
f 1051 1085 1086
f 218 966 219
f 219 966 1087
f 219 1087 979
f 979 1087 1088
f 979 1088 980
f 980 1088 1089
f 980 1089 981
f 981 1089 1090
f 981 1090 982
f 982 1090 1091
f 982 1091 209
f 209 1091 1092
f 209 1092 210
f 210 1092 1093
f 210 1093 1055
f 1055 1093 1094
f 1055 1094 1081
f 1081 1094 1095
f 1081 1095 1082
f 1082 1095 1096
f 1082 1096 1083
f 1083 1096 1097
f 1083 1097 1084
f 1084 1097 1098
f 1084 1098 1085
f 965 998 966
f 966 998 999
f 966 999 1087
f 1087 999 1000
f 1087 1000 1088
f 1088 1000 1001
f 1088 1001 1089
f 1089 1001 1002
f 1089 1002 1090
f 1090 1002 1003
f 1090 1003 1091
f 1091 1003 1004
f 1091 1004 1092
f 1092 1004 1099
f 1092 1099 1093
f 1093 1099 1100
f 1093 1100 1094
f 1094 1100 1101
f 1094 1101 1095
f 1095 1101 1102
f 1095 1102 1096
f 1096 1102 1103
f 1096 1103 1097
f 1097 1103 1104
f 1097 1104 1098
f 1098 1104 1105
f 1098 1105 1085
f 1085 1105 173
f 1085 173 1086
f 1086 173 172
f 1086 172 1106
f 1106 172 1107
f 1106 1107 1108
f 1109 1080 1071
f 1071 1080 1079
f 1071 1079 1067
f 1067 1079 1077
f 1067 1077 1061
f 1061 1077 1064
f 1061 1064 1060
f 1060 1064 1066
f 1060 1066 1058
f 198 197 1110
f 1110 197 1111
f 1110 1111 1112
f 196 195 1113
f 1113 195 200
f 1113 200 1114
f 201 195 1115
f 1115 195 194
f 1115 194 1116
f 1117 1118 1119
f 1119 1118 1120
f 1119 1120 1121
f 1121 1120 1122
f 1121 1122 1123
f 1123 1122 1124
f 1123 1124 1125
f 1125 1124 1126
f 1125 1126 1127
f 1127 1126 1128
f 1127 1128 1129
f 1129 1128 1130
f 1129 1130 1131
f 171 170 1112
f 1112 170 1132
f 1112 1132 1110
f 1110 1132 1133
f 1110 1133 198
f 1134 1031 1108
f 1108 1031 1029
f 1108 1029 1106
f 1106 1029 1027
f 1106 1027 1086
f 1086 1027 1026
f 1086 1026 1051
f 1135 1136 1137
f 1137 1136 1138
f 1137 1138 1139
f 1139 1138 1140
f 1139 1140 1141
f 55 54 1142
f 1142 54 185
f 1142 185 1143
f 1143 185 187
f 1143 187 1135
f 1135 187 1144
f 1135 1144 1136
f 1136 1144 1145
f 1136 1145 1138
f 1138 1145 1146
f 1138 1146 1140
f 189 188 1147
f 1147 188 1148
f 1147 1148 1149
f 1150 1151 1152
f 1153 1154 1155
f 1151 1150 1156
f 1153 1155 1157
f 1157 1155 1158
f 1157 1158 1159
f 1160 1161 1162
f 1150 1163 1156
f 1156 1163 1164
f 1156 1164 1165
f 1165 1164 1166
f 178 179 176
f 176 179 1167
f 176 1167 1168
f 1168 1167 1169
f 1168 1169 1170
f 1170 1169 1171
f 1170 1171 1172
f 1172 1171 1173
f 1172 1173 1174
f 1174 1173 1175
f 1175 1173 1176
f 1175 1176 1177
f 192 191 1178
f 1178 191 1179
f 1178 1179 1180
f 1180 1179 1181
f 1180 1181 1182
f 1182 1181 1183
f 1182 1183 1184
f 1184 1183 1185
f 1184 1185 1186
f 1187 1188 1189
f 1189 1188 1190
f 394 1190 392
f 392 1190 1188
f 392 1188 390
f 390 1188 1187
f 390 1187 1191
f 1192 1193 1194
f 1194 1193 1195
f 1194 1195 1196
f 1196 1195 1197
f 394 1198 1190
f 1190 1198 1199
f 1190 1199 1189
f 1189 1199 1186
f 1189 1186 1187
f 1187 1186 1185
f 1187 1185 1191
f 1200 1201 1202
f 1202 1201 1203
f 1202 1203 1204
f 1205 1200 1206
f 1206 1200 1202
f 1206 1202 1207
f 1207 1202 1204
f 1207 1204 1208
f 1209 1210 1211
f 1211 1210 1205
f 1211 1205 1212
f 1212 1205 1206
f 1212 1206 1213
f 1213 1206 1207
f 1213 1207 1214
f 1214 1207 1208
f 1214 1208 1215
f 1216 1217 1218
f 1218 1217 1219
f 1218 1219 1220
f 1220 1219 1221
f 1220 1221 1134
f 1222 1223 1224
f 1224 1223 1225
f 1224 1225 1226
f 1226 1225 1227
f 1226 1227 1228
f 1229 1222 1230
f 1230 1222 1224
f 1230 1224 1116
f 1116 1224 1226
f 1116 1226 1115
f 1115 1226 1228
f 1115 1228 201
f 1131 1130 166
f 166 1130 1231
f 166 1231 167
f 1232 169 1233
f 1233 169 171
f 1233 171 1234
f 1234 171 1112
f 1234 1112 1109
f 1109 1112 1111
f 1109 1111 1080
f 1080 1111 197
f 1080 197 1078
f 1078 197 199
f 1078 199 1076
f 1076 199 202
f 1076 202 1065
f 1065 202 204
f 1065 204 1066
f 196 1235 194
f 194 1235 1236
f 194 1236 1116
f 1116 1236 1237
f 1116 1237 1230
f 1230 1237 1238
f 1230 1238 1229
f 1229 1238 1239
f 1240 1239 1241
f 1241 1239 1238
f 1241 1238 1242
f 1242 1238 1237
f 1242 1237 1243
f 1243 1237 1236
f 1243 1236 1244
f 1244 1236 1235
f 203 202 1114
f 1114 202 199
f 1114 199 1113
f 1113 199 198
f 1113 198 196
f 196 198 1133
f 196 1133 1235
f 1235 1133 1132
f 1235 1132 1244
f 1244 1132 170
f 1244 170 1243
f 1243 170 169
f 1243 169 1242
f 1242 169 1232
f 1242 1232 1241
f 1241 1232 1245
f 1241 1245 1240
f 164 1246 1247
f 1134 1108 1220
f 1220 1108 1107
f 1220 1107 1218
f 1218 1107 172
f 1218 172 1216
f 1216 172 174
f 1216 174 1248
f 1248 174 1249
f 1248 1249 1250
f 1250 1249 1251
f 1250 1251 1252
f 1252 1251 1253
f 1252 1253 1254
f 1254 1253 1255
f 1254 1255 1256
f 164 1247 165
f 165 1247 1257
f 165 1257 1258
f 1258 1257 1259
f 1258 1259 1260
f 1261 1262 1256
f 1263 1264 1265
f 993 1075 994
f 994 1075 1070
f 994 1070 995
f 995 1070 1063
f 995 1063 996
f 996 1063 1059
f 996 1059 997
f 997 1059 1058
f 997 1058 1004
f 1004 1058 1066
f 1004 1066 1099
f 1099 1066 204
f 1099 204 1100
f 1100 204 203
f 1100 203 1101
f 1101 203 1114
f 1101 1114 1102
f 1102 1114 200
f 1102 200 1103
f 1103 200 201
f 1103 201 1104
f 1104 201 1228
f 1104 1228 1105
f 1105 1228 1227
f 1105 1227 173
f 173 1227 1225
f 173 1225 174
f 174 1225 1223
f 174 1223 1249
f 1249 1223 1222
f 1249 1222 1251
f 1251 1222 1229
f 1251 1229 1253
f 1253 1229 1239
f 1253 1239 1255
f 1255 1239 1240
f 1255 1240 1256
f 1256 1240 1245
f 1256 1245 1261
f 1261 1245 1266
f 1261 1266 1267
f 1267 1266 1268
f 1262 1260 1256
f 1256 1260 1259
f 1256 1259 1254
f 1254 1259 1257
f 1254 1257 1252
f 1252 1257 1247
f 1252 1247 1250
f 1250 1247 1246
f 1250 1246 1248
f 1248 1246 1269
f 1248 1269 1216
f 1216 1269 1270
f 1216 1270 1217
f 1217 1270 1271
f 1217 1271 1219
f 1219 1271 1272
f 1219 1272 1221
f 1221 1272 1273
f 1221 1273 1134
f 1134 1273 1274
f 1134 1274 1031
f 1031 1274 1275
f 1031 1275 1030
f 1276 1264 1277
f 1277 1264 1263
f 1277 1263 1278
f 1118 1279 1120
f 1120 1279 1280
f 1120 1280 1122
f 1122 1280 1281
f 1122 1281 1124
f 1124 1281 1282
f 1124 1282 1126
f 1126 1282 1283
f 1126 1283 1128
f 1128 1283 1284
f 1128 1284 1130
f 1130 1284 1276
f 1130 1276 1231
f 1231 1276 1277
f 1231 1277 167
f 167 1277 1278
f 167 1278 168
f 933 1285 931
f 931 1285 1209
f 931 1209 929
f 929 1209 1211
f 929 1211 956
f 956 1211 1212
f 956 1212 954
f 954 1212 1213
f 954 1213 1286
f 1286 1213 1214
f 1286 1214 1287
f 1287 1214 1215
f 1287 1215 1288
f 1289 936 1290
f 1290 936 937
f 1290 937 1291
f 1291 937 938
f 1291 938 1292
f 1292 938 940
f 1292 940 1293
f 1293 940 942
f 1293 942 1294
f 1294 942 943
f 1294 943 1295
f 1295 943 955
f 1295 955 1296
f 1296 955 954
f 1296 954 1297
f 1297 954 1286
f 1297 1286 1298
f 1298 1286 1287
f 1298 1287 1299
f 1299 1287 1288
f 1299 1288 1300
f 908 1301 909
f 909 1301 1302
f 909 1302 1303
f 1303 1302 1304
f 1303 1304 1305
f 1305 1304 1306
f 1305 1306 1307
f 1307 1306 1308
f 1307 1308 1309
f 1309 1308 1310
f 1309 1310 1311
f 1311 1310 1312
f 1311 1312 1313
f 1313 1312 1314
f 1313 1314 1315
f 1315 1314 1316
f 1315 1316 1317
f 1317 1316 1318
f 1317 1318 1319
f 904 1289 906
f 906 1289 1290
f 906 1290 908
f 908 1290 1291
f 908 1291 1301
f 1301 1291 1292
f 1301 1292 1302
f 1302 1292 1293
f 1302 1293 1304
f 1304 1293 1294
f 1304 1294 1306
f 1306 1294 1295
f 1306 1295 1308
f 1308 1295 1296
f 1308 1296 1310
f 1310 1296 1297
f 1310 1297 1312
f 1312 1297 1298
f 1312 1298 1314
f 1314 1298 1299
f 1314 1299 1316
f 1316 1299 1300
f 1316 1300 1318
f 952 1320 953
f 953 1320 1321
f 953 1321 1322
f 1323 1324 1325
f 1325 1324 1322
f 1325 1322 1326
f 1326 1322 1321
f 1327 896 1328
f 1328 896 898
f 1328 898 1329
f 1329 898 900
f 1329 900 1330
f 1330 900 902
f 1330 902 1331
f 1331 902 946
f 1331 946 1332
f 1332 946 948
f 1332 948 1333
f 1333 948 950
f 1333 950 1334
f 1334 950 953
f 1334 953 1335
f 1335 953 1322
f 1335 1322 1336
f 1336 1322 1324
f 1336 1324 1337
f 897 903 899
f 899 903 905
f 899 905 901
f 901 905 907
f 901 907 944
f 944 907 909
f 944 909 945
f 945 909 1303
f 945 1303 947
f 947 1303 1305
f 947 1305 949
f 949 1305 1307
f 949 1307 951
f 951 1307 1309
f 951 1309 952
f 952 1309 1311
f 952 1311 1320
f 1320 1311 1313
f 1320 1313 1321
f 1321 1313 1315
f 1321 1315 1326
f 1326 1315 1317
f 1326 1317 1325
f 1325 1317 1319
f 1325 1319 1323
f 1338 1339 1340
f 1340 1339 1341
f 1341 1342 1340
f 1340 1342 1343
f 1340 1343 1344
f 1344 1343 1345
f 1344 1345 1346
f 1347 1346 1348
f 1348 1346 1345
f 1348 1345 1349
f 1349 1345 1343
f 1349 1343 1350
f 1350 1343 1342
f 1350 1342 1351
f 1351 1342 1341
f 1351 1341 1352
f 1352 1341 1339
f 1352 1339 163
f 163 165 1352
f 1352 165 1258
f 1352 1258 1351
f 1351 1258 1260
f 1351 1260 1350
f 1350 1260 1262
f 1350 1262 1349
f 1349 1262 1261
f 1349 1261 1348
f 1348 1261 1267
f 1348 1267 1347
f 1347 1267 1268
f 1347 1268 1353
f 1353 1268 1354
f 1353 1354 1355
f 1356 1357 1358
f 1358 1357 1359
f 1358 1359 1360
f 1360 1359 1361
f 1360 1361 158
f 158 1361 1362
f 158 1362 156
f 156 1362 1363
f 1364 1365 1366
f 1366 1365 1367
f 1364 1368 1369
f 1369 1368 1370
f 1369 1370 1371
f 1371 1370 1372
f 1371 1372 1373
f 1373 1372 1374
f 1373 1374 1375
f 1364 1369 1365
f 1365 1369 1376
f 1365 1376 1367
f 1366 1363 1364
f 1364 1363 1362
f 1364 1362 1368
f 1368 1362 1361
f 1368 1361 1370
f 1370 1361 1359
f 1370 1359 1372
f 1372 1359 1357
f 1372 1357 1374
f 1377 1378 1379
f 1379 1378 1162
f 1379 1162 1380
f 1380 1162 1161
f 1380 1161 1381
f 1381 1161 1382
f 1383 1377 1384
f 1384 1377 1379
f 1384 1379 1385
f 1385 1379 1380
f 1385 1380 1386
f 1386 1380 1381
f 1386 1381 1387
f 1387 1381 1382
f 1387 1382 1388
f 1279 1383 1280
f 1280 1383 1384
f 1280 1384 1281
f 1281 1384 1385
f 1281 1385 1282
f 1282 1385 1386
f 1282 1386 1283
f 1283 1386 1387
f 1283 1387 1284
f 1284 1387 1388
f 1284 1388 1276
f 1276 1388 1389
f 1276 1389 1264
f 1264 1389 1390
f 1264 1390 1265
f 1265 1390 1391
f 177 1152 1392
f 1392 1152 1151
f 1392 1151 1158
f 1158 1151 1156
f 1158 1156 1159
f 1159 1156 1165
f 1159 1165 1393
f 1393 1165 1394
f 1393 1394 1395
f 1395 1394 1396
f 1395 1396 1397
f 1397 1396 1398
f 1397 1398 1399
f 1399 1398 1400
f 1401 1400 1402
f 1402 1400 1398
f 1402 1398 1403
f 1403 1398 1396
f 1403 1396 1404
f 1404 1396 1394
f 1404 1394 1405
f 1405 1394 1165
f 1405 1165 1406
f 1406 1165 1166
f 1407 1408 1176
f 1176 1408 1409
f 1176 1409 1177
f 1410 1411 1412
f 1412 1411 1413
f 1414 1415 1416
f 1416 1415 1410
f 1416 1410 1417
f 1417 1410 1412
f 1417 1412 1418
f 1418 1412 1419
f 1413 1420 1412
f 1412 1420 1421
f 1412 1421 1419
f 1419 1421 1422
f 1419 1422 1423
f 1424 1425 1426
f 1426 1425 1427
f 1426 1427 1407
f 1407 1427 1428
f 1407 1428 1408
f 1171 1429 1173
f 1173 1429 1430
f 1173 1430 1176
f 1176 1430 1431
f 1176 1431 1407
f 1407 1431 1432
f 1407 1432 1426
f 1426 1432 1433
f 1426 1433 1424
f 1424 1433 1434
f 1429 1435 1430
f 1430 1435 1436
f 1430 1436 1431
f 1431 1436 1437
f 1431 1437 1432
f 1432 1437 1438
f 1432 1438 1433
f 1439 1434 1440
f 1440 1434 1433
f 1440 1433 1441
f 1441 1433 1438
f 1441 1438 1442
f 1442 1438 1437
f 1442 1437 1443
f 1443 1437 1436
f 1443 1436 1444
f 1444 1436 1435
f 1445 1446 1447
f 1447 1446 1448
f 1447 1448 1449
f 1449 1448 1450
f 1451 1452 1453
f 1452 1451 149
f 149 148 1454
f 1455 1456 1457
f 1457 1456 1458
f 1457 1458 1459
f 1459 1458 1460
f 1461 1391 1462
f 1462 1391 1390
f 1462 1390 1463
f 1463 1390 1389
f 1463 1389 1464
f 1464 1389 1388
f 1464 1388 1465
f 1465 1388 1382
f 1465 1382 150
f 150 1382 1161
f 150 1161 151
f 151 1161 1160
f 151 1160 175
f 145 144 1423
f 1423 144 1466
f 1423 1466 1419
f 1419 1466 1467
f 1419 1467 1418
f 152 1414 150
f 150 1414 1416
f 150 1416 1465
f 1465 1416 1417
f 1465 1417 1464
f 1464 1417 1418
f 1464 1418 1463
f 1463 1418 1467
f 1463 1467 1462
f 1462 1467 1466
f 1462 1466 1461
f 1461 1466 144
f 1461 144 1468
f 1468 144 146
f 1468 146 1469
f 1470 1469 1471
f 1471 1469 146
f 1471 146 1472
f 1472 146 145
f 1472 145 1473
f 1473 145 1423
f 1473 1423 1474
f 1474 1423 1422
f 1474 1422 1475
f 1475 1422 1421
f 1475 1421 1476
f 1476 1421 1420
f 1476 1420 1401
f 1401 1420 1413
f 1401 1413 1400
f 1400 1413 1411
f 1400 1411 1399
f 1399 1411 1410
f 1399 1410 1397
f 1397 1410 1415
f 1397 1415 1395
f 1395 1415 1414
f 1395 1414 1393
f 1393 1414 152
f 1393 152 1159
f 1159 152 175
f 1159 175 1157
f 1157 175 1160
f 1157 1160 1153
f 1153 1160 1162
f 1153 1162 1154
f 1154 1162 1378
f 1477 1478 1479
f 1479 1478 1480
f 1479 1480 1481
f 1481 1480 1482
f 1481 1482 1483
f 1483 1482 1484
f 1483 1484 1485
f 1485 1484 1486
f 1485 1486 1487
f 177 176 1152
f 1152 176 1168
f 1152 1168 1150
f 1150 1168 1170
f 1150 1170 1163
f 1163 1170 1172
f 1163 1172 1164
f 1164 1172 1174
f 1164 1174 1166
f 1166 1174 1175
f 1166 1175 1406
f 1406 1175 1177
f 1406 1177 1405
f 1405 1177 1409
f 1405 1409 1404
f 1404 1409 1408
f 1404 1408 1403
f 1403 1408 1428
f 1403 1428 1402
f 1402 1428 1427
f 1402 1427 1401
f 1401 1427 1425
f 1401 1425 1476
f 1476 1425 1424
f 1476 1424 1475
f 1475 1424 1434
f 1475 1434 1474
f 1474 1434 1439
f 1474 1439 1473
f 1473 1439 1488
f 1473 1488 1472
f 1472 1488 1489
f 1472 1489 1471
f 1471 1489 1490
f 1471 1490 1470
f 1491 1375 1492
f 1492 1375 1374
f 1492 1374 1355
f 1355 1374 1357
f 1355 1357 1353
f 1353 1357 1356
f 1353 1356 1347
f 1347 1356 1358
f 1347 1358 1346
f 1346 1358 1360
f 1346 1360 1344
f 1344 1360 158
f 1344 158 1340
f 1340 158 157
f 1340 157 1338
f 992 1117 993
f 993 1117 1119
f 993 1119 1075
f 1075 1119 1121
f 1075 1121 1074
f 1074 1121 1123
f 1074 1123 1073
f 1073 1123 1125
f 1073 1125 1072
f 1072 1125 1127
f 1072 1127 1071
f 1071 1127 1129
f 1071 1129 1109
f 1109 1129 1131
f 1109 1131 1234
f 1234 1131 166
f 1234 166 1233
f 1233 166 168
f 1233 168 1232
f 1232 168 1278
f 1232 1278 1245
f 1245 1278 1263
f 1245 1263 1266
f 1266 1263 1265
f 1266 1265 1268
f 1268 1265 1391
f 1268 1391 1354
f 1354 1391 1461
f 1354 1461 1355
f 1355 1461 1468
f 1355 1468 1492
f 1492 1468 1469
f 1492 1469 1491
f 1491 1469 1470
f 1493 1494 1495
f 1495 1494 1496
f 1495 1496 1497
f 1497 1496 1498
f 1497 1498 1499
f 1500 1499 1501
f 1501 1499 1498
f 1501 1498 154
f 1496 154 1498
f 1494 1502 1496
f 1496 1502 154
f 1503 1500 1504
f 1504 1500 1501
f 1504 1501 154
f 1487 1486 1493
f 1493 1486 1505
f 1493 1505 1494
f 1494 1505 1506
f 1494 1506 1502
f 1502 1506 1507
f 1502 1507 154
f 1508 1509 1510
f 1510 1509 1511
f 1510 1511 1512
f 1512 1511 1513
f 1512 1513 1514
f 1514 1513 142
f 1514 142 1515
f 1515 142 141
f 1515 141 1516
f 143 142 1517
f 1517 142 1513
f 1517 1513 1454
f 1454 1513 1511
f 1454 1511 149
f 149 1511 1509
f 149 1509 1452
f 1452 1509 1508
f 1452 1508 1453
f 143 1518 141
f 141 1518 1519
f 141 1519 1516
f 1516 1519 1520
f 1516 1520 1521
f 1521 1520 1522
f 1521 1522 1523
f 1522 1507 1523
f 1523 1507 1506
f 1523 1506 1521
f 1521 1506 1505
f 1521 1505 1516
f 1516 1505 1486
f 1516 1486 1515
f 1515 1486 1484
f 1515 1484 1514
f 1514 1484 1482
f 1514 1482 1512
f 1512 1482 1480
f 1512 1480 1510
f 1510 1480 1478
f 1510 1478 1508
f 1508 1478 1477
f 1508 1477 1453
f 1518 1524 1519
f 1519 1524 1525
f 1519 1525 1520
f 1520 1525 1526
f 1520 1526 1522
f 1522 1526 1527
f 1522 1527 1507
f 1507 1527 154
f 148 1528 1454
f 1454 1528 1529
f 1454 1529 1517
f 1517 1529 1530
f 1517 1530 143
f 143 1530 1531
f 143 1531 1518
f 1518 1531 1532
f 1518 1532 1524
f 1524 1532 1533
f 1524 1533 1525
f 1525 1533 1534
f 1525 1534 1526
f 1526 1534 1535
f 1526 1535 1527
f 1527 1535 276
f 1527 276 154
f 147 485 148
f 148 485 484
f 148 484 1528
f 1528 484 486
f 1528 486 1529
f 1529 486 488
f 1529 488 1530
f 1530 488 492
f 1530 492 1531
f 1531 492 494
f 1531 494 1532
f 1532 494 496
f 1532 496 1533
f 1533 496 498
f 1533 498 1534
f 1534 498 501
f 1534 501 1535
f 1535 501 502
f 1535 502 276
f 276 502 518
f 276 518 275
f 275 518 520
f 275 520 154
f 155 1503 153
f 153 1503 1504
f 153 1504 154
f 259 1327 227
f 227 1327 1328
f 227 1328 226
f 226 1328 1329
f 226 1329 238
f 238 1329 1330
f 238 1330 237
f 237 1330 1331
f 237 1331 236
f 236 1331 1332
f 236 1332 229
f 229 1332 1333
f 229 1333 228
f 228 1333 1334
f 228 1334 162
f 162 1334 1335
f 162 1335 160
f 160 1335 1336
f 160 1336 159
f 159 1336 1337
f 159 1337 161
f 161 1337 155
f 161 155 154
f 1536 1537 1538
f 1538 1537 1539
f 1538 1539 1540
f 1540 1539 1541
f 359 1542 357
f 357 1542 352
f 357 352 136
f 136 352 354
f 136 354 134
f 134 354 356
f 134 356 285
f 285 356 1543
f 285 1543 283
f 133 1544 1545
f 1545 1544 1546
f 1545 1546 1547
f 1548 135 1549
f 1549 135 134
f 1549 134 1550
f 1550 134 285
f 1550 285 349
f 349 285 284
f 349 284 347
f 360 358 365
f 365 358 357
f 365 357 1551
f 1551 357 136
f 1551 136 1552
f 1552 136 135
f 1552 135 1553
f 1553 135 1548
f 1553 1548 1554
f 1555 1554 1556
f 1556 1554 1548
f 1556 1548 1557
f 1557 1548 1549
f 1557 1549 1558
f 1558 1549 1550
f 1558 1550 1559
f 1559 1550 349
f 1559 349 346
f 346 349 351
f 346 351 344
f 344 351 350
f 361 363 366
f 366 363 365
f 366 365 1560
f 1560 365 1551
f 1560 1551 1561
f 1561 1551 1552
f 1561 1552 1562
f 1562 1552 1553
f 1562 1553 1563
f 1563 1553 1554
f 1563 1554 1564
f 1564 1554 1555
f 1564 1555 1565
f 374 370 373
f 373 370 369
f 373 369 1566
f 1566 369 366
f 1566 366 1567
f 1567 366 1560
f 1567 1560 1568
f 1568 1560 1561
f 1568 1561 1569
f 1569 1561 1562
f 1569 1562 1570
f 1570 1562 1563
f 1570 1563 1571
f 1571 1563 1564
f 1571 1564 1572
f 1572 1564 1565
f 1572 1565 1573
f 375 377 385
f 385 377 379
f 385 379 1574
f 1574 379 1575
f 1574 1575 1576
f 1576 1575 1577
f 1576 1577 1578
f 1578 1577 1579
f 1578 1579 1580
f 1580 1579 1581
f 1580 1581 1582
f 1582 1581 1583
f 1582 1583 1584
f 1584 1583 1585
f 1584 1585 1586
f 1586 1585 1587
f 1586 1587 1588
f 1588 1587 1589
f 1588 1589 1590
f 1590 1589 1591
f 1590 1591 1592
f 1593 123 1594
f 120 122 1595
f 1595 122 1596
f 1595 1596 1597
f 1598 1599 1600
f 1601 1602 1603
f 1603 1602 1604
f 1603 1604 1605
f 1605 1604 1606
f 1605 1606 1607
f 1607 1606 1608
f 1607 1608 1609
f 1609 1608 1610
f 1609 1610 1611
f 1611 1610 1612
f 1611 1612 1613
f 123 125 1594
f 1594 125 1614
f 1594 1614 1615
f 1615 1614 1616
f 1615 1616 1617
f 1617 1616 1618
f 1617 1618 1619
f 1619 1618 1620
f 1619 1620 1621
f 1621 1620 1622
f 1621 1622 1623
f 1623 1622 1624
f 1623 1624 1625
f 1625 1624 1626
f 1625 1626 1627
f 1627 1626 1628
f 1627 1628 1629
f 1629 1628 1630
f 1629 1630 1631
f 1631 1630 1632
f 1631 1632 1633
f 1593 1594 1634
f 1634 1594 1615
f 1634 1615 1635
f 1635 1615 1617
f 1635 1617 1636
f 1636 1617 1619
f 1636 1619 1601
f 1601 1619 1621
f 1601 1621 1602
f 1602 1621 1623
f 1602 1623 1604
f 1604 1623 1625
f 1604 1625 1606
f 1606 1625 1627
f 1606 1627 1608
f 1608 1627 1629
f 1608 1629 1610
f 1610 1629 1631
f 1610 1631 1612
f 1612 1631 1633
f 1612 1633 1613
f 1637 115 1638
f 1638 115 114
f 1638 114 1639
f 1640 1641 1642
f 1643 1644 1642
f 1645 1644 1646
f 1646 1644 1643
f 1646 1643 1647
f 112 111 1648
f 1648 111 1649
f 1648 1649 116
f 116 1649 117
f 116 117 114
f 114 117 119
f 114 119 1639
f 127 126 1650
f 1650 126 1651
f 1650 1651 1652
f 1652 1651 1653
f 1652 1653 1654
f 1654 1653 1655
f 1654 1655 1656
f 1657 128 1658
f 1658 128 127
f 1658 127 1659
f 1659 127 1650
f 1659 1650 1660
f 1660 1650 1652
f 1660 1652 1661
f 1661 1652 1654
f 1661 1654 1662
f 1662 1654 1656
f 1662 1656 1663
f 1637 1664 115
f 115 1664 1665
f 115 1665 116
f 116 1665 1666
f 116 1666 1648
f 1648 1666 1667
f 1648 1667 112
f 1668 1669 1670
f 1670 1669 1671
f 1670 1671 1672
f 1672 1671 1673
f 1672 1673 1674
f 1674 1673 1675
f 1674 1675 1676
f 1676 1675 1677
f 1676 1677 1678
f 1678 1677 1679
f 1678 1679 1680
f 1680 1679 1681
f 1680 1681 1682
f 1682 1681 1683
f 1682 1683 1684
f 1684 1683 1685
f 1684 1685 1686
f 1686 1685 1687
f 1667 1688 112
f 112 1688 1689
f 112 1689 113
f 113 1689 1690
f 113 1690 1691
f 1691 1690 1692
f 1693 1668 1694
f 1694 1668 1670
f 1694 1670 1695
f 1695 1670 1672
f 1695 1672 1696
f 1696 1672 1674
f 1696 1674 1697
f 1697 1674 1676
f 1697 1676 1698
f 1698 1676 1678
f 1698 1678 1699
f 1699 1678 1680
f 1699 1680 1700
f 1700 1680 1682
f 1700 1682 1701
f 1701 1682 1684
f 1701 1684 1702
f 1702 1684 1686
f 1702 1686 1703
f 1703 1686 1687
f 1703 1687 1704
f 1705 1706 1707
f 1707 1706 1708
f 1707 1708 1709
f 1709 1708 1710
f 1709 1710 1711
f 1711 1710 1712
f 1711 1712 1713
f 1713 1712 1714
f 1713 1714 1715
f 1715 1714 1716
f 1715 1716 1717
f 1717 1716 1718
f 1717 1718 1719
f 1719 1718 1720
f 1719 1720 1721
f 1721 1720 1722
f 1721 1722 1723
f 1723 1722 1724
f 1723 1724 1725
f 1725 1724 1726
f 1725 1726 1704
f 1704 1726 1657
f 1704 1657 1703
f 1703 1657 1658
f 1703 1658 1702
f 1702 1658 1659
f 1702 1659 1701
f 1701 1659 1660
f 1701 1660 1700
f 1700 1660 1661
f 1700 1661 1699
f 1699 1661 1662
f 1699 1662 1698
f 1698 1662 1663
f 1698 1663 1697
f 1727 1728 1729
f 1730 1731 1732
f 1730 1732 1733
f 1733 1732 1734
f 1733 1734 1735
f 1663 1736 1697
f 1697 1736 1737
f 1697 1737 1696
f 1696 1737 1738
f 1696 1738 1695
f 1695 1738 1739
f 1695 1739 1694
f 1694 1739 1740
f 1694 1740 1693
f 1693 1740 1741
f 1742 1741 1743
f 1743 1741 1740
f 1743 1740 1744
f 1744 1740 1739
f 1744 1739 1745
f 1745 1739 1738
f 1745 1738 1746
f 1746 1738 1737
f 1746 1737 1747
f 1747 1737 1736
f 1655 1727 1656
f 1656 1727 1729
f 1656 1729 1663
f 1663 1729 1748
f 1663 1748 1736
f 1736 1748 1749
f 1736 1749 1747
f 1747 1749 1750
f 1747 1750 1746
f 1746 1750 1751
f 1746 1751 1745
f 1745 1751 1752
f 1745 1752 1744
f 1744 1752 1753
f 1744 1753 1743
f 1743 1753 1754
f 1743 1754 1742
f 1755 1756 1757
f 1757 1756 1758
f 1757 1758 1734
f 1734 1758 1759
f 1734 1759 1735
f 1760 1761 110
f 1762 1763 1764
f 1706 1765 1708
f 1708 1765 1766
f 1708 1766 1710
f 1710 1766 1767
f 1710 1767 1712
f 1712 1767 1768
f 1712 1768 1714
f 1714 1768 1769
f 1714 1769 1716
f 1716 1769 1770
f 1716 1770 1718
f 1718 1770 1771
f 1718 1771 1720
f 1720 1771 1772
f 1720 1772 1722
f 1722 1772 1773
f 1722 1773 1724
f 1724 1773 1774
f 1724 1774 1726
f 1726 1774 1775
f 1726 1775 1657
f 1657 1775 1776
f 1657 1776 128
f 128 1776 1777
f 128 1777 126
f 126 1777 1778
f 126 1778 1651
f 1651 1778 1779
f 1651 1779 1653
f 1653 1779 1780
f 1653 1780 1655
f 1655 1780 1781
f 1655 1781 1727
f 1727 1781 1782
f 1727 1782 1728
f 1783 1645 1784
f 1784 1645 1646
f 1784 1646 1785
f 1785 1646 1647
f 1785 1647 1786
f 1787 1783 1788
f 1788 1783 1784
f 1788 1784 1789
f 1789 1784 1785
f 1789 1785 1790
f 1790 1785 1786
f 1790 1786 1791
f 1791 1786 1792
f 118 117 1640
f 1640 117 1649
f 1640 1649 1641
f 1641 1649 111
f 1641 111 1793
f 1793 111 113
f 1793 113 1794
f 1794 113 1691
f 1794 1691 1795
f 1642 1641 1643
f 1643 1641 1793
f 1643 1793 1647
f 1647 1793 1794
f 1647 1794 1786
f 1786 1794 1795
f 1786 1795 1792
f 1796 1797 1798
f 1798 1797 1754
f 1798 1754 1755
f 1755 1754 1753
f 1755 1753 1756
f 1756 1753 1752
f 1756 1752 1758
f 1758 1752 1751
f 1758 1751 1759
f 1759 1751 1750
f 1759 1750 1735
f 1735 1750 1749
f 1735 1749 1733
f 1733 1749 1748
f 1733 1748 1730
f 1730 1748 1729
f 1730 1729 1731
f 1731 1729 1728
f 1757 1799 1755
f 1755 1799 1800
f 1755 1800 1798
f 1798 1800 1801
f 1798 1801 1796
f 1796 1801 1802
f 1803 103 1804
f 1804 103 1805
f 1804 1805 1806
f 1806 1805 1807
f 1806 1807 1808
f 1596 1809 1597
f 1597 1809 1810
f 1597 1810 1811
f 1811 1810 1812
f 1811 1812 1813
f 1813 1812 1814
f 1813 1814 1815
f 1815 1814 1816
f 1815 1816 1817
f 1817 1816 1818
f 1817 1818 1819
f 1819 1818 1820
f 1819 1820 1821
f 1821 1820 1803
f 1821 1803 1822
f 1823 1824 1825
f 1825 1824 1826
f 1825 1826 1827
f 1827 1826 1828
f 1827 1828 1829
f 1829 1828 1830
f 1829 1830 1831
f 1831 1830 1832
f 1831 1832 1833
f 1833 1832 1834
f 1833 1834 1835
f 1835 1834 1836
f 1835 1836 1837
f 1837 1836 1838
f 1837 1838 1839
f 1839 1838 1840
f 1839 1840 1841
f 1841 1840 1842
f 1841 1842 1843
f 1843 1842 1844
f 1843 1844 1845
f 1845 1844 1846
f 1845 1846 1847
f 1847 1846 1848
f 1847 1848 1849
f 1849 1848 1850
f 1849 1850 1851
f 1851 1850 1852
f 1851 1852 1822
f 1822 1852 1853
f 1822 1853 1821
f 1821 1853 1854
f 1821 1854 1819
f 1819 1854 1855
f 1819 1855 1817
f 1817 1855 1856
f 1817 1856 1815
f 1815 1856 1857
f 1815 1857 1813
f 1813 1857 1858
f 1813 1858 1811
f 1811 1858 1859
f 1811 1859 1597
f 1597 1859 1860
f 1597 1860 1595
f 1595 1860 1861
f 1595 1861 120
f 1803 1862 1822
f 1822 1862 1863
f 1822 1863 1851
f 1851 1863 1864
f 1851 1864 1849
f 1849 1864 1865
f 1849 1865 1847
f 1847 1865 1866
f 1847 1866 1845
f 1845 1866 1867
f 1845 1867 1843
f 1843 1867 1868
f 1843 1868 1841
f 1841 1868 1869
f 1841 1869 1839
f 1839 1869 1870
f 1839 1870 1837
f 1837 1870 1871
f 1837 1871 1835
f 1835 1871 1872
f 1835 1872 1833
f 1833 1872 1873
f 1833 1873 1831
f 1831 1873 1874
f 1831 1874 1829
f 1829 1874 1875
f 1829 1875 1827
f 1827 1875 1876
f 1827 1876 1825
f 1825 1876 1877
f 1825 1877 1823
f 103 102 1805
f 1805 102 1878
f 1805 1878 1807
f 1807 1878 1879
f 1807 1879 1808
f 1808 1879 1880
f 1808 1880 1881
f 1881 1880 1882
f 1881 1882 1883
f 1883 1882 1884
f 1883 1884 1885
f 1885 1884 1886
f 1885 1886 1887
f 1887 1886 1888
f 1887 1888 1889
f 1889 1888 1890
f 1889 1890 1891
f 1891 1890 1892
f 1891 1892 1893
f 1893 1892 1894
f 1893 1894 1895
f 1895 1894 1896
f 1895 1896 1897
f 1897 1896 1898
f 1897 1898 1899
f 1899 1898 1900
f 1899 1900 1901
f 1901 1900 1902
f 1901 1902 1903
f 1903 1902 1904
f 1903 1904 1905
f 1906 1907 1908
f 1908 1907 1909
f 1908 1909 1910
f 1910 1909 1911
f 1910 1911 1912
f 1912 1911 1913
f 1912 1913 1914
f 1914 1913 1915
f 1914 1915 1916
f 1916 1915 1917
f 1916 1917 1918
f 1918 1917 1919
f 1918 1919 1920
f 1920 1919 1921
f 1920 1921 1922
f 1922 1921 1923
f 1922 1923 1924
f 1924 1923 1925
f 1924 1925 1926
f 1926 1925 1927
f 1926 1927 1928
f 1928 1927 1929
f 1928 1929 1930
f 1930 1929 1931
f 1930 1931 1932
f 1932 1931 1933
f 1932 1933 1934
f 1934 1933 1935
f 1934 1935 1936
f 1936 1935 1937
f 1936 1937 1938
f 1939 1906 104
f 104 1906 1908
f 104 1908 102
f 102 1908 1910
f 102 1910 1878
f 1878 1910 1912
f 1878 1912 1879
f 1879 1912 1914
f 1879 1914 1880
f 1880 1914 1916
f 1880 1916 1882
f 1882 1916 1918
f 1882 1918 1884
f 1884 1918 1920
f 1884 1920 1886
f 1886 1920 1922
f 1886 1922 1888
f 1888 1922 1924
f 1888 1924 1890
f 1890 1924 1926
f 1890 1926 1892
f 1892 1926 1928
f 1892 1928 1894
f 1894 1928 1930
f 1894 1930 1896
f 1896 1930 1932
f 1896 1932 1898
f 1898 1932 1934
f 1898 1934 1900
f 1900 1934 1936
f 1900 1936 1902
f 1902 1936 1938
f 1902 1938 1904
f 1762 1764 1940
f 1940 1764 1941
f 1940 1941 1942
f 1942 1941 1943
f 1942 1943 1944
f 1944 1943 1945
f 1944 1945 1946
f 1946 1945 1947
f 1946 1947 1948
f 1948 1947 1949
f 1948 1949 1950
f 1950 1949 1951
f 1950 1951 1952
f 1952 1951 1953
f 1952 1953 1954
f 1954 1953 1955
f 1954 1955 1956
f 1956 1955 1957
f 1956 1957 1958
f 1958 1957 1959
f 1958 1959 1960
f 1960 1959 1961
f 1960 1961 1962
f 1962 1961 1963
f 1962 1963 1964
f 1964 1963 1965
f 1964 1965 1966
f 1966 1965 1967
f 1966 1967 1968
f 1968 1967 1969
f 1968 1969 1970
f 1970 1969 1971
f 1970 1971 1972
f 1972 1971 1973
f 1972 1973 1974
f 1974 1973 1975
f 1974 1975 1976
f 1976 1975 1977
f 1976 1977 1978
f 1978 1977 1979
f 1978 1979 1980
f 1980 1979 1981
f 1980 1981 1982
f 1982 1981 1983
f 1982 1983 1984
f 1984 1983 1985
f 1984 1985 1986
f 1986 1985 1987
f 1986 1987 1988
f 1988 1987 1989
f 1988 1989 1451
f 1451 1989 1455
f 1451 1455 149
f 149 1455 1457
f 149 1457 147
f 147 1457 1459
f 147 1459 485
f 485 1459 1460
f 485 1460 483
f 483 1460 1990
f 483 1990 503
f 1803 1804 1862
f 1862 1804 1806
f 1862 1806 1863
f 1863 1806 1808
f 1863 1808 1864
f 1864 1808 1881
f 1864 1881 1865
f 1865 1881 1883
f 1865 1883 1866
f 1866 1883 1885
f 1866 1885 1867
f 1867 1885 1887
f 1867 1887 1868
f 1868 1887 1889
f 1868 1889 1869
f 1869 1889 1891
f 1869 1891 1870
f 1870 1891 1893
f 1870 1893 1871
f 1871 1893 1895
f 1871 1895 1872
f 1872 1895 1897
f 1872 1897 1873
f 1873 1897 1899
f 1873 1899 1874
f 1874 1899 1901
f 1874 1901 1875
f 1875 1901 1903
f 1875 1903 1876
f 1876 1903 1905
f 1876 1905 1877
f 1824 1991 1826
f 1826 1991 1992
f 1826 1992 1828
f 1828 1992 1993
f 1828 1993 1830
f 1830 1993 1994
f 1830 1994 1832
f 1832 1994 1995
f 1832 1995 1834
f 1834 1995 1996
f 1834 1996 1836
f 1836 1996 1997
f 1836 1997 1838
f 1838 1997 1998
f 1838 1998 1840
f 1840 1998 1999
f 1840 1999 1842
f 1842 1999 2000
f 1842 2000 1844
f 1844 2000 2001
f 1844 2001 1846
f 1846 2001 2002
f 1846 2002 1848
f 1848 2002 2003
f 1848 2003 1850
f 1850 2003 2004
f 1850 2004 1852
f 1852 2004 2005
f 1852 2005 1853
f 1853 2005 2006
f 1853 2006 1854
f 1854 2006 2007
f 1854 2007 1855
f 1855 2007 2008
f 1855 2008 1856
f 1856 2008 2009
f 1856 2009 1857
f 1857 2009 2010
f 1857 2010 1858
f 1858 2010 2011
f 1858 2011 1859
f 1859 2011 2012
f 1859 2012 1860
f 1860 2012 2013
f 1860 2013 1861
f 1937 180 1938
f 1938 180 178
f 1938 178 1904
f 1904 178 177
f 1904 177 1905
f 1905 177 1392
f 1905 1392 1877
f 1877 1392 1158
f 1877 1158 1823
f 1823 1158 1155
f 1823 1155 1824
f 1824 1155 1154
f 1824 1154 1991
f 1991 1154 1378
f 1991 1378 1992
f 1992 1378 1377
f 1992 1377 1993
f 1993 1377 1383
f 1993 1383 1994
f 1994 1383 1279
f 1994 1279 1995
f 1995 1279 1118
f 1995 1118 1996
f 1996 1118 1117
f 1996 1117 1997
f 1997 1117 992
f 1997 992 1998
f 1998 992 987
f 1998 987 1999
f 1999 987 969
f 1999 969 2000
f 2000 969 211
f 2000 211 2001
f 2001 211 213
f 2001 213 2002
f 2002 213 998
f 2002 998 2003
f 2003 998 965
f 2003 965 2004
f 2004 965 218
f 2004 218 2005
f 2005 218 217
f 2005 217 2006
f 2006 217 959
f 2006 959 2007
f 2007 959 960
f 2007 960 2008
f 2008 960 961
f 2008 961 2009
f 2009 961 958
f 2009 958 2010
f 2010 958 957
f 2010 957 2011
f 2011 957 1056
f 2011 1056 2012
f 2012 1056 1057
f 2012 1057 2013
f 2014 2015 2016
f 2016 2015 2017
f 2016 2017 2018
f 2018 2017 2019
f 2018 2019 2020
f 2020 2019 2021
f 38 2021 1544
f 1544 2021 2019
f 1544 2019 1546
f 1546 2019 2017
f 1546 2017 1547
f 1547 2017 2015
f 2021 2022 2020
f 2020 2022 2023
f 2020 2023 2018
f 2018 2023 2024
f 2018 2024 2016
f 2016 2024 2025
f 2016 2025 2014
f 2014 2025 2026
f 133 38 1544
f 2027 2028 2029
f 2029 2028 2030
f 2029 2030 2031
f 2031 2030 2032
f 2031 2032 2033
f 2033 2032 2034
f 2033 2034 2035
f 2036 2037 2038
f 2027 2039 2028
f 2028 2039 2040
f 2028 2040 2030
f 2030 2040 2036
f 2030 2036 2032
f 2032 2036 2038
f 2032 2038 2034
f 97 98 2041
f 38 2042 98
f 98 2042 2043
f 98 2043 2041
f 2041 2043 2027
f 2041 2027 2044
f 2044 2027 2029
f 2044 2029 2045
f 2045 2029 2031
f 2045 2031 2046
f 2046 2031 2033
f 2046 2033 2047
f 2047 2033 2035
f 2047 2035 2048
f 2048 2026 2047
f 2047 2026 2025
f 2047 2025 2046
f 2046 2025 2024
f 2046 2024 2045
f 2045 2024 2023
f 2045 2023 2044
f 2044 2023 2022
f 2044 2022 2041
f 2041 2022 2021
f 2041 2021 97
f 97 2021 38
f 2049 2050 2051
f 2051 2050 2052
f 2051 2052 2053
f 2053 2052 2054
f 2053 2054 2037
f 89 2055 90
f 90 2055 2056
f 90 2056 2057
f 2057 2056 2058
f 2057 2058 2059
f 2059 2058 2060
f 2061 2062 2063
f 2063 2062 2064
f 2063 2064 129
f 129 131 2063
f 2063 131 2065
f 2063 2065 2061
f 2061 2065 2066
f 2061 2066 2067
f 2067 2066 2068
f 2067 2068 2069
f 2069 2068 2070
f 2069 2070 2071
f 2071 2070 2072
f 2071 2072 2073
f 2073 2072 2074
f 2073 2074 2075
f 2075 2074 2076
f 2075 2076 2077
f 2077 2076 2078
f 2077 2078 2079
f 94 96 2080
f 2080 96 2081
f 2080 2081 2082
f 2082 2081 2083
f 2082 2083 2084
f 2084 2083 2085
f 2084 2085 2086
f 2086 2085 2087
f 2086 2087 2088
f 91 93 2089
f 2089 93 2090
f 2089 2090 2091
f 2091 2090 2092
f 2091 2092 2093
f 2094 2095 2096
f 2096 2095 2097
f 2096 2097 2098
f 2098 2097 2099
f 2098 2099 2100
f 2100 2099 2101
f 2100 2101 2102
f 2102 2101 2103
f 2102 2103 2104
f 2104 2103 2105
f 2104 2105 2106
f 2106 2105 2107
f 2106 2107 2108
f 2108 2107 2109
f 2108 2109 2110
f 2111 92 2112
f 2112 92 91
f 2112 91 2113
f 2113 91 2089
f 2113 2089 2114
f 2114 2089 2091
f 2114 2091 2115
f 2115 2091 2093
f 2115 2093 2116
f 2095 95 2097
f 2097 95 94
f 2097 94 2099
f 2099 94 2080
f 2099 2080 2101
f 2101 2080 2082
f 2101 2082 2103
f 2103 2082 2084
f 2103 2084 2105
f 2105 2084 2086
f 2105 2086 2107
f 2107 2086 2088
f 2107 2088 2109
f 38 2117 2118
f 2118 2117 2119
f 2118 2119 2120
f 2120 2119 2121
f 2120 2121 2122
f 2122 2121 2049
f 2123 2124 2125
f 2125 2124 2126
f 2125 2126 86
f 38 2127 2117
f 2117 2127 2128
f 2117 2128 2119
f 2119 2128 2129
f 2119 2129 2121
f 2121 2129 2130
f 2121 2130 2049
f 38 2131 2127
f 2127 2131 2132
f 2127 2132 2128
f 2128 2132 2133
f 2128 2133 2129
f 2129 2133 2134
f 2129 2134 2130
f 2130 2134 2135
f 2130 2135 2049
f 2049 2135 2136
f 2049 2136 2050
f 2131 2137 2132
f 2132 2137 2138
f 2132 2138 2133
f 2133 2138 2139
f 2133 2139 2134
f 2134 2139 88
f 2134 88 2135
f 2135 88 90
f 2135 90 2136
f 2136 90 2057
f 2136 2057 2050
f 2050 2057 2059
f 2050 2059 2052
f 2052 2059 2060
f 2052 2060 2054
f 2037 2036 2053
f 2053 2036 2040
f 2053 2040 2051
f 2051 2040 2039
f 2051 2039 2049
f 2049 2039 2027
f 2049 2027 2122
f 2122 2027 2043
f 2122 2043 2120
f 2120 2043 2042
f 2120 2042 2118
f 2118 2042 38
f 2140 2079 2141
f 2141 2079 2078
f 2141 2078 2055
f 2055 2078 2076
f 2055 2076 2056
f 2056 2076 2074
f 2056 2074 2058
f 2058 2074 2072
f 2058 2072 2060
f 2060 2072 2070
f 2060 2070 2054
f 2054 2070 2068
f 2054 2068 2037
f 2037 2068 2066
f 2037 2066 2038
f 2038 2066 2065
f 2038 2065 2034
f 2034 2065 131
f 2034 131 2035
f 2035 131 130
f 2035 130 2048
f 86 85 2125
f 2125 85 2142
f 2125 2142 2123
f 2123 2142 2143
f 2123 2143 2144
f 2145 2146 2147
f 2147 2146 2148
f 2147 2148 2149
f 2149 2148 2150
f 76 2150 2151
f 2151 2150 2148
f 2151 2148 2152
f 2152 2148 2146
f 2153 81 2154
f 2154 81 80
f 2154 80 2155
f 2156 2153 2157
f 2157 2153 2154
f 2157 2154 2158
f 2158 2154 2155
f 2158 2155 2159
f 44 43 2160
f 2160 43 74
f 2160 74 2159
f 2159 74 75
f 2159 75 2158
f 76 78 2150
f 2150 78 2161
f 2150 2161 2149
f 2149 2161 2162
f 2149 2162 2147
f 2163 2094 2164
f 2164 2094 2096
f 2164 2096 2165
f 2165 2096 2098
f 2165 2098 2166
f 2166 2098 2100
f 2166 2100 2111
f 2111 2100 2102
f 2111 2102 92
f 92 2102 2104
f 92 2104 93
f 93 2104 2106
f 93 2106 2090
f 2090 2106 2108
f 2090 2108 2092
f 2092 2108 2110
f 2092 2110 2093
f 2093 2110 2167
f 2093 2167 2116
f 2168 2169 2170
f 2170 2169 2171
f 2172 2173 2174
f 2174 2173 2175
f 2174 2175 2176
f 2176 2175 2177
f 2176 2177 2178
f 2178 2177 2179
f 2178 2179 2180
f 2180 2179 2181
f 2180 2181 2182
f 2182 2181 2183
f 2182 2183 2184
f 2184 2183 2185
f 2184 2185 2186
f 2186 2185 2187
f 2186 2187 2188
f 2188 2187 2189
f 2188 2189 2190
f 2190 2189 2191
f 2190 2191 2192
f 2193 2172 2194
f 2194 2172 2174
f 2194 2174 2195
f 2195 2174 2176
f 2195 2176 2196
f 2196 2176 2178
f 2196 2178 2197
f 2197 2178 2180
f 2197 2180 2198
f 2198 2180 2182
f 2198 2182 2199
f 2199 2182 2184
f 2199 2184 2200
f 2200 2184 2186
f 2200 2186 2201
f 2201 2186 2188
f 2201 2188 2202
f 2202 2188 2190
f 2202 2190 2203
f 2203 2190 2192
f 2203 2192 2204
f 2193 2205 2172
f 2172 2205 2206
f 2172 2206 2173
f 2173 2206 2207
f 2173 2207 2175
f 2175 2207 2208
f 2175 2208 2177
f 2177 2208 2209
f 2177 2209 2179
f 2179 2209 2210
f 2179 2210 2181
f 2181 2210 2211
f 2181 2211 2183
f 2183 2211 2212
f 2183 2212 2185
f 2185 2212 2213
f 2185 2213 2187
f 2187 2213 2214
f 2187 2214 2189
f 2189 2214 2215
f 2189 2215 2191
f 2191 2215 69
f 2191 69 2192
f 2192 69 68
f 2192 68 2204
f 2216 2217 2218
f 2219 2220 2221
f 2221 2220 2222
f 2221 2222 2223
f 2223 2222 2224
f 2223 2224 2225
f 2225 2224 2226
f 2225 2226 2227
f 2227 2226 2228
f 2227 2228 2229
f 2229 2228 2230
f 2229 2230 2231
f 2231 2230 2232
f 2231 2232 2233
f 2233 2232 2234
f 2233 2234 2235
f 2235 2234 2236
f 2235 2236 2237
f 2237 2236 2238
f 2237 2238 2239
f 2239 2238 2240
f 2239 2240 2241
f 2241 2240 2242
f 2241 2242 2243
f 2243 2242 2244
f 2243 2244 2245
f 2245 2244 2246
f 2245 2246 100
f 2247 2248 2249
f 2249 2248 2250
f 2249 2250 2251
f 2251 2250 2252
f 2251 2252 2253
f 2253 2252 2254
f 2253 2254 2255
f 2255 2254 2256
f 2255 2256 2257
f 2257 2256 2258
f 2257 2258 2259
f 2259 2258 2260
f 2259 2260 2261
f 2261 2260 2262
f 2261 2262 2263
f 2263 2262 2264
f 2263 2264 2265
f 2265 2264 2266
f 2265 2266 2267
f 2267 2266 2268
f 2267 2268 2269
f 2269 2268 99
f 2269 99 2270
f 2270 99 101
f 2270 101 2271
f 2272 2247 2273
f 2273 2247 2249
f 2273 2249 2274
f 2274 2249 2251
f 2274 2251 2275
f 2275 2251 2253
f 2275 2253 2276
f 2276 2253 2255
f 2276 2255 2277
f 2277 2255 2257
f 2277 2257 2278
f 2278 2257 2259
f 2278 2259 2279
f 2279 2259 2261
f 2279 2261 2280
f 2280 2261 2263
f 2280 2263 2281
f 2281 2263 2265
f 2281 2265 2282
f 2282 2265 2267
f 2282 2267 2283
f 2283 2267 2269
f 2283 2269 2284
f 2284 2269 2270
f 2284 2270 2285
f 2285 2270 2271
f 2285 2271 106
f 2286 2287 2288
f 2288 2287 2289
f 2288 2289 2290
f 2290 2289 2291
f 2290 2291 2292
f 2292 2291 2293
f 2292 2293 2294
f 2294 2293 2295
f 2294 2295 2296
f 2296 2295 2297
f 2296 2297 2298
f 2298 2297 2299
f 2298 2299 2300
f 2300 2299 2301
f 2300 2301 2302
f 2302 2301 2303
f 2302 2303 2304
f 2304 2303 2305
f 2304 2305 2306
f 2306 2305 2307
f 2306 2307 2308
f 2308 2307 105
f 2308 105 2309
f 2309 105 107
f 2309 107 2310
f 100 99 2245
f 2245 99 2268
f 2245 2268 2243
f 2243 2268 2266
f 2243 2266 2241
f 2241 2266 2264
f 2241 2264 2239
f 2239 2264 2262
f 2239 2262 2237
f 2237 2262 2260
f 2237 2260 2235
f 2235 2260 2258
f 2235 2258 2233
f 2233 2258 2256
f 2233 2256 2231
f 2231 2256 2254
f 2231 2254 2229
f 2229 2254 2252
f 2229 2252 2227
f 2227 2252 2250
f 2227 2250 2225
f 2225 2250 2248
f 2225 2248 2223
f 2223 2248 2247
f 2223 2247 2221
f 2221 2247 2272
f 2221 2272 2219
f 2219 2272 2311
f 2219 2311 2312
f 2312 2311 2313
f 2312 2313 2314
f 2314 2313 2315
f 2314 2315 2316
f 2316 2315 2317
f 2316 2317 2318
f 2318 2317 1536
f 2318 1536 1445
f 1445 1536 1538
f 1445 1538 1446
f 1446 1538 1540
f 1446 1540 1448
f 1448 1540 1541
f 1448 1541 1450
f 1450 1541 2319
f 1450 2319 2320
f 2217 2216 2321
f 2321 2216 2322
f 2321 2322 2323
f 2323 2322 2324
f 2323 2324 2325
f 2325 2324 2326
f 2325 2326 2327
f 2327 2326 2328
f 2327 2328 2329
f 110 2330 1760
f 1760 2330 2331
f 1760 2331 2332
f 2332 2331 2333
f 2332 2333 2334
f 2334 2333 2335
f 2334 2335 2336
f 2336 2335 2337
f 2336 2337 2338
f 2338 2337 2339
f 2338 2339 2340
f 2340 2339 2341
f 2340 2341 2342
f 2342 2341 2343
f 2342 2343 2344
f 2344 2343 2345
f 2344 2345 2346
f 2346 2345 2347
f 2346 2347 2348
f 1761 1760 2349
f 2349 1760 2332
f 2349 2332 2350
f 2350 2332 2334
f 2350 2334 2351
f 2351 2334 2336
f 2351 2336 2352
f 2352 2336 2338
f 2352 2338 2353
f 2353 2338 2340
f 2353 2340 2354
f 2354 2340 2342
f 2354 2342 2355
f 2355 2342 2344
f 2355 2344 2356
f 2356 2344 2346
f 2356 2346 2357
f 2357 2346 2348
f 2357 2348 2358
f 108 110 2310
f 2310 110 1761
f 2310 1761 2309
f 2309 1761 2349
f 2309 2349 2308
f 2308 2349 2350
f 2308 2350 2306
f 2306 2350 2351
f 2306 2351 2304
f 2304 2351 2352
f 2304 2352 2302
f 2302 2352 2353
f 2302 2353 2300
f 2300 2353 2354
f 2300 2354 2298
f 2298 2354 2355
f 2298 2355 2296
f 2296 2355 2356
f 2296 2356 2294
f 2294 2356 2357
f 2294 2357 2292
f 2292 2357 2358
f 2292 2358 2290
f 2290 2358 2359
f 2290 2359 2288
f 2288 2359 2360
f 2288 2360 2286
f 2171 2361 2362
f 2362 2361 2218
f 2362 2218 2363
f 2363 2218 2217
f 2363 2217 2364
f 2364 2217 2321
f 2364 2321 2365
f 2365 2321 2323
f 2365 2323 2366
f 2366 2323 2325
f 2366 2325 2367
f 2367 2325 2327
f 2367 2327 2368
f 2368 2327 2329
f 2368 2329 2369
f 106 105 2285
f 2285 105 2307
f 2285 2307 2284
f 2284 2307 2305
f 2284 2305 2283
f 2283 2305 2303
f 2283 2303 2282
f 2282 2303 2301
f 2282 2301 2281
f 2281 2301 2299
f 2281 2299 2280
f 2280 2299 2297
f 2280 2297 2279
f 2279 2297 2295
f 2279 2295 2278
f 2278 2295 2293
f 2278 2293 2277
f 2277 2293 2291
f 2277 2291 2276
f 2276 2291 2289
f 2276 2289 2275
f 2275 2289 2287
f 2275 2287 2274
f 2274 2287 2286
f 2274 2286 2273
f 2273 2286 2370
f 2273 2370 2272
f 2272 2370 2371
f 2272 2371 2311
f 2311 2371 2372
f 2311 2372 2313
f 2313 2372 2373
f 2313 2373 2315
f 2315 2373 2374
f 2315 2374 2317
f 2317 2374 1192
f 2317 1192 1536
f 1536 1192 1194
f 1536 1194 1537
f 1537 1194 1196
f 1537 1196 1539
f 1539 1196 1197
f 1539 1197 1541
f 1541 1197 2375
f 1541 2375 2319
f 2171 2169 2361
f 2361 2169 2376
f 2361 2376 2218
f 2218 2376 2377
f 2218 2377 2216
f 2216 2377 2378
f 2216 2378 2322
f 2322 2378 2379
f 2322 2379 2324
f 2324 2379 2380
f 2324 2380 2326
f 2326 2380 2381
f 2326 2381 2328
f 1592 2382 2383
f 2383 2382 2384
f 2383 2384 2385
f 2385 2384 2386
f 2385 2386 2387
f 2387 2386 2388
f 2387 2388 2389
f 2389 2388 2390
f 2389 2390 2391
f 2391 2390 2392
f 2391 2392 2393
f 2393 2392 2394
f 2393 2394 2395
f 2395 2394 2396
f 2395 2396 2397
f 2397 2396 2398
f 2397 2398 2399
f 2399 2398 2400
f 2399 2400 2401
f 2401 2400 2402
f 2401 2402 2403
f 2403 2402 2404
f 2403 2404 2405
f 2405 2404 2406
f 2405 2406 2407
f 2407 2406 2408
f 2407 2408 2409
f 2409 2408 2410
f 2409 2410 2411
f 2411 2410 2412
f 2411 2412 2413
f 2413 2412 2414
f 2413 2414 2415
f 2416 2417 2418
f 2418 2417 2419
f 2418 2419 2420
f 2420 2419 2421
f 2420 2421 2422
f 2422 2421 2423
f 2422 2423 2424
f 2424 2423 2425
f 2424 2425 2426
f 2426 2425 2427
f 2426 2427 2428
f 2428 2427 2429
f 2428 2429 2430
f 2430 2429 2431
f 2430 2431 2432
f 2432 2431 2433
f 2432 2433 2434
f 2434 2433 2435
f 2434 2435 2436
f 2436 2435 2437
f 2436 2437 2438
f 2438 2437 2439
f 2438 2439 2440
f 2440 2439 2441
f 2440 2441 2442
f 2442 2441 2443
f 2442 2443 2444
f 2444 2443 2445
f 2444 2445 2446
f 2446 2445 2447
f 2446 2447 2448
f 2448 2447 2449
f 2448 2449 2450
f 2450 2449 2451
f 2450 2451 2452
f 2452 2451 2453
f 2452 2453 2454
f 2454 2453 2455
f 2454 2455 2456
f 2456 2455 2457
f 2456 2457 2458
f 2458 2457 2459
f 2458 2459 2460
f 2460 2459 2461
f 2460 2461 2462
f 2462 2461 2463
f 2462 2463 2464
f 2464 2463 2465
f 2464 2465 2466
f 2466 2465 2467
f 2466 2467 2468
f 2468 2467 2469
f 2468 2469 2470
f 2471 2472 2473
f 2473 2472 2369
f 2473 2369 2474
f 2474 2369 2329
f 2474 2329 2475
f 2475 2329 2328
f 2475 2328 2476
f 2476 2328 2381
f 70 72 2477
f 193 2471 2478
f 2478 2471 2473
f 2478 2473 2479
f 2479 2473 2474
f 2479 2474 2480
f 2480 2474 2475
f 2480 2475 2481
f 2481 2475 2476
f 2246 1802 100
f 100 1802 1801
f 100 1801 101
f 101 1801 1800
f 101 1800 2271
f 2271 1800 1799
f 2271 1799 106
f 106 1799 1757
f 106 1757 107
f 107 1757 1734
f 107 1734 2310
f 2310 1734 1732
f 2310 1732 108
f 108 1732 1731
f 108 1731 109
f 109 1731 1728
f 109 1728 110
f 110 1728 1782
f 110 1782 2330
f 2330 1782 2168
f 2330 2168 2331
f 2331 2168 2170
f 2331 2170 2333
f 2333 2170 2171
f 2333 2171 2335
f 2335 2171 2362
f 2335 2362 2337
f 2337 2362 2363
f 2337 2363 2339
f 2339 2363 2364
f 2339 2364 2341
f 2341 2364 2365
f 2341 2365 2343
f 2343 2365 2366
f 2343 2366 2345
f 2345 2366 2367
f 2345 2367 2347
f 2347 2367 2368
f 2347 2368 2348
f 2348 2368 2369
f 2348 2369 2358
f 2358 2369 2472
f 2358 2472 2359
f 2359 2472 2471
f 2359 2471 2360
f 2360 2471 193
f 2360 193 2286
f 2286 193 192
f 2286 192 2370
f 2370 192 1178
f 2370 1178 2371
f 2371 1178 1180
f 2371 1180 2372
f 2372 1180 1182
f 2372 1182 2373
f 2373 1182 1184
f 2373 1184 2374
f 2374 1184 1186
f 2374 1186 1192
f 1192 1186 1199
f 1192 1199 1193
f 1193 1199 1198
f 1193 1198 1195
f 1195 1198 394
f 1195 394 1197
f 1197 394 393
f 1197 393 2375
f 2382 2482 2384
f 2384 2482 2483
f 2384 2483 2386
f 2386 2483 2484
f 2386 2484 2388
f 2388 2484 2485
f 2388 2485 2390
f 2390 2485 2486
f 2390 2486 2392
f 2392 2486 2487
f 2392 2487 2394
f 2394 2487 2488
f 2394 2488 2396
f 2396 2488 2489
f 2396 2489 2398
f 2398 2489 2490
f 2398 2490 2400
f 2400 2490 2491
f 2400 2491 2402
f 2402 2491 2492
f 2402 2492 2404
f 2404 2492 2493
f 2404 2493 2406
f 2406 2493 2494
f 2406 2494 2408
f 2408 2494 2495
f 2408 2495 2410
f 2410 2495 2496
f 2410 2496 2412
f 2412 2496 2497
f 2412 2497 2414
f 2414 2497 60
f 2414 60 2415
f 2415 60 58
f 2498 2167 2499
f 2499 2167 2110
f 2499 2110 2500
f 2500 2110 2109
f 2500 2109 2501
f 2501 2109 2088
f 2501 2088 2140
f 2140 2088 2087
f 2140 2087 2079
f 2079 2087 2085
f 2079 2085 2077
f 2077 2085 2083
f 2077 2083 2075
f 2075 2083 2081
f 2075 2081 2073
f 2073 2081 96
f 2073 96 2071
f 2071 96 95
f 2071 95 2069
f 2069 95 2095
f 2069 2095 2067
f 2067 2095 2094
f 2067 2094 2061
f 2061 2094 2163
f 2061 2163 2062
f 83 82 2502
f 2502 82 2503
f 2502 2503 2504
f 2504 2503 2505
f 2504 2505 2506
f 2506 2505 2507
f 2506 2507 2508
f 65 64 2509
f 64 2507 2509
f 2509 2507 2505
f 2509 2505 2510
f 2510 2505 2503
f 2510 2503 2511
f 2511 2503 82
f 2511 82 2512
f 2512 82 84
f 2512 84 2513
f 2513 79 2512
f 2512 79 81
f 2512 81 2511
f 2511 81 2153
f 2511 2153 2510
f 2510 2153 2156
f 2510 2156 2509
f 2509 2156 2514
f 2509 2514 65
f 65 2514 2515
f 65 2515 66
f 72 2516 2517
f 2517 2516 2518
f 2517 2518 2519
f 2519 2518 2520
f 1592 1591 2382
f 2382 1591 2521
f 2382 2521 2482
f 2482 2521 2522
f 2482 2522 2483
f 2483 2522 2523
f 2483 2523 2484
f 2484 2523 2524
f 2484 2524 2485
f 2485 2524 2525
f 2485 2525 2486
f 2486 2525 2526
f 2486 2526 2487
f 2487 2526 2527
f 2487 2527 2488
f 2488 2527 2528
f 2488 2528 2489
f 2489 2528 2529
f 2489 2529 2490
f 2490 2529 2530
f 2490 2530 2491
f 2491 2530 2531
f 2491 2531 2492
f 2492 2531 2532
f 2492 2532 2493
f 2493 2532 2533
f 2493 2533 2494
f 2494 2533 2534
f 2494 2534 2495
f 2495 2534 2535
f 2495 2535 2496
f 2496 2535 2536
f 2496 2536 2497
f 2497 2536 2537
f 2497 2537 60
f 60 2537 2538
f 60 2538 59
f 59 2538 2539
f 59 2539 2540
f 2540 2539 2541
f 2540 2541 2542
f 2542 2541 2543
f 2542 2543 2544
f 2477 72 56
f 56 72 2517
f 56 2517 54
f 54 2517 2519
f 54 2519 185
f 185 2519 2520
f 185 2520 186
f 2545 2205 2546
f 2546 2205 2193
f 2546 2193 2547
f 2547 2193 2194
f 2547 2194 2548
f 2548 2194 2195
f 2548 2195 2549
f 2549 2195 2196
f 2549 2196 2550
f 2550 2196 2197
f 2550 2197 2551
f 2551 2197 2198
f 2551 2198 2552
f 2552 2198 2199
f 2552 2199 2553
f 2553 2199 2200
f 2553 2200 2554
f 2554 2200 2201
f 2554 2201 2555
f 2555 2201 2202
f 2555 2202 2556
f 2556 2202 2203
f 2556 2203 2557
f 2557 2203 2204
f 2557 2204 2558
f 2558 2204 68
f 2558 68 2559
f 2559 68 67
f 2559 67 2560
f 2560 67 2561
f 2560 2561 2562
f 2562 2561 2563
f 2562 2563 2564
f 2564 2563 2565
f 2564 2565 2566
f 2566 2565 2567
f 2566 2567 2568
f 2568 2567 2569
f 2568 2569 2570
f 2570 2569 2571
f 2570 2571 2572
f 2572 2571 2573
f 2572 2573 2574
f 2574 2573 2575
f 2574 2575 400
f 400 2575 2576
f 400 2576 399
f 2577 2578 2579
f 2579 2578 2580
f 2579 2580 2581
f 2581 2580 2582
f 2581 2582 2583
f 2583 2582 2584
f 2583 2584 2585
f 2585 2584 2586
f 2585 2586 2587
f 2587 2586 2588
f 2587 2588 2589
f 2589 2588 2590
f 2589 2590 2591
f 382 2592 379
f 379 2592 371
f 379 371 1575
f 1575 371 373
f 1575 373 1577
f 1577 373 1566
f 1577 1566 1579
f 1579 1566 1567
f 1579 1567 1581
f 1581 1567 1568
f 1581 1568 1583
f 1583 1568 1569
f 1583 1569 1585
f 1585 1569 1570
f 1585 1570 1587
f 1587 1570 1571
f 1587 1571 1589
f 1589 1571 1572
f 1589 1572 1591
f 1591 1572 1573
f 1591 1573 2521
f 2521 1573 2593
f 2521 2593 2522
f 2522 2593 2545
f 2522 2545 2523
f 2523 2545 2546
f 2523 2546 2524
f 2524 2546 2547
f 2524 2547 2525
f 2525 2547 2548
f 2525 2548 2526
f 2526 2548 2549
f 2526 2549 2527
f 2527 2549 2550
f 2527 2550 2528
f 2528 2550 2551
f 2528 2551 2529
f 2529 2551 2552
f 2529 2552 2530
f 2530 2552 2553
f 2530 2553 2531
f 2531 2553 2554
f 2531 2554 2532
f 2532 2554 2555
f 2532 2555 2533
f 2533 2555 2556
f 2533 2556 2534
f 2534 2556 2557
f 2534 2557 2535
f 2535 2557 2558
f 2535 2558 2536
f 2536 2558 2559
f 2536 2559 2537
f 2537 2559 2560
f 2537 2560 2538
f 2538 2560 2562
f 2538 2562 2539
f 2539 2562 2564
f 2539 2564 2541
f 2541 2564 2566
f 2541 2566 2543
f 2543 2566 2568
f 2543 2568 2544
f 2544 2568 2570
f 2544 2570 190
f 190 2570 2572
f 190 2572 188
f 188 2572 2574
f 188 2574 1148
f 1148 2574 400
f 1148 400 1149
f 1149 400 398
f 1141 184 1139
f 1139 184 181
f 1139 181 1137
f 1137 181 183
f 1137 183 1135
f 1135 183 2594
f 1135 2594 1143
f 1143 2594 2595
f 1143 2595 1142
f 1142 2595 2596
f 1142 2596 55
f 55 2596 2597
f 55 2597 56
f 56 2597 2598
f 56 2598 2477
f 2599 2600 2601
f 2601 2600 2602
f 2601 2602 2603
f 2603 2602 2604
f 2605 121 2606
f 2606 121 120
f 2606 120 2607
f 2607 120 1861
f 2607 1861 2608
f 2608 1861 2013
f 2608 2013 2609
f 2609 2013 1057
f 2609 1057 2610
f 2610 1057 1038
f 2610 1038 1037
f 1037 1038 1039
f 1037 1039 1036
f 1036 1039 1040
f 1036 1040 1035
f 1035 1040 1041
f 1035 1041 1034
f 1034 1041 1042
f 1034 1042 1033
f 1033 1042 1043
f 1033 1043 1032
f 1032 1043 1051
f 1032 1051 207
f 207 1051 1026
f 207 1026 205
f 205 1026 1028
f 205 1028 1022
f 1022 1028 1030
f 1022 1030 1016
f 1016 1030 1275
f 1016 1275 1017
f 1017 1275 1274
f 1017 1274 1210
f 1210 1274 1273
f 1210 1273 1205
f 1205 1273 1272
f 1205 1272 1200
f 1200 1272 1271
f 1200 1271 1201
f 1201 1271 1270
f 1201 1270 1203
f 1203 1270 1269
f 1203 1269 1204
f 1204 1269 1246
f 1204 1246 1208
f 1208 1246 164
f 1208 164 1215
f 1215 164 163
f 1215 163 1288
f 1288 163 1339
f 1288 1339 1300
f 1300 1339 1338
f 1300 1338 1318
f 1318 1338 157
f 1318 157 1319
f 1319 157 156
f 1319 156 1323
f 1323 156 1363
f 1323 1363 1324
f 1324 1363 1366
f 1324 1366 1337
f 1337 1366 1367
f 1337 1367 155
f 155 1367 1376
f 155 1376 1503
f 1503 1376 1369
f 1503 1369 1500
f 1500 1369 1371
f 1500 1371 1499
f 1499 1371 1373
f 1499 1373 1497
f 1497 1373 1375
f 1497 1375 1495
f 1495 1375 1491
f 1495 1491 1493
f 1493 1491 1470
f 1493 1470 1487
f 1487 1470 1490
f 1487 1490 1485
f 1485 1490 1489
f 1485 1489 1483
f 1483 1489 1488
f 1483 1488 1481
f 1481 1488 1439
f 1481 1439 1479
f 1479 1439 1440
f 1479 1440 1477
f 1477 1440 1441
f 1477 1441 1453
f 1453 1441 1442
f 1453 1442 1451
f 1451 1442 1443
f 1451 1443 1988
f 1988 1443 1444
f 1988 1444 1986
f 1986 1444 1435
f 1986 1435 1984
f 1984 1435 1429
f 1984 1429 1982
f 1982 1429 1171
f 1982 1171 1980
f 1980 1171 1169
f 1980 1169 1978
f 1978 1169 1167
f 1978 1167 1976
f 1976 1167 179
f 1976 179 1974
f 1974 179 180
f 1974 180 1972
f 1972 180 1937
f 1972 1937 1970
f 1970 1937 1935
f 1970 1935 1968
f 1968 1935 1933
f 1968 1933 1966
f 1966 1933 1931
f 1966 1931 1964
f 1964 1931 1929
f 1964 1929 1962
f 1962 1929 1927
f 1962 1927 1960
f 1960 1927 1925
f 1960 1925 1958
f 1958 1925 1923
f 1958 1923 1956
f 1956 1923 1921
f 1956 1921 1954
f 1954 1921 1919
f 1954 1919 1952
f 1952 1919 1917
f 1952 1917 1950
f 1950 1917 1915
f 1950 1915 1948
f 1948 1915 1913
f 1948 1913 1946
f 1946 1913 1911
f 1946 1911 1944
f 1944 1911 1909
f 1944 1909 1942
f 1942 1909 1907
f 1942 1907 1940
f 1940 1907 1906
f 1940 1906 1762
f 1762 1906 1939
f 1762 1939 1763
f 2611 2612 2613
f 2612 2614 2615
f 2615 2614 2616
f 2615 2616 2617
f 2617 2616 2618
f 2617 2618 2619
f 2612 2611 2614
f 2614 2611 2620
f 2614 2620 2616
f 2616 2620 52
f 2616 52 2618
f 2621 2622 2623
f 2623 2622 2145
f 2623 2145 2624
f 2624 2145 2147
f 2624 2147 2625
f 2625 2147 2162
f 2625 2162 87
f 87 2162 2161
f 87 2161 85
f 85 2161 78
f 85 78 2142
f 2142 78 77
f 2142 77 2143
f 2626 2613 2627
f 2627 2613 2612
f 2627 2612 2628
f 2628 2612 2615
f 2628 2615 2629
f 2629 2615 2617
f 2629 2617 2630
f 2630 2617 2619
f 2630 2619 2631
f 2632 49 2633
f 2633 49 51
f 2633 51 2634
f 2634 51 2635
f 2634 2635 2636
f 2636 2635 53
f 2636 53 38
f 2632 47 49
f 49 47 46
f 49 46 50
f 50 46 2637
f 38 2638 2636
f 2636 2638 2639
f 2636 2639 2634
f 2634 2639 2640
f 2634 2640 2633
f 2633 2640 2641
f 2633 2641 2632
f 2632 2641 2642
f 2632 2642 47
f 47 2642 2643
f 47 2643 48
f 48 2643 2644
f 2645 2644 2646
f 2646 2644 2643
f 2646 2643 2647
f 2647 2643 2642
f 2647 2642 2648
f 2648 2642 2641
f 2648 2641 2649
f 2649 2641 2640
f 2649 2640 2650
f 2650 2640 2639
f 2650 2639 2651
f 2651 2639 2638
f 2652 2653 2654
f 2654 2653 2655
f 2656 2657 2658
f 2658 2657 2659
f 2660 2661 2662
f 2663 2664 2665
f 2665 2664 2666
f 2665 2666 2667
f 2667 2666 2668
f 2668 2666 2669
f 2668 2669 2670
f 2604 2670 2603
f 2603 2670 2669
f 2603 2669 2601
f 2601 2669 2671
f 2601 2671 2599
f 2668 2655 2667
f 2667 2655 2653
f 2667 2653 2665
f 2665 2653 2652
f 2665 2652 2663
f 2663 2652 2672
f 2663 2672 2673
f 2673 2672 2674
f 2673 2674 2675
f 30 2676 2677
f 2677 2676 2678
f 2678 2676 2679
f 2678 2679 2680
f 2680 2679 2681
f 2680 2681 2682
f 38 2683 2638
f 2638 2683 2684
f 2638 2684 2651
f 2651 2684 2685
f 2651 2685 2650
f 2650 2685 2686
f 2650 2686 2649
f 2649 2686 2687
f 2649 2687 2648
f 2648 2687 2688
f 2648 2688 2647
f 2647 2688 2689
f 2647 2689 2646
f 2646 2689 2690
f 2646 2690 2645
f 2645 2690 2691
f 2692 2626 2693
f 2693 2626 2627
f 2693 2627 2694
f 2694 2627 2628
f 2694 2628 2695
f 2695 2628 2629
f 2695 2629 2696
f 2696 2629 2630
f 2696 2630 2697
f 2697 2630 2631
f 2697 2631 2698
f 2698 2631 2699
f 2698 2699 2700
f 2700 2699 2701
f 2700 2701 2702
f 2702 2701 2703
f 2702 2703 2704
f 2704 2703 2705
f 2704 2705 2706
f 2706 2705 2707
f 2706 2707 2708
f 2708 2707 2709
f 41 40 2710
f 2710 40 2711
f 2710 2711 2712
f 2712 2711 2713
f 2712 2713 2714
f 2714 2713 2715
f 2714 2715 2716
f 2716 2715 2717
f 2716 2717 2718
f 2719 2720 2721
f 2721 2720 2691
f 2721 2691 2722
f 2722 2691 2690
f 2722 2690 2723
f 2723 2690 2689
f 2723 2689 2724
f 2724 2689 2688
f 2724 2688 2725
f 2725 2688 2687
f 2725 2687 2726
f 2726 2687 2686
f 2726 2686 2727
f 2727 2686 2685
f 2727 2685 2728
f 2728 2685 2684
f 2728 2684 2729
f 2729 2684 2683
f 2730 2731 2732
f 2732 2731 322
f 2732 322 36
f 36 322 324
f 36 324 34
f 34 324 326
f 34 326 318
f 318 326 2733
f 318 2733 319
f 2734 35 2735
f 2735 35 34
f 2735 34 2736
f 2736 34 318
f 2736 318 2737
f 2737 318 320
f 2737 320 298
f 298 320 321
f 298 321 296
f 297 317 298
f 298 317 301
f 298 301 2737
f 2737 301 2738
f 2737 2738 2736
f 2736 2738 2739
f 2736 2739 2735
f 2735 2739 2740
f 2735 2740 2734
f 2734 2740 2741
f 2742 2741 2743
f 2743 2741 2740
f 2743 2740 2744
f 2744 2740 2739
f 2744 2739 2745
f 2745 2739 2738
f 2745 2738 2746
f 2746 2738 301
f 2746 301 2747
f 2747 301 300
f 2747 300 2748
f 2748 300 2749
f 2748 2749 2750
f 38 2751 2683
f 2683 2751 2752
f 2683 2752 2729
f 2729 2752 2753
f 2729 2753 2728
f 2728 2753 2754
f 2728 2754 2727
f 2727 2754 2755
f 2727 2755 2726
f 2726 2755 2756
f 2726 2756 2725
f 2725 2756 2757
f 2725 2757 2724
f 2724 2757 2758
f 2724 2758 2723
f 2723 2758 2759
f 2723 2759 2722
f 2722 2759 2760
f 2722 2760 2721
f 2721 2760 2761
f 2721 2761 2719
f 2719 2761 2762
f 2719 2762 2763
f 2763 2762 2764
f 2765 2764 2766
f 2766 2764 2762
f 2766 2762 2767
f 2767 2762 2761
f 2768 2765 2769
f 2769 2765 2766
f 2769 2766 2770
f 2770 2766 2767
f 2770 2767 2771
f 2771 2767 2761
f 2771 2761 2772
f 2772 2761 2760
f 2772 2760 2773
f 2773 2760 2759
f 2773 2759 2774
f 2774 2759 2758
f 2774 2758 2775
f 2775 2758 2757
f 2775 2757 2776
f 2776 2757 2756
f 2776 2756 2777
f 2777 2756 2755
f 2777 2755 2778
f 2778 2755 2754
f 2778 2754 2779
f 2779 2754 2753
f 2779 2753 2780
f 2780 2753 2752
f 2780 2752 336
f 336 2752 2751
f 336 2751 37
f 37 2751 38
f 2781 2768 2782
f 2782 2768 2769
f 2782 2769 2783
f 2783 2769 2770
f 2783 2770 2784
f 2784 2770 2771
f 2784 2771 2785
f 2785 2771 2772
f 2785 2772 2786
f 2786 2772 2773
f 2786 2773 2787
f 2787 2773 2774
f 2748 2788 2747
f 2747 2788 2789
f 2747 2789 2746
f 2746 2789 2790
f 2746 2790 2745
f 2745 2790 2791
f 2745 2791 2744
f 2744 2791 2792
f 2744 2792 2743
f 2743 2792 2793
f 2743 2793 2742
f 2742 2793 2794
f 2795 2796 2797
f 2797 2796 2798
f 2797 2798 2799
f 2799 2798 2800
f 2799 2800 2801
f 2801 2800 2802
f 2801 2802 2803
f 2803 2802 2804
f 2803 2804 2805
f 2805 2804 2806
f 2805 2806 2807
f 2807 2806 2808
f 2807 2808 2809
f 2750 2810 2748
f 2748 2810 308
f 2748 308 2788
f 2788 308 310
f 2788 310 2811
f 2811 310 315
f 2811 315 304
f 304 315 316
f 304 316 302
f 2812 2795 2813
f 2813 2795 2797
f 2813 2797 2814
f 2814 2797 2799
f 2814 2799 2815
f 2815 2799 2801
f 2815 2801 2816
f 2816 2801 2803
f 2816 2803 2817
f 2817 2803 2805
f 2817 2805 2818
f 2818 2805 2807
f 2818 2807 2819
f 2819 2807 2809
f 2819 2809 2820
f 2821 2822 2823
f 2823 2822 2824
f 2823 2824 2825
f 2825 2824 2826
f 2825 2826 2827
f 2827 2826 2828
f 2827 2828 2829
f 2829 2828 2830
f 2829 2830 2831
f 2831 2830 2832
f 2831 2832 2833
f 2833 2832 2834
f 2833 2834 2835
f 2835 2834 2836
f 2835 2836 2837
f 2837 2836 2838
f 2820 2821 2819
f 2819 2821 2823
f 2819 2823 2818
f 2818 2823 2825
f 2818 2825 2817
f 2817 2825 2827
f 2817 2827 2816
f 2816 2827 2829
f 2816 2829 2815
f 2815 2829 2831
f 2815 2831 2814
f 2814 2831 2833
f 2814 2833 2813
f 2813 2833 2835
f 2813 2835 2812
f 2812 2835 2837
f 139 2839 2840
f 2840 2839 2820
f 2840 2820 2841
f 2841 2820 2809
f 2841 2809 2842
f 2842 2809 2808
f 2843 2844 2845
f 2845 2844 2846
f 2845 2846 2847
f 2847 2846 138
f 2847 138 2416
f 2416 138 140
f 2416 140 2417
f 139 138 2839
f 2839 138 2846
f 2839 2846 2820
f 2820 2846 2844
f 2820 2844 2821
f 2821 2844 2843
f 2821 2843 2822
f 2796 2794 2798
f 2798 2794 2793
f 2798 2793 2800
f 2800 2793 2792
f 2800 2792 2802
f 2802 2792 2791
f 2802 2791 2804
f 2804 2791 2790
f 2804 2790 2806
f 2806 2790 2789
f 2806 2789 2808
f 2808 2789 2788
f 2808 2788 2842
f 2842 2788 2811
f 2842 2811 2841
f 2841 2811 304
f 2841 304 2840
f 2840 304 305
f 2840 305 139
f 139 305 385
f 139 385 140
f 140 385 1574
f 140 1574 2417
f 2417 1574 1576
f 2417 1576 2419
f 2419 1576 1578
f 2419 1578 2421
f 2421 1578 1580
f 2421 1580 2423
f 2423 1580 1582
f 2423 1582 2425
f 2425 1582 1584
f 2425 1584 2427
f 2427 1584 1586
f 2427 1586 2429
f 2429 1586 1588
f 2429 1588 2431
f 2431 1588 1590
f 2431 1590 2433
f 2433 1590 1592
f 2433 1592 2435
f 2435 1592 2383
f 2435 2383 2437
f 2437 2383 2385
f 2437 2385 2439
f 2439 2385 2387
f 2439 2387 2441
f 2441 2387 2389
f 2441 2389 2443
f 2443 2389 2391
f 2443 2391 2445
f 2445 2391 2393
f 2445 2393 2447
f 2447 2393 2395
f 2447 2395 2449
f 2449 2395 2397
f 2449 2397 2451
f 2451 2397 2399
f 2451 2399 2453
f 2453 2399 2401
f 2453 2401 2455
f 2455 2401 2403
f 2455 2403 2457
f 2457 2403 2405
f 2457 2405 2459
f 2459 2405 2407
f 2459 2407 2461
f 2461 2407 2409
f 2461 2409 2463
f 2463 2409 2411
f 2463 2411 2465
f 2465 2411 2413
f 2465 2413 2467
f 2467 2413 2415
f 2467 2415 2469
f 2469 2415 58
f 2469 58 2470
f 2470 58 57
f 2848 2849 2850
f 2850 2849 2851
f 2850 2851 2852
f 30 29 2676
f 2676 29 2853
f 2676 2853 2679
f 2679 2853 2854
f 2679 2854 2681
f 62 61 2855
f 23 25 24
f 24 25 27
f 24 27 2856
f 2856 27 2857
f 2856 2857 2858
f 2859 22 28
f 28 22 24
f 28 24 29
f 29 24 2856
f 29 2856 2853
f 2853 2856 2858
f 2853 2858 2854
f 2859 2860 22
f 22 2860 2861
f 22 2861 23
f 23 2861 2862
f 23 2862 25
f 25 2862 2863
f 25 2863 26
f 2864 2865 19
f 19 2865 20
f 20 2865 2866
f 20 2866 2867
f 2867 2866 2868
f 2867 2868 2869
f 2870 2864 2871
f 2871 2864 19
f 2871 19 2872
f 2872 19 21
f 2872 21 2873
f 2874 2875 2876
f 2876 2875 2877
f 2876 2877 2878
f 2878 2877 2879
f 2878 2879 2880
f 2880 2879 2881
f 2880 2881 2882
f 2882 2881 2883
f 2882 2883 2884
f 2884 2883 2885
f 2884 2885 2886
f 2886 2885 2887
f 2886 2887 2888
f 2888 2887 2889
f 2888 2889 2890
f 2890 2889 2891
f 2890 2891 2892
f 2893 2874 2894
f 2894 2874 2876
f 2894 2876 2895
f 2895 2876 2878
f 2895 2878 2896
f 2896 2878 2880
f 2896 2880 2897
f 2897 2880 2882
f 2897 2882 2898
f 2898 2882 2884
f 2898 2884 2899
f 2899 2884 2886
f 2899 2886 2900
f 2900 2886 2888
f 2900 2888 2901
f 2901 2888 2890
f 2901 2890 2902
f 2902 2890 2892
f 2902 2892 2903
f 2875 2904 2877
f 2877 2904 2905
f 2877 2905 2879
f 2879 2905 2906
f 2879 2906 2881
f 2881 2906 2907
f 2881 2907 2883
f 2883 2907 2908
f 2883 2908 2885
f 2885 2908 2909
f 2885 2909 2887
f 2887 2909 2910
f 2887 2910 2889
f 2889 2910 2911
f 2889 2911 2891
f 2891 2911 2675
f 2891 2675 2892
f 2892 2675 2674
f 2892 2674 2903
f 2718 2912 2913
f 2913 2912 2914
f 2913 2914 2915
f 2915 2914 2916
f 2915 2916 2917
f 2917 2916 2918
f 2917 2918 2919
f 2919 2918 2920
f 2919 2920 2921
f 2921 2920 2922
f 2921 2922 2923
f 2923 2922 2924
f 2923 2924 2925
f 2860 2873 2861
f 2861 2873 21
f 2861 21 2862
f 2862 21 20
f 2862 20 2863
f 2863 20 2867
f 2863 2867 26
f 26 2867 2869
f 26 2869 27
f 27 2869 2926
f 27 2926 2857
f 2927 2928 2929
f 2929 2928 2930
f 2929 2930 2931
f 32 31 2932
f 2932 31 2933
f 2932 2933 2934
f 2934 2933 2935
f 2934 2935 2936
f 2936 2935 2937
f 2936 2937 2938
f 2938 2937 2939
f 2938 2939 2940
f 2868 2941 2869
f 2869 2941 2939
f 2869 2939 2926
f 2926 2939 2937
f 2926 2937 2857
f 2857 2937 2935
f 2857 2935 2858
f 2858 2935 2933
f 2858 2933 2854
f 2854 2933 31
f 2854 31 2681
f 2681 31 33
f 2681 33 2682
f 2942 2943 2944
f 2944 2943 2945
f 2944 2945 2946
f 2946 2945 2947
f 2946 2947 2948
f 2948 2947 2949
f 2948 2949 2855
f 2855 2949 2950
f 2855 2950 62
f 62 2950 2951
f 62 2951 63
f 2943 2952 2945
f 2945 2952 2931
f 2945 2931 2947
f 2947 2931 2930
f 2947 2930 2949
f 2949 2930 2928
f 2949 2928 2950
f 2950 2928 2927
f 2950 2927 2951
f 61 2953 2855
f 2855 2953 2954
f 2855 2954 2948
f 2948 2954 2955
f 2948 2955 2946
f 2946 2955 2956
f 2946 2956 2944
f 2944 2956 2957
f 2944 2957 2942
f 2942 2957 2958
f 387 2577 2959
f 2959 2577 2579
f 2959 2579 2960
f 2960 2579 2581
f 2960 2581 2961
f 2961 2581 2583
f 2961 2583 2508
f 2508 2583 2585
f 2508 2585 2506
f 2506 2585 2587
f 2506 2587 2504
f 2504 2587 2589
f 2504 2589 2502
f 2502 2589 2591
f 2502 2591 83
f 2515 2953 66
f 66 2953 61
f 66 61 64
f 64 61 63
f 64 63 2507
f 2507 63 2951
f 2507 2951 2508
f 2508 2951 2927
f 2508 2927 2961
f 2961 2927 2929
f 2961 2929 2960
f 2960 2929 2931
f 2960 2931 2959
f 2959 2931 2952
f 2959 2952 387
f 387 2952 2943
f 387 2943 388
f 388 2943 2942
f 388 2942 417
f 417 2942 2958
f 417 2958 418
f 17 16 2962
f 2962 16 2963
f 2962 2963 2964
f 2965 2963 2966
f 2966 2963 16
f 2966 16 2967
f 2967 16 18
f 2967 18 2968
f 2968 18 2969
f 2968 2969 2970
f 2970 2969 2971
f 2970 2971 2972
f 2973 2974 2975
f 2975 2974 2976
f 2975 2976 2977
f 2977 2976 2978
f 2977 2978 2979
f 2979 2978 2980
f 2979 2980 2981
f 2981 2980 2982
f 2981 2982 2983
f 2983 2982 2984
f 2983 2984 2985
f 2985 2984 2986
f 2985 2986 2987
f 2987 2986 2988
f 2987 2988 2989
f 2989 2988 2990
f 2989 2990 2991
f 2992 2993 2994
f 2994 2993 2995
f 2994 2995 2996
f 2996 2995 2997
f 2996 2997 2998
f 2998 2997 2999
f 2998 2999 3000
f 3000 2999 3001
f 3000 3001 3002
f 3002 3001 3003
f 3002 3003 3004
f 3004 3003 3005
f 3004 3005 3006
f 3006 3005 3007
f 3006 3007 3008
f 3008 3007 3009
f 3010 3011 3012
f 3012 3011 3013
f 3012 3013 3014
f 3014 3013 3015
f 3014 3015 3016
f 3016 3015 3017
f 3016 3017 3018
f 3018 3017 3019
f 3018 3019 3020
f 3020 3019 3021
f 3020 3021 3022
f 3022 3021 3023
f 3022 3023 3024
f 3024 3023 3025
f 3024 3025 3026
f 3026 3025 3027
f 3026 3027 3028
f 3028 3027 3029
f 3028 3029 3030
f 3030 3029 3031
f 3032 2973 3033
f 3033 2973 2975
f 3033 2975 3034
f 3034 2975 2977
f 3034 2977 3035
f 3035 2977 2979
f 3035 2979 3036
f 3036 2979 2981
f 3036 2981 3037
f 3037 2981 2983
f 3037 2983 3038
f 3038 2983 2985
f 3038 2985 3039
f 3039 2985 2987
f 3039 2987 3040
f 3040 2987 2989
f 3040 2989 3041
f 3041 2989 2991
f 3041 2991 3042
f 3015 2992 3017
f 3017 2992 2994
f 3017 2994 3019
f 3019 2994 2996
f 3019 2996 3021
f 3021 2996 2998
f 3021 2998 3023
f 3023 2998 3000
f 3023 3000 3025
f 3025 3000 3002
f 3025 3002 3027
f 3027 3002 3004
f 3027 3004 3029
f 3029 3004 3006
f 3029 3006 3031
f 3031 3006 3008
f 3042 3010 3041
f 3041 3010 3012
f 3041 3012 3040
f 3040 3012 3014
f 3040 3014 3039
f 3039 3014 3016
f 3039 3016 3038
f 3038 3016 3018
f 3038 3018 3037
f 3037 3018 3020
f 3037 3020 3036
f 3036 3020 3022
f 3036 3022 3035
f 3035 3022 3024
f 3035 3024 3034
f 3034 3024 3026
f 3034 3026 3033
f 3033 3026 3028
f 3033 3028 3032
f 3032 3028 3030
f 3043 3044 3045
f 3045 3044 3046
f 3045 3046 3047
f 3047 3046 3048
f 3047 3048 3049
f 3049 3048 3050
f 3049 3050 3051
f 3051 3050 3052
f 3051 3052 3053
f 3053 3052 3054
f 3053 3054 3055
f 3055 3054 3056
f 3055 3056 3057
f 3057 3056 3058
f 2974 3059 2976
f 2976 3059 3060
f 2976 3060 2978
f 2978 3060 3061
f 2978 3061 2980
f 2980 3061 3062
f 2980 3062 2982
f 2982 3062 3063
f 2982 3063 2984
f 2984 3063 3064
f 2984 3064 2986
f 2986 3064 3065
f 2986 3065 2988
f 2988 3065 3066
f 2988 3066 2990
f 2990 3066 2940
f 2990 2940 2991
f 2991 2940 2939
f 2991 2939 3042
f 3042 2939 2941
f 3042 2941 3010
f 3010 2941 2868
f 3010 2868 3011
f 3011 2868 2866
f 3011 2866 3013
f 3013 2866 2865
f 3013 2865 3015
f 3015 2865 2864
f 3015 2864 2992
f 2992 2864 2870
f 2992 2870 2993
f 2972 416 2970
f 2970 416 412
f 2970 412 2968
f 2968 412 411
f 2968 411 2967
f 2967 411 409
f 2967 409 2966
f 2966 409 408
f 2966 408 2965
f 2965 408 821
f 2157 2852 2156
f 2156 2852 2851
f 2156 2851 2514
f 2514 2851 2849
f 2514 2849 2515
f 2515 2849 2848
f 2515 2848 2953
f 2953 2848 3067
f 2953 3067 2954
f 2954 3067 3068
f 2954 3068 2955
f 2955 3068 3069
f 2955 3069 2956
f 2956 3069 3070
f 2956 3070 2957
f 2957 3070 3071
f 2957 3071 2958
f 2958 3071 2964
f 2958 2964 418
f 418 2964 2963
f 418 2963 420
f 420 2963 2965
f 420 2965 422
f 422 2965 821
f 422 821 424
f 424 821 439
f 424 439 426
f 426 439 441
f 426 441 438
f 438 441 443
f 438 443 436
f 436 443 445
f 436 445 434
f 434 445 447
f 434 447 432
f 432 447 449
f 432 449 430
f 430 449 451
f 430 451 428
f 428 451 453
f 428 453 458
f 458 453 454
f 458 454 563
f 563 454 811
f 563 811 564
f 564 811 809
f 564 809 269
f 269 809 582
f 269 582 270
f 270 582 584
f 270 584 271
f 271 584 830
f 271 830 567
f 567 830 268
f 567 268 568
f 568 268 267
f 568 267 569
f 569 267 575
f 569 575 570
f 570 575 572
f 570 572 571
f 571 572 574
f 571 574 547
f 547 574 579
f 547 579 546
f 546 579 895
f 546 895 545
f 545 895 529
f 545 529 544
f 544 529 528
f 544 528 543
f 3072 2781 3073
f 3073 2781 2782
f 3073 2782 3074
f 3074 2782 2783
f 3074 2783 3075
f 3075 2783 2784
f 3075 2784 3076
f 3076 2784 2785
f 3076 2785 3077
f 3077 2785 2786
f 3077 2786 3078
f 3078 2786 2787
f 3078 2787 3079
f 3079 2787 2774
f 3079 2774 3080
f 3080 2774 2775
f 3080 2775 3081
f 3081 2775 2776
f 3081 2776 3082
f 3082 2776 2777
f 3082 2777 3083
f 3083 2777 2778
f 3083 2778 3084
f 3084 2778 2779
f 3084 2779 331
f 331 2779 2780
f 331 2780 329
f 329 2780 336
f 329 336 333
f 333 336 335
f 333 335 334
f 3085 3072 3086
f 3086 3072 3073
f 3086 3073 3087
f 3087 3073 3074
f 3087 3074 3088
f 3088 3074 3075
f 3088 3075 3089
f 3089 3075 3076
f 3089 3076 3090
f 3090 3076 3077
f 3090 3077 3091
f 3091 3077 3078
f 3091 3078 3092
f 3092 3078 3079
f 2637 46 3093
f 3093 46 48
f 3093 48 3094
f 3094 48 2644
f 3094 2644 3095
f 3095 2644 2645
f 3095 2645 3096
f 3096 2645 2691
f 3096 2691 3097
f 3097 2691 2720
f 3097 2720 3098
f 3098 2720 2719
f 3098 2719 3099
f 3099 2719 2763
f 3099 2763 3100
f 3100 2763 2764
f 3100 2764 3101
f 3101 2764 2765
f 3101 2765 3102
f 3102 2765 2768
f 3102 2768 3103
f 3103 2768 2781
f 3103 2781 3104
f 3104 2781 3072
f 3104 3072 3105
f 3105 3072 3085
f 3105 3085 3106
f 87 3107 2625
f 2625 3107 3108
f 2625 3108 2624
f 2624 3108 3109
f 2624 3109 2623
f 2623 3109 3110
f 2623 3110 2621
f 2621 3110 3111
f 2621 3111 3112
f 3112 3111 3113
f 3112 3113 3114
f 3114 3113 3115
f 3114 3115 3116
f 3116 3115 3117
f 3116 3117 3118
f 3118 3117 3119
f 3118 3119 3120
f 3120 3119 3121
f 3120 3121 3122
f 3122 3121 3123
f 3122 3123 3124
f 3124 3123 3125
f 3124 3125 3126
f 3126 3125 3127
f 3126 3127 3128
f 3128 3127 3129
f 3128 3129 3130
f 3130 3129 3131
f 3130 3131 3132
f 3132 3131 3133
f 3132 3133 3134
f 3134 3133 3135
f 3134 3135 3136
f 3136 3135 3137
f 3136 3137 3138
f 3138 3137 3139
f 2513 2144 79
f 79 2144 2143
f 79 2143 80
f 80 2143 77
f 80 77 2155
f 2155 77 76
f 2155 76 2159
f 2159 76 2151
f 2159 2151 2160
f 2160 2151 2152
f 2160 2152 44
f 44 2152 2146
f 44 2146 45
f 45 2146 2145
f 45 2145 2659
f 2659 2145 2622
f 2659 2622 2658
f 2658 2622 2621
f 2658 2621 2656
f 2656 2621 3112
f 2656 3112 3140
f 3140 3112 3114
f 3140 3114 3141
f 3141 3114 3116
f 3141 3116 3142
f 3142 3116 3118
f 3142 3118 3143
f 3143 3118 3120
f 3143 3120 3144
f 3144 3120 3122
f 3144 3122 3145
f 3145 3122 3124
f 3145 3124 3146
f 3146 3124 3126
f 3146 3126 3147
f 3147 3126 3128
f 3147 3128 3148
f 3148 3128 3130
f 3148 3130 3149
f 3149 3130 3132
f 3149 3132 3150
f 3150 3132 3134
f 3150 3134 3151
f 3151 3134 3136
f 3151 3136 3152
f 3152 3136 3138
f 3153 3154 3155
f 3155 3154 3156
f 3155 3156 3157
f 3157 3156 3158
f 3157 3158 3159
f 3159 3158 3160
f 3159 3160 3161
f 3161 3160 3162
f 3161 3162 3163
f 3163 3162 3164
f 3163 3164 3165
f 3165 3164 3166
f 3165 3166 3167
f 3167 3166 3168
f 3167 3168 3169
f 3169 3168 3170
f 3169 3170 3171
f 3171 3170 3172
f 3173 3106 3174
f 3174 3106 3085
f 3174 3085 3175
f 3175 3085 3086
f 3175 3086 3176
f 3176 3086 3087
f 3176 3087 3177
f 3177 3087 3088
f 3177 3088 2838
f 2838 3088 3089
f 2838 3089 2837
f 2837 3089 3090
f 2837 3090 2812
f 2812 3090 3091
f 2812 3091 2795
f 2795 3091 3092
f 2795 3092 2796
f 2796 3092 3079
f 2796 3079 2794
f 2794 3079 3080
f 2794 3080 2742
f 2742 3080 3081
f 2742 3081 2741
f 2741 3081 3082
f 2741 3082 2734
f 2734 3082 3083
f 2734 3083 35
f 35 3083 3084
f 35 3084 36
f 36 3084 331
f 36 331 2732
f 2732 331 330
f 2732 330 2730
f 3178 3172 3179
f 3179 3172 3170
f 3179 3170 3180
f 3180 3170 3168
f 3180 3168 3181
f 3181 3168 3166
f 3181 3166 3182
f 3182 3166 3164
f 3182 3164 3183
f 3183 3164 3162
f 3183 3162 3184
f 3184 3162 3160
f 3184 3160 3185
f 3185 3160 3158
f 3185 3158 3186
f 3186 3158 3156
f 3186 3156 3187
f 3187 3156 3154
f 3187 3154 2709
f 2709 3154 3153
f 2709 3153 2708
f 2126 2692 86
f 86 2692 2693
f 86 2693 87
f 87 2693 2694
f 87 2694 3107
f 3107 2694 2695
f 3107 2695 3108
f 3108 2695 2696
f 3108 2696 3109
f 3109 2696 2697
f 3109 2697 3110
f 3110 2697 2698
f 3110 2698 3111
f 3111 2698 2700
f 3111 2700 3113
f 3113 2700 2702
f 3113 2702 3115
f 3115 2702 2704
f 3115 2704 3117
f 3117 2704 2706
f 3117 2706 3119
f 3119 2706 2708
f 3119 2708 3121
f 3121 2708 3153
f 3121 3153 3123
f 3123 3153 3155
f 3123 3155 3125
f 3125 3155 3157
f 3125 3157 3127
f 3127 3157 3159
f 3127 3159 3129
f 3129 3159 3161
f 3129 3161 3131
f 3131 3161 3163
f 3131 3163 3133
f 3133 3163 3165
f 3133 3165 3135
f 3135 3165 3167
f 3135 3167 3137
f 3137 3167 3169
f 3137 3169 3139
f 3139 3169 3171
f 3188 3189 3190
f 3191 3192 3193
f 2718 2717 2912
f 2912 2717 3194
f 2912 3194 2914
f 2914 3194 3195
f 2914 3195 2916
f 2916 3195 3196
f 2916 3196 2918
f 2918 3196 3197
f 2918 3197 2920
f 2920 3197 3198
f 2920 3198 2922
f 2922 3198 3192
f 2922 3192 2924
f 2924 3192 3191
f 2924 3191 3199
f 3200 3201 3202
f 3202 3201 3203
f 3202 3203 3204
f 3204 3203 3205
f 3204 3205 3206
f 3207 3200 3208
f 3208 3200 3202
f 3208 3202 3209
f 3209 3202 3204
f 3209 3204 3210
f 3210 3204 3206
f 3210 3206 15
f 52 53 2618
f 2618 53 2635
f 2618 2635 2619
f 2619 2635 51
f 2619 51 2631
f 2631 51 50
f 2631 50 2699
f 2699 50 2637
f 2699 2637 2701
f 2701 2637 3093
f 2701 3093 2703
f 2703 3093 3094
f 2703 3094 2705
f 2705 3094 3095
f 2705 3095 2707
f 2707 3095 3096
f 2707 3096 2709
f 2709 3096 3097
f 2709 3097 3187
f 3187 3097 3098
f 3187 3098 3186
f 3186 3098 3099
f 3186 3099 3185
f 3185 3099 3100
f 3185 3100 3184
f 3184 3100 3101
f 3184 3101 3183
f 3183 3101 3102
f 3183 3102 3182
f 3182 3102 3103
f 3182 3103 3181
f 3181 3103 3104
f 3181 3104 3180
f 3180 3104 3105
f 3180 3105 3179
f 3179 3105 3106
f 3179 3106 3178
f 3178 3106 3173
f 3178 3173 3211
f 2620 38 52
f 2590 2498 2591
f 2591 2498 2499
f 2591 2499 83
f 83 2499 2500
f 83 2500 84
f 84 2500 2501
f 84 2501 2513
f 2513 2501 2140
f 2513 2140 2144
f 2144 2140 2141
f 2144 2141 2123
f 2123 2141 2055
f 2123 2055 2124
f 2124 2055 89
f 2124 89 2126
f 2126 89 88
f 2126 88 2692
f 2692 88 2139
f 2692 2139 2626
f 2626 2139 2138
f 2626 2138 2613
f 2613 2138 2137
f 2613 2137 2611
f 2611 2137 2131
f 2611 2131 2620
f 2620 2131 38
f 3212 3213 3214
f 3214 3213 3215
f 3214 3215 3216
f 3216 3215 3217
f 3218 3212 3219
f 3219 3212 3214
f 3219 3214 3220
f 3220 3214 3216
f 3220 3216 3221
f 3221 3216 3217
f 3221 3217 3222
f 3223 3218 3224
f 3224 3218 3219
f 3224 3219 3225
f 3225 3219 3220
f 3225 3220 3226
f 3226 3220 3221
f 3226 3221 3227
f 3227 3221 3222
f 15 14 3210
f 3210 14 3228
f 3210 3228 3209
f 3209 3228 3229
f 3209 3229 3208
f 3208 3229 3230
f 3208 3230 3207
f 3227 13 3226
f 3226 13 15
f 3226 15 3225
f 3225 15 3206
f 3225 3206 3224
f 3224 3206 3205
f 3224 3205 3223
f 3223 3205 3203
f 3223 3203 3193
f 3193 3203 3201
f 3193 3201 3191
f 3191 3201 3200
f 3191 3200 3199
f 3199 3200 3207
f 3199 3207 3231
f 3231 3207 3230
f 3231 3230 3232
f 3233 3234 3235
f 3235 3234 3236
f 3235 3236 3237
f 3237 3236 3238
f 3237 3238 3239
f 3239 3238 3240
f 3239 3240 3241
f 3241 3240 3242
f 3241 3242 3243
f 3243 3242 3244
f 3243 3244 3245
f 3245 3244 3246
f 3234 3247 3236
f 3236 3247 3248
f 3236 3248 3238
f 3238 3248 3249
f 3238 3249 3240
f 3240 3249 3250
f 3240 3250 3242
f 3242 3250 3251
f 3242 3251 3244
f 3244 3251 3252
f 3244 3252 3246
f 4 3253 3254
f 3254 3253 3255
f 3254 3255 3256
f 3256 3255 3257
f 3256 3257 3258
f 3259 5 3260
f 3260 5 4
f 3260 4 3261
f 3261 4 3254
f 3261 3254 3262
f 3262 3254 3256
f 3262 3256 3263
f 3263 3256 3258
f 3263 3258 3264
f 3264 3258 3257
f 3247 3264 3248
f 3248 3264 3257
f 3248 3257 3249
f 3249 3257 3255
f 3249 3255 3250
f 3250 3255 3253
f 3250 3253 3251
f 3251 3253 4
f 3251 4 3252
f 3252 4 6
f 3252 6 3246
f 3265 3266 3267
f 3267 3266 3268
f 3267 3268 3269
f 3269 3268 3270
f 3269 3270 3271
f 3271 3270 3272
f 3271 3272 3273
f 3273 3272 3274
f 3273 3274 3275
f 3275 3274 3276
f 3275 3276 3277
f 3277 3276 3278
f 3277 3278 3279
f 3279 3278 3280
f 3279 3280 3281
f 3281 3280 3282
f 3281 3282 3283
f 3283 3282 3284
f 3283 3284 3285
f 3285 3284 3286
f 3285 3286 3287
f 3287 3286 3288
f 3287 3288 3289
f 3289 3288 3290
f 3289 3290 3291
f 3291 3290 3292
f 3291 3292 3293
f 3293 3292 3294
f 3295 3296 3297
f 3297 3296 3298
f 3297 3298 3299
f 3299 3298 3300
f 3299 3300 3301
f 3301 3300 3302
f 3301 3302 124
f 124 3302 3303
f 124 3303 125
f 125 3303 3304
f 125 3304 1614
f 1614 3304 3305
f 1614 3305 1616
f 1616 3305 3306
f 1616 3306 1618
f 1618 3306 3307
f 1618 3307 1620
f 1620 3307 3308
f 1620 3308 1622
f 1622 3308 3309
f 1622 3309 1624
f 1624 3309 3310
f 1624 3310 1626
f 1626 3310 3311
f 1626 3311 1628
f 1628 3311 1598
f 1628 1598 1630
f 1630 1598 1600
f 1630 1600 1632
f 3296 3265 3298
f 3298 3265 3267
f 3298 3267 3300
f 3300 3267 3269
f 3300 3269 3302
f 3302 3269 3271
f 3302 3271 3303
f 3303 3271 3273
f 3303 3273 3304
f 3304 3273 3275
f 3304 3275 3305
f 3305 3275 3277
f 3305 3277 3306
f 3306 3277 3279
f 3306 3279 3307
f 3307 3279 3281
f 3307 3281 3308
f 3308 3281 3283
f 3308 3283 3309
f 3309 3283 3285
f 3309 3285 3310
f 3310 3285 3287
f 3310 3287 3311
f 3311 3287 3289
f 3311 3289 1598
f 1598 3289 3291
f 1598 3291 1599
f 1599 3291 3293
f 3312 3313 3314
f 3314 3313 3315
f 3314 3315 3316
f 3316 3315 3317
f 3316 3317 3318
f 3318 3317 3319
f 3318 3319 3320
f 3320 3319 3321
f 3320 3321 3322
f 3322 3321 3323
f 3313 3324 3315
f 3315 3324 3325
f 3315 3325 3317
f 3317 3325 3326
f 3317 3326 3319
f 3319 3326 3327
f 3319 3327 3321
f 3321 3327 3328
f 3321 3328 3323
f 3323 3328 3329
f 3323 3329 3330
f 3330 3329 3331
f 3330 3331 3332
f 3333 3334 3332
f 3335 3336 3337
f 3337 3336 3338
f 3337 3338 3339
f 3339 3338 3340
f 3339 3340 3341
f 3341 3340 3342
f 3341 3342 3343
f 3343 3342 3344
f 3343 3344 3345
f 3345 3344 3346
f 3345 3346 3347
f 3347 3346 3348
f 3347 3348 3349
f 3349 3348 3350
f 3349 3350 3351
f 3351 3350 3352
f 3351 3352 3353
f 3353 3352 3354
f 3353 3354 3355
f 3355 3354 3356
f 3355 3356 3357
f 3357 3356 3358
f 3357 3358 3359
f 3359 3358 3360
f 3359 3360 3361
f 3361 3360 3362
f 3361 3362 3363
f 3363 3362 3364
f 3363 3364 3365
f 3365 3364 3366
f 3365 3366 3367
f 3367 3366 3368
f 3367 3368 3369
f 3369 3368 3370
f 3369 3370 3371
f 3371 3370 3372
f 3336 3373 3338
f 3338 3373 3374
f 3338 3374 3340
f 3340 3374 3375
f 3340 3375 3342
f 3342 3375 3376
f 3342 3376 3344
f 3344 3376 3377
f 3344 3377 3346
f 3346 3377 3378
f 3346 3378 3348
f 3348 3378 3379
f 3348 3379 3350
f 3350 3379 3380
f 3350 3380 3352
f 3352 3380 3381
f 3352 3381 3354
f 3354 3381 3382
f 3354 3382 3356
f 3356 3382 3383
f 3356 3383 3358
f 3358 3383 3384
f 3358 3384 3360
f 3360 3384 3385
f 3360 3385 3362
f 3362 3385 3386
f 3362 3386 3364
f 3364 3386 3387
f 3364 3387 3366
f 3366 3387 3388
f 3366 3388 3368
f 3368 3388 3389
f 3368 3389 3370
f 3370 3389 3390
f 3370 3390 3372
f 3373 3295 3374
f 3374 3295 3297
f 3374 3297 3375
f 3375 3297 3299
f 3375 3299 3376
f 3376 3299 3301
f 3376 3301 3377
f 3377 3301 124
f 3377 124 3378
f 3378 124 123
f 3378 123 3379
f 3379 123 1593
f 3379 1593 3380
f 3380 1593 1634
f 3380 1634 3381
f 3381 1634 1635
f 3381 1635 3382
f 3382 1635 1636
f 3382 1636 3383
f 3383 1636 1601
f 3383 1601 3384
f 3384 1601 1603
f 3384 1603 3385
f 3385 1603 1605
f 3385 1605 3386
f 3386 1605 1607
f 3386 1607 3387
f 3387 1607 1609
f 3387 1609 3388
f 3388 1609 1611
f 3388 1611 3389
f 3389 1611 1613
f 3389 1613 3390
f 3391 3392 3393
f 3393 3392 3394
f 3393 3394 3395
f 3395 3394 3396
f 3395 3396 10
f 3397 3398 3399
f 3399 3398 3400
f 3399 3400 3401
f 3401 3400 3402
f 3401 3402 3403
f 3403 3402 12
f 3403 12 3404
f 3404 12 11
f 3404 11 3405
f 9 8 3406
f 3406 8 3407
f 3406 3407 3408
f 3408 3407 3409
f 3408 3409 3410
f 3410 3409 3411
f 3410 3411 3412
f 3413 3397 3414
f 3414 3397 3399
f 3414 3399 3412
f 3412 3399 3401
f 3412 3401 3410
f 3410 3401 3403
f 3410 3403 3408
f 3408 3403 3404
f 3408 3404 3406
f 3406 3404 3405
f 3406 3405 9
f 2925 3415 3416
f 3416 3415 3417
f 3416 3417 3418
f 3418 3417 3419
f 3418 3419 3420
f 3420 3419 3421
f 3420 3421 3422
f 3422 3421 3423
f 3422 3423 3424
f 3424 3423 3425
f 3424 3425 3426
f 3426 3425 3427
f 3426 3427 3428
f 3411 3429 3412
f 3412 3429 3430
f 3412 3430 3414
f 3414 3430 3431
f 3414 3431 3413
f 3413 3431 3432
f 3433 3434 3435
f 3435 3434 3436
f 3435 3436 3437
f 3437 3436 3438
f 3437 3438 3439
f 3439 3438 3440
f 3439 3440 3441
f 3441 3440 3442
f 3441 3442 3443
f 3443 3442 3444
f 3443 3444 3445
f 3445 3444 3446
f 3445 3446 3447
f 3447 3446 3448
f 3447 3448 3449
f 3449 3448 3450
f 3449 3450 3451
f 3452 3453 3454
f 3454 3453 3455
f 3454 3455 3456
f 3456 3455 3457
f 3458 3457 3459
f 3459 3457 3455
f 3459 3455 3460
f 3460 3455 3453
f 3460 3453 3461
f 2 1 3462
f 3462 1 3463
f 3462 3463 3464
f 10 12 3395
f 3395 12 3402
f 3395 3402 3393
f 3393 3402 3400
f 3393 3400 3391
f 3391 3400 3398
f 3391 3398 3465
f 3465 3398 3397
f 3465 3397 3466
f 3466 3397 3413
f 3466 3413 3467
f 3467 3413 3432
f 3467 3432 3468
f 3222 7 3227
f 3227 7 9
f 3227 9 13
f 13 9 3405
f 13 3405 14
f 14 3405 11
f 14 11 3228
f 3228 11 10
f 3228 10 3229
f 3229 10 3396
f 3229 3396 3230
f 3230 3396 3394
f 3230 3394 3232
f 3232 3394 3392
f 3232 3392 3469
f 3469 3392 3391
f 3469 3391 3470
f 3470 3391 3465
f 3470 3465 3471
f 3471 3465 3466
f 3471 3466 3472
f 3472 3466 3467
f 3472 3467 3473
f 3473 3467 3468
f 3473 3468 3474
f 3475 3476 3477
f 3477 3476 3478
f 3477 3478 3479
f 3479 3478 3480
f 3479 3480 3481
f 3481 3480 3482
f 3481 3482 3483
f 3483 3482 3484
f 3483 3484 3485
f 3485 3484 3486
f 3485 3486 3487
f 3487 3486 3488
f 3487 3488 3489
f 3489 3488 3490
f 2652 2660 2672
f 2672 2660 2662
f 2672 2662 2674
f 2674 2662 3491
f 2674 3491 2903
f 2903 3491 3492
f 2903 3492 2902
f 2902 3492 3493
f 2902 3493 2901
f 2901 3493 3494
f 2901 3494 2900
f 2900 3494 3495
f 2900 3495 2899
f 2899 3495 3496
f 2899 3496 2898
f 2898 3496 3497
f 2898 3497 2897
f 2897 3497 3498
f 2897 3498 2896
f 2896 3498 3499
f 2896 3499 2895
f 2895 3499 3500
f 2895 3500 2894
f 2894 3500 3501
f 2894 3501 2893
f 2893 3501 3502
f 2893 3502 3503
f 3503 3502 3504
f 3503 3504 3505
f 3505 3504 3506
f 3505 3506 3507
f 3507 3506 3508
f 3507 3508 3509
f 3509 3508 3510
f 3509 3510 3511
f 3511 3510 3512
f 3511 3512 3513
f 3513 3512 3514
f 3513 3514 3515
f 3515 3514 3516
f 3515 3516 3517
f 3517 3516 3518
f 3044 3475 3046
f 3046 3475 3477
f 3046 3477 3048
f 3048 3477 3479
f 3048 3479 3050
f 3050 3479 3481
f 3050 3481 3052
f 3052 3481 3483
f 3052 3483 3054
f 3054 3483 3485
f 3054 3485 3056
f 3056 3485 3487
f 3056 3487 3058
f 3058 3487 3489
f 2662 3519 3491
f 3491 3519 3520
f 3491 3520 3492
f 3492 3520 3521
f 3492 3521 3493
f 3493 3521 3522
f 3493 3522 3494
f 3494 3522 3523
f 3494 3523 3495
f 3495 3523 3524
f 3495 3524 3496
f 3496 3524 3525
f 3496 3525 3497
f 3497 3525 3526
f 3497 3526 3498
f 3498 3526 3527
f 3498 3527 3499
f 3499 3527 3528
f 3499 3528 3500
f 3500 3528 3529
f 3500 3529 3501
f 3501 3529 3530
f 3501 3530 3502
f 3502 3530 3531
f 3502 3531 3504
f 3504 3531 3532
f 3504 3532 3506
f 3506 3532 3533
f 3506 3533 3508
f 3508 3533 3534
f 3508 3534 3510
f 3510 3534 3535
f 3510 3535 3512
f 3512 3535 3536
f 3512 3536 3514
f 3514 3536 3537
f 3514 3537 3516
f 3516 3537 3538
f 3516 3538 3518
f 3518 3538 3539
f 3517 3490 3515
f 3515 3490 3488
f 3515 3488 3513
f 3513 3488 3486
f 3513 3486 3511
f 3511 3486 3484
f 3511 3484 3509
f 3509 3484 3482
f 3509 3482 3507
f 3507 3482 3480
f 3507 3480 3505
f 3505 3480 3478
f 3505 3478 3503
f 3503 3478 3476
f 3503 3476 2893
f 2893 3476 3475
f 2893 3475 2874
f 2874 3475 3044
f 2874 3044 2875
f 2875 3044 3043
f 2875 3043 2904
f 3540 3541 3542
f 3542 3541 3543
f 3542 3543 3544
f 3544 3543 3545
f 3544 3545 3546
f 3546 3545 3547
f 3546 3547 3548
f 3548 3547 3549
f 3548 3549 3550
f 3550 3549 3551
f 3550 3551 3552
f 3552 3551 3553
f 3552 3553 3554
f 3554 3553 3555
f 3554 3555 3556
f 3556 3555 3557
f 3556 3557 3558
f 3558 3557 3559
f 3558 3559 3560
f 2925 2924 3415
f 3415 2924 3199
f 3415 3199 3417
f 3417 3199 3231
f 3417 3231 3419
f 3419 3231 3232
f 3419 3232 3421
f 3421 3232 3469
f 3421 3469 3423
f 3423 3469 3470
f 3423 3470 3425
f 3425 3470 3471
f 3425 3471 3427
f 3427 3471 3472
f 3427 3472 3428
f 3428 3472 3473
f 3428 3473 3561
f 3561 3473 3474
f 3561 3474 3562
f 3563 3562 3564
f 3564 3562 3474
f 3564 3474 3565
f 3565 3474 3468
f 3565 3468 3566
f 3566 3468 3432
f 3566 3432 3567
f 3567 3432 3431
f 3567 3431 3433
f 3433 3431 3430
f 3433 3430 3434
f 3434 3430 3429
f 3434 3429 3436
f 3436 3429 3411
f 3436 3411 3438
f 3438 3411 3409
f 3438 3409 3440
f 3440 3409 3407
f 3440 3407 3442
f 3442 3407 8
f 3442 8 3444
f 3444 8 7
f 3444 7 3446
f 3446 7 3222
f 3446 3222 3448
f 3448 3222 3217
f 3448 3217 3450
f 3450 3217 3215
f 3450 3215 3451
f 3451 3215 3213
f 3563 3540 3562
f 3562 3540 3542
f 3562 3542 3561
f 3561 3542 3544
f 3561 3544 3428
f 3428 3544 3546
f 3428 3546 3426
f 3426 3546 3548
f 3426 3548 3424
f 3424 3548 3550
f 3424 3550 3422
f 3422 3550 3552
f 3422 3552 3420
f 3420 3552 3554
f 3420 3554 3418
f 3418 3554 3556
f 3418 3556 3416
f 3416 3556 3558
f 3416 3558 2925
f 2925 3558 3560
f 2925 3560 2923
f 2923 3560 3568
f 2923 3568 2921
f 2921 3568 3569
f 2921 3569 2919
f 2919 3569 3570
f 2919 3570 2917
f 2917 3570 3571
f 2917 3571 2915
f 2915 3571 3572
f 2915 3572 2913
f 2913 3572 3573
f 2913 3573 2718
f 2718 3573 3574
f 2718 3574 2716
f 2716 3574 3575
f 2716 3575 2714
f 2714 3575 3576
f 2714 3576 2712
f 2712 3576 3577
f 2712 3577 2710
f 2710 3577 3578
f 2710 3578 41
f 3541 3539 3543
f 3543 3539 3538
f 3543 3538 3545
f 3545 3538 3537
f 3545 3537 3547
f 3547 3537 3536
f 3547 3536 3549
f 3549 3536 3535
f 3549 3535 3551
f 3551 3535 3534
f 3551 3534 3553
f 3553 3534 3533
f 3553 3533 3555
f 3555 3533 3532
f 3555 3532 3557
f 3557 3532 3531
f 3557 3531 3559
f 3559 3531 3530
f 3559 3530 3560
f 3560 3530 3529
f 3560 3529 3568
f 3568 3529 3528
f 3568 3528 3569
f 3569 3528 3527
f 3569 3527 3570
f 3570 3527 3526
f 3570 3526 3571
f 3571 3526 3525
f 3571 3525 3572
f 3572 3525 3524
f 3572 3524 3573
f 3573 3524 3523
f 3573 3523 3574
f 3574 3523 3522
f 3574 3522 3575
f 3575 3522 3521
f 3575 3521 3576
f 3576 3521 3520
f 3576 3520 3577
f 3577 3520 3519
f 3577 3519 3578
f 3578 3519 2662
f 3578 2662 41
f 41 2662 2661
f 41 2661 42
f 3579 3580 3581
f 3581 3580 3582
f 3581 3582 3583
f 3583 3582 3584
f 3583 3584 3585
f 3585 3584 3586
f 3585 3586 3587
f 3587 3586 3588
f 3587 3588 3589
f 3589 3588 3590
f 3589 3590 3591
f 3591 3590 3592
f 3591 3592 3593
f 3593 3592 3594
f 3593 3594 3595
f 3595 3594 3596
f 3595 3596 3597
f 3597 3596 3598
f 3597 3598 3599
f 3599 3598 3600
f 3599 3600 3601
f 3601 3600 3602
f 3601 3602 3603
f 3603 3602 3604
f 3603 3604 3605
f 3605 3604 3606
f 3605 3606 3607
f 3607 3606 3608
f 3607 3608 3609
f 3609 3608 3610
f 3609 3610 3611
f 3611 3610 3612
f 3611 3612 3613
f 3613 3612 3614
f 3613 3614 3615
f 3615 3614 3616
f 3615 3616 3617
f 3617 3616 3618
f 3617 3618 3619
f 3619 3618 3620
f 3619 3620 3621
f 3621 3620 3622
f 3621 3622 3623
f 3623 3622 3624
f 3623 3624 3625
f 3625 3624 3626
f 3625 3626 3627
f 3627 3626 3628
f 3627 3628 3629
f 3629 3628 3630
f 3629 3630 3458
f 3458 3630 3631
f 3458 3631 3457
f 3463 3632 3464
f 3464 3632 3633
f 3464 3633 3634
f 3634 3633 3635
f 3634 3635 3636
f 3636 3635 3637
f 3636 3637 3638
f 3638 3637 3639
f 3638 3639 3640
f 3640 3639 3641
f 3640 3641 3642
f 3642 3641 3643
f 3642 3643 3644
f 3644 3643 643
f 3644 643 3645
f 3645 643 639
f 3645 639 3646
f 3646 639 257
f 3646 257 3647
f 3647 257 256
f 3647 256 3648
f 3648 256 690
f 3648 690 3649
f 3649 690 620
f 3649 620 3650
f 3650 620 619
f 3650 619 3651
f 3651 619 626
f 3651 626 3652
f 3652 626 625
f 3652 625 3653
f 3653 625 689
f 3653 689 3654
f 3654 689 645
f 3654 645 3655
f 3655 645 644
f 3655 644 3656
f 3656 644 658
f 3656 658 3657
f 3657 658 758
f 3657 758 3658
f 3658 758 759
f 3658 759 3659
f 3659 759 721
f 3659 721 3660
f 3660 721 710
f 3660 710 3661
f 3661 710 666
f 3661 666 3662
f 3662 666 665
f 3662 665 3663
f 3663 665 700
f 3663 700 3664
f 3665 3579 3664
f 3664 3579 3581
f 3664 3581 3663
f 3663 3581 3583
f 3663 3583 3662
f 3662 3583 3585
f 3662 3585 3661
f 3661 3585 3587
f 3661 3587 3660
f 3660 3587 3589
f 3660 3589 3659
f 3659 3589 3591
f 3659 3591 3658
f 3658 3591 3593
f 3658 3593 3657
f 3657 3593 3595
f 3657 3595 3656
f 3656 3595 3597
f 3656 3597 3655
f 3655 3597 3599
f 3655 3599 3654
f 3654 3599 3601
f 3654 3601 3653
f 3653 3601 3603
f 3653 3603 3652
f 3652 3603 3605
f 3652 3605 3651
f 3651 3605 3607
f 3651 3607 3650
f 3650 3607 3609
f 3650 3609 3649
f 3649 3609 3611
f 3649 3611 3648
f 3648 3611 3613
f 3648 3613 3647
f 3647 3613 3615
f 3647 3615 3646
f 3646 3615 3617
f 3646 3617 3645
f 3645 3617 3619
f 3645 3619 3644
f 3644 3619 3621
f 3644 3621 3642
f 3642 3621 3623
f 3642 3623 3640
f 3640 3623 3625
f 3640 3625 3638
f 3638 3625 3627
f 3638 3627 3636
f 3636 3627 3629
f 3636 3629 3634
f 3634 3629 3458
f 3634 3458 3464
f 3464 3458 3459
f 3464 3459 3462
f 3462 3459 3460
f 3462 3460 2
f 2 3460 3461
f 2 3461 3
f 3189 3188 3666
f 3666 3188 3667
f 3666 3667 3668
f 3668 3667 3669
f 3668 3669 3670
f 3670 3669 3671
f 3670 3671 3672
f 3672 3671 3673
f 3672 3673 3674
f 3674 3673 3675
f 3674 3675 3676
f 3676 3675 3677
f 3676 3677 3678
f 3678 3677 3679
f 3678 3679 3680
f 3680 3679 3681
f 3680 3681 3682
f 3682 3681 3683
f 3682 3683 3684
f 3684 3683 3685
f 3684 3685 3686
f 3334 3333 3687
f 3687 3333 3688
f 3687 3688 3689
f 3689 3688 3690
f 3689 3690 3691
f 3691 3690 3692
f 3691 3692 2605
f 2605 3692 3693
f 2605 3693 121
f 121 3693 3694
f 121 3694 122
f 122 3694 3695
f 122 3695 1596
f 1596 3695 3696
f 1596 3696 1809
f 1809 3696 3697
f 1809 3697 1810
f 1810 3697 3698
f 1810 3698 1812
f 1812 3698 1787
f 1812 1787 1814
f 1814 1787 1788
f 1814 1788 1816
f 1816 1788 1789
f 1816 1789 1818
f 1818 1789 1790
f 1818 1790 1820
f 1820 1790 1791
f 1820 1791 1803
f 1803 1791 1792
f 1803 1792 103
f 103 1792 1795
f 103 1795 104
f 104 1795 1691
f 104 1691 1939
f 1939 1691 1692
f 1939 1692 1763
f 3332 3331 3333
f 3333 3331 3699
f 3333 3699 3688
f 3688 3699 3700
f 3688 3700 3690
f 3690 3700 3701
f 3690 3701 3692
f 3233 3190 3234
f 3234 3190 3189
f 3234 3189 3247
f 3247 3189 3666
f 3247 3666 3264
f 3264 3666 3668
f 3264 3668 3263
f 3263 3668 3670
f 3263 3670 3262
f 3262 3670 3672
f 3262 3672 3261
f 3261 3672 3674
f 3261 3674 3260
f 3260 3674 3676
f 3260 3676 3259
f 3259 3676 3678
f 3259 3678 3702
f 3702 3678 3680
f 3702 3680 3703
f 3703 3680 3682
f 3703 3682 3704
f 3704 3682 3684
f 3704 3684 3705
f 3705 3684 3686
f 3686 3706 3705
f 3705 3706 3707
f 3705 3707 3704
f 3704 3707 3708
f 3704 3708 3703
f 3703 3708 3709
f 3703 3709 3702
f 3702 3709 3710
f 3702 3710 3259
f 3259 3710 3711
f 3259 3711 5
f 5 3711 3712
f 5 3712 6
f 6 3712 3713
f 6 3713 3246
f 3246 3713 3714
f 3246 3714 3245
f 3715 3716 3717
f 3717 3716 3718
f 3717 3718 3719
f 3719 3718 3720
f 3719 3720 3721
f 3721 3720 3722
f 3721 3722 3723
f 3723 3722 3724
f 3723 3724 3725
f 3725 3724 3726
f 3725 3726 3727
f 3727 3726 3728
f 3727 3728 3729
f 3729 3728 3730
f 3729 3730 3731
f 3731 3730 3732
f 3731 3732 3733
f 3733 3732 3734
f 3733 3734 3735
f 3735 3734 762
f 3735 762 3736
f 3736 762 764
f 3736 764 3737
f 3737 764 766
f 3737 766 3738
f 3738 766 775
f 3738 775 3739
f 3739 775 773
f 3739 773 3740
f 3740 773 774
f 3740 774 3741
f 3741 774 867
f 3741 867 3742
f 3742 867 868
f 3742 868 3743
f 3716 3744 3718
f 3718 3744 3745
f 3718 3745 3720
f 3720 3745 3746
f 3720 3746 3722
f 3722 3746 3747
f 3722 3747 3724
f 3724 3747 244
f 3724 244 3726
f 3726 244 246
f 3726 246 3728
f 3728 246 780
f 3728 780 3730
f 3730 780 782
f 3730 782 3732
f 3732 782 784
f 3732 784 3734
f 3734 784 787
f 3734 787 762
f 762 787 789
f 762 789 763
f 763 789 791
f 763 791 778
f 778 791 793
f 778 793 779
f 779 793 911
f 779 911 869
f 869 911 910
f 869 910 870
f 928 3748 3749
f 3749 3748 3750
f 3749 3750 3751
f 3751 3750 3752
f 3751 3752 3753
f 3753 3752 3754
f 3753 3754 3755
f 3755 3754 3756
f 3755 3756 3757
f 3757 3756 3758
f 3757 3758 3759
f 3759 3758 3760
f 3759 3760 3761
f 3761 3760 3762
f 3761 3762 3763
f 3763 3762 3764
f 3763 3764 3765
f 3765 3764 3706
f 3765 3706 3766
f 3766 3706 3686
f 3766 3686 3767
f 3767 3686 3685
f 3767 3685 3768
f 3768 3685 3683
f 3768 3683 3769
f 3769 3683 3681
f 3769 3681 3770
f 3770 3681 3679
f 3770 3679 3771
f 3771 3679 3677
f 3771 3677 3772
f 3772 3677 3675
f 3772 3675 3322
f 3322 3675 3673
f 3322 3673 3320
f 3320 3673 3671
f 3320 3671 3318
f 3318 3671 3669
f 3318 3669 3316
f 3316 3669 3667
f 3316 3667 3314
f 3314 3667 3188
f 3314 3188 3312
f 3312 3188 3190
f 928 796 3748
f 3748 796 797
f 3748 797 3750
f 3750 797 785
f 3750 785 3752
f 3752 785 783
f 3752 783 3754
f 3754 783 781
f 3754 781 3756
f 3756 781 245
f 3756 245 3758
f 3758 245 244
f 3758 244 3760
f 3760 244 3747
f 3760 3747 3762
f 3762 3747 3746
f 3762 3746 3764
f 3764 3746 3745
f 3764 3745 3706
f 3706 3745 3744
f 3706 3744 3707
f 3707 3744 3716
f 3707 3716 3708
f 3708 3716 3715
f 3708 3715 3709
f 3665 3664 3773
f 3773 3664 700
f 3773 700 3774
f 3774 700 701
f 3774 701 3775
f 3775 701 702
f 3775 702 3776
f 3776 702 703
f 3776 703 3777
f 3777 703 704
f 3777 704 3778
f 3778 704 705
f 3778 705 3779
f 3779 705 706
f 3779 706 3780
f 3780 706 707
f 3780 707 3781
f 3781 707 708
f 3781 708 3782
f 3782 708 709
f 3782 709 3783
f 3783 709 735
f 3783 735 3784
f 3784 735 734
f 3784 734 3743
f 3743 734 733
f 3743 733 3742
f 3742 733 247
f 3742 247 3741
f 3741 247 249
f 3741 249 3740
f 3740 249 737
f 3740 737 3739
f 3739 737 736
f 3739 736 3738
f 3738 736 761
f 3738 761 3737
f 3737 761 760
f 3737 760 3736
f 3736 760 640
f 3736 640 3735
f 3735 640 641
f 3735 641 3733
f 3733 641 642
f 3733 642 3731
f 3731 642 643
f 3731 643 3729
f 3729 643 3643
f 3729 3643 3727
f 3727 3643 3641
f 3727 3641 3725
f 3725 3641 3639
f 3725 3639 3723
f 3723 3639 3637
f 3723 3637 3721
f 3721 3637 3635
f 3721 3635 3719
f 3719 3635 3633
f 3719 3633 3717
f 3717 3633 3632
f 3717 3632 3715
f 3715 3632 3463
f 3715 3463 3709
f 3709 3463 1
f 3709 1 3710
f 3710 1 3
f 3710 3 3711
f 3711 3 3461
f 3711 3461 3712
f 3712 3461 3453
f 3712 3453 3713
f 3713 3453 3452
f 3713 3452 3714
f 3324 3335 3325
f 3325 3335 3337
f 3325 3337 3326
f 3326 3337 3339
f 3326 3339 3327
f 3327 3339 3341
f 3327 3341 3328
f 3328 3341 3343
f 3328 3343 3329
f 3329 3343 3345
f 3329 3345 3331
f 3331 3345 3347
f 3331 3347 3699
f 3699 3347 3349
f 3699 3349 3700
f 3700 3349 3351
f 3700 3351 3701
f 3701 3351 3353
f 3701 3353 3692
f 3692 3353 3355
f 3692 3355 3693
f 3693 3355 3357
f 3693 3357 3694
f 3694 3357 3359
f 3694 3359 3695
f 3695 3359 3361
f 3695 3361 3696
f 3696 3361 3363
f 3696 3363 3697
f 3697 3363 3365
f 3697 3365 3698
f 3698 3365 3367
f 3698 3367 1787
f 1787 3367 3369
f 1787 3369 1783
f 1783 3369 3371
f 1783 3371 1645
f 1645 3371 3372
f 1645 3372 1644
f 1644 3372 3390
f 1644 3390 1642
f 1642 3390 1613
f 1642 1613 1640
f 1640 1613 1633
f 1640 1633 118
f 118 1633 1632
f 118 1632 119
f 119 1632 1600
f 119 1600 1639
f 1639 1600 1599
f 1639 1599 1638
f 1638 1599 3293
f 1638 3293 1637
f 1637 3293 3294
f 1637 3294 1664
f 32 2671 33
f 33 2671 2669
f 33 2669 2682
f 2682 2669 2666
f 2682 2666 2680
f 2680 2666 2664
f 2680 2664 2678
f 2678 2664 2663
f 2678 2663 2677
f 2677 2663 2673
f 2677 2673 30
f 30 2673 2675
f 30 2675 28
f 28 2675 2911
f 28 2911 2859
f 2859 2911 2910
f 2859 2910 2860
f 2860 2910 2909
f 2860 2909 2873
f 2873 2909 2908
f 2873 2908 2872
f 2872 2908 2907
f 2872 2907 2871
f 2871 2907 2906
f 2871 2906 2870
f 2870 2906 2905
f 2870 2905 2993
f 2993 2905 2904
f 2993 2904 2995
f 2995 2904 3043
f 2995 3043 2997
f 2997 3043 3045
f 2997 3045 2999
f 2999 3045 3047
f 2999 3047 3001
f 3001 3047 3049
f 3001 3049 3003
f 3003 3049 3051
f 3003 3051 3005
f 3005 3051 3053
f 3005 3053 3007
f 3007 3053 3055
f 3007 3055 3009
f 3009 3055 3057
f 2481 71 2480
f 2480 71 70
f 2480 70 2479
f 2479 70 2477
f 2479 2477 2478
f 2478 2477 2598
f 2478 2598 193
f 193 2598 2597
f 193 2597 191
f 191 2597 2596
f 191 2596 1179
f 1179 2596 2595
f 1179 2595 1181
f 1181 2595 2594
f 1181 2594 1183
f 1183 2594 183
f 1183 183 1185
f 1185 183 182
f 1185 182 1191
f 1191 182 184
f 1191 184 390
f 390 184 1141
f 390 1141 391
f 391 1141 1140
f 391 1140 398
f 398 1140 1146
f 398 1146 1149
f 1149 1146 1145
f 1149 1145 1147
f 1147 1145 1144
f 1147 1144 189
f 189 1144 187
f 189 187 190
f 190 187 186
f 190 186 2544
f 2544 186 2520
f 2544 2520 2542
f 2542 2520 2518
f 2542 2518 2540
f 2540 2518 2516
f 2540 2516 59
f 59 2516 72
f 59 72 57
f 57 72 71
f 57 71 2470
f 2470 71 2481
f 2470 2481 2468
f 2468 2481 2476
f 2468 2476 2466
f 2466 2476 2381
f 2466 2381 2464
f 2464 2381 2380
f 2464 2380 2462
f 2462 2380 2379
f 2462 2379 2460
f 2460 2379 2378
f 2460 2378 2458
f 2458 2378 2377
f 2458 2377 2456
f 2456 2377 2376
f 2456 2376 2454
f 2454 2376 2169
f 2454 2169 2452
f 2452 2169 2168
f 2452 2168 2450
f 2450 2168 1782
f 2450 1782 2448
f 2448 1782 1781
f 2448 1781 2446
f 2446 1781 1780
f 2446 1780 2444
f 2444 1780 1779
f 2444 1779 2442
f 2442 1779 1778
f 2442 1778 2440
f 2440 1778 1777
f 2440 1777 2438
f 2438 1777 1776
f 2438 1776 2436
f 2436 1776 1775
f 2436 1775 2434
f 2434 1775 1774
f 2434 1774 2432
f 2432 1774 1773
f 2432 1773 2430
f 2430 1773 1772
f 2430 1772 2428
f 2428 1772 1771
f 2428 1771 2426
f 2426 1771 1770
f 2426 1770 2424
f 2424 1770 1769
f 2424 1769 2422
f 2422 1769 1768
f 2422 1768 2420
f 2420 1768 1767
f 2420 1767 2418
f 2418 1767 1766
f 2418 1766 2416
f 2416 1766 1765
f 2416 1765 2847
f 2847 1765 1706
f 2847 1706 2845
f 2845 1706 1705
f 3245 3211 3243
f 3243 3211 3173
f 3243 3173 3241
f 3241 3173 3174
f 3241 3174 3239
f 3239 3174 3175
f 3239 3175 3237
f 3237 3175 3176
f 3237 3176 3235
f 3235 3176 3177
f 3235 3177 3233
f 3233 3177 2838
f 3233 2838 3190
f 3190 2838 2836
f 3190 2836 3312
f 3312 2836 2834
f 3312 2834 3313
f 3313 2834 2832
f 3313 2832 3324
f 3324 2832 2830
f 3324 2830 3335
f 3335 2830 2828
f 3335 2828 3336
f 3336 2828 2826
f 3336 2826 3373
f 3373 2826 2824
f 3373 2824 3295
f 3295 2824 2822
f 3295 2822 3296
f 3296 2822 2843
f 3296 2843 3265
f 3265 2843 2845
f 3265 2845 3266
f 3266 2845 1705
f 3266 1705 3268
f 3268 1705 1707
f 3268 1707 3270
f 3270 1707 1709
f 3270 1709 3272
f 3272 1709 1711
f 3272 1711 3274
f 3274 1711 1713
f 3274 1713 3276
f 3276 1713 1715
f 3276 1715 3278
f 3278 1715 1717
f 3278 1717 3280
f 3280 1717 1719
f 3280 1719 3282
f 3282 1719 1721
f 3282 1721 3284
f 3284 1721 1723
f 3284 1723 3286
f 3286 1723 1725
f 3286 1725 3288
f 3288 1725 1704
f 3288 1704 3290
f 3290 1704 1687
f 3290 1687 3292
f 3292 1687 1685
f 3292 1685 3294
f 3294 1685 1683
f 3294 1683 1664
f 1664 1683 1681
f 1664 1681 1665
f 1665 1681 1679
f 1665 1679 1666
f 1666 1679 1677
f 1666 1677 1667
f 1667 1677 1675
f 1667 1675 1688
f 1688 1675 1673
f 1688 1673 1689
f 1689 1673 1671
f 1689 1671 1690
f 1690 1671 1669
f 1690 1669 1692
f 1692 1669 1668
f 1692 1668 1763
f 1763 1668 1693
f 1763 1693 1764
f 1764 1693 1741
f 1764 1741 1941
f 1941 1741 1742
f 1941 1742 1943
f 1943 1742 1754
f 1943 1754 1945
f 1945 1754 1797
f 1945 1797 1947
f 1947 1797 1796
f 1947 1796 1949
f 1949 1796 1802
f 1949 1802 1951
f 1951 1802 2246
f 1951 2246 1953
f 1953 2246 2244
f 1953 2244 1955
f 1955 2244 2242
f 1955 2242 1957
f 1957 2242 2240
f 1957 2240 1959
f 1959 2240 2238
f 1959 2238 1961
f 1961 2238 2236
f 1961 2236 1963
f 1963 2236 2234
f 1963 2234 1965
f 1965 2234 2232
f 1965 2232 1967
f 1967 2232 2230
f 1967 2230 1969
f 1969 2230 2228
f 1969 2228 1971
f 1971 2228 2226
f 1971 2226 1973
f 1973 2226 2224
f 1973 2224 1975
f 1975 2224 2222
f 1975 2222 1977
f 1977 2222 2220
f 1977 2220 1979
f 1979 2220 2219
f 1979 2219 1981
f 1981 2219 2312
f 1981 2312 1983
f 1983 2312 2314
f 1983 2314 1985
f 1985 2314 2316
f 1985 2316 1987
f 1987 2316 2318
f 1987 2318 1989
f 1989 2318 1445
f 1989 1445 1455
f 1455 1445 1447
f 1455 1447 1456
f 1456 1447 1449
f 1456 1449 1458
f 1458 1449 1450
f 1458 1450 1460
f 1460 1450 2320
f 1460 2320 1990
f 342 137 3785
f 3785 137 132
f 3785 132 345
f 345 132 133
f 345 133 346
f 346 133 1545
f 346 1545 1559
f 1559 1545 1547
f 1559 1547 1558
f 1558 1547 2015
f 1558 2015 1557
f 1557 2015 2014
f 1557 2014 1556
f 1556 2014 2026
f 1556 2026 1555
f 1555 2026 2048
f 1555 2048 1565
f 1565 2048 130
f 1565 130 1573
f 1573 130 129
f 1573 129 2593
f 2593 129 2064
f 2593 2064 2545
f 2545 2064 2062
f 2545 2062 2205
f 2205 2062 2163
f 2205 2163 2206
f 2206 2163 2164
f 2206 2164 2207
f 2207 2164 2165
f 2207 2165 2208
f 2208 2165 2166
f 2208 2166 2209
f 2209 2166 2111
f 2209 2111 2210
f 2210 2111 2112
f 2210 2112 2211
f 2211 2112 2113
f 2211 2113 2212
f 2212 2113 2114
f 2212 2114 2213
f 2213 2114 2115
f 2213 2115 2214
f 2214 2115 2116
f 2214 2116 2215
f 2215 2116 2167
f 2215 2167 69
f 69 2167 2498
f 69 2498 67
f 67 2498 2590
f 67 2590 2561
f 2561 2590 2588
f 2561 2588 2563
f 2563 2588 2586
f 2563 2586 2565
f 2565 2586 2584
f 2565 2584 2567
f 2567 2584 2582
f 2567 2582 2569
f 2569 2582 2580
f 2569 2580 2571
f 2571 2580 2578
f 2571 2578 2573
f 2573 2578 2577
f 2573 2577 2575
f 2575 2577 387
f 2575 387 2576
f 2576 387 389
f 2576 389 399
f 399 389 562
f 399 562 397
f 397 562 542
f 397 542 396
f 396 542 407
f 396 407 395
f 395 407 282
f 395 282 393
f 393 282 281
f 393 281 2375
f 2375 281 401
f 2375 401 2319
f 2319 401 479
f 2319 479 2320
f 2320 479 490
f 2320 490 1990
f 1990 490 489
f 1990 489 503
f 503 489 543
f 503 543 504
f 504 543 528
f 504 528 521
f 521 528 530
f 521 530 522
f 522 530 886
f 522 886 523
f 523 886 887
f 523 887 524
f 524 887 589
f 524 589 525
f 525 589 591
f 525 591 526
f 526 591 592
f 526 592 516
f 516 592 587
f 516 587 517
f 517 587 588
f 517 588 520
f 520 588 615
f 520 615 154
f 618 154 615
f 874 873 890
f 890 873 872
f 890 872 891
f 891 872 936
f 891 936 892
f 892 936 1289
f 892 1289 893
f 893 1289 904
f 893 904 894
f 894 904 903
f 894 903 888
f 888 903 897
f 888 897 262
f 262 897 896
f 262 896 260
f 260 896 1327
f 260 1327 617
f 617 1327 259
f 617 259 618
f 618 259 154
f 3059 416 3060
f 3060 416 2972
f 3060 2972 3061
f 3061 2972 2971
f 3061 2971 3062
f 3062 2971 2969
f 3062 2969 3063
f 3063 2969 18
f 3063 18 3064
f 3064 18 17
f 3064 17 3065
f 3065 17 2962
f 3065 2962 3066
f 3066 2962 2964
f 3066 2964 2940
f 2940 2964 3071
f 2940 3071 2938
f 2938 3071 3070
f 2938 3070 2936
f 2936 3070 3069
f 2936 3069 2934
f 2934 3069 3068
f 2934 3068 2932
f 2932 3068 3067
f 2932 3067 32
f 32 3067 2848
f 32 2848 2671
f 2671 2848 2850
f 2671 2850 2599
f 2599 2850 2852
f 2599 2852 2600
f 2600 2852 2157
f 2600 2157 2602
f 2602 2157 2158
f 2602 2158 2604
f 2604 2158 75
f 2604 75 2670
f 2670 75 73
f 2670 73 2668
f 2668 73 43
f 2668 43 2655
f 2655 43 45
f 2655 45 2654
f 2654 45 2659
f 2654 2659 2652
f 2652 2659 2657
f 2652 2657 2660
f 2660 2657 2656
f 2660 2656 2661
f 2661 2656 3140
f 2661 3140 42
f 42 3140 3141
f 42 3141 40
f 40 3141 3142
f 40 3142 2711
f 2711 3142 3143
f 2711 3143 2713
f 2713 3143 3144
f 2713 3144 2715
f 2715 3144 3145
f 2715 3145 2717
f 2717 3145 3146
f 2717 3146 3194
f 3194 3146 3147
f 3194 3147 3195
f 3195 3147 3148
f 3195 3148 3196
f 3196 3148 3149
f 3196 3149 3197
f 3197 3149 3150
f 3197 3150 3198
f 3198 3150 3151
f 3198 3151 3192
f 3192 3151 3152
f 3192 3152 3193
f 3193 3152 3138
f 3193 3138 3223
f 3223 3138 3139
f 3223 3139 3218
f 3218 3139 3171
f 3218 3171 3212
f 3212 3171 3172
f 3212 3172 3213
f 3213 3172 3178
f 3213 3178 3451
f 3451 3178 3211
f 3451 3211 3449
f 3449 3211 3245
f 3449 3245 3447
f 3447 3245 3714
f 3447 3714 3445
f 3445 3714 3452
f 3445 3452 3443
f 3443 3452 3454
f 3443 3454 3441
f 3441 3454 3456
f 3441 3456 3439
f 3439 3456 3457
f 3439 3457 3437
f 3437 3457 3631
f 3437 3631 3435
f 3435 3631 3630
f 3435 3630 3433
f 3433 3630 3628
f 3433 3628 3567
f 3567 3628 3626
f 3567 3626 3566
f 3566 3626 3624
f 3566 3624 3565
f 3565 3624 3622
f 3565 3622 3564
f 3564 3622 3620
f 3564 3620 3563
f 3563 3620 3618
f 3563 3618 3540
f 3540 3618 3616
f 3540 3616 3541
f 3541 3616 3614
f 3541 3614 3539
f 3539 3614 3612
f 3539 3612 3518
f 3518 3612 3610
f 3518 3610 3517
f 3517 3610 3608
f 3517 3608 3490
f 3490 3608 3606
f 3490 3606 3489
f 3489 3606 3604
f 3489 3604 3058
f 3058 3604 3602
f 3058 3602 3057
f 3057 3602 3600
f 3057 3600 3009
f 3009 3600 3598
f 3009 3598 3008
f 3008 3598 3596
f 3008 3596 3031
f 3031 3596 3594
f 3031 3594 3030
f 3030 3594 3592
f 3030 3592 3032
f 3032 3592 3590
f 3032 3590 2973
f 2973 3590 3588
f 2973 3588 2974
f 2974 3588 3586
f 2974 3586 3059
f 3059 3586 3584
f 3059 3584 416
f 416 3584 3582
f 416 3582 415
f 415 3582 3580
f 415 3580 414
f 414 3580 3579
f 414 3579 413
f 413 3579 3665
f 413 3665 820
f 820 3665 3773
f 820 3773 819
f 819 3773 3774
f 819 3774 818
f 818 3774 3775
f 818 3775 817
f 817 3775 3776
f 817 3776 816
f 816 3776 3777
f 816 3777 815
f 815 3777 3778
f 815 3778 814
f 814 3778 3779
f 814 3779 813
f 813 3779 3780
f 813 3780 812
f 812 3780 3781
f 812 3781 810
f 810 3781 3782
f 810 3782 808
f 808 3782 3783
f 808 3783 806
f 806 3783 3784
f 806 3784 805
f 805 3784 3743
f 805 3743 803
f 803 3743 868
f 803 868 801
f 801 868 866
f 801 866 825
f 825 866 864
f 825 864 842
f 842 864 862
f 842 862 243
f 243 862 860
f 243 860 240
f 240 860 858
f 240 858 241
f 241 858 857
f 241 857 874
f 874 857 870
f 874 870 873
f 873 870 910
f 873 910 935
f 935 910 912
f 935 912 933
f 933 912 921
f 933 921 1285
f 1285 921 230
f 1285 230 1209
f 1209 230 232
f 1209 232 1210
f 1210 232 922
f 1210 922 1017
f 1017 922 923
f 1017 923 1015
f 1015 923 924
f 1015 924 1013
f 1013 924 925
f 1013 925 1011
f 1011 925 926
f 1011 926 1010
f 1010 926 927
f 1010 927 1008
f 1008 927 928
f 1008 928 1006
f 1006 928 3749
f 1006 3749 224
f 224 3749 3751
f 224 3751 225
f 225 3751 3753
f 225 3753 1037
f 1037 3753 3755
f 1037 3755 2610
f 2610 3755 3757
f 2610 3757 2609
f 2609 3757 3759
f 2609 3759 2608
f 2608 3759 3761
f 2608 3761 2607
f 2607 3761 3763
f 2607 3763 2606
f 2606 3763 3765
f 2606 3765 2605
f 2605 3765 3766
f 2605 3766 3691
f 3691 3766 3767
f 3691 3767 3689
f 3689 3767 3768
f 3689 3768 3687
f 3687 3768 3769
f 3687 3769 3334
f 3334 3769 3770
f 3334 3770 3332
f 3332 3770 3771
f 3332 3771 3330
f 3330 3771 3772
f 3330 3772 3323
f 3323 3772 3322
f 3786 3787 3788
f 3789 3790 3791
f 3792 3793 3794
f 3795 3796 3797
f 3798 3799 3800
f 3800 3799 3801
f 3800 3801 3802
f 3803 3804 3805
f 3805 3804 3806
f 3805 3806 3801
f 3801 3806 3807
f 3801 3807 3802
f 3808 3809 3810
f 3808 3810 3805
f 3805 3810 3811
f 3805 3811 3803
f 3809 3808 3812
f 3812 3808 3813
f 3812 3813 3814
f 3815 3816 3817
f 3817 3816 3813
f 3813 3816 3818
f 3813 3818 3814
f 3819 3820 3817
f 3817 3820 3821
f 3817 3821 3815
f 3822 3823 3824
f 3824 3823 3825
f 3824 3825 3819
f 3819 3825 3826
f 3819 3826 3820
f 3822 3824 3827
f 3827 3824 3828
f 3827 3828 3829
f 3829 3828 3830
f 3830 3828 3831
f 3830 3831 3832
f 3833 3834 3835
f 3835 3834 3836
f 3835 3836 3831
f 3831 3836 3837
f 3831 3837 3832
f 3833 3835 3838
f 3838 3835 3839
f 3838 3839 3840
f 3841 3842 3843
f 3843 3842 3844
f 3843 3844 3839
f 3839 3844 3845
f 3839 3845 3840
f 3841 3843 3846
f 3846 3843 3847
f 3846 3847 3848
f 3849 3850 3851
f 3851 3850 3852
f 3851 3852 3847
f 3847 3852 3853
f 3847 3853 3848
f 3849 3851 3854
f 3854 3851 3855
f 3854 3855 3856
f 3857 3858 3859
f 3859 3858 3860
f 3859 3860 3855
f 3855 3860 3861
f 3855 3861 3856
f 3857 3859 3862
f 3862 3859 3863
f 3862 3863 3864
f 3865 3866 3867
f 3867 3866 3868
f 3868 3869 3867
f 3867 3869 3870
f 3867 3870 3863
f 3863 3870 3871
f 3863 3871 3864
f 3865 3867 3872
f 3872 3867 3873
f 3872 3873 3874
f 3874 3873 3875
f 3875 3873 3876
f 3875 3876 3877
f 3878 3879 3880
f 3880 3879 3881
f 3880 3881 3876
f 3876 3881 3882
f 3876 3882 3877
f 3878 3880 3883
f 3883 3880 3884
f 3883 3884 3885
f 3886 3887 3888
f 3888 3887 3889
f 3888 3889 3884
f 3884 3889 3890
f 3884 3890 3885
f 3886 3888 3891
f 3891 3888 3892
f 3891 3892 3893
f 3894 3895 3892
f 3892 3895 3896
f 3892 3896 3893
f 3897 3898 3894
f 3894 3898 3899
f 3894 3899 3895
f 3900 3901 3897
f 3897 3901 3902
f 3897 3902 3898
f 3797 3796 3903
f 3796 3904 3903
f 3903 3904 3905
f 3903 3905 3897
f 3897 3905 3906
f 3897 3906 3900
f 3794 3793 3907
f 3793 3908 3907
f 3907 3908 3909
f 3907 3909 3797
f 3797 3909 3910
f 3797 3910 3795
f 3791 3790 3911
f 3790 3912 3911
f 3911 3912 3913
f 3911 3913 3794
f 3794 3913 3914
f 3794 3914 3792
f 3788 3787 3915
f 3787 3916 3915
f 3915 3916 3917
f 3915 3917 3791
f 3791 3917 3918
f 3791 3918 3789
f 3919 3920 3921
f 3921 3920 3922
f 3921 3922 3923
f 3923 3922 3924
f 3923 3924 3788
f 3788 3924 3925
f 3788 3925 3786
f 3926 3927 3921
f 3921 3927 3928
f 3921 3928 3919
f 3798 3929 3799
f 3799 3929 3930
f 3799 3930 3926
f 3926 3930 3931
f 3926 3931 3927
f 3873 3867 3932
f 3873 3932 3876
f 3888 3884 3932
f 3932 3884 3880
f 3932 3880 3876
f 3897 3894 3932
f 3932 3894 3892
f 3932 3892 3888
f 3907 3797 3932
f 3932 3797 3903
f 3932 3903 3897
f 3791 3911 3932
f 3932 3911 3794
f 3932 3794 3907
f 3923 3788 3932
f 3932 3788 3915
f 3932 3915 3791
f 3799 3926 3932
f 3932 3926 3921
f 3932 3921 3923
f 3808 3805 3932
f 3932 3805 3801
f 3932 3801 3799
f 3819 3817 3932
f 3932 3817 3813
f 3932 3813 3808
f 3831 3828 3932
f 3932 3828 3824
f 3932 3824 3819
f 3843 3839 3932
f 3932 3839 3835
f 3932 3835 3831
f 3855 3851 3932
f 3932 3851 3847
f 3932 3847 3843
f 3867 3863 3932
f 3932 3863 3859
f 3932 3859 3855
f 3933 3934 3935
f 3936 3862 3864
f 3928 3935 3937
f 3922 3920 3937
f 3937 3920 3919
f 3937 3919 3928
f 3937 3938 3922
f 3922 3938 3939
f 3922 3939 3924
f 3924 3939 3940
f 3924 3940 3925
f 3925 3940 3941
f 3942 3918 3943
f 3943 3918 3917
f 3943 3917 3944
f 3944 3917 3916
f 3944 3916 3945
f 3945 3916 3787
f 3945 3787 3941
f 3941 3787 3786
f 3941 3786 3925
f 3946 3914 3947
f 3947 3914 3913
f 3947 3913 3948
f 3948 3913 3912
f 3948 3912 3949
f 3949 3912 3790
f 3949 3790 3942
f 3942 3790 3789
f 3942 3789 3918
f 3950 3910 3951
f 3951 3910 3909
f 3951 3909 3952
f 3952 3909 3908
f 3952 3908 3953
f 3953 3908 3793
f 3953 3793 3946
f 3946 3793 3792
f 3946 3792 3914
f 3954 3796 3950
f 3950 3796 3795
f 3950 3795 3910
f 3955 3900 3956
f 3956 3900 3906
f 3956 3906 3957
f 3957 3906 3905
f 3957 3905 3954
f 3954 3905 3904
f 3954 3904 3796
f 3898 3902 3955
f 3955 3902 3901
f 3955 3901 3900
f 3955 3958 3898
f 3898 3958 3959
f 3898 3959 3899
f 3899 3959 3960
f 3899 3960 3895
f 3895 3960 3961
f 3891 3893 3961
f 3961 3893 3896
f 3961 3896 3895
f 3961 3962 3891
f 3891 3962 3963
f 3891 3963 3886
f 3886 3963 3887
f 3887 3963 3889
f 3889 3963 3964
f 3889 3964 3965
f 3879 3878 3966
f 3966 3878 3883
f 3966 3883 3967
f 3967 3883 3885
f 3967 3885 3965
f 3965 3885 3890
f 3965 3890 3889
f 3879 3966 3881
f 3881 3966 3968
f 3881 3968 3969
f 337 295 3970
f 3970 295 294
f 3970 294 3971
f 3971 294 293
f 3875 3877 3969
f 3969 3877 3882
f 3969 3882 3881
f 293 292 3971
f 3971 292 339
f 3971 339 3972
f 3972 339 290
f 3972 290 3973
f 3973 290 288
f 3973 288 289
f 3969 3974 3875
f 3875 3974 3975
f 3875 3975 3874
f 3874 3975 3976
f 289 291 3973
f 3973 291 340
f 3973 340 3977
f 3977 340 287
f 3977 287 3978
f 287 286 3978
f 3978 286 341
f 3978 341 3979
f 3871 3870 3980
f 3980 3870 3869
f 3980 3869 3981
f 3981 3869 3868
f 3981 3868 3982
f 3982 3868 3866
f 3982 3866 3983
f 3983 3866 3865
f 3983 3865 3976
f 3976 3865 3872
f 3976 3872 3874
f 3871 3980 3864
f 3864 3980 3984
f 3864 3984 3936
f 3862 3936 3857
f 3857 3936 3985
f 3857 3985 3858
f 3858 3985 3986
f 3858 3986 3860
f 3860 3986 3861
f 3861 3986 3987
f 3861 3987 3856
f 3856 3987 3988
f 3856 3988 3854
f 3854 3988 3849
f 3849 3988 3989
f 3849 3989 3850
f 3850 3989 3990
f 3850 3990 3852
f 3852 3990 3853
f 3853 3990 3991
f 3853 3991 3848
f 3848 3991 3992
f 3848 3992 3846
f 3846 3992 3841
f 3841 3992 3993
f 3841 3993 3842
f 3842 3993 3994
f 3842 3994 3844
f 3844 3994 3845
f 3845 3994 3995
f 3845 3995 3840
f 3840 3995 3996
f 3840 3996 3838
f 3838 3996 3833
f 3833 3996 3997
f 3833 3997 3834
f 3834 3997 3998
f 3834 3998 3836
f 3836 3998 3837
f 3837 3998 3999
f 3837 3999 3832
f 3832 3999 4000
f 3832 4000 3830
f 3830 4000 4001
f 3830 4001 3829
f 3829 4001 4002
f 3829 4002 3827
f 3827 4002 3822
f 3822 4002 4003
f 3822 4003 3823
f 3823 4003 4004
f 3823 4004 3825
f 3825 4004 4005
f 3825 4005 3826
f 3826 4005 4006
f 3826 4006 3820
f 3820 4006 3821
f 3821 4006 4007
f 3821 4007 3815
f 3815 4007 4008
f 3815 4008 3816
f 3816 4008 4009
f 3816 4009 3818
f 3818 4009 3814
f 3814 4009 4010
f 3814 4010 3812
f 341 343 3979
f 3979 343 342
f 3979 342 4011
f 4011 342 3785
f 4011 3785 4012
f 4012 3785 345
f 4012 345 4013
f 4013 345 344
f 4013 344 4014
f 4014 344 350
f 4014 350 4015
f 4015 350 348
f 4015 348 4016
f 4016 348 347
f 4016 347 4017
f 4017 347 284
f 4017 284 4018
f 4018 284 283
f 4018 283 4019
f 4019 283 1543
f 4019 1543 4020
f 4020 1543 356
f 4020 356 4021
f 4021 356 355
f 4021 355 4022
f 4022 355 353
f 4022 353 4023
f 4023 353 352
f 4023 352 4024
f 4024 352 1542
f 4024 1542 4025
f 4025 1542 359
f 4025 359 4026
f 4026 359 360
f 4026 360 4027
f 4027 360 364
f 4027 364 4028
f 4028 364 362
f 4028 362 4029
f 4029 362 361
f 4029 361 4030
f 4030 361 367
f 4030 367 4031
f 4031 367 368
f 4031 368 4032
f 4032 368 370
f 4032 370 4033
f 4033 370 374
f 4033 374 4034
f 4034 374 372
f 4034 372 4035
f 4035 372 371
f 4035 371 4036
f 4036 371 2592
f 4036 2592 4037
f 4037 2592 382
f 4037 382 4038
f 4038 382 381
f 4038 381 4039
f 4039 381 380
f 4039 380 4040
f 4040 380 378
f 4040 378 4041
f 4042 4043 4041
f 3812 4010 3809
f 3809 4010 4044
f 3809 4044 3810
f 3810 4044 4045
f 3810 4045 3811
f 3811 4045 4046
f 3811 4046 3803
f 4047 376 375
f 4048 4049 4042
f 4050 4051 4048
f 4052 4053 4050
f 4054 4055 4052
f 3929 3798 4056
f 4056 3798 3800
f 4056 3800 4057
f 4057 3800 3802
f 4057 3802 4058
f 4058 3802 3807
f 4058 3807 4059
f 4059 3807 3806
f 4059 3806 4046
f 4046 3806 3804
f 4046 3804 3803
f 4047 375 4060
f 4060 375 386
f 4060 386 4061
f 4061 386 384
f 4061 384 4062
f 4062 384 383
f 4062 383 4063
f 4063 383 307
f 4063 307 4064
f 4065 4066 4054
f 3935 3934 3937
f 3937 3934 4067
f 3937 4067 3938
f 3938 4067 4068
f 3938 4068 3939
f 3939 4068 4069
f 3939 4069 3940
f 3940 4069 4070
f 3940 4070 3941
f 3941 4070 4071
f 3941 4071 3945
f 3945 4071 4072
f 3945 4072 3944
f 3944 4072 4073
f 3944 4073 3943
f 3943 4073 4074
f 3943 4074 3942
f 3942 4074 4075
f 3942 4075 3949
f 3949 4075 4076
f 3949 4076 3948
f 3948 4076 4077
f 3948 4077 3947
f 3947 4077 4078
f 3947 4078 3946
f 3946 4078 4079
f 3946 4079 3953
f 3953 4079 4080
f 3953 4080 3952
f 3952 4080 4081
f 3952 4081 3951
f 3951 4081 4082
f 3951 4082 3950
f 3950 4082 4083
f 3950 4083 3954
f 3954 4083 4084
f 3954 4084 3957
f 3957 4084 4085
f 3957 4085 3956
f 3956 4085 4086
f 3956 4086 3955
f 3955 4086 4087
f 3955 4087 3958
f 3958 4087 4088
f 3958 4088 3959
f 3959 4088 4089
f 3959 4089 3960
f 3960 4089 4090
f 3960 4090 3961
f 3961 4090 4091
f 3961 4091 3962
f 3962 4091 4092
f 3962 4092 3963
f 3963 4092 4093
f 3963 4093 3964
f 3964 4093 4094
f 3964 4094 3965
f 3965 4094 4095
f 3965 4095 3967
f 3967 4095 4096
f 3967 4096 3966
f 3966 4096 4097
f 3966 4097 3968
f 3968 4097 4098
f 3968 4098 3969
f 3969 4098 4099
f 3969 4099 3974
f 3974 4099 4100
f 3974 4100 3975
f 3975 4100 4101
f 3975 4101 3976
f 3976 4101 4102
f 3976 4102 3983
f 3983 4102 4103
f 3983 4103 3982
f 3982 4103 4104
f 3982 4104 3981
f 3981 4104 4105
f 3981 4105 3980
f 3980 4105 4106
f 3980 4106 3984
f 3984 4106 4107
f 3984 4107 3936
f 3936 4107 4108
f 3936 4108 3985
f 3985 4108 4109
f 3985 4109 3986
f 3986 4109 4110
f 3986 4110 3987
f 3987 4110 4111
f 3987 4111 3988
f 3988 4111 4112
f 3988 4112 3989
f 3989 4112 4113
f 3989 4113 3990
f 3990 4113 4114
f 3990 4114 3991
f 3991 4114 4115
f 3991 4115 3992
f 3992 4115 4116
f 3992 4116 3993
f 3993 4116 4117
f 3993 4117 3994
f 3994 4117 4118
f 3994 4118 3995
f 3995 4118 4119
f 3995 4119 3996
f 3996 4119 4120
f 3996 4120 3997
f 3997 4120 4121
f 3997 4121 3998
f 3998 4121 4122
f 3998 4122 3999
f 3999 4122 4123
f 3999 4123 4000
f 4000 4123 4124
f 4000 4124 4001
f 4001 4124 4125
f 4001 4125 4002
f 4002 4125 4126
f 4002 4126 4003
f 4003 4126 4127
f 4003 4127 4004
f 4004 4127 4128
f 4004 4128 4005
f 4005 4128 4129
f 4005 4129 4006
f 4006 4129 4130
f 4006 4130 4007
f 4007 4130 4131
f 4007 4131 4008
f 4008 4131 4132
f 4008 4132 4009
f 4009 4132 4133
f 4009 4133 4010
f 4010 4133 4134
f 4010 4134 4044
f 4044 4134 4135
f 4044 4135 4045
f 4045 4135 4136
f 4045 4136 4046
f 4046 4136 4137
f 4046 4137 4059
f 4059 4137 4138
f 4059 4138 4058
f 4058 4138 4139
f 4058 4139 4057
f 4057 4139 4140
f 4057 4140 4056
f 4056 4140 4066
f 4056 4066 4141
f 4141 4066 4065
f 4141 4065 4142
f 3929 4056 3930
f 3930 4056 4141
f 3930 4141 3931
f 3931 4141 4142
f 3931 4142 3927
f 307 306 4064
f 4064 306 303
f 4064 303 4143
f 4143 303 302
f 4143 302 4144
f 4144 302 316
f 4144 316 4145
f 4145 316 314
f 4145 314 4146
f 4146 314 313
f 4146 313 4147
f 4147 313 312
f 4147 312 4148
f 4148 312 311
f 4148 311 4149
f 4149 311 309
f 4149 309 4150
f 4150 309 308
f 4150 308 4151
f 4151 308 2810
f 4151 2810 4152
f 4152 2810 2750
f 4152 2750 4153
f 4153 2750 2749
f 4153 2749 4154
f 4154 2749 300
f 4154 300 4155
f 4155 300 299
f 4155 299 4156
f 4156 299 317
f 4156 317 4157
f 4157 317 297
f 4157 297 4158
f 4158 297 296
f 4158 296 4159
f 4159 296 321
f 4159 321 4160
f 4160 321 319
f 4160 319 4161
f 4161 319 2733
f 4161 2733 4162
f 4162 2733 326
f 4162 326 4163
f 4163 326 325
f 4163 325 4164
f 4164 325 323
f 4164 323 4165
f 4165 323 322
f 4165 322 4166
f 4166 322 2731
f 4166 2731 4167
f 4167 2731 2730
f 4167 2730 4168
f 4168 2730 330
f 4168 330 4169
f 4169 330 328
f 4169 328 4170
f 4170 328 327
f 4170 327 4171
f 4171 327 332
f 4171 332 4172
f 4172 332 334
f 4172 334 4173
f 4173 334 335
f 4173 335 4174
f 4174 335 338
f 4174 338 4175
f 4175 338 337
f 4175 337 4176
f 4176 337 3970
f 4041 4043 4040
f 4040 4043 4177
f 4040 4177 4039
f 4039 4177 4178
f 4039 4178 4038
f 4038 4178 4179
f 4038 4179 4037
f 4037 4179 4180
f 4037 4180 4036
f 4036 4180 4181
f 4036 4181 4035
f 4035 4181 4182
f 4035 4182 4034
f 4034 4182 4183
f 4034 4183 4033
f 4033 4183 4184
f 4033 4184 4032
f 4032 4184 4185
f 4032 4185 4031
f 4031 4185 4186
f 4031 4186 4030
f 4030 4186 4187
f 4030 4187 4029
f 4029 4187 4188
f 4029 4188 4028
f 4028 4188 4189
f 4028 4189 4027
f 4027 4189 4190
f 4027 4190 4026
f 4026 4190 4191
f 4026 4191 4025
f 4025 4191 4192
f 4025 4192 4024
f 4024 4192 4193
f 4024 4193 4023
f 4023 4193 4194
f 4023 4194 4022
f 4022 4194 4195
f 4022 4195 4021
f 4021 4195 4196
f 4021 4196 4020
f 4020 4196 4197
f 4020 4197 4019
f 4019 4197 4198
f 4019 4198 4018
f 4018 4198 4199
f 4018 4199 4017
f 4017 4199 4200
f 4017 4200 4016
f 4016 4200 4201
f 4016 4201 4015
f 4015 4201 4202
f 4015 4202 4014
f 4014 4202 4203
f 4014 4203 4013
f 4013 4203 4204
f 4013 4204 4012
f 4012 4204 4205
f 4012 4205 4011
f 4011 4205 4206
f 4011 4206 3979
f 3979 4206 4207
f 3979 4207 3978
f 3978 4207 4208
f 3978 4208 3977
f 3977 4208 4209
f 3977 4209 3973
f 3973 4209 4210
f 3973 4210 3972
f 3972 4210 4211
f 3972 4211 3971
f 3971 4211 4212
f 3971 4212 3970
f 3970 4212 4213
f 3970 4213 4176
f 4176 4213 4214
f 4176 4214 4175
f 4175 4214 4215
f 4175 4215 4174
f 4174 4215 4216
f 4174 4216 4173
f 4173 4216 4217
f 4173 4217 4172
f 4172 4217 4218
f 4172 4218 4171
f 4171 4218 4219
f 4171 4219 4170
f 4170 4219 4220
f 4170 4220 4169
f 4169 4220 4221
f 4169 4221 4168
f 4168 4221 4222
f 4168 4222 4167
f 4167 4222 4223
f 4167 4223 4166
f 4166 4223 4224
f 4166 4224 4165
f 4165 4224 4225
f 4165 4225 4164
f 4164 4225 4226
f 4164 4226 4163
f 4163 4226 4227
f 4163 4227 4162
f 4162 4227 4228
f 4162 4228 4161
f 4161 4228 4229
f 4161 4229 4160
f 4160 4229 4230
f 4160 4230 4159
f 4159 4230 4231
f 4159 4231 4158
f 4158 4231 4232
f 4158 4232 4157
f 4157 4232 4233
f 4157 4233 4156
f 4156 4233 4234
f 4156 4234 4155
f 4155 4234 4235
f 4155 4235 4154
f 4154 4235 4236
f 4154 4236 4153
f 4153 4236 4237
f 4153 4237 4152
f 4152 4237 4238
f 4152 4238 4151
f 4151 4238 4239
f 4151 4239 4150
f 4150 4239 4240
f 4150 4240 4149
f 4149 4240 4241
f 4149 4241 4148
f 4148 4241 4242
f 4148 4242 4147
f 4147 4242 4243
f 4147 4243 4146
f 4146 4243 4244
f 4146 4244 4145
f 4145 4244 4245
f 4145 4245 4144
f 4144 4245 4246
f 4144 4246 4143
f 4143 4246 4247
f 4143 4247 4064
f 4064 4247 4248
f 4064 4248 4063
f 4063 4248 4249
f 4063 4249 4062
f 4062 4249 4250
f 4062 4250 4061
f 4061 4250 4251
f 4061 4251 4060
f 4060 4251 4252
f 4060 4252 4047
f 4042 4049 4043
f 4043 4049 4253
f 4043 4253 4177
f 4177 4253 4254
f 4177 4254 4178
f 4178 4254 4255
f 4178 4255 4179
f 4179 4255 4256
f 4179 4256 4180
f 4180 4256 4257
f 4180 4257 4181
f 4181 4257 4258
f 4181 4258 4182
f 4182 4258 4259
f 4182 4259 4183
f 4183 4259 4260
f 4183 4260 4184
f 4184 4260 4261
f 4184 4261 4185
f 4185 4261 4262
f 4185 4262 4186
f 4186 4262 4263
f 4186 4263 4187
f 4187 4263 4264
f 4187 4264 4188
f 4188 4264 4265
f 4188 4265 4189
f 4189 4265 4266
f 4189 4266 4190
f 4190 4266 4267
f 4190 4267 4191
f 4191 4267 4268
f 4191 4268 4192
f 4192 4268 4269
f 4192 4269 4193
f 4193 4269 4270
f 4193 4270 4194
f 4194 4270 4271
f 4194 4271 4195
f 4195 4271 4272
f 4195 4272 4196
f 4196 4272 4273
f 4196 4273 4197
f 4197 4273 4274
f 4197 4274 4198
f 4198 4274 4275
f 4198 4275 4199
f 4199 4275 4276
f 4199 4276 4200
f 4200 4276 4277
f 4200 4277 4201
f 4201 4277 4278
f 4201 4278 4202
f 4202 4278 4279
f 4202 4279 4203
f 4203 4279 4280
f 4203 4280 4204
f 4204 4280 4281
f 4204 4281 4205
f 4205 4281 4282
f 4205 4282 4206
f 4206 4282 4283
f 4206 4283 4207
f 4207 4283 4284
f 4207 4284 4208
f 4208 4284 4285
f 4208 4285 4209
f 4209 4285 4286
f 4209 4286 4210
f 4210 4286 4287
f 4210 4287 4211
f 4211 4287 4288
f 4211 4288 4212
f 4212 4288 4289
f 4212 4289 4213
f 4213 4289 4290
f 4213 4290 4214
f 4214 4290 4291
f 4214 4291 4215
f 4215 4291 4292
f 4215 4292 4216
f 4216 4292 4293
f 4216 4293 4217
f 4217 4293 4294
f 4217 4294 4218
f 4218 4294 4295
f 4218 4295 4219
f 4219 4295 4296
f 4219 4296 4220
f 4220 4296 4297
f 4220 4297 4221
f 4221 4297 4298
f 4221 4298 4222
f 4222 4298 4299
f 4222 4299 4223
f 4223 4299 4300
f 4223 4300 4224
f 4224 4300 4301
f 4224 4301 4225
f 4225 4301 4302
f 4225 4302 4226
f 4226 4302 4303
f 4226 4303 4227
f 4227 4303 4304
f 4227 4304 4228
f 4228 4304 4305
f 4228 4305 4229
f 4229 4305 4306
f 4229 4306 4230
f 4230 4306 4307
f 4230 4307 4231
f 4231 4307 4308
f 4231 4308 4232
f 4232 4308 4309
f 4232 4309 4233
f 4233 4309 4310
f 4233 4310 4234
f 4234 4310 4311
f 4234 4311 4235
f 4235 4311 4312
f 4235 4312 4236
f 4236 4312 4313
f 4236 4313 4237
f 4237 4313 4314
f 4237 4314 4238
f 4238 4314 4315
f 4238 4315 4239
f 4239 4315 4316
f 4239 4316 4240
f 4240 4316 4317
f 4240 4317 4241
f 4241 4317 4318
f 4241 4318 4242
f 4242 4318 4319
f 4242 4319 4243
f 4243 4319 4320
f 4243 4320 4244
f 4244 4320 4321
f 4244 4321 4245
f 4245 4321 4322
f 4245 4322 4246
f 4246 4322 4323
f 4246 4323 4247
f 4247 4323 4324
f 4247 4324 4248
f 4248 4324 4325
f 4248 4325 4249
f 4249 4325 4326
f 4249 4326 4250
f 4250 4326 4327
f 4250 4327 4251
f 4251 4327 4328
f 4251 4328 4252
f 4048 4051 4049
f 4049 4051 4329
f 4049 4329 4253
f 4253 4329 4330
f 4253 4330 4254
f 4254 4330 4331
f 4254 4331 4255
f 4255 4331 4332
f 4255 4332 4256
f 4256 4332 4333
f 4256 4333 4257
f 4257 4333 4334
f 4257 4334 4258
f 4258 4334 4335
f 4258 4335 4259
f 4259 4335 4336
f 4259 4336 4260
f 4260 4336 4337
f 4260 4337 4261
f 4261 4337 4338
f 4261 4338 4262
f 4262 4338 4339
f 4262 4339 4263
f 4263 4339 4340
f 4263 4340 4264
f 4264 4340 4341
f 4264 4341 4265
f 4265 4341 4342
f 4265 4342 4266
f 4266 4342 4343
f 4266 4343 4267
f 4267 4343 4344
f 4267 4344 4268
f 4268 4344 4345
f 4268 4345 4269
f 4269 4345 4346
f 4269 4346 4270
f 4270 4346 4347
f 4270 4347 4271
f 4271 4347 4348
f 4271 4348 4272
f 4272 4348 4349
f 4272 4349 4273
f 4273 4349 4350
f 4273 4350 4274
f 4274 4350 4351
f 4274 4351 4275
f 4275 4351 4352
f 4275 4352 4276
f 4276 4352 4353
f 4276 4353 4277
f 4277 4353 4354
f 4277 4354 4278
f 4278 4354 4355
f 4278 4355 4279
f 4279 4355 4356
f 4279 4356 4280
f 4280 4356 4357
f 4280 4357 4281
f 4281 4357 4358
f 4281 4358 4282
f 4282 4358 4359
f 4282 4359 4283
f 4283 4359 4360
f 4283 4360 4284
f 4284 4360 4361
f 4284 4361 4285
f 4285 4361 4362
f 4285 4362 4286
f 4286 4362 4363
f 4286 4363 4287
f 4287 4363 4364
f 4287 4364 4288
f 4288 4364 4365
f 4288 4365 4289
f 4289 4365 4366
f 4289 4366 4290
f 4290 4366 4367
f 4290 4367 4291
f 4291 4367 4368
f 4291 4368 4292
f 4292 4368 4369
f 4292 4369 4293
f 4293 4369 4370
f 4293 4370 4294
f 4294 4370 4371
f 4294 4371 4295
f 4295 4371 4372
f 4295 4372 4296
f 4296 4372 4373
f 4296 4373 4297
f 4297 4373 4374
f 4297 4374 4298
f 4298 4374 4375
f 4298 4375 4299
f 4299 4375 4376
f 4299 4376 4300
f 4300 4376 4377
f 4300 4377 4301
f 4301 4377 4378
f 4301 4378 4302
f 4302 4378 4379
f 4302 4379 4303
f 4303 4379 4380
f 4303 4380 4304
f 4304 4380 4381
f 4304 4381 4305
f 4305 4381 4382
f 4305 4382 4306
f 4306 4382 4383
f 4306 4383 4307
f 4307 4383 4384
f 4307 4384 4308
f 4308 4384 4385
f 4308 4385 4309
f 4309 4385 4386
f 4309 4386 4310
f 4310 4386 4387
f 4310 4387 4311
f 4311 4387 4388
f 4311 4388 4312
f 4312 4388 4389
f 4312 4389 4313
f 4313 4389 4390
f 4313 4390 4314
f 4314 4390 4391
f 4314 4391 4315
f 4315 4391 4392
f 4315 4392 4316
f 4316 4392 4393
f 4316 4393 4317
f 4317 4393 4394
f 4317 4394 4318
f 4318 4394 4395
f 4318 4395 4319
f 4319 4395 4396
f 4319 4396 4320
f 4320 4396 4397
f 4320 4397 4321
f 4321 4397 4398
f 4321 4398 4322
f 4322 4398 4399
f 4322 4399 4323
f 4323 4399 4400
f 4323 4400 4324
f 4324 4400 4401
f 4324 4401 4325
f 4325 4401 4402
f 4325 4402 4326
f 4326 4402 4403
f 4326 4403 4327
f 4327 4403 4404
f 4327 4404 4328
f 4050 4053 4051
f 4051 4053 4405
f 4051 4405 4329
f 4329 4405 4406
f 4329 4406 4330
f 4330 4406 4407
f 4330 4407 4331
f 4331 4407 4408
f 4331 4408 4332
f 4332 4408 4409
f 4332 4409 4333
f 4333 4409 4410
f 4333 4410 4334
f 4334 4410 4411
f 4334 4411 4335
f 4335 4411 4412
f 4335 4412 4336
f 4336 4412 4413
f 4336 4413 4337
f 4337 4413 4414
f 4337 4414 4338
f 4338 4414 4415
f 4338 4415 4339
f 4339 4415 4416
f 4339 4416 4340
f 4340 4416 4417
f 4340 4417 4341
f 4341 4417 4418
f 4341 4418 4342
f 4342 4418 4419
f 4342 4419 4343
f 4343 4419 4420
f 4343 4420 4344
f 4344 4420 4421
f 4344 4421 4345
f 4345 4421 4422
f 4345 4422 4346
f 4346 4422 4423
f 4346 4423 4347
f 4347 4423 4424
f 4347 4424 4348
f 4348 4424 4425
f 4348 4425 4349
f 4349 4425 4426
f 4349 4426 4350
f 4350 4426 4427
f 4350 4427 4351
f 4351 4427 4428
f 4351 4428 4352
f 4352 4428 4429
f 4352 4429 4353
f 4353 4429 4430
f 4353 4430 4354
f 4354 4430 4431
f 4354 4431 4355
f 4355 4431 4432
f 4355 4432 4356
f 4356 4432 4433
f 4356 4433 4357
f 4357 4433 4434
f 4357 4434 4358
f 4358 4434 4435
f 4358 4435 4359
f 4359 4435 4436
f 4359 4436 4360
f 4360 4436 4437
f 4360 4437 4361
f 4361 4437 4438
f 4361 4438 4362
f 4362 4438 4439
f 4362 4439 4363
f 4363 4439 4440
f 4363 4440 4364
f 4364 4440 4441
f 4364 4441 4365
f 4365 4441 4442
f 4365 4442 4366
f 4366 4442 4443
f 4366 4443 4367
f 4367 4443 4444
f 4367 4444 4368
f 4368 4444 4445
f 4368 4445 4369
f 4369 4445 4446
f 4369 4446 4370
f 4370 4446 4447
f 4370 4447 4371
f 4371 4447 4448
f 4371 4448 4372
f 4372 4448 4449
f 4372 4449 4373
f 4373 4449 4450
f 4373 4450 4374
f 4374 4450 4451
f 4374 4451 4375
f 4375 4451 4452
f 4375 4452 4376
f 4376 4452 4453
f 4376 4453 4377
f 4377 4453 4454
f 4377 4454 4378
f 4378 4454 4455
f 4378 4455 4379
f 4379 4455 4456
f 4379 4456 4380
f 4380 4456 4457
f 4380 4457 4381
f 4381 4457 4458
f 4381 4458 4382
f 4382 4458 4459
f 4382 4459 4383
f 4383 4459 4460
f 4383 4460 4384
f 4384 4460 4461
f 4384 4461 4385
f 4385 4461 4462
f 4385 4462 4386
f 4386 4462 4463
f 4386 4463 4387
f 4387 4463 4464
f 4387 4464 4388
f 4388 4464 4465
f 4388 4465 4389
f 4389 4465 4466
f 4389 4466 4390
f 4390 4466 4467
f 4390 4467 4391
f 4391 4467 4468
f 4391 4468 4392
f 4392 4468 4469
f 4392 4469 4393
f 4393 4469 4470
f 4393 4470 4394
f 4394 4470 4471
f 4394 4471 4395
f 4395 4471 4472
f 4395 4472 4396
f 4396 4472 4473
f 4396 4473 4397
f 4397 4473 4474
f 4397 4474 4398
f 4398 4474 4475
f 4398 4475 4399
f 4399 4475 4476
f 4399 4476 4400
f 4400 4476 4477
f 4400 4477 4401
f 4401 4477 4478
f 4401 4478 4402
f 4402 4478 4479
f 4402 4479 4403
f 4403 4479 4480
f 4403 4480 4404
f 4052 4055 4053
f 4053 4055 4481
f 4053 4481 4405
f 4405 4481 4482
f 4405 4482 4406
f 4406 4482 4483
f 4406 4483 4407
f 4407 4483 4484
f 4407 4484 4408
f 4408 4484 4485
f 4408 4485 4409
f 4409 4485 4486
f 4409 4486 4410
f 4410 4486 4487
f 4410 4487 4411
f 4411 4487 4488
f 4411 4488 4412
f 4412 4488 4489
f 4412 4489 4413
f 4413 4489 4490
f 4413 4490 4414
f 4414 4490 4491
f 4414 4491 4415
f 4415 4491 4492
f 4415 4492 4416
f 4416 4492 4493
f 4416 4493 4417
f 4417 4493 4494
f 4417 4494 4418
f 4418 4494 4495
f 4418 4495 4419
f 4419 4495 4496
f 4419 4496 4420
f 4420 4496 4497
f 4420 4497 4421
f 4421 4497 4498
f 4421 4498 4422
f 4422 4498 4499
f 4422 4499 4423
f 4423 4499 4500
f 4423 4500 4424
f 4424 4500 4501
f 4424 4501 4425
f 4425 4501 4502
f 4425 4502 4426
f 4426 4502 4503
f 4426 4503 4427
f 4427 4503 4504
f 4427 4504 4428
f 4428 4504 4505
f 4428 4505 4429
f 4429 4505 4506
f 4429 4506 4430
f 4430 4506 4507
f 4430 4507 4431
f 4431 4507 4508
f 4431 4508 4432
f 4432 4508 4509
f 4432 4509 4433
f 4433 4509 4510
f 4433 4510 4434
f 4434 4510 4511
f 4434 4511 4435
f 4435 4511 4512
f 4435 4512 4436
f 4436 4512 4513
f 4436 4513 4437
f 4437 4513 4514
f 4437 4514 4438
f 4438 4514 4515
f 4438 4515 4439
f 4439 4515 4516
f 4439 4516 4440
f 4440 4516 4517
f 4440 4517 4441
f 4441 4517 4518
f 4441 4518 4442
f 4442 4518 4519
f 4442 4519 4443
f 4443 4519 4520
f 4443 4520 4444
f 4444 4520 4521
f 4444 4521 4445
f 4445 4521 4522
f 4445 4522 4446
f 4446 4522 4523
f 4446 4523 4447
f 4447 4523 4524
f 4447 4524 4448
f 4448 4524 4525
f 4448 4525 4449
f 4449 4525 4526
f 4449 4526 4450
f 4450 4526 4527
f 4450 4527 4451
f 4451 4527 4528
f 4451 4528 4452
f 4452 4528 4529
f 4452 4529 4453
f 4453 4529 4530
f 4453 4530 4454
f 4454 4530 4531
f 4454 4531 4455
f 4455 4531 4532
f 4455 4532 4456
f 4456 4532 4533
f 4456 4533 4457
f 4457 4533 4534
f 4457 4534 4458
f 4458 4534 4535
f 4458 4535 4459
f 4459 4535 4536
f 4459 4536 4460
f 4460 4536 4537
f 4460 4537 4461
f 4461 4537 4538
f 4461 4538 4462
f 4462 4538 4539
f 4462 4539 4463
f 4463 4539 4540
f 4463 4540 4464
f 4464 4540 4541
f 4464 4541 4465
f 4465 4541 4542
f 4465 4542 4466
f 4466 4542 4543
f 4466 4543 4467
f 4467 4543 4544
f 4467 4544 4468
f 4468 4544 4545
f 4468 4545 4469
f 4469 4545 4546
f 4469 4546 4470
f 4470 4546 4547
f 4470 4547 4471
f 4471 4547 4548
f 4471 4548 4472
f 4472 4548 4549
f 4472 4549 4473
f 4473 4549 4550
f 4473 4550 4474
f 4474 4550 4551
f 4474 4551 4475
f 4475 4551 4552
f 4475 4552 4476
f 4476 4552 4553
f 4476 4553 4477
f 4477 4553 4554
f 4477 4554 4478
f 4478 4554 4555
f 4478 4555 4479
f 4479 4555 4556
f 4479 4556 4480
f 4054 4066 4055
f 4055 4066 4140
f 4055 4140 4481
f 4481 4140 4139
f 4481 4139 4482
f 4482 4139 4138
f 4482 4138 4483
f 4483 4138 4137
f 4483 4137 4484
f 4484 4137 4136
f 4484 4136 4485
f 4485 4136 4135
f 4485 4135 4486
f 4486 4135 4134
f 4486 4134 4487
f 4487 4134 4133
f 4487 4133 4488
f 4488 4133 4132
f 4488 4132 4489
f 4489 4132 4131
f 4489 4131 4490
f 4490 4131 4130
f 4490 4130 4491
f 4491 4130 4129
f 4491 4129 4492
f 4492 4129 4128
f 4492 4128 4493
f 4493 4128 4127
f 4493 4127 4494
f 4494 4127 4126
f 4494 4126 4495
f 4495 4126 4125
f 4495 4125 4496
f 4496 4125 4124
f 4496 4124 4497
f 4497 4124 4123
f 4497 4123 4498
f 4498 4123 4122
f 4498 4122 4499
f 4499 4122 4121
f 4499 4121 4500
f 4500 4121 4120
f 4500 4120 4501
f 4501 4120 4119
f 4501 4119 4502
f 4502 4119 4118
f 4502 4118 4503
f 4503 4118 4117
f 4503 4117 4504
f 4504 4117 4116
f 4504 4116 4505
f 4505 4116 4115
f 4505 4115 4506
f 4506 4115 4114
f 4506 4114 4507
f 4507 4114 4113
f 4507 4113 4508
f 4508 4113 4112
f 4508 4112 4509
f 4509 4112 4111
f 4509 4111 4510
f 4510 4111 4110
f 4510 4110 4511
f 4511 4110 4109
f 4511 4109 4512
f 4512 4109 4108
f 4512 4108 4513
f 4513 4108 4107
f 4513 4107 4514
f 4514 4107 4106
f 4514 4106 4515
f 4515 4106 4105
f 4515 4105 4516
f 4516 4105 4104
f 4516 4104 4517
f 4517 4104 4103
f 4517 4103 4518
f 4518 4103 4102
f 4518 4102 4519
f 4519 4102 4101
f 4519 4101 4520
f 4520 4101 4100
f 4520 4100 4521
f 4521 4100 4099
f 4521 4099 4522
f 4522 4099 4098
f 4522 4098 4523
f 4523 4098 4097
f 4523 4097 4524
f 4524 4097 4096
f 4524 4096 4525
f 4525 4096 4095
f 4525 4095 4526
f 4526 4095 4094
f 4526 4094 4527
f 4527 4094 4093
f 4527 4093 4528
f 4528 4093 4092
f 4528 4092 4529
f 4529 4092 4091
f 4529 4091 4530
f 4530 4091 4090
f 4530 4090 4531
f 4531 4090 4089
f 4531 4089 4532
f 4532 4089 4088
f 4532 4088 4533
f 4533 4088 4087
f 4533 4087 4534
f 4534 4087 4086
f 4534 4086 4535
f 4535 4086 4085
f 4535 4085 4536
f 4536 4085 4084
f 4536 4084 4537
f 4537 4084 4083
f 4537 4083 4538
f 4538 4083 4082
f 4538 4082 4539
f 4539 4082 4081
f 4539 4081 4540
f 4540 4081 4080
f 4540 4080 4541
f 4541 4080 4079
f 4541 4079 4542
f 4542 4079 4078
f 4542 4078 4543
f 4543 4078 4077
f 4543 4077 4544
f 4544 4077 4076
f 4544 4076 4545
f 4545 4076 4075
f 4545 4075 4546
f 4546 4075 4074
f 4546 4074 4547
f 4547 4074 4073
f 4547 4073 4548
f 4548 4073 4072
f 4548 4072 4549
f 4549 4072 4071
f 4549 4071 4550
f 4550 4071 4070
f 4550 4070 4551
f 4551 4070 4069
f 4551 4069 4552
f 4552 4069 4068
f 4552 4068 4553
f 4553 4068 4067
f 4553 4067 4554
f 4554 4067 3934
f 4554 3934 4555
f 4555 3934 3933
f 4555 3933 4556
f 3928 3927 3935
f 3935 3927 4142
f 3935 4142 3933
f 3933 4142 4065
f 3933 4065 4556
f 4556 4065 4054
f 4556 4054 4480
f 4480 4054 4052
f 4480 4052 4404
f 4404 4052 4050
f 4404 4050 4328
f 4328 4050 4048
f 4328 4048 4252
f 4252 4048 4042
f 4252 4042 4047
f 4047 4042 4041
f 4047 4041 376
f 376 4041 378
f 4557 4558 4559
f 4558 4557 4560
f 4561 4562 4563
f 4563 4562 4564
f 4563 4564 4565
f 4566 4567 4568
f 4569 4570 4571
f 4572 4573 4574
f 4574 4573 4575
f 4576 4577 4578
f 4579 4580 4581
f 4582 4583 4584
f 4585 4586 4587
f 4588 4589 4590
f 4584 4583 4591
f 4592 4593 4594
f 4595 4596 4597
f 4598 4599 4600
f 4601 4602 4603
f 4604 4605 4606
f 4607 4608 4609
f 4609 4610 4611
f 4612 4613 4614
f 4615 4616 4617
f 4618 4619 4620
f 4621 4610 4622
f 4623 4610 4621
f 4624 4622 4610
f 4625 4626 4627
f 4628 4629 4630
f 4631 4632 4633
f 4634 4624 4610
f 4635 4634 4610
f 4636 4637 4638
f 4639 4635 4610
f 4640 4639 4610
f 4641 4642 4643
f 4644 4645 4646
f 4647 4610 4648
f 4649 4610 4647
f 4650 4651 4652
f 4653 4654 4655
f 4655 4656 4657
f 4658 4659 4660
f 4661 4610 4662
f 4663 4664 4665
f 4666 4667 4668
f 4669 4670 4671
f 4672 4673 4674
f 4675 4676 4677
f 4678 4679 4680
f 4681 4680 4682
f 4683 4682 4684
f 4685 4686 4687
f 4688 4689 4690
f 4691 4692 4693
f 4694 4695 4696
f 4697 4698 4699
f 4700 4701 4702
f 4703 4610 4704
f 4705 4706 4707
f 4708 4709 4710
f 4711 4712 4713
f 4714 4715 4716
f 4717 4710 4718
f 4719 4718 4720
f 4721 4610 4722
f 4723 4610 4721
f 4724 4722 4610
f 4725 4724 4610
f 4726 4727 4728
f 4729 4730 4731
f 4732 4733 4729
f 4734 4735 4736
f 4737 4738 4739
f 4740 4741 4742
f 4743 4744 4745
f 4745 4744 4746
f 4747 4748 4749
f 4750 4751 4752
f 4753 4754 4755
f 4756 4753 4757
f 4758 4759 4760
f 4749 4748 4761
f 4762 4763 4764
f 4765 4766 4767
f 4768 4769 4770
f 4771 4772 4767
f 4773 4774 4775
f 4776 4777 4778
f 4779 4780 4781
f 4782 4783 4784
f 4785 4786 4787
f 4788 4789 4790
f 4791 4792 4793
f 4794 4795 4792
f 4796 4797 4798
f 4799 4800 4801
f 4802 4801 4803
f 4804 4805 4806
f 4807 4808 4809
f 4810 4751 4811
f 4812 4813 4814
f 4813 4812 4815
f 4816 4817 4818
f 4819 4820 4821
f 4822 4823 4824
f 4825 4826 4827
f 4828 4829 4830
f 4831 4832 4833
f 4834 4835 4836
f 4837 4838 4839
f 4836 4835 4840
f 4841 4842 4843
f 4844 4845 4846
f 4847 4848 4849
f 4850 4851 4852
f 4853 4854 4855
f 4856 4857 4858
f 4859 4857 4860
f 4861 4862 4863
f 4864 4865 4866
f 4867 4868 4869
f 4870 4820 4871
f 4872 4751 4873
f 4874 4875 4876
f 4877 4878 4879
f 4880 4881 4872
f 4872 4881 4751
f 4882 4883 4884
f 4885 4886 4887
f 4887 4886 4883
f 4888 4889 4890
f 4891 4892 4893
f 4894 4895 4896
f 4897 4898 4899
f 4900 4901 4902
f 4903 4904 4905
f 4906 4907 4908
f 4909 4910 4911
f 4910 4909 4912
f 4913 4914 4915
f 4916 4917 4918
f 4918 4917 4919
f 4920 4921 4922
f 4922 4923 4920
f 4920 4923 4924
f 4920 4924 4925
f 4926 4916 4927
f 4927 4916 4918
f 4927 4918 4928
f 4924 4929 4925
f 4925 4929 4930
f 4925 4930 4931
f 4930 4932 4931
f 4931 4932 4933
f 4931 4933 4934
f 4933 4935 4934
f 4934 4935 4936
f 4934 4936 4937
f 4936 4938 4937
f 4937 4938 4939
f 4937 4939 4940
f 4941 4942 4943
f 4943 4942 4944
f 4945 4944 4946
f 4946 4944 4942
f 4946 4942 4947
f 4947 4942 4941
f 4947 4941 4948
f 4949 4950 4951
f 4951 4950 4952
f 4953 4915 4954
f 4954 4915 4951
f 4954 4951 4955
f 4955 4951 4952
f 4956 4945 4957
f 4957 4945 4946
f 4957 4946 4928
f 4928 4946 4947
f 4928 4947 4927
f 4927 4947 4948
f 4927 4948 4926
f 4915 4914 4951
f 4951 4914 4958
f 4951 4958 4949
f 4959 4960 4961
f 4962 4912 4963
f 4963 4912 4909
f 4963 4909 4964
f 4964 4909 4911
f 4964 4911 4965
f 4965 4911 4966
f 4913 4967 4914
f 4914 4967 4968
f 4914 4968 4958
f 4958 4968 4969
f 4958 4969 4949
f 4905 4970 4971
f 4971 4970 4972
f 4971 4972 4973
f 4974 4975 4976
f 4976 4975 4977
f 4976 4977 4978
f 4979 4980 4981
f 4904 4982 4983
f 4983 4982 4984
f 4983 4984 4965
f 4965 4984 4985
f 4965 4985 4964
f 4904 4983 4905
f 4905 4983 4986
f 4905 4986 4970
f 4970 4986 4987
f 4970 4987 4972
f 4972 4987 4988
f 4972 4988 4973
f 4989 4990 4991
f 4992 4993 4994
f 4994 4993 4990
f 4994 4990 4995
f 4995 4990 4989
f 4973 4996 4971
f 4971 4996 4902
f 4971 4902 4905
f 4905 4902 4901
f 4905 4901 4903
f 4997 4998 4999
f 4999 4998 5000
f 4999 5000 5001
f 5001 5000 4978
f 5001 4978 5002
f 5002 4978 4977
f 5003 4981 5004
f 5004 4981 4980
f 5004 4980 5005
f 4959 4974 4960
f 4960 4974 4976
f 4960 4976 5005
f 5005 4976 4978
f 5005 4978 5004
f 5004 4978 5000
f 5004 5000 5003
f 5003 5000 4998
f 5006 4962 4961
f 4961 4962 4963
f 4961 4963 4959
f 4959 4963 4964
f 4959 4964 4974
f 4974 4964 4985
f 4974 4985 4975
f 4975 4985 4984
f 4975 4984 4977
f 4977 4984 4982
f 4977 4982 5002
f 5002 4982 4904
f 5002 4904 5001
f 5001 4904 4903
f 5001 4903 4999
f 4999 4903 4901
f 4999 4901 4997
f 4997 4901 4900
f 5007 5008 5009
f 5009 5008 5010
f 5009 5010 5011
f 5011 5010 5012
f 5011 5012 5013
f 5013 5012 5014
f 4989 5015 4995
f 4995 5015 5016
f 4995 5016 4994
f 4994 5016 5017
f 4994 5017 4992
f 5018 5019 5020
f 5020 5019 5021
f 5020 5021 5022
f 4899 4898 5023
f 4895 5024 4896
f 4896 5024 5025
f 4896 5025 5026
f 5026 5025 5027
f 4894 5028 4895
f 4895 5028 5029
f 4895 5029 5018
f 5018 5029 5030
f 5018 5030 5019
f 5019 5030 5031
f 5019 5031 5021
f 5032 4993 5033
f 5033 4993 4992
f 5033 4992 5034
f 5034 4992 5017
f 5034 5017 5028
f 5028 5017 5016
f 5028 5016 5029
f 5029 5016 5015
f 5029 5015 5030
f 5030 5015 4989
f 5030 4989 5031
f 5031 4989 4991
f 5031 4991 5021
f 5021 4991 5035
f 5021 5035 5022
f 4939 5036 4940
f 4940 5036 5037
f 4940 5037 5038
f 5037 5039 5038
f 5038 5039 5040
f 5038 5040 5041
f 5040 5042 5041
f 5041 5042 5043
f 5041 5043 5044
f 5045 5046 5047
f 5047 5046 5048
f 5047 5048 5049
f 5049 5048 5050
f 5049 5050 5051
f 5051 5050 5052
f 5051 5052 5053
f 5053 5052 5054
f 5053 5054 5055
f 5055 5054 5056
f 5055 5056 5057
f 5057 5056 5058
f 5057 5058 5059
f 5059 5058 5060
f 5059 5060 5061
f 5061 5060 5062
f 5061 5062 5063
f 5064 5065 5066
f 5066 5065 5067
f 5066 5067 5068
f 5068 5067 5069
f 5068 5069 5070
f 5070 5069 5071
f 5070 5071 5072
f 5072 5071 5073
f 5072 5073 5074
f 5074 5073 5044
f 5074 5044 5075
f 5075 5044 5043
f 5076 5077 5078
f 5065 5079 5067
f 5067 5079 5080
f 5067 5080 5069
f 5069 5080 5081
f 5069 5081 5071
f 5071 5081 5082
f 5071 5082 5073
f 5073 5082 5083
f 5073 5083 5044
f 5044 5083 5045
f 5044 5045 5041
f 5041 5045 5047
f 5041 5047 5038
f 5038 5047 5049
f 5038 5049 4940
f 4940 5049 5051
f 4940 5051 4937
f 4937 5051 5053
f 4937 5053 4934
f 4934 5053 5055
f 4934 5055 4931
f 4931 5055 5057
f 4931 5057 4925
f 4925 5057 5059
f 4925 5059 4920
f 4920 5059 5061
f 4920 5061 4921
f 4921 5061 5063
f 4921 5063 5084
f 5064 5085 5065
f 5065 5085 5086
f 5065 5086 5079
f 5079 5086 5087
f 5079 5087 5080
f 5080 5087 5088
f 5080 5088 5081
f 5081 5088 5089
f 5081 5089 5082
f 5082 5089 5090
f 5082 5090 5083
f 5083 5090 5091
f 5083 5091 5045
f 5045 5091 5092
f 5045 5092 5046
f 5093 4892 5094
f 5094 4892 4891
f 5094 4891 5095
f 5085 5095 5086
f 5086 5095 4891
f 5086 4891 5087
f 5087 4891 4893
f 5087 4893 5088
f 5088 4893 5096
f 5088 5096 5089
f 5089 5096 5097
f 5089 5097 5090
f 5090 5097 5098
f 5090 5098 5091
f 5091 5098 5099
f 5091 5099 5092
f 5092 5099 5100
f 5092 5100 5046
f 5046 5100 5101
f 5046 5101 5048
f 5048 5101 5102
f 5048 5102 5050
f 5050 5102 5103
f 5050 5103 5052
f 5052 5103 5104
f 5052 5104 5054
f 5054 5104 5105
f 5054 5105 5056
f 5056 5105 5106
f 5056 5106 5058
f 5058 5106 4908
f 5058 4908 5060
f 5060 4908 4907
f 5060 4907 5062
f 4890 4889 5107
f 5108 5109 5110
f 5110 5109 5111
f 4882 4884 5112
f 4885 4887 5113
f 5113 4887 5114
f 5113 5114 5115
f 5116 5117 5118
f 5118 5117 5119
f 5120 5119 5121
f 5121 5119 5117
f 5121 5117 5112
f 5112 5117 5116
f 5112 5116 4882
f 4833 4832 5115
f 5115 4832 5122
f 5115 5122 5113
f 5113 5122 5123
f 5113 5123 4885
f 5124 5125 5126
f 5126 5125 5127
f 5126 5127 5128
f 5128 5127 5129
f 5128 5129 5130
f 5130 5129 5131
f 5132 5133 5134
f 5134 5133 5135
f 5134 5135 5136
f 5136 5135 5137
f 5136 5137 5138
f 5138 5137 5139
f 5111 5131 5110
f 5110 5131 5129
f 5110 5129 5108
f 5108 5129 5127
f 5108 5127 5140
f 5140 5127 5125
f 5140 5125 5141
f 5141 5125 5124
f 5141 5124 5142
f 5143 5144 5142
f 5145 5118 5146
f 5146 5118 5119
f 5146 5119 5147
f 5147 5119 5120
f 5147 5120 5148
f 4988 5149 5032
f 5032 5149 5150
f 5032 5150 4993
f 4993 5150 5151
f 4993 5151 4990
f 4990 5151 5152
f 4990 5152 4991
f 4991 5152 5153
f 4991 5153 5035
f 5035 5153 5154
f 5035 5154 5155
f 5155 5154 5156
f 5155 5156 5107
f 5107 5156 5157
f 5107 5157 4890
f 4890 5157 5158
f 4890 5158 4888
f 4888 5158 5159
f 5093 4878 4892
f 4892 4878 4877
f 4892 4877 4893
f 4893 4877 5160
f 4893 5160 5096
f 5096 5160 5161
f 5096 5161 5097
f 5097 5161 5162
f 5097 5162 5098
f 5098 5162 5163
f 5098 5163 5099
f 5099 5163 5164
f 5099 5164 5100
f 5165 5166 5167
f 5167 5166 5168
f 5167 5168 5169
f 5169 5168 5170
f 5169 5170 5171
f 5171 5170 5172
f 5171 5172 5159
f 5159 5172 5173
f 5159 5173 4888
f 4888 5173 5174
f 4888 5174 4889
f 5175 5176 5177
f 5177 5176 5144
f 5177 5144 5178
f 5178 5144 5143
f 5176 5148 5144
f 5144 5148 5120
f 5144 5120 5142
f 5142 5120 5121
f 5142 5121 5141
f 5141 5121 5112
f 5141 5112 5140
f 5140 5112 4884
f 5140 4884 5108
f 4821 4820 4876
f 4876 4820 4870
f 4876 4870 4874
f 5166 5179 5168
f 5168 5179 5180
f 5168 5180 5170
f 5170 5180 5175
f 5170 5175 5172
f 5172 5175 5177
f 5172 5177 5173
f 5173 5177 5178
f 5173 5178 5174
f 5174 5178 5143
f 4906 4908 5181
f 5181 4908 5106
f 5181 5106 5182
f 5182 5106 5105
f 5182 5105 5183
f 5183 5105 5104
f 5183 5104 5184
f 5184 5104 5103
f 5184 5103 5185
f 5185 5103 5102
f 5185 5102 5186
f 5186 5102 5101
f 5186 5101 5187
f 5187 5101 5100
f 5187 5100 5188
f 5188 5100 5164
f 5188 5164 5189
f 5189 5164 5163
f 5189 5163 5190
f 5190 5163 5162
f 5190 5162 5191
f 5191 5162 5161
f 5191 5161 5192
f 5192 5161 5160
f 5192 5160 5193
f 5193 5160 4877
f 5193 4877 5194
f 5194 4877 4879
f 5194 4879 5195
f 5195 4879 5196
f 5195 5196 5197
f 4751 5198 5199
f 5199 5198 5200
f 4873 4751 5199
f 5200 5201 5202
f 5202 5201 5203
f 5202 5203 5204
f 5204 5203 5205
f 5204 5205 5206
f 5206 5205 5207
f 5208 5209 5210
f 5210 5209 5211
f 5210 5211 5212
f 5212 5211 5213
f 5212 5213 5214
f 5214 5213 5215
f 5214 5215 5216
f 5216 5215 5217
f 5216 5217 5218
f 5218 5217 5219
f 5218 5219 5220
f 5220 5219 5221
f 5220 5221 5222
f 5222 5221 5223
f 5222 5223 5224
f 5224 5223 5006
f 5225 5208 5226
f 5226 5208 5210
f 5226 5210 5227
f 5227 5210 5212
f 5227 5212 5228
f 5228 5212 5214
f 5228 5214 5229
f 5229 5214 5216
f 5229 5216 5230
f 5230 5216 5218
f 5230 5218 5231
f 5231 5218 5220
f 5231 5220 5232
f 5232 5220 5222
f 5232 5222 5233
f 5233 5222 5224
f 5234 5235 5236
f 5237 4867 5238
f 5238 4867 4869
f 5238 4869 5239
f 5239 4869 5240
f 5239 5240 5241
f 5241 5240 5242
f 5241 5242 5243
f 5243 5242 5244
f 5243 5244 5245
f 5245 5244 5246
f 5245 5246 5247
f 5247 5246 5248
f 5247 5248 5249
f 5249 5248 5250
f 5249 5250 5251
f 5251 5250 5252
f 5251 5252 5253
f 5253 5252 5254
f 5253 5254 5255
f 5255 5254 5256
f 5255 5256 5257
f 5257 5256 5258
f 5257 5258 5259
f 5259 5258 5260
f 5259 5260 5261
f 5261 5260 5262
f 5261 5262 5263
f 5263 5262 5264
f 5263 5264 5265
f 5265 5264 5266
f 5265 5266 5267
f 5267 5266 5268
f 5267 5268 5269
f 5269 5268 5270
f 5269 5270 5271
f 5271 5270 5272
f 5271 5272 5273
f 5273 5272 5274
f 5273 5274 5275
f 5276 5236 5277
f 5277 5236 5235
f 5277 5235 5278
f 4863 4862 5279
f 5279 4862 5280
f 5279 5280 5281
f 5281 5280 5282
f 5281 5282 5283
f 5283 5282 5284
f 5283 5284 4979
f 4979 5284 5285
f 4979 5285 4980
f 4980 5285 5286
f 4980 5286 5005
f 5005 5286 5287
f 5005 5287 4960
f 5006 4961 5224
f 5224 4961 4960
f 5224 4960 5233
f 5233 4960 5287
f 5233 5287 5232
f 5232 5287 5286
f 5232 5286 5231
f 5231 5286 5285
f 5231 5285 5230
f 5230 5285 5284
f 5230 5284 5229
f 5229 5284 5282
f 5229 5282 5228
f 5228 5282 5280
f 5228 5280 5227
f 5227 5280 4862
f 5227 4862 5226
f 5226 4862 4861
f 5226 4861 5225
f 5288 5276 5289
f 5289 5276 5277
f 5289 5277 5290
f 5290 5277 5278
f 5290 5278 5291
f 4902 5007 4900
f 4900 5007 5009
f 4900 5009 4997
f 4997 5009 5011
f 4997 5011 4998
f 4998 5011 5013
f 4998 5013 5003
f 5003 5013 5014
f 5003 5014 4981
f 4981 5014 5292
f 4981 5292 4979
f 4979 5292 5293
f 4979 5293 5283
f 5283 5293 5294
f 5283 5294 5281
f 5281 5294 5295
f 5281 5295 5279
f 5279 5295 5296
f 5279 5296 4863
f 4863 5296 5297
f 4863 5297 4861
f 4861 5297 5298
f 4861 5298 5225
f 5008 4897 5010
f 5010 4897 4899
f 5010 4899 5012
f 5012 4899 5023
f 5012 5023 5014
f 5014 5023 5299
f 5014 5299 5292
f 5292 5299 5300
f 5292 5300 5293
f 5293 5300 5301
f 5293 5301 5294
f 5294 5301 5302
f 5294 5302 5295
f 5295 5302 5303
f 5295 5303 5296
f 5296 5303 5304
f 5296 5304 5297
f 5297 5304 5305
f 5297 5305 5298
f 4860 4857 4864
f 4864 4857 4856
f 4864 4856 4865
f 4858 4857 5306
f 5306 4857 4859
f 5306 4859 5307
f 5308 4851 5309
f 5309 4851 4850
f 5309 4850 4855
f 4988 5032 4973
f 4973 5032 5033
f 4973 5033 4996
f 4996 5033 5034
f 4996 5034 4902
f 4902 5034 5028
f 4902 5028 5007
f 5007 5028 4894
f 5007 4894 5008
f 5008 4894 4896
f 5008 4896 4897
f 4897 4896 5026
f 4897 5026 4898
f 4898 5026 5027
f 4898 5027 5023
f 5023 5027 5310
f 5023 5310 5299
f 5299 5310 5311
f 5299 5311 5300
f 5300 5311 5312
f 5300 5312 5301
f 5301 5312 5313
f 5301 5313 5302
f 5302 5313 5314
f 5302 5314 5303
f 5303 5314 5315
f 5303 5315 5304
f 5304 5315 5316
f 5304 5316 5305
f 5305 5316 5288
f 5305 5288 5298
f 5298 5288 5289
f 5298 5289 5225
f 5225 5289 5290
f 5225 5290 5208
f 5208 5290 5291
f 5208 5291 5209
f 4866 5234 4864
f 4864 5234 5236
f 4864 5236 4860
f 4860 5236 5276
f 4860 5276 4859
f 4859 5276 5288
f 4859 5288 5307
f 5307 5288 5316
f 5307 5316 5317
f 5317 5316 5315
f 5317 5315 5318
f 5318 5315 5314
f 5318 5314 5319
f 5319 5314 5313
f 5319 5313 5320
f 5320 5313 5312
f 5320 5312 5321
f 5321 5312 5311
f 5322 5323 5324
f 5322 5324 5325
f 5325 5324 5326
f 5325 5326 5327
f 5327 5326 5328
f 5327 5328 5329
f 5329 5328 5330
f 5329 5330 5331
f 5331 5330 5332
f 5331 5332 5333
f 5334 5335 5336
f 5336 5335 5337
f 5336 5337 5338
f 5339 5340 5341
f 5341 5340 5335
f 5341 5335 5342
f 5342 5335 5334
f 5332 5343 5333
f 5333 5343 5344
f 5333 5344 5331
f 5331 5344 5345
f 5331 5345 5329
f 5329 5345 5346
f 5329 5346 5327
f 5327 5346 5347
f 5327 5347 5325
f 5325 5347 4848
f 5325 4848 5322
f 5322 4848 4847
f 4849 4848 4844
f 4844 4848 5347
f 4844 5347 4845
f 4845 5347 5346
f 4845 5346 5348
f 5348 5346 5345
f 5348 5345 5349
f 5349 5345 5344
f 5349 5344 5350
f 5350 5344 5343
f 5350 5343 5351
f 4846 4845 4831
f 4831 4845 5348
f 4831 5348 4832
f 4832 5348 5349
f 4832 5349 5122
f 5122 5349 5350
f 5122 5350 5123
f 5123 5350 5351
f 5123 5351 4885
f 5352 5353 5354
f 5354 5353 5355
f 5354 5355 5356
f 5357 5358 5359
f 5360 5361 4853
f 5357 5362 5358
f 5358 5362 5363
f 5358 5363 5364
f 5364 5363 5365
f 5364 5365 5366
f 5366 5365 5367
f 5366 5367 5368
f 5368 5367 5369
f 5368 5369 4824
f 5370 4841 5371
f 5371 4841 4843
f 5371 4843 5372
f 5372 4843 5373
f 5372 5373 5374
f 5374 5373 5375
f 5376 5377 5378
f 5378 5377 5379
f 5378 5379 5380
f 5380 5379 4852
f 5380 4852 5381
f 5381 4852 4851
f 5381 4851 5382
f 5382 4851 5308
f 5382 5308 5383
f 5384 5376 5385
f 5385 5376 5378
f 5385 5378 5386
f 5386 5378 5380
f 5386 5380 5387
f 5387 5380 5381
f 5387 5381 5388
f 5388 5381 5382
f 5388 5382 5389
f 5389 5382 5383
f 5389 5383 5390
f 4853 5361 4854
f 4854 5361 5391
f 4854 5391 5392
f 5392 5391 5393
f 5392 5393 5394
f 5394 5393 5395
f 5394 5395 4834
f 5396 5384 5397
f 5397 5384 5385
f 5397 5385 5398
f 5398 5385 5386
f 5398 5386 5399
f 5399 5386 5387
f 5399 5387 5400
f 5400 5387 5388
f 5400 5388 5401
f 5401 5388 5389
f 5401 5389 5402
f 5402 5389 5390
f 5402 5390 5403
f 4855 4854 5309
f 5309 4854 5392
f 5309 5392 5308
f 5308 5392 5394
f 5308 5394 5383
f 5383 5394 4834
f 5383 4834 5390
f 5390 4834 4836
f 5390 4836 5403
f 5403 4836 4840
f 5403 4840 5404
f 4838 4837 5405
f 5405 4837 5406
f 5405 5406 5407
f 5404 5408 5403
f 5403 5408 5409
f 5403 5409 5402
f 5402 5409 5410
f 5402 5410 5401
f 5401 5410 5411
f 5401 5411 5400
f 5400 5411 5412
f 5400 5412 5399
f 5399 5412 5413
f 5399 5413 5398
f 5398 5413 5414
f 5398 5414 5397
f 4883 4882 4887
f 4887 4882 5116
f 4887 5116 5114
f 5114 5116 5118
f 5114 5118 5115
f 5115 5118 5145
f 5115 5145 4833
f 4833 5145 5415
f 4833 5415 4831
f 4831 5415 5416
f 4831 5416 4846
f 4846 5416 5417
f 4846 5417 4844
f 4844 5417 5418
f 4844 5418 4849
f 4849 5418 5419
f 4849 5419 4847
f 5420 5421 5422
f 5422 5421 5423
f 5422 5423 5424
f 5424 5423 5425
f 5424 5425 5426
f 5427 5420 5428
f 5428 5420 5422
f 5428 5422 5429
f 5429 5422 5424
f 5429 5424 5430
f 5430 5424 5426
f 5430 5426 5431
f 5427 5432 5433
f 5421 5434 5423
f 5423 5434 5435
f 5423 5435 5425
f 5425 5435 5436
f 5425 5436 5426
f 5426 5436 5437
f 5426 5437 5431
f 5431 5437 5356
f 5431 5356 5438
f 5438 5356 5355
f 5438 5355 5439
f 5439 5355 5353
f 4830 4829 5440
f 5440 4829 5441
f 5440 5441 5442
f 5442 5441 5443
f 5442 5443 5444
f 5444 5443 5433
f 5444 5433 5445
f 5445 5433 5432
f 5445 5432 5446
f 4826 4825 5447
f 5447 4825 5448
f 5447 5448 5449
f 4871 4820 4827
f 4827 4820 4819
f 4827 4819 4825
f 4825 4819 5450
f 4825 5450 5448
f 5451 5375 5452
f 5452 5375 5373
f 5452 5373 5453
f 5453 5373 4843
f 5453 4843 5454
f 5454 4843 4842
f 5454 4842 4828
f 4828 4830 5454
f 5454 4830 5455
f 5454 5455 5453
f 5453 5455 5456
f 5453 5456 5452
f 5452 5456 5457
f 5452 5457 5451
f 5444 5458 5442
f 5442 5458 5459
f 5442 5459 5440
f 5440 5459 5460
f 5440 5460 4830
f 4830 5460 5461
f 4830 5461 5455
f 5455 5461 5462
f 5455 5462 5456
f 5456 5462 5463
f 5456 5463 5457
f 5457 5463 5464
f 5457 5464 5451
f 4875 5206 4876
f 4876 5206 5207
f 4876 5207 4821
f 4821 5207 5465
f 4821 5465 4819
f 4819 5465 5466
f 4819 5466 5450
f 5450 5466 5467
f 5450 5467 5448
f 5448 5467 5468
f 5448 5468 5449
f 5449 5468 5469
f 5449 5469 5470
f 5470 5469 5471
f 5470 5471 5472
f 5472 5471 5473
f 5472 5473 5474
f 5474 5473 5475
f 5200 5198 5201
f 5201 5198 5476
f 5201 5476 5203
f 5203 5476 5477
f 5203 5477 5205
f 5205 5477 5478
f 5205 5478 5207
f 5207 5478 5479
f 5207 5479 5465
f 5465 5479 5480
f 5465 5480 5466
f 4810 4811 5481
f 5482 5483 5484
f 5484 5483 5485
f 5484 5485 4817
f 4818 5486 4816
f 4816 5486 5487
f 4816 5487 5488
f 5488 5487 5489
f 5488 5489 5490
f 5490 5489 5491
f 5490 5491 5492
f 5492 5491 5493
f 4751 5494 4811
f 4811 5494 5495
f 4811 5495 5481
f 5481 5495 4814
f 5458 5496 5459
f 5459 5496 5497
f 5459 5497 5460
f 5460 5497 5498
f 5460 5498 5461
f 5461 5498 5499
f 5461 5499 5462
f 5462 5499 5500
f 5462 5500 5463
f 5463 5500 5501
f 5463 5501 5464
f 5464 5501 5502
f 5464 5502 5503
f 5503 5502 5504
f 5505 5506 5507
f 5507 5506 5508
f 5507 5508 4822
f 5509 5504 5510
f 5510 5504 5502
f 5510 5502 5511
f 5511 5502 5501
f 5357 5370 5362
f 5362 5370 5371
f 5362 5371 5363
f 5363 5371 5372
f 5363 5372 5365
f 5365 5372 5374
f 5365 5374 5367
f 5367 5374 5375
f 5367 5375 5369
f 5369 5375 5451
f 5369 5451 4824
f 4824 5451 5464
f 4824 5464 4822
f 4822 5464 5503
f 4822 5503 5507
f 5507 5503 5504
f 5507 5504 5505
f 5505 5504 5509
f 5496 5512 5497
f 5497 5512 5513
f 5497 5513 5498
f 5498 5513 5514
f 5498 5514 5499
f 5499 5514 5515
f 5499 5515 5500
f 5500 5515 5516
f 5500 5516 5501
f 5501 5516 5517
f 5501 5517 5511
f 5511 5517 5518
f 5511 5518 5510
f 5510 5518 5519
f 5510 5519 5509
f 5509 5519 4808
f 5509 4808 5505
f 5505 4808 4807
f 5505 4807 5506
f 5506 4807 5520
f 5506 5520 5508
f 5508 5520 5521
f 5508 5521 4822
f 4822 5521 5522
f 4822 5522 4823
f 5359 5358 5523
f 5523 5358 5364
f 5523 5364 5524
f 5524 5364 5366
f 5524 5366 5525
f 5525 5366 5368
f 5525 5368 5526
f 5526 5368 4824
f 5526 4824 5527
f 5527 4824 4823
f 5527 4823 4839
f 4839 4823 5522
f 4839 5522 4837
f 4837 5522 5521
f 4837 5521 5406
f 5406 5521 5520
f 5406 5520 5407
f 5407 5520 4807
f 5407 4807 5528
f 5528 4807 4809
f 5528 4809 5529
f 5530 5531 5532
f 4751 5533 5534
f 5534 5533 5535
f 5534 5535 5536
f 5536 5535 5537
f 5536 5537 5538
f 5538 5537 5539
f 5531 5530 5540
f 5540 5530 5541
f 5540 5541 5542
f 4751 5543 5533
f 5533 5543 5544
f 5533 5544 5535
f 5535 5544 5493
f 5535 5493 5537
f 5537 5493 5491
f 5537 5491 5539
f 5539 5491 5489
f 5539 5489 5545
f 5545 5489 5487
f 5545 5487 5546
f 5546 5487 5486
f 5546 4815 5545
f 5545 4815 4812
f 5545 4812 5539
f 5539 4812 4814
f 5539 4814 5538
f 5538 4814 5495
f 5538 5495 5536
f 5536 5495 5494
f 5536 5494 5534
f 5534 5494 4751
f 5547 5548 5549
f 5549 5548 5550
f 5549 5550 5551
f 5551 5550 5552
f 5551 5552 5553
f 5553 5552 5554
f 5553 5554 5555
f 5555 5554 5556
f 5555 5556 5475
f 5475 5556 5557
f 5475 5557 5474
f 5558 5559 5560
f 5560 5559 5561
f 5560 5561 5562
f 5562 5561 5563
f 5562 5563 5564
f 5564 5563 5565
f 5564 5565 5566
f 5566 5565 5567
f 5568 4805 5569
f 5569 4805 4804
f 5569 4804 5570
f 5559 5568 5561
f 5561 5568 5569
f 5561 5569 5563
f 5563 5569 5570
f 5563 5570 5565
f 5565 5570 5571
f 5565 5571 5567
f 5567 5571 5572
f 5573 5572 5574
f 5574 5572 5571
f 5574 5571 5575
f 5575 5571 5570
f 5575 5570 5576
f 5576 5570 4804
f 5576 4804 5577
f 5577 4804 4806
f 5577 4806 5578
f 5579 5573 5580
f 5580 5573 5574
f 5580 5574 5581
f 5581 5574 5575
f 5581 5575 5582
f 5582 5575 5576
f 5582 5576 5583
f 5583 5576 5577
f 5583 5577 5584
f 5584 5577 5578
f 5584 5578 5585
f 5586 5579 5587
f 5587 5579 5580
f 5587 5580 5588
f 5588 5580 5581
f 5588 5581 5589
f 5589 5581 5582
f 5589 5582 5590
f 5590 5582 5583
f 5590 5583 5591
f 5591 5583 5584
f 5591 5584 5592
f 5592 5584 5585
f 5592 5585 5593
f 5594 5595 5596
f 5596 5595 5597
f 5596 5597 5598
f 5598 5597 5599
f 5598 5599 5600
f 5600 5599 5593
f 5600 5593 5601
f 5601 5593 5585
f 5601 5585 5602
f 5602 5585 5578
f 5602 5578 5603
f 5603 5578 4806
f 5603 4806 5604
f 5604 4806 4805
f 5604 4805 5605
f 5605 4805 5568
f 5605 5568 5606
f 5606 5568 5559
f 5606 5559 5607
f 5607 5559 5558
f 5607 5558 5396
f 5608 5609 5610
f 5610 5609 5611
f 4797 5612 4798
f 4798 5612 5613
f 4798 5613 5614
f 5614 5613 5615
f 5614 5615 5616
f 5617 4796 5618
f 5618 4796 4798
f 5618 4798 5619
f 5619 4798 5614
f 5619 5614 5620
f 5620 5614 5616
f 5620 5616 5621
f 5621 5616 5622
f 5608 5623 5624
f 5625 5626 5627
f 5627 5626 5624
f 5627 5624 5628
f 5628 5624 5623
f 5608 5629 5609
f 5609 5629 5630
f 5609 5630 5611
f 5611 5630 5631
f 4786 5631 5632
f 5632 5631 5630
f 5632 5630 5633
f 5633 5630 5629
f 5633 5629 5634
f 5634 5629 5608
f 5634 5608 5635
f 5635 5608 5624
f 5635 5624 5636
f 5636 5624 5626
f 4800 4799 5637
f 5637 4799 5638
f 5637 5638 5639
f 5640 5641 5642
f 5642 5641 5643
f 5642 5643 5644
f 5645 5646 5647
f 5647 5646 5648
f 5647 5648 5649
f 5649 5648 5650
f 5649 5650 5651
f 5651 5650 5652
f 5651 5652 5653
f 5653 5652 5654
f 5655 5656 5657
f 5657 5656 5658
f 5657 5658 5659
f 5660 5655 5661
f 5661 5655 5657
f 5661 5657 5662
f 5662 5657 5659
f 5662 5659 5663
f 5664 5665 5666
f 5666 5665 5667
f 5666 5667 5668
f 5669 5660 5670
f 5670 5660 5661
f 5670 5661 5671
f 5671 5661 5662
f 5671 5662 5645
f 5645 5662 5663
f 5645 5663 5646
f 4795 4794 5672
f 5672 4794 5673
f 5672 5673 5674
f 4803 5675 4802
f 4802 5675 5676
f 4802 5676 5677
f 5677 5676 4785
f 5677 4785 5678
f 5678 4785 4787
f 5678 4787 5679
f 5680 4783 5681
f 5681 4783 4782
f 5681 4782 5682
f 4780 5683 5684
f 4780 5684 4781
f 4781 5684 5685
f 4781 5685 5686
f 5687 5688 5689
f 5689 5688 5690
f 5689 5690 5691
f 5692 5693 5694
f 5694 5693 5695
f 5694 5695 5696
f 5696 5695 5697
f 5696 5697 5698
f 5698 5697 5699
f 5698 5699 5700
f 5700 5699 5701
f 5700 5701 5702
f 5702 5701 5682
f 5702 5682 5703
f 5703 5682 4782
f 5703 4782 5704
f 5704 4782 4784
f 5705 5706 5707
f 5707 5706 5708
f 5707 5708 5709
f 5710 5711 5712
f 5712 5711 5713
f 5712 5713 5714
f 4906 4956 4907
f 4907 4956 4957
f 4907 4957 5062
f 5062 4957 4928
f 5062 4928 5063
f 5063 4928 4918
f 5063 4918 5084
f 5084 4918 4919
f 5084 4919 5715
f 5715 4919 5716
f 5715 5716 5717
f 5717 5716 5718
f 4774 4773 5719
f 5720 5721 5722
f 5722 5721 5723
f 5722 5723 5724
f 5724 5723 5725
f 5726 5727 5728
f 5729 5693 5730
f 5730 5693 5692
f 5730 5692 5639
f 5639 5692 5731
f 5639 5731 5637
f 5637 5731 5732
f 5637 5732 4800
f 5733 5734 5735
f 5735 5734 5736
f 5735 5736 5737
f 5687 5738 5739
f 5739 5738 5740
f 5739 5740 5741
f 5741 5740 5733
f 5741 5733 5742
f 5742 5733 5735
f 5742 5735 5743
f 5743 5735 5737
f 5743 5737 5744
f 4766 5745 4767
f 4767 5745 5706
f 4767 5706 4771
f 4771 5706 5705
f 5685 5691 5686
f 5686 5691 5690
f 5686 5690 5746
f 5746 5690 5688
f 5746 5688 5747
f 5747 5688 5687
f 5747 5687 5708
f 5708 5687 5739
f 5708 5739 5709
f 5709 5739 5741
f 5709 5741 5707
f 5707 5741 5742
f 5707 5742 5705
f 5705 5742 5743
f 5705 5743 4771
f 4771 5743 5744
f 4771 5744 4772
f 5748 5749 5750
f 5750 5749 5751
f 5750 5751 5752
f 5752 5751 5753
f 5752 5753 5754
f 5754 5753 5755
f 4801 4802 4799
f 4799 4802 5677
f 4799 5677 5638
f 5638 5677 5678
f 5638 5678 5639
f 5639 5678 5679
f 5639 5679 5730
f 5730 5679 5756
f 5730 5756 5729
f 5729 5756 5757
f 5729 5757 5755
f 5758 4765 5759
f 5759 4765 4767
f 5759 4767 5760
f 5760 4767 4772
f 5760 4772 5761
f 5761 4772 5744
f 5761 5744 5762
f 5762 5744 5737
f 5762 5737 5763
f 5763 5737 5736
f 4769 4768 5764
f 5758 5765 4765
f 4765 5765 5766
f 4765 5766 4766
f 4766 5766 5767
f 4766 5767 5745
f 5755 5757 5754
f 5754 5757 5768
f 5754 5768 5752
f 5752 5768 5769
f 5752 5769 5750
f 5750 5769 5770
f 5750 5770 5748
f 5683 4784 5684
f 5684 4784 4783
f 5684 4783 5685
f 5685 4783 5680
f 5685 5680 5691
f 5691 5680 5681
f 5691 5681 5689
f 5689 5681 5682
f 5689 5682 5687
f 5687 5682 5701
f 5687 5701 5738
f 5738 5701 5699
f 5738 5699 5740
f 5740 5699 5697
f 5740 5697 5733
f 5733 5697 5695
f 5733 5695 5734
f 5734 5695 5693
f 5734 5693 5736
f 5736 5693 5729
f 5736 5729 5763
f 5763 5729 5755
f 5763 5755 5762
f 5762 5755 5753
f 5762 5753 5761
f 5761 5753 5751
f 5761 5751 5760
f 5760 5751 5749
f 5760 5749 5759
f 5759 5749 5748
f 5771 5772 5773
f 4763 4762 5774
f 5774 4762 5775
f 5774 5775 5776
f 5776 5777 5778
f 5778 5777 5779
f 5778 5779 5780
f 4773 5724 5719
f 5719 5724 5725
f 5719 5725 5781
f 5781 5725 5782
f 5781 5782 5783
f 5783 5782 5784
f 5783 5784 5785
f 5785 5784 5786
f 5785 5786 5787
f 5787 5786 5788
f 5787 5788 5789
f 5788 5780 5789
f 5789 5780 5779
f 5789 5779 5790
f 5790 5779 5777
f 5790 5777 5791
f 5791 5777 5776
f 5791 5776 5792
f 5793 5794 5795
f 5795 5794 5796
f 5795 5796 5797
f 5798 5799 5793
f 5793 5799 5800
f 5793 5800 5794
f 5801 5802 5803
f 5803 5802 5804
f 5803 5804 5805
f 5805 5804 5806
f 5807 5808 5798
f 5798 5808 5809
f 5798 5809 5799
f 5810 5811 5807
f 5807 5811 5812
f 5807 5812 5808
f 5813 5814 5815
f 5815 5814 5816
f 5815 5816 5817
f 5817 5816 5818
f 5814 5819 5816
f 5816 5819 5529
f 5816 5529 5818
f 5818 5529 4809
f 5818 4809 5547
f 5547 4809 4808
f 5547 4808 5548
f 5548 4808 5519
f 5548 5519 5550
f 5550 5519 5518
f 5550 5518 5552
f 5552 5518 5517
f 5552 5517 5554
f 5554 5517 5516
f 5554 5516 5556
f 5556 5516 5515
f 5556 5515 5557
f 5557 5515 5514
f 5557 5514 5474
f 5474 5514 5513
f 5474 5513 5472
f 5472 5513 5512
f 5472 5512 5470
f 5470 5512 5496
f 5470 5496 5449
f 5449 5496 5458
f 5449 5458 5447
f 5447 5458 5444
f 5447 5444 4826
f 4826 5444 5445
f 4826 5445 4827
f 4827 5445 5446
f 4827 5446 4871
f 5674 5673 5820
f 5820 5673 5821
f 5820 5821 5822
f 5822 5821 5823
f 5822 5823 5824
f 4792 4791 4794
f 4794 4791 5825
f 4794 5825 5673
f 5673 5825 5826
f 5673 5826 5821
f 5821 5826 5827
f 5821 5827 5823
f 5828 5665 5829
f 5829 5665 5664
f 5829 5664 5830
f 5830 5664 5666
f 5830 5666 5831
f 5831 5666 5668
f 5831 5668 5832
f 4788 4790 5833
f 5833 4790 5834
f 5833 5834 5835
f 4759 5828 4760
f 4760 5828 5829
f 4760 5829 5669
f 5669 5829 5830
f 5669 5830 5660
f 5660 5830 5831
f 5660 5831 5655
f 5655 5831 5832
f 5655 5832 5656
f 5836 5837 5835
f 5835 5837 5838
f 5835 5838 5833
f 5833 5838 5839
f 5833 5839 4788
f 5547 5840 5818
f 5818 5840 5841
f 5818 5841 5817
f 5817 5841 5842
f 5817 5842 5815
f 5815 5842 5843
f 5815 5843 5813
f 5813 5843 5844
f 5427 5433 5420
f 5420 5433 5443
f 5420 5443 5421
f 5421 5443 5441
f 5421 5441 5434
f 5434 5441 4829
f 5434 4829 5435
f 5435 4829 4828
f 5435 4828 5436
f 5436 4828 4842
f 5436 4842 5437
f 5437 4842 4841
f 5437 4841 5356
f 5356 4841 5370
f 5356 5370 5354
f 5354 5370 5357
f 5354 5357 5352
f 5352 5357 5359
f 5352 5359 5845
f 5845 5359 5523
f 5845 5523 5846
f 5846 5523 5524
f 5846 5524 5847
f 5847 5524 5525
f 5847 5525 5848
f 5848 5525 5526
f 5848 5526 5849
f 5849 5526 5527
f 5849 5527 5850
f 5850 5527 4839
f 5850 4839 5851
f 5851 4839 4838
f 5851 4838 5852
f 5852 4838 5405
f 5852 5405 5853
f 5853 5405 5407
f 5853 5407 5854
f 5854 5407 5528
f 5854 5528 5855
f 5855 5528 5529
f 5855 5529 5856
f 5856 5529 5819
f 5856 5819 5857
f 5857 5819 5814
f 5857 5814 5858
f 5858 5814 5813
f 5858 5813 5859
f 5859 5813 5844
f 5859 5844 5860
f 5861 5860 5862
f 5862 5860 5844
f 5862 5844 5863
f 5863 5844 5843
f 5863 5843 5864
f 5864 5843 5842
f 5864 5842 5865
f 5865 5842 5841
f 5865 5841 5866
f 5866 5841 5840
f 5360 5845 5361
f 5361 5845 5846
f 5361 5846 5391
f 5391 5846 5847
f 5391 5847 5393
f 5393 5847 5848
f 5393 5848 5395
f 5395 5848 5849
f 5395 5849 4834
f 4834 5849 5850
f 4834 5850 4835
f 4835 5850 5851
f 4835 5851 4840
f 4840 5851 5852
f 4840 5852 5404
f 5404 5852 5853
f 5404 5853 5408
f 5408 5853 5854
f 5408 5854 5867
f 5867 5854 5855
f 5867 5855 5868
f 5868 5855 5856
f 5868 5856 5869
f 5869 5856 5857
f 5869 5857 5870
f 5870 5857 5858
f 5870 5858 5871
f 5871 5858 5859
f 5871 5859 5872
f 5872 5859 5860
f 5872 5860 5873
f 5873 5860 5861
f 5873 5861 5874
f 5875 5876 5877
f 5877 5876 5878
f 5877 5878 5879
f 5879 5878 5880
f 5879 5880 5881
f 5881 5880 5882
f 5881 5882 5883
f 5883 5882 5884
f 5883 5884 5885
f 5885 5884 5886
f 5885 5886 5887
f 5887 5886 5888
f 5887 5888 5644
f 5396 5397 5607
f 5607 5397 5414
f 5607 5414 5606
f 5606 5414 5413
f 5606 5413 5605
f 5605 5413 5412
f 5605 5412 5604
f 5604 5412 5411
f 5604 5411 5603
f 5603 5411 5410
f 5603 5410 5602
f 5602 5410 5409
f 5602 5409 5601
f 5601 5409 5408
f 5601 5408 5600
f 5600 5408 5867
f 5600 5867 5598
f 5598 5867 5868
f 5598 5868 5596
f 5596 5868 5869
f 5596 5869 5594
f 5594 5869 5870
f 5594 5870 5889
f 5889 5870 5871
f 5889 5871 5890
f 5890 5871 5872
f 5890 5872 5891
f 5891 5872 5873
f 5891 5873 5892
f 5892 5873 5874
f 5892 5874 5893
f 5893 5874 5894
f 5893 5894 5895
f 5896 5897 5898
f 5899 5900 5901
f 5901 5900 5902
f 5901 5902 5903
f 5903 5902 5904
f 5903 5904 5905
f 5905 5904 5906
f 5905 5906 5907
f 5907 5906 5908
f 5907 5908 5824
f 5824 5908 5909
f 5824 5909 5822
f 5822 5909 5910
f 5822 5910 5820
f 5820 5910 5911
f 5820 5911 5674
f 5912 5897 5913
f 5913 5897 5896
f 5913 5896 5914
f 5915 5916 5917
f 5917 5916 5918
f 5917 5918 5919
f 5919 5918 5920
f 5919 5920 5921
f 5921 5920 5922
f 5921 5922 5923
f 5484 5924 5482
f 5482 5924 5925
f 5482 5925 5926
f 5926 5925 5927
f 5926 5927 5928
f 5928 5927 5929
f 5928 5929 5930
f 5930 5929 5931
f 5930 5931 5932
f 5932 5931 5933
f 5932 5933 5915
f 5915 5933 5934
f 5915 5934 5916
f 5916 5934 5935
f 5916 5935 5918
f 5918 5935 5936
f 5918 5936 5920
f 5920 5936 5937
f 5920 5937 5922
f 5938 5939 5940
f 5940 5939 5941
f 5940 5941 5942
f 5942 5941 5943
f 5942 5943 5944
f 5944 5943 5945
f 5944 5945 5946
f 5946 5945 5947
f 5946 5947 5948
f 5948 5947 5949
f 5948 5949 5950
f 5950 5949 5951
f 5950 5951 5952
f 5952 5951 5953
f 5952 5953 5954
f 5954 5953 5955
f 5954 5955 5956
f 5484 5938 5924
f 5924 5938 5940
f 5924 5940 5925
f 5925 5940 5942
f 5925 5942 5927
f 5927 5942 5944
f 5927 5944 5929
f 5929 5944 5946
f 5929 5946 5931
f 5931 5946 5948
f 5931 5948 5933
f 5933 5948 5950
f 5933 5950 5934
f 5934 5950 5952
f 5934 5952 5935
f 5935 5952 5954
f 5935 5954 5936
f 5936 5954 5956
f 5936 5956 5937
f 5542 5541 5957
f 5957 5541 5958
f 5957 5958 5959
f 5959 5958 5960
f 5960 5958 5961
f 5960 5961 5962
f 5530 5963 5541
f 5541 5963 5964
f 5541 5964 5958
f 5958 5964 5965
f 5958 5965 5961
f 5939 5532 5941
f 5941 5532 5531
f 5941 5531 5943
f 5943 5531 5540
f 5943 5540 5945
f 5945 5540 5542
f 5945 5542 5947
f 5947 5542 5957
f 5947 5957 5949
f 5949 5957 5959
f 5949 5959 5951
f 5951 5959 5960
f 5951 5960 5953
f 5953 5960 5962
f 5953 5962 5955
f 5966 5900 5967
f 5967 5900 5899
f 5967 5899 5968
f 5968 5899 5901
f 5968 5901 5969
f 5969 5901 5903
f 5969 5903 5875
f 5875 5903 5905
f 5875 5905 5876
f 5876 5905 5907
f 5876 5907 5878
f 5878 5907 5824
f 5878 5824 5880
f 5880 5824 5823
f 5880 5823 5882
f 5882 5823 5827
f 5882 5827 5884
f 5884 5827 5826
f 5884 5826 5886
f 5886 5826 5825
f 5886 5825 5888
f 5888 5825 4791
f 5888 4791 5644
f 5644 4791 4793
f 5644 4793 5642
f 5642 4793 5970
f 5642 5970 5640
f 5971 5972 5973
f 5973 5972 5914
f 5973 5914 5974
f 5974 5914 5896
f 5974 5896 5975
f 5975 5896 5898
f 5975 5898 5976
f 4754 4753 5977
f 5977 4753 4756
f 5977 4756 5978
f 5963 5979 5964
f 5964 5979 4750
f 5964 4750 5965
f 5965 4750 5980
f 5965 5980 5961
f 5961 5980 5981
f 5961 5981 5962
f 5962 5981 5982
f 5962 5982 5955
f 5955 5982 5983
f 5955 5983 5956
f 5956 5983 5984
f 5956 5984 5937
f 5937 5984 5985
f 5937 5985 5922
f 5922 5985 5986
f 5922 5986 5923
f 5923 5986 5987
f 4750 4752 5980
f 5980 4752 5988
f 5980 5988 5981
f 5981 5988 4755
f 5981 4755 5982
f 5982 4755 4754
f 5982 4754 5983
f 5983 4754 5977
f 5983 5977 5984
f 5984 5977 5978
f 5984 5978 5985
f 5979 4751 4750
f 4817 4816 5484
f 5484 4816 5488
f 5484 5488 5938
f 5938 5488 5490
f 5938 5490 5939
f 5939 5490 5492
f 5939 5492 5532
f 5532 5492 5493
f 5532 5493 5530
f 5530 5493 5544
f 5530 5544 5963
f 5963 5544 5543
f 5963 5543 5979
f 5979 5543 4751
f 4757 4753 5989
f 5989 4753 4755
f 5989 4755 5990
f 5990 4755 5988
f 5990 5988 5991
f 5991 5988 4752
f 5991 4752 4751
f 5992 5993 5994
f 5994 5993 5995
f 5994 5995 5996
f 5996 5995 5997
f 5996 5997 5998
f 5998 5997 5971
f 5998 5971 5999
f 5999 5971 5973
f 5999 5973 6000
f 6000 5973 5974
f 6000 5974 6001
f 6001 5974 5975
f 6001 5975 6002
f 6002 5975 5976
f 6002 5976 5987
f 6003 6004 5966
f 5966 6004 6005
f 5966 6005 5900
f 5900 6005 6006
f 5900 6006 5902
f 5902 6006 6007
f 5902 6007 5904
f 5904 6007 4758
f 5904 4758 5906
f 5906 4758 4760
f 5906 4760 5908
f 5908 4760 5669
f 5908 5669 5909
f 5909 5669 5670
f 5909 5670 5910
f 5910 5670 5671
f 5910 5671 5911
f 5911 5671 5645
f 5911 5645 5674
f 5674 5645 5647
f 5674 5647 5672
f 5672 5647 5649
f 5672 5649 4795
f 4795 5649 5651
f 4795 5651 4792
f 4792 5651 5653
f 4792 5653 4793
f 6008 4747 6009
f 6009 4747 4749
f 6009 4749 6010
f 6010 4749 4761
f 6010 4761 6011
f 6011 6012 6010
f 6010 6012 4746
f 6010 4746 6009
f 6009 4746 4744
f 6009 4744 6008
f 6008 4744 4743
f 6008 4743 6013
f 5776 5775 5792
f 5792 5775 6014
f 5792 6014 6015
f 6015 6014 6016
f 6015 6016 6017
f 6013 6016 6008
f 6008 6016 6014
f 6008 6014 4747
f 4747 6014 5775
f 4747 5775 4748
f 4748 5775 4762
f 4748 4762 4761
f 4761 4762 4764
f 4761 4764 6011
f 6018 6019 6020
f 6021 6022 6023
f 6023 6022 6024
f 6020 6025 6018
f 6018 6025 6026
f 6018 6026 6027
f 6027 6026 6028
f 6027 6028 6029
f 6029 6028 6030
f 6029 6030 6031
f 6031 6030 6032
f 6031 6032 6033
f 6034 6035 6036
f 6036 6035 6025
f 6036 6025 6037
f 6037 6025 6020
f 6019 6038 6020
f 6020 6038 6039
f 6020 6039 6037
f 6037 6039 6040
f 6037 6040 6036
f 6036 6040 6041
f 6036 6041 6034
f 6011 5771 6012
f 6012 5771 5773
f 6012 5773 4746
f 4746 5773 6042
f 4746 6042 4745
f 4745 6042 6043
f 4745 6043 4743
f 4743 6043 6044
f 4743 6044 6013
f 6013 6044 6045
f 6013 6045 6046
f 6017 6047 6048
f 6048 6047 6049
f 6048 6049 6050
f 6050 6049 6051
f 6050 6051 6052
f 6017 6016 6047
f 6047 6016 6013
f 6047 6013 6049
f 6049 6013 6046
f 6049 6046 6051
f 6051 6046 6053
f 6051 6053 6052
f 4742 6054 6055
f 6056 6055 6057
f 6057 6055 6054
f 6057 6054 6058
f 4742 4741 6054
f 6054 4741 6059
f 6054 6059 6058
f 6060 6024 6061
f 6061 6024 6022
f 6061 6022 6062
f 6062 6022 6021
f 6062 6021 6063
f 6063 6021 6064
f 6064 6065 6063
f 6063 6065 6066
f 6063 6066 6062
f 6062 6066 5806
f 6062 5806 6061
f 6061 5806 5804
f 6061 5804 6060
f 6060 5804 5802
f 6067 6068 5810
f 5810 6068 6069
f 5810 6069 5811
f 6070 6071 6072
f 6072 6071 6073
f 6072 6073 6067
f 6067 6073 6074
f 6067 6074 6068
f 5795 5801 5793
f 5793 5801 5803
f 5793 5803 5798
f 5798 5803 5805
f 5798 5805 5807
f 5807 5805 5806
f 5807 5806 5810
f 5810 5806 6066
f 5810 6066 6067
f 6067 6066 6065
f 6067 6065 6072
f 4738 6070 4739
f 4739 6070 6072
f 4739 6072 6075
f 6075 6072 6065
f 6075 6065 6076
f 6076 6065 6064
f 6076 6064 6077
f 6077 6064 6021
f 4727 4737 4728
f 4728 4737 4739
f 4728 4739 6078
f 6078 4739 6075
f 6078 6075 6079
f 6079 6075 6076
f 6079 6076 6080
f 6080 6076 6077
f 6080 6077 6035
f 6035 6077 6021
f 6035 6021 6025
f 6025 6021 6023
f 6025 6023 6026
f 6026 6023 6024
f 6026 6024 6028
f 6028 6024 6060
f 6028 6060 6030
f 6030 6060 5802
f 6030 5802 6032
f 6032 5802 5801
f 6032 5801 6033
f 6033 5801 5795
f 6033 5795 5726
f 5726 5795 5797
f 5726 5797 5727
f 4734 4736 6081
f 6081 6082 6083
f 6083 6082 6084
f 6083 6084 6085
f 6085 6084 4733
f 6085 4733 6086
f 6086 4733 4732
f 6087 6088 6089
f 6089 6088 6090
f 6089 6090 6091
f 6091 6090 6092
f 6091 6092 6093
f 6093 6092 4736
f 6093 4736 6094
f 6094 4736 4735
f 6094 4735 6095
f 4751 6096 5992
f 5992 6096 6097
f 5992 6097 5993
f 5993 6097 6098
f 5993 6098 5995
f 5995 6098 6099
f 5995 6099 5997
f 5997 6099 6003
f 5997 6003 5971
f 5971 6003 5966
f 5971 5966 5972
f 5972 5966 5967
f 5972 5967 5914
f 5914 5967 5968
f 5914 5968 5913
f 5913 5968 5969
f 5913 5969 5912
f 5912 5969 5875
f 4751 6100 6096
f 6096 6100 6087
f 6096 6087 6097
f 6097 6087 6089
f 6097 6089 6098
f 6098 6089 6091
f 6098 6091 6099
f 6099 6091 6093
f 6099 6093 6003
f 6003 6093 6094
f 6003 6094 6004
f 6004 6094 6095
f 6004 6095 6005
f 6005 6095 6101
f 6005 6101 6006
f 6006 6101 6102
f 6006 6102 6007
f 6007 6102 5836
f 6007 5836 4758
f 4758 5836 5835
f 4758 5835 4759
f 4759 5835 5834
f 4759 5834 5828
f 5828 5834 4790
f 5828 4790 5665
f 5665 4790 4789
f 5665 4789 5667
f 4731 6103 4729
f 4729 6103 6104
f 4729 6104 4732
f 4732 6104 6105
f 4732 6105 6086
f 4751 6106 6100
f 6100 6106 6107
f 6100 6107 6108
f 6081 4736 6082
f 6082 4736 6092
f 6082 6092 6084
f 6084 6092 6090
f 6084 6090 4733
f 4733 6090 6088
f 4733 6088 4729
f 4729 6088 6087
f 4729 6087 4730
f 4730 6087 6100
f 4730 6100 4731
f 4731 6100 6108
f 4731 6108 6103
f 6103 6108 6109
f 6103 6109 6104
f 6104 6109 6110
f 6104 6110 6105
f 5987 5986 6002
f 6002 5986 5985
f 6002 5985 6001
f 6001 5985 5978
f 6001 5978 6000
f 6000 5978 4756
f 6000 4756 5999
f 5999 4756 4757
f 5999 4757 5998
f 5998 4757 5989
f 5998 5989 5996
f 5996 5989 5990
f 5996 5990 5994
f 5994 5990 5991
f 5994 5991 5992
f 5992 5991 4751
f 6045 6111 6046
f 6046 6111 6112
f 6046 6112 6053
f 6053 6112 6113
f 6053 6113 6114
f 6114 6113 6115
f 6114 6115 6116
f 6116 6115 6117
f 6116 6117 6118
f 6118 6117 6119
f 6118 6119 6120
f 6120 6119 6121
f 6120 6121 6122
f 6122 6121 6123
f 6122 6123 6124
f 6124 6123 6125
f 6124 6125 6126
f 6127 6128 6129
f 6129 6128 6130
f 6129 6130 6131
f 6131 6130 6132
f 6131 6132 6133
f 6133 6132 6134
f 6133 6134 6135
f 6135 6134 6136
f 6135 6136 6137
f 6041 6138 6034
f 6034 6138 6139
f 6034 6139 6035
f 6035 6139 6137
f 6035 6137 6080
f 6080 6137 6136
f 6080 6136 6079
f 6079 6136 6134
f 6079 6134 6078
f 6078 6134 6132
f 6078 6132 4728
f 4728 6132 6130
f 4728 6130 4726
f 4726 6130 6128
f 6138 4740 6139
f 6139 4740 4742
f 6139 4742 6137
f 6137 4742 6055
f 6137 6055 6135
f 6135 6055 6056
f 6135 6056 6133
f 6133 6056 6140
f 6133 6140 6131
f 6131 6140 6141
f 6131 6141 6129
f 6129 6141 6142
f 6129 6142 6127
f 6127 6142 6143
f 6144 6107 6145
f 6145 6107 6106
f 6145 6106 4751
f 6146 6147 6148
f 6148 6147 6149
f 6148 6149 6150
f 6125 6146 6126
f 6126 6146 6148
f 6126 6148 6151
f 6151 6148 6150
f 6151 6150 5078
f 5078 6150 6152
f 5078 6152 5076
f 5076 6152 4751
f 4751 6152 6145
f 6145 6152 6150
f 6145 6150 6144
f 6144 6150 6149
f 6144 6149 6107
f 6107 6149 6147
f 6107 6147 6108
f 6108 6147 6146
f 6108 6146 6109
f 6109 6146 6125
f 6109 6125 6110
f 6110 6125 6123
f 6110 6123 6105
f 6105 6123 6121
f 6105 6121 6086
f 6086 6121 6119
f 6086 6119 6085
f 6085 6119 6117
f 6085 6117 6083
f 6083 6117 6115
f 6083 6115 6081
f 6081 6115 6113
f 6081 6113 4734
f 4734 6113 6112
f 4734 6112 4735
f 4735 6112 6111
f 4735 6111 6095
f 6095 6111 6045
f 6095 6045 6101
f 6101 6045 6044
f 6101 6044 6102
f 6102 6044 6043
f 6102 6043 5836
f 5836 6043 6042
f 5836 6042 5837
f 5837 6042 5773
f 5837 5773 5838
f 5838 5773 5772
f 5838 5772 5839
f 5839 5772 6153
f 5839 6153 4788
f 4788 6153 6154
f 4788 6154 4789
f 4789 6154 6155
f 4789 6155 5667
f 5667 6155 6156
f 5667 6156 5668
f 5668 6156 6157
f 5668 6157 5832
f 5832 6157 6158
f 5832 6158 5656
f 5656 6158 6159
f 5656 6159 5658
f 4880 5077 4881
f 4881 5077 5076
f 4881 5076 4751
f 4922 5728 4923
f 4923 5728 5727
f 4923 5727 4924
f 4924 5727 5797
f 4924 5797 4929
f 4929 5797 5796
f 4929 5796 4930
f 4930 5796 5794
f 4930 5794 4932
f 4932 5794 5800
f 4932 5800 4933
f 4933 5800 5799
f 4933 5799 4935
f 4935 5799 5809
f 4935 5809 4936
f 4936 5809 5808
f 4936 5808 4938
f 4938 5808 5812
f 4938 5812 4939
f 4939 5812 5811
f 4939 5811 5036
f 5036 5811 6069
f 5036 6069 5037
f 5037 6069 6068
f 5037 6068 5039
f 5039 6068 6074
f 5039 6074 5040
f 5040 6074 6073
f 5040 6073 5042
f 5042 6073 6071
f 5042 6071 5043
f 5043 6071 6070
f 5043 6070 5075
f 5075 6070 4738
f 5075 4738 5074
f 5074 4738 4737
f 5074 4737 5072
f 5072 4737 4727
f 5072 4727 5070
f 5070 4727 4726
f 5070 4726 5068
f 5068 4726 6128
f 5068 6128 5066
f 5066 6128 6127
f 5066 6127 5064
f 5064 6127 6143
f 5064 6143 5085
f 6160 6161 6162
f 6163 4715 6164
f 6164 4715 4714
f 6164 4714 6165
f 4697 4716 6166
f 6166 4716 4715
f 6166 4715 6167
f 6167 4715 6163
f 6167 6163 6168
f 4698 4697 6169
f 6169 4697 6166
f 6169 6166 6170
f 6170 6166 6167
f 6170 6167 6171
f 6171 6167 6168
f 6171 6168 6172
f 6173 6174 4713
f 4713 6174 6175
f 4713 6175 4711
f 6176 6177 6178
f 6178 6177 6179
f 6160 6162 6180
f 6180 6162 6181
f 6180 6181 6182
f 6182 6181 6183
f 6182 6183 6184
f 6184 6183 6185
f 6184 6185 6186
f 6186 6185 6187
f 6186 6187 4702
f 6188 6189 6190
f 6190 6189 6191
f 6190 6191 4703
f 4703 6191 4610
f 4723 4704 4610
f 6192 6165 6193
f 6193 6165 4714
f 6193 4714 6194
f 6194 4714 4716
f 6194 4716 6195
f 6195 4716 4697
f 6195 4697 6196
f 6196 4697 4699
f 6196 4699 6197
f 6198 6192 6199
f 6199 6192 6193
f 6199 6193 6200
f 6200 6193 6194
f 6200 6194 6201
f 6201 6194 6195
f 6201 6195 6202
f 6202 6195 6196
f 6202 6196 6203
f 6203 6196 6197
f 6203 6197 6204
f 6161 6198 4720
f 4720 6198 6199
f 4720 6199 4719
f 4719 6199 6200
f 4719 6200 6205
f 6205 6200 6201
f 6205 6201 6206
f 6206 6201 6202
f 6206 6202 6207
f 6207 6202 6203
f 6207 6203 6208
f 6208 6203 6204
f 6208 6204 6209
f 4718 4719 4717
f 4717 4719 6205
f 4717 6205 6210
f 6210 6205 6206
f 6210 6206 6211
f 6211 6206 6207
f 6211 6207 6212
f 6212 6207 6208
f 6212 6208 6213
f 6213 6208 6209
f 6213 6209 6214
f 6215 6214 6216
f 6216 6214 6209
f 6216 6209 6217
f 6217 6209 6204
f 6217 6204 6218
f 6218 6204 6197
f 6218 6197 6219
f 6219 6197 4699
f 6219 4699 6220
f 6220 4699 4698
f 6220 4698 6221
f 6221 4698 6169
f 6221 6169 6222
f 6222 6169 6170
f 6222 6170 6174
f 6174 6170 6171
f 6174 6171 6175
f 6175 6171 6172
f 6175 6172 4711
f 6223 6215 6224
f 6224 6215 6216
f 6224 6216 6225
f 6225 6216 6217
f 6225 6217 6226
f 6226 6217 6218
f 6226 6218 6227
f 6227 6218 6219
f 6227 6219 6228
f 6228 6219 6220
f 6228 6220 6229
f 6229 6220 6221
f 6229 6221 6230
f 6230 6221 6222
f 6230 6222 6231
f 6231 6222 6174
f 6231 6174 6232
f 6232 6174 6173
f 6233 6234 6235
f 6235 6234 6236
f 6235 6236 6237
f 6237 6236 6238
f 6237 6238 6239
f 6239 6238 6240
f 6239 6240 6241
f 6241 6240 6242
f 6241 6242 6243
f 6243 6242 6244
f 6243 6244 6245
f 6245 6244 6246
f 6245 6246 6247
f 6247 6246 6248
f 6247 6248 6249
f 6249 6248 6250
f 6249 6250 6251
f 6251 6250 6252
f 6251 6252 6253
f 6253 6252 6254
f 6253 6254 6176
f 4695 4694 6255
f 6255 4694 6256
f 6255 6256 6233
f 6233 6256 6257
f 6233 6257 6234
f 6176 6178 6253
f 6253 6178 6258
f 6253 6258 6251
f 6251 6258 6259
f 6251 6259 6249
f 6249 6259 6260
f 6249 6260 6247
f 6247 6260 6261
f 6247 6261 6245
f 6245 6261 6262
f 6245 6262 6243
f 6243 6262 6263
f 6243 6263 6241
f 6241 6263 6264
f 6241 6264 6239
f 6239 6264 6265
f 6239 6265 6237
f 6237 6265 6266
f 6237 6266 6235
f 6235 6266 6267
f 6235 6267 6233
f 6233 6267 6268
f 6233 6268 6255
f 6255 6268 6269
f 6255 6269 4695
f 4691 6270 6271
f 6271 6270 6272
f 6273 6272 6274
f 6274 6272 6270
f 6274 6270 6275
f 6275 6270 4691
f 6275 4691 6276
f 6276 4691 4693
f 6277 6278 6279
f 6279 6278 6280
f 6279 6280 6281
f 6281 6280 6282
f 6281 6282 6283
f 6283 6282 6284
f 6283 6284 6285
f 6285 6284 6286
f 4689 4688 6287
f 6287 4688 6288
f 6287 6288 6289
f 6290 6291 6292
f 6292 6291 6293
f 6292 6293 6294
f 6295 6296 6297
f 6297 6296 6298
f 6297 6298 6299
f 6299 6298 6300
f 6299 6300 6301
f 6301 6300 6302
f 6303 6291 6304
f 6304 6291 6290
f 6304 6290 6305
f 6305 6290 6306
f 6305 6306 6307
f 6308 6309 6310
f 6310 6309 6311
f 6310 6311 6312
f 6312 6311 6313
f 6312 6313 6314
f 6314 6313 6315
f 6314 6315 6316
f 6308 6303 6309
f 6309 6303 6304
f 6309 6304 6311
f 6311 6304 6305
f 6311 6305 6313
f 6313 6305 6307
f 6313 6307 6315
f 6296 6294 6298
f 6298 6294 6293
f 6298 6293 6300
f 6300 6293 6291
f 6300 6291 6302
f 6302 6291 6303
f 6302 6303 6317
f 6317 6303 6308
f 6317 6308 6318
f 6318 6308 6310
f 6319 6320 6321
f 6321 6320 6322
f 6321 6322 6323
f 6323 6322 6324
f 6323 6324 6325
f 6325 6324 6326
f 6325 6326 6327
f 6327 6326 6328
f 6327 6328 6329
f 6320 6330 6322
f 6322 6330 6331
f 6322 6331 6324
f 6324 6331 6332
f 6324 6332 6326
f 6326 6332 6333
f 6326 6333 6328
f 6334 4686 6335
f 6335 4686 4685
f 6335 4685 6336
f 6330 6337 6331
f 6331 6337 6338
f 6331 6338 6332
f 6332 6338 6336
f 6332 6336 6333
f 6333 6336 4685
f 6333 4685 6328
f 6328 4685 4687
f 6328 4687 6329
f 6329 4687 6339
f 6340 6341 6342
f 6342 6341 6343
f 6342 6343 6344
f 6344 6343 6345
f 6344 6345 6346
f 6346 6345 6347
f 6346 6347 6348
f 6348 6347 6349
f 6348 6349 6350
f 6351 6352 6353
f 6353 6352 6354
f 6353 6354 6355
f 6355 6354 6356
f 6355 6356 6357
f 6357 6356 6358
f 6357 6358 6359
f 6359 6358 6360
f 6359 6360 6361
f 6361 6360 6362
f 6363 6364 6365
f 6366 6367 6350
f 6350 6367 6368
f 6350 6368 6348
f 6348 6368 6369
f 6348 6369 6346
f 6346 6369 6370
f 6346 6370 6344
f 6344 6370 6371
f 6344 6371 6342
f 6342 6371 6372
f 6342 6372 6340
f 6341 6351 6343
f 6343 6351 6353
f 6343 6353 6345
f 6345 6353 6355
f 6345 6355 6347
f 6347 6355 6357
f 6347 6357 6349
f 6349 6357 6359
f 6349 6359 6350
f 6350 6359 6361
f 6350 6361 6366
f 6366 6361 6362
f 6366 6362 6373
f 6373 6362 6374
f 6363 6365 6375
f 6375 6365 6376
f 6375 6376 6377
f 6377 6376 6378
f 6377 6378 6379
f 6379 6378 6380
f 6379 6380 6381
f 6364 6382 6365
f 6365 6382 6383
f 6365 6383 6376
f 6376 6383 6384
f 6376 6384 6378
f 6378 6384 6385
f 6378 6385 6380
f 6364 6386 6382
f 6382 6386 6387
f 6382 6387 6383
f 6383 6387 6388
f 6383 6388 6384
f 6384 6388 6389
f 6384 6389 6385
f 6390 6334 6391
f 6391 6334 6335
f 6391 6335 6392
f 6392 6335 6336
f 6392 6336 6393
f 6393 6336 6338
f 6393 6338 6394
f 6394 6338 6337
f 6395 6396 6397
f 6397 6396 6398
f 6397 6398 6399
f 6399 6398 6400
f 6399 6400 6401
f 6401 6400 6402
f 6401 6402 6403
f 6403 6402 6404
f 6403 6404 6405
f 6405 6404 6406
f 6405 6406 6407
f 6407 6406 6408
f 6407 6408 6409
f 6409 6408 6410
f 6396 6411 6398
f 6398 6411 6412
f 6398 6412 6400
f 6400 6412 6413
f 6400 6413 6402
f 6402 6413 6414
f 6402 6414 6404
f 6404 6414 6415
f 6404 6415 6406
f 6406 6415 6416
f 6406 6416 6408
f 6408 6416 6417
f 6408 6417 6410
f 6410 6417 6418
f 6419 6420 6421
f 6421 6420 6422
f 6421 6422 6423
f 6423 6422 6424
f 6423 6424 6425
f 6425 6424 6426
f 6427 6428 6429
f 4679 4678 6430
f 6430 4678 6431
f 6430 6431 6432
f 6432 6431 6427
f 6432 6427 4675
f 4675 6427 6429
f 4675 6429 4676
f 6433 6434 6435
f 6435 6434 6436
f 6435 6436 6437
f 6437 6436 6438
f 6439 6438 6440
f 6440 6438 6436
f 6440 6436 6441
f 6441 6436 6434
f 4682 4683 4681
f 4681 4683 6442
f 4681 6442 6443
f 6443 6442 6444
f 6443 6444 6445
f 6445 6444 6446
f 6445 6446 6447
f 4680 4681 4678
f 4678 4681 6443
f 4678 6443 6431
f 6431 6443 6445
f 6431 6445 6427
f 6427 6445 6447
f 6427 6447 6428
f 6448 6449 6450
f 6450 6449 6451
f 6450 6451 6452
f 6452 6451 6453
f 6452 6453 6454
f 6454 6453 6455
f 6454 6455 6456
f 6456 6455 6457
f 6456 6457 6458
f 4673 4672 6459
f 6459 4672 6460
f 6459 6460 6461
f 6461 6460 6462
f 6461 6462 6463
f 6463 6462 6464
f 6463 6464 6465
f 6465 6464 6466
f 6465 6466 6467
f 6467 6466 6468
f 6467 6468 6469
f 6469 6468 6470
f 6469 6470 6471
f 6471 6470 6390
f 6471 6390 6472
f 6472 6390 6391
f 6472 6391 6473
f 6473 6391 6392
f 6473 6392 6474
f 6474 6392 6393
f 6474 6393 6367
f 6367 6393 6394
f 6367 6394 6368
f 6368 6394 6337
f 6368 6337 6369
f 6369 6337 6330
f 6369 6330 6370
f 6370 6330 6320
f 6370 6320 6371
f 6371 6320 6319
f 6371 6319 6372
f 4670 4669 6475
f 6475 4669 6476
f 6475 6476 6477
f 6477 6476 6458
f 6477 6458 6478
f 6478 6458 6457
f 6478 6457 6479
f 6480 6439 4677
f 4677 6439 6440
f 4677 6440 4675
f 4675 6440 6441
f 4675 6441 6432
f 6432 6441 6434
f 6432 6434 6430
f 6430 6434 6433
f 6430 6433 4679
f 6288 6481 6289
f 6289 6481 6482
f 6289 6482 6483
f 6483 6482 6484
f 6483 6484 6485
f 6481 6486 6482
f 6482 6486 6487
f 6482 6487 6484
f 6484 6487 6488
f 6484 6488 6485
f 6485 6488 6489
f 6485 6489 6490
f 6490 6489 6491
f 6490 6491 6492
f 6278 6493 6280
f 6280 6493 4690
f 6280 4690 6282
f 6282 4690 4689
f 6282 4689 6284
f 6284 4689 6287
f 6284 6287 6286
f 6286 6287 6289
f 6286 6289 6494
f 6494 6289 6483
f 6494 6483 6495
f 6495 6483 6485
f 6495 6485 6496
f 6496 6485 6490
f 6496 6490 6497
f 6497 6490 6492
f 6498 6499 6426
f 6426 6499 6500
f 6426 6500 6425
f 6425 6500 6501
f 6425 6501 6423
f 6423 6501 6502
f 6423 6502 6421
f 6421 6502 6503
f 6421 6503 6419
f 6419 6503 6504
f 6505 6506 6507
f 6507 6506 6508
f 6479 6509 6478
f 6478 6509 6510
f 6478 6510 6477
f 6477 6510 6511
f 6477 6511 6475
f 6475 6511 6512
f 6475 6512 4670
f 6449 6498 6451
f 6451 6498 6513
f 6451 6513 6453
f 6453 6513 6514
f 6453 6514 6455
f 6455 6514 6515
f 6455 6515 6457
f 6457 6515 6516
f 6457 6516 6479
f 6479 6516 6517
f 6479 6517 6509
f 6509 6517 6518
f 6509 6518 6510
f 6510 6518 6519
f 6510 6519 6511
f 6511 6519 6520
f 6511 6520 6512
f 6498 6426 6513
f 6513 6426 6424
f 6513 6424 6514
f 6514 6424 6422
f 6514 6422 6515
f 6515 6422 6420
f 6515 6420 6516
f 6516 6420 6419
f 6516 6419 6517
f 6517 6419 6504
f 6517 6504 6518
f 6518 6504 6521
f 6518 6521 6519
f 6519 6521 6522
f 6519 6522 6520
f 6520 6523 6512
f 6512 6523 6524
f 6512 6524 4670
f 4670 6524 6525
f 4670 6525 4671
f 4671 6525 6526
f 4671 6526 6527
f 6527 6526 6528
f 6527 6528 6529
f 6529 6528 6530
f 6523 6531 6524
f 6524 6531 6532
f 6524 6532 6525
f 6525 6532 6533
f 6525 6533 6526
f 6526 6533 6534
f 6526 6534 6528
f 6528 6534 6535
f 6528 6535 6530
f 6499 4667 6500
f 6500 4667 4666
f 6500 4666 6501
f 6501 4666 6536
f 6501 6536 6502
f 6502 6536 6537
f 6502 6537 6503
f 6503 6537 6538
f 6503 6538 6504
f 6504 6538 6539
f 6504 6539 6521
f 6521 6539 6540
f 6521 6540 6522
f 6541 6505 6542
f 6542 6505 6507
f 6542 6507 6492
f 6492 6507 6508
f 6492 6508 6497
f 6352 6277 6354
f 6354 6277 6279
f 6354 6279 6356
f 6356 6279 6281
f 6356 6281 6358
f 6358 6281 6283
f 6358 6283 6360
f 6360 6283 6285
f 6360 6285 6362
f 6362 6285 6286
f 6362 6286 6374
f 6374 6286 6494
f 6374 6494 4668
f 4668 6494 6495
f 4668 6495 4666
f 4666 6495 6496
f 4666 6496 6536
f 6536 6496 6497
f 6536 6497 6537
f 6537 6497 6508
f 6537 6508 6538
f 6538 6508 6506
f 6538 6506 6539
f 6539 6506 6505
f 6539 6505 6540
f 6540 6505 6541
f 6493 6295 4690
f 4690 6295 6297
f 4690 6297 4688
f 4688 6297 6299
f 4688 6299 6288
f 6288 6299 6301
f 6288 6301 6481
f 6481 6301 6302
f 6481 6302 6486
f 6486 6302 6317
f 6486 6317 6487
f 6487 6317 6318
f 6487 6318 6488
f 6488 6318 6543
f 6488 6543 6489
f 6489 6543 6544
f 6489 6544 6491
f 6491 6544 6545
f 6491 6545 6492
f 6492 6545 6546
f 6492 6546 6542
f 6542 6546 6547
f 6542 6547 6541
f 6310 6548 6318
f 6318 6548 6549
f 6318 6549 6543
f 6543 6549 6550
f 6543 6550 6544
f 6544 6550 6551
f 6544 6551 6545
f 6545 6551 6552
f 6545 6552 6546
f 6546 6552 6553
f 6546 6553 6547
f 6547 6553 6554
f 6547 6554 6541
f 6541 6554 6555
f 6541 6555 6540
f 6540 6555 6556
f 6540 6556 6522
f 6522 6556 6557
f 6522 6557 6520
f 6520 6557 6558
f 6520 6558 6523
f 6523 6558 6559
f 6523 6559 6531
f 6531 6559 6560
f 6531 6560 6532
f 6532 6560 6561
f 6532 6561 6533
f 6533 6561 6562
f 6533 6562 6534
f 6534 6562 6563
f 6534 6563 6535
f 6564 6565 6566
f 6566 6565 6567
f 6566 6567 6568
f 6568 6567 6569
f 6568 6569 6570
f 6570 6569 6571
f 6570 6571 6572
f 6572 6571 6573
f 6572 6573 6574
f 6574 6573 6575
f 6574 6575 6576
f 6576 6575 6577
f 6576 6577 6578
f 6578 6577 6579
f 6578 6579 6580
f 6580 6579 6581
f 6580 6581 6582
f 6582 6581 6583
f 6582 6583 6584
f 6584 6583 6585
f 6584 6585 6586
f 6586 6585 6587
f 6586 6588 6584
f 6584 6588 6589
f 6584 6589 6582
f 6582 6589 6590
f 6582 6590 6580
f 6580 6590 6591
f 6580 6591 6578
f 6578 6591 6592
f 6578 6592 6576
f 6576 6592 6593
f 6576 6593 6574
f 6574 6593 6594
f 6574 6594 6572
f 6572 6594 6595
f 6572 6595 6570
f 6570 6595 6596
f 6570 6596 6568
f 6568 6596 6597
f 6568 6597 6566
f 6566 6597 6598
f 6566 6598 6564
f 6564 6598 6599
f 6600 6601 6602
f 6602 6601 6603
f 6602 6603 6604
f 6604 6603 6605
f 6604 6605 6606
f 6606 6605 6607
f 6606 6607 6608
f 6608 6607 6609
f 6608 6609 6610
f 6610 6609 6611
f 6610 6611 6612
f 6612 6611 6613
f 6612 6613 6614
f 6601 6599 6603
f 6603 6599 6598
f 6603 6598 6605
f 6605 6598 6597
f 6605 6597 6607
f 6607 6597 6596
f 6607 6596 6609
f 6609 6596 6595
f 6609 6595 6611
f 6611 6595 6594
f 6611 6594 6613
f 6613 6594 6593
f 6613 6593 6614
f 6615 6600 6616
f 6616 6600 6602
f 6616 6602 6617
f 6617 6602 6604
f 6617 6604 6618
f 6618 6604 6606
f 6618 6606 6619
f 6619 6606 6608
f 6619 6608 6620
f 6620 6608 6610
f 6620 6610 6621
f 6621 6610 6612
f 6621 6612 6622
f 6622 6612 6614
f 6622 6614 6623
f 6623 6614 6593
f 6623 6593 6624
f 6624 6593 6592
f 6624 6592 6625
f 6625 6592 6591
f 6625 6591 6626
f 6626 6591 6590
f 6626 6590 5654
f 5654 6590 6589
f 5654 6589 5653
f 5653 6589 6588
f 5653 6588 4793
f 4793 6588 6586
f 4793 6586 5970
f 5970 6586 6587
f 5970 6587 5640
f 6565 4663 6567
f 6567 4663 4665
f 6567 4665 6569
f 6569 4665 6627
f 6569 6627 6571
f 6571 6627 6628
f 6571 6628 6573
f 6573 6628 5586
f 6573 5586 6575
f 6575 5586 5587
f 6575 5587 6577
f 6577 5587 5588
f 6577 5588 6579
f 6579 5588 5589
f 6579 5589 6581
f 6581 5589 5590
f 6581 5590 6583
f 6583 5590 5591
f 6583 5591 6585
f 6585 5591 5592
f 6585 5592 6587
f 6587 5592 5593
f 6587 5593 5640
f 5640 5593 5599
f 5640 5599 5641
f 5641 5599 5597
f 5641 5597 5643
f 5643 5597 5595
f 5643 5595 5644
f 5644 5595 5594
f 5644 5594 5887
f 5887 5594 5889
f 5887 5889 5885
f 5885 5889 5890
f 5885 5890 5883
f 5883 5890 5891
f 5883 5891 5881
f 5881 5891 5892
f 5881 5892 5879
f 5879 5892 5893
f 5879 5893 5877
f 5877 5893 5895
f 5877 5895 5875
f 5875 5895 5894
f 5875 5894 5912
f 5912 5894 5874
f 5912 5874 5897
f 5897 5874 5861
f 5897 5861 5898
f 5898 5861 5862
f 5898 5862 5976
f 5976 5862 5863
f 5976 5863 5987
f 5987 5863 5864
f 5987 5864 5923
f 5923 5864 5865
f 5923 5865 5921
f 5921 5865 5866
f 5921 5866 5919
f 5919 5866 5840
f 5919 5840 5917
f 5917 5840 5547
f 5917 5547 5915
f 5915 5547 5549
f 5915 5549 5932
f 5932 5549 5551
f 5932 5551 5930
f 5930 5551 5553
f 5930 5553 5928
f 5928 5553 5555
f 5928 5555 5926
f 5926 5555 5475
f 5926 5475 5482
f 5482 5475 5473
f 5482 5473 5483
f 5483 5473 5471
f 5483 5471 5485
f 5485 5471 5469
f 5485 5469 4817
f 4817 5469 5468
f 4817 5468 4818
f 4818 5468 5467
f 4818 5467 5486
f 5486 5467 5466
f 5486 5466 5546
f 5546 5466 5480
f 5546 5480 4815
f 4815 5480 5479
f 4815 5479 4813
f 4813 5479 5478
f 4813 5478 4814
f 4814 5478 5477
f 4814 5477 5481
f 5481 5477 5476
f 5481 5476 4810
f 4810 5476 5198
f 4810 5198 4751
f 6530 6629 6529
f 6529 6629 6630
f 6529 6630 6527
f 6527 6630 6631
f 6527 6631 4671
f 4671 6631 4674
f 4671 4674 4669
f 4669 4674 4673
f 4669 4673 6476
f 6476 4673 6459
f 6476 6459 6458
f 6458 6459 6461
f 6458 6461 6456
f 6456 6461 6463
f 6456 6463 6454
f 6454 6463 6465
f 6454 6465 6452
f 6452 6465 6467
f 6452 6467 6450
f 6450 6467 6469
f 6450 6469 6448
f 6448 6469 6471
f 6448 6471 6381
f 6381 6471 6472
f 6381 6472 6379
f 6379 6472 6473
f 6379 6473 6377
f 6377 6473 6474
f 6377 6474 6375
f 6375 6474 6367
f 6375 6367 6363
f 6363 6367 6366
f 6363 6366 6364
f 6364 6366 6373
f 6364 6373 6386
f 6386 6373 6374
f 6386 6374 6387
f 6387 6374 4668
f 6387 4668 6388
f 6388 4668 4667
f 6388 4667 6389
f 6389 4667 6499
f 6389 6499 6385
f 6385 6499 6498
f 6385 6498 6380
f 6380 6498 6449
f 6380 6449 6381
f 6381 6449 6448
f 6632 6633 6634
f 6632 6634 6635
f 6635 6634 6636
f 6635 6636 6637
f 6637 4661 6635
f 6635 4661 4662
f 6635 4662 6632
f 6632 4662 6638
f 6632 6638 6633
f 6633 6638 6639
f 6636 6640 6637
f 6637 6640 6641
f 6637 6641 4661
f 4661 6641 6642
f 4661 6642 4610
f 6188 6639 6189
f 6189 6639 6638
f 6189 6638 6191
f 6191 6638 4662
f 6191 4662 4610
f 6643 6640 6644
f 6644 6640 6636
f 6644 6636 6645
f 6645 6636 6634
f 6645 6634 6646
f 6646 6634 6633
f 6646 6633 6647
f 6647 6633 6639
f 6647 6639 6648
f 6648 6639 6188
f 6649 4659 6650
f 6650 4659 4658
f 6650 4658 6651
f 6652 6649 6653
f 6653 6649 6650
f 6653 6650 6654
f 6654 6650 6651
f 6654 6651 6655
f 4706 4705 6656
f 6656 4705 6657
f 6656 6657 6658
f 6658 6657 6659
f 6658 6659 6660
f 6660 6659 6661
f 6660 6661 6662
f 6662 6661 6663
f 6662 6663 6664
f 6664 6663 6665
f 6664 6665 6666
f 6666 6665 6667
f 6666 6667 6668
f 6669 6667 6670
f 6670 6667 6665
f 6670 6665 6671
f 6671 6665 6663
f 6671 6663 6672
f 6672 6663 6661
f 6672 6661 6673
f 6673 6661 6659
f 6673 6659 6674
f 6674 6659 6657
f 6674 6657 6675
f 6675 6657 4705
f 6675 4705 6676
f 6676 4705 4707
f 6676 4707 4709
f 6677 6678 6679
f 6679 6678 6680
f 6679 6680 6681
f 6681 6680 6682
f 6681 6682 6683
f 6683 6682 6684
f 6683 6684 6685
f 6685 6684 6686
f 6685 6686 6687
f 6687 6686 6688
f 6687 6688 6689
f 6689 6688 6690
f 6689 6690 6691
f 6691 6690 6692
f 6691 6692 6693
f 6693 6692 4708
f 4710 4717 4708
f 4708 4717 6210
f 4708 6210 6693
f 6693 6210 6211
f 6693 6211 6691
f 6691 6211 6212
f 6691 6212 6689
f 6689 6212 6213
f 6689 6213 6687
f 6687 6213 6214
f 6687 6214 6685
f 6685 6214 6215
f 6685 6215 6683
f 6683 6215 6223
f 6683 6223 6681
f 6681 6223 6694
f 6681 6694 6679
f 6679 6694 6695
f 6679 6695 6677
f 6269 6696 4695
f 4695 6696 6697
f 4695 6697 4696
f 4696 6697 6698
f 4696 6698 6699
f 4709 4708 6676
f 6676 4708 6692
f 6676 6692 6675
f 6675 6692 6690
f 6675 6690 6674
f 6674 6690 6688
f 6674 6688 6673
f 6673 6688 6686
f 6673 6686 6672
f 6672 6686 6684
f 6672 6684 6671
f 6671 6684 6682
f 6671 6682 6670
f 6670 6682 6680
f 6670 6680 6669
f 6669 6680 6678
f 6669 6678 4656
f 6700 6701 6702
f 6703 6704 6705
f 6705 6704 6706
f 6705 6706 6707
f 6707 6706 6708
f 6707 6708 6709
f 6709 6708 6710
f 4657 4656 6711
f 6711 4656 6678
f 6711 6678 6712
f 6712 6678 6677
f 6712 6677 6699
f 6699 6677 6695
f 6699 6695 4696
f 4696 6695 6694
f 4696 6694 4694
f 4694 6694 6223
f 4694 6223 6256
f 6256 6223 6224
f 6256 6224 6257
f 6257 6224 6225
f 6257 6225 6234
f 6234 6225 6226
f 6234 6226 6236
f 6236 6226 6227
f 6236 6227 6238
f 6238 6227 6228
f 6238 6228 6240
f 6240 6228 6229
f 6240 6229 6242
f 6242 6229 6230
f 6242 6230 6244
f 6244 6230 6231
f 6244 6231 6246
f 6246 6231 6232
f 6246 6232 6248
f 6248 6232 6173
f 6248 6173 6250
f 6250 6173 4713
f 6250 4713 6252
f 6252 4713 4712
f 6252 4712 6254
f 6713 6714 6715
f 6716 6714 6655
f 6717 6718 6719
f 6719 6718 6720
f 6719 6720 6721
f 6721 6720 6722
f 6721 6722 6723
f 6723 6722 6724
f 6723 6724 6725
f 6725 6724 6726
f 6725 6726 6727
f 6727 6726 6728
f 6727 6728 6729
f 6729 6728 6730
f 6729 6730 6731
f 6731 6730 6732
f 6731 6732 6733
f 6733 6732 6734
f 6733 6734 6735
f 6735 6734 6736
f 6735 6736 4701
f 4701 4700 6735
f 6735 4700 6737
f 6735 6737 6733
f 6733 6737 6738
f 6733 6738 6731
f 6731 6738 6739
f 6731 6739 6729
f 6729 6739 6740
f 6729 6740 6727
f 6727 6740 6741
f 6727 6741 6725
f 6725 6741 6742
f 6725 6742 6723
f 6723 6742 6743
f 6723 6743 6721
f 6721 6743 6744
f 6721 6744 6719
f 6719 6744 6745
f 6719 6745 6717
f 4653 6710 4654
f 4654 6710 6708
f 4654 6708 4655
f 4655 6708 6706
f 4655 6706 4656
f 4656 6706 6704
f 4656 6704 6669
f 6669 6704 6703
f 6669 6703 6667
f 6667 6703 6705
f 6667 6705 6668
f 6668 6705 6707
f 6668 6707 6746
f 6746 6707 6709
f 6746 6709 6747
f 6161 4720 6162
f 6162 4720 4718
f 6162 4718 6181
f 6181 4718 4710
f 6181 4710 6183
f 6183 4710 4709
f 6183 4709 6185
f 6185 4709 4707
f 6185 4707 6187
f 6187 4707 4706
f 6187 4706 6748
f 6748 4706 6656
f 6748 6656 6749
f 6749 6656 6658
f 6749 6658 6750
f 6750 6658 6660
f 6750 6660 6751
f 6751 6660 6662
f 6751 6662 6752
f 6752 6662 6664
f 6752 6664 6753
f 6753 6664 6666
f 6753 6666 6754
f 6754 6666 6668
f 6754 6668 6755
f 6755 6668 6746
f 6755 6746 6756
f 6756 6746 6747
f 6756 6747 6757
f 6702 6758 6759
f 6759 6758 6760
f 6759 6760 6761
f 6761 6760 6762
f 4702 6187 4700
f 4700 6187 6748
f 4700 6748 6737
f 6737 6748 6749
f 6737 6749 6738
f 6738 6749 6750
f 6738 6750 6739
f 6739 6750 6751
f 6739 6751 6740
f 6740 6751 6752
f 6740 6752 6741
f 6741 6752 6753
f 6741 6753 6742
f 6742 6753 6754
f 6742 6754 6743
f 6743 6754 6755
f 6743 6755 6744
f 6744 6755 6756
f 6744 6756 6745
f 6745 6756 6757
f 6745 6757 6717
f 6763 6762 6764
f 6764 6762 6760
f 6764 6760 6765
f 6765 6760 6758
f 6766 4660 6767
f 6767 4660 4659
f 6767 4659 6768
f 6768 4659 6649
f 6768 6649 6769
f 6769 6649 6652
f 6769 6652 6770
f 6770 6652 6771
f 6770 6771 6772
f 6772 6771 6773
f 6772 6773 6774
f 6774 6773 6775
f 6774 6775 6776
f 6776 6775 6777
f 6776 6777 4648
f 4648 6777 4647
f 4647 6777 6778
f 4647 6778 4649
f 6648 6766 6647
f 6647 6766 6767
f 6647 6767 6646
f 6646 6767 6768
f 6646 6768 6645
f 6645 6768 6769
f 6645 6769 6644
f 6644 6769 6770
f 6644 6770 6643
f 6643 6770 6772
f 6643 6772 6640
f 6640 6772 6774
f 6640 6774 6641
f 6641 6774 6776
f 6641 6776 6642
f 6642 6776 4648
f 6642 4648 4610
f 6779 6780 6781
f 6781 6780 6782
f 6783 6782 6784
f 6784 6782 6780
f 6784 6780 6785
f 6785 6780 6779
f 6785 6779 6786
f 6787 6788 6789
f 6789 6788 6790
f 6789 6790 4610
f 6791 6792 6793
f 6794 6783 6795
f 6795 6783 6784
f 6795 6784 6796
f 6796 6784 6785
f 6796 6785 6797
f 6797 6785 6786
f 6797 6786 6798
f 6798 6786 6799
f 6798 6799 6800
f 6800 6799 6801
f 6800 6801 6802
f 6791 6793 6803
f 6803 6793 6804
f 6803 6804 6805
f 6781 6792 6779
f 6779 6792 6791
f 6779 6791 6786
f 6786 6791 6803
f 6786 6803 6799
f 6799 6803 6805
f 6799 6805 6801
f 6806 6794 6807
f 6807 6794 6795
f 6807 6795 6808
f 6808 6795 6796
f 6808 6796 6809
f 6809 6796 6797
f 6809 6797 6810
f 6810 6797 6798
f 6810 6798 6811
f 6811 6798 6800
f 6811 6800 6812
f 6812 6800 6802
f 6812 6802 6813
f 6713 6715 6814
f 6814 6715 6815
f 6814 6815 6816
f 6817 6816 6818
f 6818 6816 6815
f 6818 6815 6819
f 6819 6815 6715
f 6819 6715 6820
f 6820 6715 6714
f 6821 6822 6823
f 6823 6822 6824
f 6823 6824 6825
f 6826 6827 6821
f 6821 6827 6828
f 6821 6828 6822
f 6822 6828 6829
f 6822 6829 6824
f 6714 6716 6820
f 6820 6716 4652
f 6820 4652 6819
f 6819 4652 6830
f 6819 6830 6818
f 6818 6830 6831
f 6818 6831 6832
f 6832 6831 6833
f 6832 6833 6834
f 6834 6833 6835
f 6834 6835 6836
f 6817 6818 6837
f 6837 6818 6832
f 6837 6832 6826
f 6826 6832 6834
f 6826 6834 6827
f 6827 6834 6836
f 6827 6836 6838
f 6839 6840 6841
f 6841 6840 6842
f 6841 6842 6843
f 6844 6845 6846
f 6846 6845 6847
f 6846 6847 6848
f 6843 6842 6849
f 6849 6842 6850
f 6849 6850 6851
f 6851 6850 6852
f 6851 6852 6853
f 6853 6852 6854
f 6853 6854 6855
f 6855 6854 6856
f 6855 6856 6857
f 6857 6856 6858
f 6857 6858 6859
f 6859 6858 4651
f 6859 4651 6763
f 6763 4651 4650
f 6763 4650 6762
f 6762 4650 6860
f 6762 6860 6761
f 6861 6418 6862
f 6862 6418 6417
f 6862 6417 6863
f 6863 6417 6416
f 6863 6416 6864
f 6864 6416 6415
f 6864 6415 6865
f 6865 6415 6414
f 6865 6414 6866
f 6866 6414 6413
f 6866 6413 6867
f 6867 6413 6412
f 6867 6412 6868
f 6868 6412 6411
f 6868 6411 6869
f 6869 6411 6396
f 6869 6396 6870
f 6870 6396 6395
f 6871 4645 6872
f 6872 4645 4644
f 6872 4644 6873
f 6874 6873 6875
f 6875 6873 4644
f 6875 4644 6876
f 6876 4644 4646
f 6876 4646 6877
f 6878 6877 6879
f 6879 6877 4646
f 6879 4646 6880
f 6880 4646 4645
f 6880 4645 6870
f 6870 4645 6871
f 6870 6871 6869
f 6881 6882 6883
f 6883 6882 6884
f 6883 6884 6885
f 6885 6884 6886
f 6885 6886 6887
f 6887 6886 6888
f 6887 6888 6889
f 6889 6888 6890
f 6891 6892 6893
f 6894 6895 6896
f 6896 6895 6897
f 6896 6897 6898
f 6898 6897 6899
f 6898 6899 6900
f 6900 6899 6901
f 6894 6902 6895
f 6895 6902 6903
f 6895 6903 6897
f 6897 6903 6904
f 6897 6904 6899
f 6899 6904 6905
f 6899 6905 6901
f 6409 4684 6407
f 6407 4684 4682
f 6407 4682 6405
f 6405 4682 4680
f 6405 4680 6403
f 6403 4680 4679
f 6403 4679 6401
f 6401 4679 6433
f 6401 6433 6399
f 6399 6433 6435
f 6399 6435 6397
f 6397 6435 6437
f 6397 6437 6395
f 6395 6437 6438
f 6395 6438 6870
f 6870 6438 6439
f 6870 6439 6880
f 6880 6439 6480
f 6880 6480 6879
f 6879 6480 6906
f 6879 6906 6878
f 6878 6906 6907
f 6878 6907 6908
f 6908 6907 6909
f 6910 6911 6912
f 6563 6909 6535
f 6535 6909 6907
f 6535 6907 6530
f 6530 6907 6906
f 6530 6906 6629
f 6629 6906 6480
f 6629 6480 6630
f 6630 6480 4677
f 6630 4677 6631
f 6631 4677 4676
f 6631 4676 4674
f 4674 4676 6429
f 4674 6429 4672
f 4672 6429 6428
f 4672 6428 6460
f 6460 6428 6447
f 6460 6447 6462
f 6462 6447 6446
f 6462 6446 6464
f 6464 6446 6444
f 6464 6444 6466
f 6466 6444 6442
f 6466 6442 6468
f 6468 6442 4683
f 6468 4683 6470
f 6470 4683 4684
f 6470 4684 6390
f 6390 4684 6409
f 6390 6409 6334
f 6334 6409 6410
f 6334 6410 4686
f 4686 6410 6418
f 4686 6418 4687
f 4687 6418 6861
f 4687 6861 6339
f 6913 6914 6915
f 6915 6914 6916
f 6915 6916 6917
f 6917 6916 6918
f 6917 6918 6919
f 6919 6918 6920
f 6919 6920 6921
f 6624 6922 6623
f 6623 6922 6923
f 6623 6923 6622
f 6622 6923 6924
f 6622 6924 6621
f 6621 6924 6925
f 6621 6925 6620
f 6620 6925 6926
f 6620 6926 6619
f 6619 6926 6927
f 6619 6927 6618
f 6618 6927 6928
f 6618 6928 6617
f 6617 6928 6929
f 6617 6929 6616
f 6616 6929 6930
f 6616 6930 6615
f 6615 6930 6931
f 6615 6931 6932
f 6932 6931 6910
f 6932 6910 6881
f 6881 6910 6912
f 6881 6912 6882
f 5616 6933 5622
f 5622 6933 6934
f 5622 6934 6935
f 6935 6934 6936
f 6935 6936 6937
f 6937 6936 6938
f 6937 6938 6939
f 6939 6938 6940
f 6939 6940 6941
f 6941 6940 6942
f 6941 6942 6943
f 6943 6942 6944
f 6943 6944 6945
f 6945 6944 6946
f 6945 6946 6947
f 6947 6946 6948
f 6947 6948 6949
f 6949 6948 6950
f 6949 6950 6951
f 6951 6950 6952
f 6951 6952 6953
f 6953 6952 6954
f 6953 6954 6955
f 6955 6954 6956
f 6955 6956 6957
f 6957 6956 6958
f 6957 6958 6921
f 6921 6958 6959
f 6921 6959 6919
f 6919 6959 6960
f 6919 6960 6917
f 6917 6960 6961
f 6917 6961 6915
f 6915 6961 6962
f 6915 6962 6913
f 6913 6962 6963
f 6964 6965 6966
f 6966 6965 6967
f 6966 6967 6968
f 6968 6967 6969
f 6968 6969 6970
f 6970 6969 6971
f 6970 6971 6972
f 6972 6971 6973
f 6972 6973 6974
f 6974 6973 6975
f 6974 6975 6976
f 6976 6975 6977
f 6976 6977 6978
f 6978 6977 6979
f 6978 6979 6980
f 6980 6979 6981
f 6980 6981 6982
f 6982 6981 6983
f 6982 6983 6984
f 6984 6983 6985
f 6984 6985 5610
f 5610 6985 6986
f 5610 6986 5608
f 5608 6986 6987
f 5608 6987 5623
f 5623 6987 6988
f 5623 6988 5628
f 6984 6989 6982
f 6982 6989 6990
f 6982 6990 6980
f 6980 6990 6991
f 6980 6991 6978
f 6978 6991 6992
f 6978 6992 6976
f 6976 6992 6993
f 6976 6993 6974
f 6974 6993 6994
f 6974 6994 6972
f 6972 6994 6995
f 6972 6995 6970
f 6970 6995 6996
f 6970 6996 6968
f 6968 6996 6997
f 6968 6997 6966
f 6966 6997 6998
f 6966 6998 6964
f 6964 6998 6999
f 6989 7000 6990
f 6990 7000 7001
f 6990 7001 6991
f 6991 7001 7002
f 6991 7002 6992
f 6992 7002 7003
f 6992 7003 6993
f 6993 7003 7004
f 6993 7004 6994
f 6994 7004 7005
f 6994 7005 6995
f 6995 7005 7006
f 6995 7006 6996
f 6996 7006 7007
f 6996 7007 6997
f 6997 7007 7008
f 6997 7008 6998
f 6998 7008 7009
f 6998 7009 6999
f 6999 7009 7010
f 6933 7011 6934
f 6934 7011 7012
f 6934 7012 6936
f 6936 7012 7013
f 6936 7013 6938
f 6938 7013 7014
f 6938 7014 6940
f 6940 7014 7015
f 6940 7015 6942
f 6942 7015 7016
f 6942 7016 6944
f 6944 7016 7017
f 6944 7017 6946
f 6946 7017 7018
f 6946 7018 6948
f 6948 7018 7019
f 6948 7019 6950
f 6950 7019 7020
f 6950 7020 6952
f 6952 7020 7021
f 6952 7021 6954
f 6954 7021 7022
f 6954 7022 6956
f 6956 7022 7023
f 6956 7023 6958
f 6958 7023 7024
f 6958 7024 6959
f 6959 7024 7025
f 6959 7025 6960
f 6960 7025 7026
f 6960 7026 6961
f 6961 7026 7027
f 6961 7027 6962
f 6962 7027 7028
f 6962 7028 6963
f 6963 7028 7029
f 7030 7031 7032
f 7032 7031 7033
f 7032 7033 7034
f 7034 7033 7035
f 7034 7035 7036
f 7036 7035 7037
f 7036 7037 7038
f 7038 7037 7039
f 7038 7039 6893
f 7030 7040 7031
f 7031 7040 6901
f 7031 6901 7033
f 7033 6901 6905
f 7033 6905 7035
f 7035 6905 6904
f 7035 6904 7037
f 7037 6904 6903
f 7037 6903 7039
f 7039 6903 6902
f 5612 5625 5613
f 5613 5625 5627
f 5613 5627 5615
f 5615 5627 5628
f 5615 5628 5616
f 5616 5628 6988
f 5616 6988 6933
f 6933 6988 6987
f 6933 6987 7011
f 7011 6987 6986
f 7011 6986 7012
f 7012 6986 6985
f 7012 6985 7013
f 7013 6985 6983
f 7013 6983 7014
f 7014 6983 6981
f 7014 6981 7015
f 7015 6981 6979
f 7015 6979 7016
f 7016 6979 6977
f 7016 6977 7017
f 7017 6977 6975
f 7017 6975 7018
f 7018 6975 6973
f 7018 6973 7019
f 7019 6973 6971
f 7019 6971 7020
f 7020 6971 6969
f 7020 6969 7021
f 7021 6969 6967
f 7021 6967 7022
f 7022 6967 6965
f 7022 6965 7023
f 7023 6965 6964
f 7023 6964 7024
f 7024 6964 6999
f 7024 6999 7025
f 7025 6999 7010
f 7025 7010 7026
f 7026 7010 7041
f 7026 7041 7027
f 7027 7041 7042
f 7027 7042 7028
f 7028 7042 7043
f 7028 7043 7029
f 7000 7044 7001
f 7001 7044 7045
f 7001 7045 7002
f 7002 7045 7046
f 7002 7046 7003
f 7003 7046 7047
f 7003 7047 7004
f 7004 7047 7048
f 7004 7048 7005
f 7005 7048 7049
f 7005 7049 7006
f 7006 7049 7050
f 7006 7050 7007
f 7007 7050 7051
f 7007 7051 7008
f 7008 7051 7052
f 7008 7052 7009
f 7009 7052 7053
f 7009 7053 7010
f 7010 7053 7054
f 7010 7054 7041
f 7041 7054 7055
f 7041 7055 7042
f 7042 7055 7056
f 7042 7056 7043
f 7044 7057 7045
f 7045 7057 7058
f 7045 7058 7046
f 7046 7058 7059
f 7046 7059 7047
f 7047 7059 7060
f 7047 7060 7048
f 7048 7060 7061
f 7048 7061 7049
f 7049 7061 7062
f 7049 7062 7050
f 7050 7062 7063
f 7050 7063 7051
f 7051 7063 7064
f 7051 7064 7052
f 7052 7064 7065
f 7052 7065 7053
f 7053 7065 7066
f 7053 7066 7054
f 7054 7066 7067
f 7054 7067 7055
f 7055 7067 7068
f 7055 7068 7056
f 6984 7069 6989
f 6989 7069 7070
f 6989 7070 7000
f 7000 7070 7071
f 7000 7071 7044
f 7044 7071 7072
f 7044 7072 7057
f 7057 7072 7073
f 7057 7073 7058
f 7058 7073 7074
f 7058 7074 7059
f 7059 7074 7075
f 7059 7075 7060
f 7060 7075 7076
f 7060 7076 7061
f 7061 7076 7077
f 7061 7077 7062
f 7062 7077 7078
f 7062 7078 7063
f 7063 7078 7079
f 7063 7079 7064
f 7064 7079 7080
f 7064 7080 7065
f 7065 7080 7081
f 7065 7081 7066
f 7066 7081 7082
f 7066 7082 7067
f 7067 7082 7083
f 7067 7083 7068
f 7068 7083 7084
f 7068 7084 7056
f 7056 7084 7085
f 7056 7085 7043
f 7043 7085 7086
f 7043 7086 7029
f 6893 6892 7038
f 7038 6892 7087
f 7038 7087 7036
f 7036 7087 7088
f 7036 7088 7034
f 7034 7088 7089
f 7034 7089 7032
f 7032 7089 7090
f 7032 7090 7030
f 7030 7090 7091
f 7030 7091 7040
f 7040 7091 4642
f 7040 4642 7092
f 7092 4642 4641
f 7092 4641 7093
f 4768 7094 5764
f 5764 7094 7095
f 5764 7095 7096
f 7096 7095 7097
f 7096 7097 7098
f 7098 7097 7099
f 7098 7099 7100
f 7100 7099 7101
f 7100 7101 7102
f 7102 7101 7103
f 7102 7103 7104
f 7104 7103 7105
f 7104 7105 7106
f 7106 7105 7107
f 7106 7107 7108
f 7108 7107 7109
f 7108 7110 7106
f 7106 7110 7111
f 7106 7111 7104
f 7104 7111 7112
f 7104 7112 7102
f 7102 7112 7113
f 7102 7113 7100
f 7100 7113 7114
f 7100 7114 7098
f 7098 7114 7115
f 7098 7115 7096
f 7096 7115 5710
f 7096 5710 5764
f 5764 5710 5712
f 5764 5712 4769
f 4769 5712 5714
f 4769 5714 4770
f 7116 7117 7118
f 7118 7117 5720
f 4775 4776 4773
f 4773 4776 4778
f 4773 4778 5724
f 5724 4778 7119
f 5724 7119 5722
f 5722 7119 7120
f 5722 7120 5720
f 5720 7120 7121
f 5720 7121 7118
f 7116 7109 7117
f 7117 7109 7107
f 7117 7107 5720
f 5720 7107 7105
f 5720 7105 5721
f 5721 7105 7103
f 5721 7103 5723
f 5723 7103 7101
f 5723 7101 5725
f 5725 7101 7099
f 5725 7099 5782
f 5782 7099 7097
f 5782 7097 5784
f 5784 7097 7095
f 5784 7095 5786
f 5786 7095 7094
f 5786 7094 5788
f 4786 4785 5631
f 5631 4785 5676
f 5631 5676 5611
f 5611 5676 5675
f 5611 5675 5610
f 5610 5675 4803
f 5610 4803 6984
f 6984 4803 4801
f 6984 4801 7069
f 7069 4801 4800
f 7069 4800 7070
f 7070 4800 5732
f 7070 5732 7071
f 7071 5732 5731
f 7071 5731 7072
f 7072 5731 5692
f 7072 5692 7073
f 7073 5692 5694
f 7073 5694 7074
f 7074 5694 5696
f 7074 5696 7075
f 7075 5696 5698
f 7075 5698 7076
f 7076 5698 5700
f 7076 5700 7077
f 7077 5700 5702
f 7077 5702 7078
f 7078 5702 5703
f 7078 5703 7079
f 7079 5703 5704
f 7079 5704 7080
f 7080 5704 4784
f 7080 4784 7081
f 7081 4784 5683
f 7081 5683 7082
f 7082 5683 4780
f 7082 4780 7083
f 7083 4780 4779
f 7083 4779 7084
f 7084 4779 4643
f 7084 4643 7085
f 7085 4643 4642
f 7085 4642 7086
f 7086 4642 7091
f 7086 7091 7029
f 7029 7091 7090
f 7029 7090 6963
f 6963 7090 7089
f 6963 7089 6913
f 6913 7089 7088
f 6913 7088 6914
f 6914 7088 7087
f 6914 7087 6916
f 6916 7087 6892
f 6916 6892 6918
f 6918 6892 6891
f 6918 6891 6920
f 4652 4651 6830
f 6830 4651 6858
f 6830 6858 6831
f 6831 6858 6856
f 6831 6856 6833
f 6833 6856 6854
f 6833 6854 6835
f 6835 6854 6852
f 6835 6852 6836
f 6836 6852 6850
f 6836 6850 6838
f 6838 6850 6842
f 6838 6842 7122
f 7122 6842 6840
f 7122 6840 7123
f 7123 6840 6839
f 7123 6839 7124
f 7110 7093 7111
f 7111 7093 4641
f 7111 4641 7112
f 7112 4641 4643
f 7112 4643 7113
f 7113 4643 4779
f 7113 4779 7114
f 7114 4779 4781
f 7114 4781 7115
f 7115 4781 5686
f 7115 5686 5710
f 5710 5686 5746
f 5710 5746 5711
f 5711 5746 5747
f 5711 5747 5713
f 5713 5747 5708
f 5713 5708 5714
f 5714 5708 5706
f 5714 5706 4770
f 4770 5706 5745
f 4770 5745 4768
f 4768 5745 5767
f 4768 5767 7094
f 7094 5767 5766
f 7094 5766 5788
f 5788 5766 5765
f 5788 5765 5780
f 5780 5765 5758
f 5780 5758 5778
f 5778 5758 5759
f 5778 5759 5776
f 5776 5759 5748
f 5776 5748 5774
f 5774 5748 5770
f 5774 5770 4763
f 4763 5770 5769
f 4763 5769 4764
f 4764 5769 5768
f 4764 5768 6011
f 6011 5768 5757
f 6011 5757 5771
f 5771 5757 5756
f 5771 5756 5772
f 5772 5756 5679
f 5772 5679 6153
f 6153 5679 4787
f 6153 4787 6154
f 6154 4787 4786
f 6154 4786 6155
f 6155 4786 5632
f 6155 5632 6156
f 6156 5632 5633
f 6156 5633 6157
f 6157 5633 5634
f 6157 5634 6158
f 6158 5634 5635
f 6158 5635 6159
f 6159 5635 5636
f 6159 5636 5658
f 5658 5636 5626
f 5658 5626 5659
f 5659 5626 5625
f 5659 5625 5663
f 5663 5625 5612
f 5663 5612 5646
f 5646 5612 4797
f 5646 4797 5648
f 5648 4797 4796
f 5648 4796 5650
f 5650 4796 5617
f 5650 5617 5652
f 5652 5617 5618
f 5652 5618 5654
f 5654 5618 5619
f 5654 5619 6626
f 6626 5619 5620
f 6626 5620 6625
f 6625 5620 5621
f 6625 5621 6624
f 6624 5621 5622
f 6624 5622 6922
f 6922 5622 6935
f 6922 6935 6923
f 6923 6935 6937
f 6923 6937 6924
f 6924 6937 6939
f 6924 6939 6925
f 6925 6939 6941
f 6925 6941 6926
f 6926 6941 6943
f 6926 6943 6927
f 6927 6943 6945
f 6927 6945 6928
f 6928 6945 6947
f 6928 6947 6929
f 6929 6947 6949
f 6929 6949 6930
f 6930 6949 6951
f 6930 6951 6931
f 6931 6951 6953
f 6931 6953 6910
f 6910 6953 6955
f 6910 6955 6911
f 6911 6955 6957
f 6911 6957 6912
f 6912 6957 6921
f 6912 6921 6882
f 6882 6921 6920
f 6882 6920 6884
f 6884 6920 6891
f 6884 6891 6886
f 6886 6891 6893
f 6886 6893 6888
f 6888 6893 7039
f 6888 7039 6890
f 6890 7039 6902
f 6890 6902 7125
f 7125 6902 6894
f 7126 7127 7128
f 7129 7130 7128
f 7130 7129 4610
f 7127 7131 7128
f 7128 7131 7132
f 7128 7132 7129
f 7129 7132 4640
f 7129 4640 4610
f 6787 7126 6788
f 6788 7126 7128
f 6788 7128 6790
f 6790 7128 7130
f 6790 7130 4610
f 6778 6787 4649
f 4649 6787 6789
f 4649 6789 4610
f 7133 6813 7134
f 7134 6813 6802
f 7134 6802 7135
f 7135 6802 6801
f 7135 6801 7136
f 7136 6801 6805
f 7136 6805 7137
f 7137 6805 6804
f 7137 6804 7138
f 7139 7140 7141
f 7141 7140 4636
f 7141 4636 7142
f 7142 4636 4638
f 7143 7144 7145
f 7146 7147 7143
f 7148 7149 7145
f 7144 4637 7145
f 7145 4637 4636
f 7145 4636 7148
f 7148 4636 7140
f 7148 7140 7150
f 7150 7140 7139
f 7150 7139 7151
f 4627 4626 7152
f 7152 4626 7153
f 7152 7153 7154
f 7154 7153 4631
f 7154 4631 7155
f 7155 4631 4633
f 7155 4633 7156
f 7157 7158 7159
f 7159 7158 7160
f 7159 7160 7161
f 4638 7162 7163
f 7163 7162 7164
f 7163 7164 7165
f 7165 7164 7166
f 7165 7166 7167
f 7167 7166 7168
f 7167 7168 7169
f 7169 7168 7170
f 7169 7170 7171
f 7171 7170 7172
f 7171 7172 7173
f 7173 7172 7174
f 7173 7174 7175
f 7175 7174 7176
f 7175 7176 7177
f 7177 7176 7178
f 7177 7178 7179
f 7180 7181 7178
f 7178 7181 7182
f 7178 7182 7179
f 7183 7133 7184
f 7184 7133 7134
f 7184 7134 7185
f 7185 7134 7135
f 7185 7135 7186
f 7186 7135 7136
f 7186 7136 7187
f 7187 7136 7137
f 7187 7137 7188
f 7188 7137 7138
f 7188 7138 7189
f 7189 7138 7161
f 7189 7161 4629
f 4629 7161 7160
f 4629 7160 4630
f 7162 7183 7164
f 7164 7183 7184
f 7164 7184 7166
f 7166 7184 7185
f 7166 7185 7168
f 7168 7185 7186
f 7168 7186 7170
f 7170 7186 7187
f 7170 7187 7172
f 7172 7187 7188
f 7172 7188 7174
f 7174 7188 7189
f 7174 7189 7176
f 7176 7189 4629
f 7176 4629 7178
f 7178 4629 4628
f 7178 4628 7180
f 7180 4628 4630
f 4638 7163 7142
f 7142 7163 7165
f 7142 7165 7141
f 7141 7165 7167
f 7141 7167 7139
f 7139 7167 7169
f 7139 7169 7151
f 7151 7169 7171
f 7151 7171 7190
f 7190 7171 7173
f 7190 7173 7191
f 7191 7173 7175
f 7191 7175 7192
f 7192 7175 7177
f 7192 7177 7193
f 7193 7177 7179
f 7193 7179 7194
f 7149 7148 7195
f 7195 7148 7150
f 7195 7150 7196
f 7196 7150 7151
f 7196 7151 7197
f 7197 7151 7190
f 7197 7190 7198
f 7198 7190 7191
f 7198 7191 7199
f 7199 7191 7192
f 7199 7192 7200
f 7200 7192 7193
f 7200 7193 7201
f 7201 7193 7194
f 7201 7194 7202
f 4632 4631 7203
f 7203 4631 7153
f 7203 7153 7204
f 7204 7153 4626
f 7204 4626 7205
f 7205 4626 4625
f 7205 4625 7206
f 7207 7208 7209
f 7209 7208 7210
f 7209 7210 7211
f 7211 7210 7212
f 7211 7212 7213
f 7213 7212 7214
f 7213 7214 7215
f 7215 7214 7216
f 7215 7216 7217
f 7217 7216 7218
f 7217 7218 7219
f 7219 7218 7220
f 7219 7220 7221
f 7221 7220 7222
f 7221 7222 7223
f 7207 7224 7225
f 4627 7226 4625
f 4625 7226 7227
f 4625 7227 7206
f 7206 7227 7228
f 7206 7228 7229
f 7229 7228 7230
f 7229 7230 7231
f 7223 7156 7221
f 7221 7156 4633
f 7221 4633 7219
f 7219 4633 4632
f 7219 4632 7217
f 7217 4632 7203
f 7217 7203 7215
f 7215 7203 7204
f 7215 7204 7213
f 7213 7204 7205
f 7213 7205 7211
f 7211 7205 7206
f 7211 7206 7209
f 7209 7206 7229
f 7209 7229 7207
f 7207 7229 7231
f 7207 7231 7224
f 7157 6844 7158
f 7158 6844 6846
f 7158 6846 7160
f 7160 6846 6848
f 7160 6848 4630
f 4630 6848 7232
f 4630 7232 7180
f 7180 7232 7233
f 7180 7233 7181
f 7181 7233 7234
f 7181 7234 7182
f 7182 7234 7235
f 7182 7235 7179
f 7179 7235 7236
f 7179 7236 7194
f 7194 7236 7237
f 7194 7237 7202
f 7202 7237 7238
f 7239 7240 7241
f 7241 7240 7242
f 7241 7242 7243
f 7244 7239 7245
f 7245 7239 7241
f 7245 7241 7246
f 7246 7241 7243
f 7246 7243 7247
f 7242 7248 7243
f 7243 7248 7249
f 7243 7249 7247
f 7247 7249 7250
f 7247 7250 7251
f 7251 7250 7252
f 7251 7252 7253
f 7253 7252 7254
f 7253 7254 7255
f 7226 7244 7227
f 7227 7244 7245
f 7227 7245 7228
f 7228 7245 7246
f 7228 7246 7230
f 7230 7246 7247
f 7230 7247 7231
f 7231 7247 7251
f 7231 7251 7224
f 7224 7251 7253
f 7224 7253 7225
f 7225 7253 7255
f 7225 7255 7256
f 7256 7255 7257
f 7256 7257 7258
f 7259 7260 7261
f 7261 7260 7262
f 7261 7262 7263
f 7263 7262 7264
f 7263 7264 7265
f 7265 7264 7266
f 7265 7266 7267
f 7267 7266 7268
f 7267 7268 7269
f 7270 7238 7271
f 7271 7238 7237
f 7271 7237 7272
f 7272 7237 7236
f 7272 7236 7273
f 7273 7236 7235
f 7273 7235 7274
f 7274 7235 7234
f 7274 7234 7275
f 7275 7234 7233
f 7275 7233 7276
f 7276 7233 7232
f 7276 7232 7124
f 7124 7232 6848
f 7124 6848 7123
f 7123 6848 6847
f 7123 6847 7122
f 7122 6847 6845
f 7122 6845 6838
f 6838 6845 6844
f 6838 6844 6827
f 6827 6844 7157
f 6827 7157 6828
f 6828 7157 7159
f 6828 7159 6829
f 6829 7159 7161
f 6829 7161 6824
f 6824 7161 7138
f 6824 7138 6825
f 6825 7138 6804
f 6825 6804 6823
f 6823 6804 6793
f 6823 6793 6821
f 6821 6793 6792
f 6821 6792 6826
f 6826 6792 6781
f 6826 6781 6837
f 6837 6781 6782
f 6837 6782 6817
f 6817 6782 6783
f 6817 6783 6816
f 6816 6783 6794
f 6816 6794 6814
f 6814 6794 6806
f 6814 6806 6713
f 7277 4618 7278
f 6655 6714 6654
f 6654 6714 6713
f 6654 6713 6653
f 6653 6713 6806
f 6653 6806 6652
f 6652 6806 6807
f 6652 6807 6771
f 6771 6807 6808
f 6771 6808 6773
f 6773 6808 6809
f 6773 6809 6775
f 6775 6809 6810
f 6775 6810 6777
f 6777 6810 6811
f 6777 6811 6778
f 6778 6811 6812
f 6778 6812 6787
f 6787 6812 6813
f 6787 6813 7126
f 7126 6813 7133
f 7126 7133 7127
f 7127 7133 7183
f 7127 7183 7131
f 7131 7183 7162
f 7131 7162 7132
f 7132 7162 4638
f 7132 4638 4640
f 4640 4638 4637
f 4640 4637 4639
f 4639 4637 7144
f 4639 7144 4635
f 4635 7144 7143
f 4635 7143 4634
f 4634 7143 7147
f 4634 7147 4624
f 4624 7147 7279
f 4624 7279 4622
f 4622 7279 4617
f 4622 4617 4621
f 4621 4617 4616
f 4621 4616 4623
f 7280 7281 7282
f 7280 7282 7283
f 7283 7282 7284
f 7283 7284 7285
f 7285 7284 7286
f 7285 7286 7287
f 7288 7281 7289
f 7289 7281 7280
f 7289 7280 7290
f 7290 7280 7283
f 7290 7283 7291
f 7291 7283 7285
f 7291 7285 7292
f 7292 7285 7287
f 7292 7287 7293
f 7279 7288 4617
f 4617 7288 7289
f 4617 7289 4615
f 4615 7289 7290
f 4615 7290 7294
f 7294 7290 7291
f 7294 7291 7295
f 7295 7291 7292
f 7295 7292 7296
f 7296 7292 7293
f 7296 7293 7297
f 7297 4612 7296
f 7296 4612 4614
f 7296 4614 7295
f 7295 4614 7298
f 7295 7298 7294
f 7294 7298 7299
f 7294 7299 4615
f 4615 7299 7300
f 4615 7300 4616
f 4616 7300 7301
f 4616 7301 4623
f 4623 7301 4611
f 4623 4611 4610
f 4609 4611 4607
f 4607 4611 7301
f 4607 7301 7302
f 7302 7301 7300
f 7302 7300 7303
f 7303 7300 7299
f 7303 7299 7304
f 7304 7299 7298
f 7304 7298 7305
f 7305 7298 4614
f 7305 4614 7306
f 7306 4614 4613
f 7306 4613 7307
f 7308 4610 4609
f 7309 7307 7310
f 7310 7307 4613
f 7310 4613 7311
f 7311 4613 4612
f 7311 4612 7312
f 7312 4612 7297
f 7312 7297 7313
f 7313 7297 7293
f 7313 7293 7314
f 7314 7293 7287
f 7314 7287 7315
f 7315 7287 7286
f 4618 4620 7278
f 7278 4620 7316
f 7278 7316 7317
f 7317 7316 7318
f 7317 7318 7319
f 7319 7318 7320
f 7319 7320 7321
f 7321 7320 7322
f 7321 7322 7323
f 7323 7322 7324
f 7323 7324 7325
f 7325 7324 7326
f 7325 7326 7327
f 7327 7326 7328
f 7327 7328 7329
f 7329 7328 7330
f 7329 7330 7331
f 4605 7332 7333
f 7334 4604 7335
f 7336 7337 7338
f 7338 7337 7339
f 4619 7340 4620
f 4620 7340 7341
f 4620 7341 7316
f 7316 7341 7342
f 7316 7342 7318
f 7318 7342 7343
f 7318 7343 7320
f 7320 7343 7344
f 7320 7344 7322
f 7322 7344 7345
f 7322 7345 7324
f 7324 7345 7346
f 7324 7346 7326
f 7326 7346 7347
f 7326 7347 7328
f 7328 7347 7348
f 7328 7348 7330
f 7330 7348 7336
f 7330 7336 7331
f 7331 7336 7338
f 7331 7338 7349
f 7349 7338 7339
f 7349 7339 7350
f 7277 7278 7351
f 7351 7278 7317
f 7351 7317 7352
f 7352 7317 7319
f 7352 7319 7353
f 7353 7319 7321
f 7353 7321 7354
f 7354 7321 7323
f 7354 7323 7355
f 7355 7323 7325
f 7355 7325 7356
f 7356 7325 7327
f 7356 7327 7357
f 7357 7327 7329
f 7357 7329 7358
f 7358 7329 7331
f 7358 7331 7359
f 7359 7331 7349
f 7359 7349 7360
f 7360 7349 7350
f 7360 7350 7361
f 4608 4607 7362
f 7362 4607 7302
f 7362 7302 7363
f 7363 7302 7303
f 7363 7303 7364
f 7364 7303 7304
f 7364 7304 7365
f 7365 7304 7305
f 7365 7305 7366
f 7366 7305 7306
f 7366 7306 7367
f 7367 7306 7307
f 7367 7307 7368
f 7368 7307 7309
f 7368 7309 7369
f 7369 7309 7370
f 7369 7370 7371
f 7371 7370 7372
f 7371 7372 7373
f 7308 4609 7374
f 7374 4609 4608
f 7374 4608 7375
f 7375 4608 7362
f 7375 7362 7376
f 7376 7362 7363
f 7376 7363 7377
f 7377 7363 7364
f 7377 7364 7378
f 7378 7364 7365
f 7378 7365 7379
f 7379 7365 7366
f 7379 7366 7380
f 7380 7366 7367
f 7380 7367 7381
f 7381 7367 7368
f 7381 7368 7382
f 7382 7368 7369
f 7382 7369 7383
f 7383 7369 7371
f 7383 7371 7384
f 7384 7371 7373
f 7384 7373 7385
f 7385 7373 7386
f 7385 7386 7387
f 7387 7386 7388
f 7387 7388 7389
f 7389 7388 7390
f 7389 7390 7391
f 4725 4610 7308
f 4602 7392 4603
f 4603 7392 7258
f 4603 7258 7393
f 7393 7258 7257
f 7393 7257 7394
f 7394 7257 7255
f 7394 7255 7395
f 7395 7255 7254
f 7395 7254 7269
f 7269 7254 7252
f 7269 7252 7267
f 7267 7252 7250
f 7267 7250 7265
f 7265 7250 7249
f 7265 7249 7263
f 7263 7249 7248
f 7263 7248 7261
f 7261 7248 7242
f 7261 7242 7259
f 7259 7242 7240
f 7396 7397 7398
f 7398 7397 7399
f 7398 7399 7400
f 7400 7399 7401
f 7400 7401 7402
f 7402 7401 7403
f 7402 7403 7404
f 7404 7403 7405
f 7404 7405 7406
f 4589 4601 4590
f 4590 4601 4603
f 4590 4603 7407
f 7407 4603 7393
f 7407 7393 7408
f 7408 7393 7394
f 7408 7394 7409
f 7409 7394 7395
f 7409 7395 7406
f 7406 7395 7269
f 7410 7411 7412
f 7412 7411 7413
f 7412 7413 7414
f 7415 7410 7416
f 7416 7410 7412
f 7416 7412 7417
f 7417 7412 7414
f 7417 7414 7418
f 7418 7414 7419
f 7418 7419 7420
f 7420 7419 7421
f 7420 7421 7422
f 7422 7421 7423
f 7422 7423 7424
f 7424 7423 7425
f 7424 7425 7426
f 7426 7425 7427
f 7426 7427 7428
f 7428 7427 7429
f 7428 7429 7430
f 7430 7429 7431
f 7430 7431 7432
f 7432 7431 7433
f 7432 7433 7434
f 7434 7433 7435
f 7434 7435 7436
f 7436 7435 7437
f 7436 7437 7438
f 7438 7437 7439
f 7438 7439 7440
f 7440 7439 7441
f 7440 7441 7442
f 7442 7441 7443
f 7442 7443 7444
f 7444 7443 7445
f 7444 7445 7446
f 7446 7445 7447
f 7446 7447 7448
f 7448 7447 7449
f 7448 7449 7450
f 7450 7449 7451
f 7450 7451 7452
f 7452 7451 7453
f 7452 7453 7454
f 7454 7453 7455
f 7454 7455 7456
f 7456 7455 7457
f 7456 7457 7458
f 4598 4600 7459
f 7459 4600 7460
f 7460 4600 7461
f 7460 7461 7462
f 7463 7464 7465
f 7463 4596 7466
f 7466 4596 4595
f 7466 4595 7467
f 7468 7467 7469
f 7469 7467 4595
f 7469 4595 7470
f 7470 4595 4597
f 7470 4597 7471
f 7472 7462 7473
f 7473 7462 7461
f 7473 7461 7474
f 7474 7461 4600
f 7474 4600 7475
f 7475 4600 4599
f 7475 4599 7476
f 7476 4599 7477
f 7476 7477 7478
f 7478 7477 7479
f 7478 7479 7480
f 6702 6701 6758
f 6758 6701 7481
f 6758 7481 6765
f 6765 7481 7482
f 6765 7482 6764
f 6764 7482 7483
f 6764 7483 6763
f 6763 7483 7484
f 6763 7484 6859
f 6859 7484 7485
f 6859 7485 6857
f 6857 7485 7486
f 6857 7486 6855
f 6855 7486 7487
f 6855 7487 6853
f 6853 7487 7488
f 6853 7488 6851
f 6851 7488 7489
f 6851 7489 6849
f 6849 7489 7490
f 6849 7490 6843
f 6843 7490 7491
f 6843 7491 6841
f 6841 7491 7492
f 6841 7492 6839
f 6839 7492 7493
f 6839 7493 7124
f 7124 7493 7494
f 7124 7494 7276
f 7276 7494 7495
f 7276 7495 7275
f 7275 7495 7496
f 7275 7496 7274
f 7274 7496 7497
f 7274 7497 7273
f 7273 7497 7498
f 7273 7498 7272
f 7272 7498 7499
f 7272 7499 7271
f 7271 7499 7500
f 7271 7500 7270
f 7270 7500 7480
f 7270 7480 7501
f 7501 7480 7479
f 7501 7479 7502
f 7502 7479 7477
f 7502 7477 7503
f 7503 7477 4599
f 7503 4599 7504
f 7504 4599 4598
f 7504 4598 7505
f 7505 4598 7459
f 7505 7459 7464
f 7464 7459 7460
f 7464 7460 7465
f 7465 7460 7462
f 7465 7462 7506
f 7506 7462 7472
f 7506 7472 7507
f 7507 7472 7508
f 7507 7508 7509
f 7510 7468 7511
f 7511 7468 7469
f 7511 7469 7512
f 7512 7469 7470
f 7512 7470 7513
f 7513 7470 7471
f 7513 7471 7514
f 7463 7465 4596
f 4596 7465 7506
f 4596 7506 4597
f 4597 7506 7507
f 4597 7507 7471
f 7471 7507 7509
f 7471 7509 7514
f 7510 4588 7468
f 7468 4588 4590
f 7468 4590 7467
f 7467 4590 7407
f 7467 7407 7466
f 7466 7407 7408
f 7466 7408 7463
f 7463 7408 7409
f 7463 7409 7464
f 7464 7409 7406
f 7464 7406 7505
f 7505 7406 7405
f 7505 7405 7504
f 7504 7405 7403
f 7504 7403 7503
f 7503 7403 7401
f 7503 7401 7502
f 7502 7401 7399
f 7502 7399 7501
f 7501 7399 7397
f 7501 7397 7270
f 7270 7397 7396
f 7270 7396 7238
f 7515 7516 7517
f 7517 7516 7518
f 7517 7518 7519
f 7519 7518 7520
f 7519 7520 7521
f 7521 7520 7522
f 7521 7522 7523
f 7523 7522 7524
f 7524 7522 7525
f 7524 7525 7526
f 7526 7525 7527
f 7526 7527 7528
f 7528 7527 7529
f 7528 7529 7530
f 7531 7532 7533
f 7533 7532 7534
f 7533 7534 7535
f 7535 7534 7536
f 7537 7536 7538
f 7538 7536 7534
f 7538 7534 7539
f 7539 7534 7532
f 7444 7540 7442
f 7442 7540 7541
f 7442 7541 7440
f 7440 7541 7542
f 7440 7542 7438
f 7438 7542 7543
f 7438 7543 7436
f 7436 7543 7544
f 7436 7544 7434
f 7434 7544 7545
f 7434 7545 7432
f 7432 7545 7546
f 7432 7546 7430
f 7430 7546 7547
f 7430 7547 7428
f 7428 7547 7548
f 7428 7548 7426
f 7426 7548 7549
f 7426 7549 7424
f 7424 7549 7550
f 7424 7550 7422
f 7422 7550 7551
f 7422 7551 7420
f 7420 7551 7552
f 7420 7552 7418
f 7418 7552 7553
f 7418 7553 7417
f 7417 7553 7554
f 7417 7554 7416
f 7416 7554 7531
f 7416 7531 7415
f 7415 7531 7533
f 7415 7533 7555
f 7555 7533 7535
f 7555 7535 7556
f 7556 7535 7536
f 7556 7536 7557
f 7557 7536 7537
f 7557 7537 7558
f 7558 7559 7557
f 7557 7559 7560
f 7557 7560 7556
f 7556 7560 7561
f 7556 7561 7555
f 7555 7561 7562
f 7555 7562 7415
f 7415 7562 7563
f 7415 7563 7410
f 7410 7563 7564
f 7410 7564 7411
f 7558 7508 7559
f 7559 7508 7472
f 7559 7472 7560
f 7560 7472 7473
f 7560 7473 7561
f 7561 7473 7474
f 7561 7474 7562
f 7562 7474 7475
f 7562 7475 7563
f 7563 7475 7476
f 7563 7476 7564
f 7564 7476 7478
f 7564 7478 7411
f 7411 7478 7480
f 7411 7480 7413
f 7413 7480 7500
f 7413 7500 7414
f 7414 7500 7499
f 7414 7499 7419
f 7419 7499 7498
f 7419 7498 7421
f 7421 7498 7497
f 7421 7497 7423
f 7423 7497 7496
f 7423 7496 7425
f 7425 7496 7495
f 7425 7495 7427
f 7427 7495 7494
f 7427 7494 7429
f 7429 7494 7493
f 7429 7493 7431
f 7431 7493 7492
f 7431 7492 7433
f 7433 7492 7491
f 7433 7491 7435
f 7435 7491 7490
f 7435 7490 7437
f 7437 7490 7489
f 7437 7489 7439
f 7439 7489 7488
f 7439 7488 7441
f 7441 7488 7487
f 7441 7487 7443
f 7443 7487 7486
f 7443 7486 7445
f 7445 7486 7485
f 7445 7485 7447
f 7447 7485 7484
f 7447 7484 7449
f 7449 7484 7483
f 7449 7483 7451
f 7451 7483 7482
f 7451 7482 7453
f 7453 7482 7481
f 7453 7481 7455
f 7455 7481 6701
f 7455 6701 7457
f 7457 6701 6700
f 7457 6700 7458
f 7565 7566 7567
f 7568 7569 7570
f 7570 7569 7571
f 7570 7571 7572
f 7572 7571 7573
f 7572 7573 7574
f 7574 7573 7575
f 7574 7575 7576
f 7576 7575 7577
f 7566 7578 7579
f 7579 7578 7580
f 7579 7580 7581
f 7582 4586 7583
f 7583 4586 4585
f 7583 4585 7584
f 4587 7577 4585
f 4585 7577 7575
f 4585 7575 7584
f 7584 7575 7573
f 7584 7573 7585
f 7585 7573 7571
f 7585 7571 7586
f 7586 7571 7569
f 7586 7569 7587
f 7587 7569 7568
f 7587 7568 7588
f 7567 7566 7589
f 7589 7566 7579
f 7589 7579 7590
f 7590 7579 7581
f 7590 7581 7591
f 7582 7578 4586
f 4586 7578 7566
f 4586 7566 4587
f 4587 7566 7565
f 4587 7565 7577
f 7577 7565 7592
f 7577 7592 7576
f 7576 7592 7593
f 7576 7593 7574
f 7574 7593 7594
f 7574 7594 7572
f 7572 7594 7595
f 7572 7595 7570
f 7570 7595 7596
f 7570 7596 7568
f 7568 7596 7597
f 7568 7597 7588
f 7588 7597 7598
f 7599 7600 7601
f 7601 7600 7530
f 7601 7530 7602
f 7602 7530 7529
f 7599 7603 7604
f 7604 7603 7605
f 7604 7605 5275
f 5275 7605 7606
f 5275 7606 5273
f 5273 7606 4966
f 5273 4966 5271
f 5271 4966 4911
f 5271 4911 5269
f 5269 4911 4910
f 5269 4910 5267
f 5267 4910 4912
f 5267 4912 5265
f 5265 4912 4962
f 5265 4962 5263
f 5263 4962 5006
f 5263 5006 5261
f 5261 5006 5223
f 5261 5223 5259
f 5259 5223 5221
f 5259 5221 5257
f 5257 5221 5219
f 5257 5219 5255
f 5255 5219 5217
f 5255 5217 5253
f 5253 5217 5215
f 5253 5215 5251
f 5251 5215 5213
f 5251 5213 5249
f 5249 5213 5211
f 5249 5211 5247
f 5247 5211 5209
f 5247 5209 5245
f 5245 5209 5291
f 5245 5291 5243
f 5243 5291 5278
f 5243 5278 5241
f 5241 5278 5235
f 5241 5235 5239
f 5239 5235 5234
f 5239 5234 5238
f 5238 5234 4866
f 5238 4866 5237
f 5237 4866 4865
f 7599 7601 7603
f 7603 7601 4952
f 7603 4952 7605
f 7605 4952 4950
f 7605 4950 7606
f 7606 4950 4949
f 7606 4949 4966
f 4966 4949 4969
f 4966 4969 4965
f 4965 4969 4968
f 4965 4968 4983
f 4983 4968 4967
f 4983 4967 4986
f 4986 4967 4913
f 4986 4913 4987
f 4987 4913 4915
f 4987 4915 4988
f 4988 4915 4953
f 4988 4953 5149
f 7607 7608 7609
f 7609 7608 7610
f 7609 7610 7611
f 7611 7610 7612
f 7611 7612 7613
f 7613 7612 7614
f 7613 7614 7615
f 7615 7614 7616
f 7615 7616 7617
f 7618 7619 7620
f 7620 7619 7621
f 7620 7621 7622
f 4604 4606 7335
f 7335 4606 7623
f 7335 7623 7624
f 7624 7623 7625
f 7624 7625 7626
f 7626 7625 7627
f 7626 7627 7628
f 7628 7627 7629
f 7628 7629 7630
f 7630 7629 7631
f 7630 7631 7632
f 7632 7631 7633
f 7632 7633 7634
f 7634 7633 7618
f 7634 7618 7635
f 7635 7618 7620
f 7635 7620 7636
f 7636 7620 7622
f 7636 7622 7637
f 7621 7638 7622
f 7622 7638 7639
f 7622 7639 7637
f 7637 7639 7640
f 7637 7640 7641
f 7334 7335 7642
f 7642 7335 7624
f 7642 7624 7643
f 7643 7624 7626
f 7643 7626 7644
f 7644 7626 7628
f 7644 7628 7645
f 7645 7628 7630
f 7645 7630 7646
f 7646 7630 7632
f 7646 7632 7647
f 7647 7632 7634
f 7647 7634 7648
f 7648 7634 7635
f 7648 7635 7649
f 7649 7635 7636
f 7649 7636 7650
f 7650 7636 7637
f 7650 7637 7651
f 7651 7637 7641
f 7651 7641 7652
f 4605 7333 4606
f 4606 7333 7653
f 4606 7653 7623
f 7623 7653 7654
f 7623 7654 7625
f 7625 7654 7655
f 7625 7655 7627
f 7627 7655 7656
f 7627 7656 7629
f 7629 7656 7607
f 7629 7607 7631
f 7631 7607 7609
f 7631 7609 7633
f 7633 7609 7611
f 7633 7611 7618
f 7618 7611 7613
f 7618 7613 7619
f 7619 7613 7615
f 7619 7615 7621
f 7621 7615 7617
f 7621 7617 7638
f 7657 7658 7510
f 7658 7657 7659
f 7659 7657 7660
f 7659 7660 7661
f 4584 7662 4582
f 4582 7662 7663
f 4582 7663 7664
f 7664 7663 7665
f 7514 4592 7513
f 7513 4592 4594
f 7513 4594 7512
f 7512 4594 4591
f 7512 4591 7511
f 7511 4591 4583
f 7511 4583 7510
f 7510 4583 4582
f 7510 4582 7657
f 7657 4582 7664
f 7657 7664 7660
f 7660 7664 7665
f 7666 7667 7668
f 7668 7667 7669
f 7668 7669 7670
f 7670 7669 7671
f 7670 7671 7672
f 7672 7671 7673
f 7672 7673 7674
f 7674 7673 7675
f 7674 7675 7676
f 7676 7675 7677
f 7676 7677 7678
f 7678 7677 7679
f 7678 7679 7680
f 7680 7679 7681
f 7680 7681 7682
f 7682 7681 7683
f 7682 7683 7684
f 7684 7683 7685
f 7684 7685 7686
f 4581 4580 7687
f 7687 4580 7688
f 7687 7688 7591
f 7591 7688 7689
f 7591 7689 7590
f 7590 7689 7690
f 7590 7690 7589
f 7589 7690 7691
f 7589 7691 7567
f 7692 7693 7694
f 7694 7693 4579
f 7694 4579 7695
f 7695 4579 4581
f 7696 7666 7697
f 7697 7666 7668
f 7697 7668 7698
f 7698 7668 7670
f 7698 7670 7699
f 7699 7670 7672
f 7699 7672 7700
f 7700 7672 7674
f 7700 7674 7701
f 7701 7674 7676
f 7701 7676 7702
f 7702 7676 7678
f 7702 7678 7703
f 7703 7678 7680
f 7703 7680 7704
f 7704 7680 7682
f 7704 7682 7705
f 7705 7682 7684
f 7705 7684 7706
f 7706 7684 7686
f 7706 7686 7707
f 7708 7709 7710
f 7710 7709 7711
f 7710 7711 7712
f 7712 7711 7713
f 7712 7713 7714
f 7714 7713 7715
f 7714 7715 7716
f 7716 7715 4576
f 7716 4576 7717
f 7717 4576 4578
f 4572 4574 7718
f 7718 4574 7719
f 7718 7719 7720
f 7721 7722 7723
f 7723 7722 7724
f 7723 7724 7725
f 7725 7724 7726
f 7725 7726 7727
f 7727 7726 7728
f 7727 7728 7729
f 7730 7720 7731
f 7731 7720 7719
f 7731 7719 7732
f 7732 7719 4574
f 7732 4574 7733
f 7733 4574 4575
f 7733 4575 7734
f 7735 7721 7696
f 7696 7721 7723
f 7696 7723 7666
f 7666 7723 7725
f 7666 7725 7667
f 7667 7725 7727
f 7667 7727 7669
f 7669 7727 7729
f 7669 7729 7671
f 7671 7729 7736
f 7671 7736 7673
f 7673 7736 7737
f 7673 7737 7675
f 7675 7737 7738
f 7675 7738 7677
f 7677 7738 7739
f 7677 7739 7679
f 7679 7739 7740
f 7679 7740 7681
f 7681 7740 7741
f 7681 7741 7683
f 7683 7741 7742
f 7683 7742 7685
f 7390 7743 7391
f 7391 7743 7744
f 7391 7744 7745
f 7745 7744 7746
f 7745 7746 7747
f 7747 7746 7748
f 7747 7748 7749
f 7749 7748 7750
f 7749 7750 7751
f 7751 7750 7752
f 7753 7754 7755
f 7755 7754 7756
f 7755 7756 7757
f 7757 7756 7758
f 7757 7758 7759
f 7759 7758 7760
f 7759 7760 7761
f 7761 7760 7762
f 7761 7762 7763
f 7763 7762 7764
f 7763 7764 7765
f 7765 7764 7766
f 7765 7766 7767
f 7767 7766 7768
f 7767 7768 7769
f 7769 7768 7770
f 7769 7770 7771
f 7771 7770 7772
f 7771 7772 7773
f 7773 7772 7774
f 7773 7774 7775
f 7775 7774 7776
f 7775 7776 7777
f 7777 7776 7778
f 7777 7778 7779
f 7780 7779 7781
f 7781 7779 7778
f 7781 7778 7782
f 7782 7778 7776
f 7782 7776 7783
f 7783 7776 7774
f 7783 7774 7784
f 7784 7774 7772
f 7784 7772 7785
f 7785 7772 7770
f 7785 7770 7786
f 7786 7770 7768
f 7786 7768 7787
f 7787 7768 7766
f 7787 7766 7788
f 7788 7766 7764
f 7788 7764 7789
f 7789 7764 7762
f 7789 7762 7790
f 7790 7762 7760
f 7790 7760 7791
f 7791 7760 7758
f 7791 7758 7792
f 7792 7758 7756
f 7792 7756 7793
f 7793 7756 7754
f 7793 7754 7794
f 7794 7754 7753
f 7794 7753 7795
f 7796 7797 7798
f 7798 7797 7799
f 7798 7799 7800
f 7800 7799 7780
f 7800 7780 7801
f 7801 7780 7781
f 7801 7781 7802
f 7802 7781 7782
f 7802 7782 7803
f 7803 7782 7783
f 7803 7783 7804
f 7804 7783 7784
f 7804 7784 7652
f 7652 7784 7785
f 7652 7785 7651
f 7651 7785 7786
f 7651 7786 7650
f 7650 7786 7787
f 7650 7787 7649
f 7649 7787 7788
f 7649 7788 7648
f 7648 7788 7789
f 7648 7789 7647
f 7647 7789 7790
f 7647 7790 7646
f 7646 7790 7791
f 7646 7791 7645
f 7645 7791 7792
f 7645 7792 7644
f 7644 7792 7793
f 7644 7793 7643
f 7643 7793 7794
f 7643 7794 7642
f 7642 7794 7795
f 7642 7795 7334
f 7805 7806 7807
f 7807 7806 7808
f 7807 7808 7809
f 7809 7808 7810
f 7809 7810 7811
f 7811 7810 7812
f 7811 7812 7813
f 7813 7812 7814
f 7813 7814 7815
f 7815 7814 7816
f 7815 7816 7817
f 7817 7816 7818
f 7817 7818 7819
f 7819 7818 7820
f 7819 7820 7821
f 7821 7820 7822
f 7821 7822 7823
f 7823 7822 7824
f 7823 7824 7825
f 7825 7824 7826
f 7825 7826 7827
f 7827 7826 7828
f 7743 7829 7744
f 7744 7829 7830
f 7744 7830 7746
f 7746 7830 7831
f 7746 7831 7748
f 7748 7831 7832
f 7748 7832 7750
f 7750 7832 7833
f 7750 7833 7752
f 7752 7833 7834
f 7372 7828 7373
f 7373 7828 7826
f 7373 7826 7386
f 7386 7826 7824
f 7386 7824 7388
f 7388 7824 7822
f 7388 7822 7390
f 7390 7822 7820
f 7390 7820 7743
f 7743 7820 7818
f 7743 7818 7829
f 7829 7818 7816
f 7829 7816 7830
f 7830 7816 7814
f 7830 7814 7831
f 7831 7814 7812
f 7831 7812 7832
f 7832 7812 7810
f 7832 7810 7833
f 7833 7810 7808
f 7833 7808 7834
f 7834 7808 7806
f 7835 7836 7837
f 7837 7836 7838
f 7837 7838 7839
f 7839 7838 7840
f 7839 7840 7841
f 7841 7840 7842
f 7841 7842 7843
f 7843 7842 7844
f 7843 7844 7845
f 7315 7332 7314
f 7314 7332 4605
f 7314 4605 7313
f 7313 4605 4604
f 7313 4604 7312
f 7312 4604 7334
f 7312 7334 7311
f 7311 7334 7795
f 7311 7795 7310
f 7310 7795 7753
f 7310 7753 7309
f 7309 7753 7755
f 7309 7755 7370
f 7370 7755 7757
f 7370 7757 7372
f 7372 7757 7759
f 7372 7759 7828
f 7828 7759 7761
f 7828 7761 7827
f 7827 7761 7763
f 7827 7763 7825
f 7825 7763 7765
f 7825 7765 7823
f 7823 7765 7767
f 7823 7767 7821
f 7821 7767 7769
f 7821 7769 7819
f 7819 7769 7771
f 7819 7771 7817
f 7817 7771 7773
f 7817 7773 7815
f 7815 7773 7775
f 7815 7775 7813
f 7813 7775 7777
f 7813 7777 7811
f 7811 7777 7779
f 7811 7779 7809
f 7809 7779 7780
f 7809 7780 7807
f 7807 7780 7799
f 7807 7799 7805
f 7805 7799 7797
f 7581 7846 7591
f 7591 7846 7847
f 7591 7847 7687
f 7687 7847 7848
f 7687 7848 4581
f 4581 7848 7849
f 4581 7849 7695
f 7695 7849 7850
f 7695 7850 7694
f 7694 7850 7851
f 7694 7851 7692
f 7692 7851 7852
f 4569 7853 4570
f 4570 7853 7854
f 4570 7854 7855
f 4571 4570 7856
f 7856 4570 7855
f 7856 7855 7857
f 7853 7852 7854
f 7854 7852 7851
f 7854 7851 7855
f 7855 7851 7850
f 7855 7850 7857
f 7857 7850 7849
f 7857 7849 7858
f 7858 7849 7848
f 7858 7848 7859
f 7859 7848 7847
f 7859 7847 7860
f 7860 7847 7846
f 7861 7862 7863
f 7863 7862 7864
f 7863 7864 7865
f 7865 7864 7866
f 7717 7867 7716
f 7716 7867 7868
f 7716 7868 7714
f 7714 7868 7869
f 7714 7869 7712
f 7712 7869 7661
f 7712 7661 7710
f 7710 7661 7660
f 7710 7660 7708
f 7708 7660 7665
f 7708 7665 7709
f 7709 7665 7870
f 7709 7870 7711
f 7711 7870 7871
f 7711 7871 7713
f 7713 7871 7872
f 7713 7872 7715
f 7715 7872 7866
f 7715 7866 4576
f 4576 7866 7864
f 4576 7864 4577
f 4577 7864 7862
f 7580 7873 7581
f 7581 7873 7874
f 7581 7874 7846
f 7846 7874 7875
f 7846 7875 7860
f 7860 7875 7876
f 7860 7876 7859
f 7859 7876 7877
f 7859 7877 7858
f 7858 7877 7878
f 7858 7878 7857
f 7857 7878 7879
f 7857 7879 7856
f 7856 7879 7880
f 7856 7880 4571
f 4571 7880 7881
f 4571 7881 4569
f 7882 7883 7884
f 7873 7885 7874
f 7874 7885 7886
f 7874 7886 7875
f 7875 7886 7887
f 7875 7887 7876
f 7876 7887 7888
f 7876 7888 7877
f 7877 7888 7889
f 7877 7889 7878
f 7878 7889 7890
f 7878 7890 7879
f 7879 7890 7882
f 7879 7882 7880
f 7880 7882 7884
f 7880 7884 7881
f 7891 7892 7893
f 7893 7892 7894
f 7893 7894 7895
f 7895 7894 7896
f 7895 7896 7897
f 7897 7896 7898
f 7539 7598 7538
f 7538 7598 7597
f 7538 7597 7537
f 7537 7597 7596
f 7537 7596 7558
f 7558 7596 7595
f 7558 7595 7508
f 7508 7595 7594
f 7508 7594 7509
f 7509 7594 7593
f 7509 7593 7514
f 7514 7593 7592
f 7514 7592 4592
f 4592 7592 7565
f 4592 7565 4593
f 4593 7565 7567
f 4593 7567 4594
f 4594 7567 7691
f 4594 7691 4591
f 4591 7691 7690
f 4591 7690 4584
f 4584 7690 7689
f 4584 7689 7662
f 7662 7689 7688
f 7662 7688 7663
f 7663 7688 4580
f 7663 4580 7665
f 7665 4580 4579
f 7665 4579 7870
f 7870 4579 7693
f 7870 7693 7871
f 7871 7693 7692
f 7871 7692 7872
f 7872 7692 7852
f 7872 7852 7866
f 7866 7852 7853
f 7866 7853 7865
f 7865 7853 4569
f 7865 4569 7863
f 7863 4569 7881
f 7863 7881 7861
f 7861 7881 7884
f 7861 7884 7899
f 7899 7884 7883
f 7899 7883 7900
f 7696 7898 7735
f 7735 7898 7896
f 7735 7896 7901
f 7901 7896 7894
f 7901 7894 7902
f 7902 7894 7892
f 7902 7903 7901
f 7901 7903 7904
f 7901 7904 7735
f 7735 7904 7905
f 7735 7905 7721
f 7721 7905 7906
f 7721 7906 7722
f 7722 7906 7907
f 7722 7907 7724
f 4559 7908 7909
f 7909 7908 7910
f 7909 7910 7730
f 7730 7910 7911
f 7730 7911 7720
f 7720 7911 7912
f 7720 7912 7718
f 7718 7912 7913
f 7718 7913 4572
f 7914 7915 7916
f 7916 7915 7891
f 7916 7891 7917
f 7917 7891 7893
f 7917 7893 7918
f 7918 7893 7895
f 7918 7895 7919
f 7919 7895 7897
f 7915 7920 7891
f 7891 7920 4567
f 7891 4567 7892
f 7892 4567 4566
f 7892 4566 7902
f 7902 4566 4568
f 7902 4568 7903
f 7903 4568 7921
f 7903 7921 7904
f 7904 7921 7922
f 7904 7922 7905
f 7905 7922 7923
f 7905 7923 7906
f 7906 7923 7924
f 7906 7924 7907
f 7907 7924 7925
f 7907 7925 7724
f 7926 7927 7928
f 7928 7927 7929
f 7928 7929 7930
f 7930 7929 7931
f 7930 7931 7932
f 7932 7931 7933
f 7932 7933 7934
f 7934 7933 7935
f 7934 7935 7936
f 7936 7935 7937
f 7936 7937 7938
f 7938 7937 7939
f 7938 7939 7940
f 7940 7939 7941
f 7940 7941 7942
f 7942 7941 7943
f 7942 7943 7944
f 7944 7943 7945
f 7944 7945 7946
f 7946 7945 7947
f 7946 7947 7948
f 7948 7947 7949
f 7948 7949 7950
f 7950 7949 7951
f 7950 7951 7952
f 7952 7951 7953
f 7952 7953 7954
f 7954 7953 7955
f 7954 7955 7956
f 7956 7955 7957
f 7956 7957 7958
f 7958 7957 7959
f 7958 7959 7960
f 7960 7959 7961
f 7960 7961 7962
f 7962 7961 7963
f 7962 7963 7964
f 7964 7963 7965
f 7964 7965 7914
f 7914 7965 7966
f 7914 7966 7915
f 7915 7966 7967
f 7915 7967 7920
f 7926 7968 7927
f 7927 7968 7969
f 7927 7969 7929
f 7929 7969 7970
f 7929 7970 7931
f 7931 7970 7971
f 7931 7971 7933
f 7933 7971 7972
f 7933 7972 7935
f 7935 7972 7973
f 7935 7973 7937
f 7937 7973 7974
f 7937 7974 7939
f 7939 7974 7975
f 7939 7975 7941
f 7941 7975 7976
f 7941 7976 7943
f 7943 7976 7977
f 7943 7977 7945
f 7945 7977 7978
f 7945 7978 7947
f 7947 7978 7979
f 7947 7979 7949
f 7949 7979 7980
f 7949 7980 7951
f 7951 7980 7981
f 7951 7981 7953
f 7953 7981 7982
f 7953 7982 7955
f 7955 7982 7983
f 7955 7983 7957
f 7957 7983 7984
f 7957 7984 7959
f 7959 7984 7985
f 7959 7985 7961
f 7961 7985 7986
f 7961 7986 7963
f 7963 7986 7987
f 7963 7987 7965
f 7965 7987 7988
f 7965 7988 7966
f 7966 7988 7989
f 7966 7989 7967
f 4561 4563 7990
f 7990 4563 4565
f 7990 4565 7991
f 7989 7991 7967
f 7967 7991 4565
f 7967 4565 7920
f 7920 4565 4564
f 7920 4564 4567
f 4567 4564 4562
f 4567 4562 4568
f 4568 4562 7992
f 4568 7992 7921
f 7921 7992 7993
f 7921 7993 7922
f 7922 7993 7994
f 7922 7994 7923
f 5419 5339 4847
f 4847 5339 5341
f 4847 5341 5322
f 5322 5341 5342
f 5322 5342 5323
f 5323 5342 5334
f 5323 5334 7995
f 7995 5334 5336
f 7995 5336 7996
f 7996 5336 5338
f 7996 5338 7997
f 7997 5338 7998
f 7997 7998 7999
f 7999 7998 8000
f 7999 8000 8001
f 8001 8000 8002
f 8001 8002 8003
f 8003 8002 8004
f 8003 8004 8005
f 8005 8004 8006
f 8005 8006 8007
f 8007 8006 8008
f 8007 8008 8009
f 8009 8008 8010
f 8009 8010 8011
f 8011 8010 8012
f 4561 8013 4562
f 4562 8013 8014
f 4562 8014 7992
f 7992 8014 4557
f 7992 4557 7993
f 7993 4557 4559
f 7993 4559 7994
f 7994 4559 7909
f 7994 7909 7923
f 7923 7909 7730
f 7923 7730 7924
f 7924 7730 7731
f 7924 7731 7925
f 7925 7731 7732
f 7925 7732 7724
f 7724 7732 7733
f 7724 7733 7726
f 7726 7733 7734
f 7726 7734 7728
f 4560 8015 4558
f 4558 8015 8016
f 4558 8016 4559
f 4559 8016 8017
f 4559 8017 7908
f 7908 8017 8018
f 7908 8018 7910
f 7910 8018 8019
f 7910 8019 7911
f 7911 8019 8020
f 7911 8020 7912
f 7912 8020 8021
f 7912 8021 7913
f 7913 8021 8022
f 7913 8022 4572
f 4572 8022 8023
f 4572 8023 4573
f 4573 8023 8024
f 4573 8024 4575
f 4575 8024 8025
f 4575 8025 7734
f 7734 8025 8026
f 7734 8026 7728
f 7728 8026 8027
f 7728 8027 7729
f 7729 8027 8028
f 7729 8028 7736
f 7736 8028 8029
f 7736 8029 7737
f 7737 8029 8030
f 7737 8030 7738
f 7738 8030 8031
f 7738 8031 7739
f 7739 8031 8032
f 7739 8032 7740
f 7740 8032 8033
f 7740 8033 7741
f 7741 8033 8034
f 7741 8034 7742
f 7742 8034 7361
f 7742 7361 7685
f 7685 7361 7350
f 7685 7350 7686
f 7686 7350 7339
f 7686 7339 7707
f 7707 7339 7337
f 8015 7796 8016
f 8016 7796 7798
f 8016 7798 8017
f 8017 7798 7800
f 8017 7800 8018
f 8018 7800 7801
f 8018 7801 8019
f 8019 7801 7802
f 8019 7802 8020
f 8020 7802 7803
f 8020 7803 8021
f 8021 7803 7804
f 8021 7804 8022
f 8022 7804 7652
f 8022 7652 8023
f 8023 7652 7641
f 8023 7641 8024
f 8024 7641 7640
f 8024 7640 8025
f 8025 7640 7639
f 8025 7639 8026
f 8026 7639 7638
f 8026 7638 8027
f 8027 7638 7617
f 8027 7617 8028
f 8028 7617 7616
f 8028 7616 8029
f 8029 7616 7614
f 8029 7614 8030
f 8030 7614 7612
f 8030 7612 8031
f 8031 7612 7610
f 8031 7610 8032
f 8032 7610 7608
f 8032 7608 8033
f 8033 7608 7607
f 8033 7607 8034
f 8034 7607 7656
f 8034 7656 7361
f 7361 7656 7655
f 7361 7655 7360
f 7360 7655 7654
f 7360 7654 7359
f 7359 7654 7653
f 7359 7653 7358
f 7358 7653 7333
f 7358 7333 7357
f 7357 7333 7332
f 7357 7332 7356
f 7356 7332 7315
f 7356 7315 7355
f 7355 7315 7286
f 7355 7286 7354
f 7354 7286 7284
f 7354 7284 7353
f 7353 7284 7282
f 7353 7282 7352
f 7352 7282 7281
f 7352 7281 7351
f 7351 7281 7288
f 7351 7288 7277
f 7277 7288 7279
f 7277 7279 4618
f 4618 7279 7147
f 4618 7147 4619
f 4619 7147 7146
f 4619 7146 7340
f 8012 8035 8036
f 8036 8035 8037
f 8036 8037 8038
f 8035 8039 8037
f 8037 8039 8040
f 8037 8040 8038
f 8038 8040 8041
f 8039 8042 8040
f 8040 8042 8043
f 8040 8043 8041
f 8041 8043 8044
f 8041 8044 8045
f 8045 8044 8046
f 8045 8046 4692
f 4692 8046 8047
f 4692 8047 4693
f 4693 8047 8048
f 4693 8048 6276
f 6276 8048 8049
f 6276 8049 6275
f 6275 8049 8050
f 6275 8050 6274
f 6274 8050 8051
f 6274 8051 6273
f 6273 8051 8052
f 6273 8052 8053
f 8053 8052 8054
f 8053 8054 8055
f 8055 8054 8056
f 8055 8056 8057
f 8057 8056 8058
f 8057 8058 8059
f 8059 8058 8060
f 8059 8060 6179
f 6179 8060 8061
f 6179 8061 6178
f 5337 8062 5338
f 5338 8062 8063
f 5338 8063 7998
f 7998 8063 8064
f 7998 8064 8000
f 8000 8064 8065
f 8000 8065 8002
f 8002 8065 8066
f 8002 8066 8004
f 8004 8066 8067
f 8004 8067 8006
f 8006 8067 8068
f 8006 8068 8008
f 8008 8068 8069
f 8008 8069 8010
f 8010 8069 8070
f 8010 8070 8012
f 8012 8070 8071
f 8012 8071 8035
f 8035 8071 8072
f 8035 8072 8039
f 8039 8072 8073
f 8039 8073 8042
f 6160 8074 6161
f 6161 8074 8075
f 6161 8075 6198
f 6198 8075 8076
f 6198 8076 6192
f 6192 8076 8077
f 6192 8077 6165
f 6165 8077 8078
f 6165 8078 6164
f 6164 8078 8079
f 6164 8079 6163
f 6163 8079 8080
f 6163 8080 6168
f 6168 8080 8081
f 6168 8081 6172
f 6172 8081 8082
f 6172 8082 4711
f 4711 8082 8083
f 4711 8083 4712
f 4712 8083 8084
f 4712 8084 6254
f 6254 8084 8085
f 6254 8085 6176
f 6176 8085 8086
f 6176 8086 6177
f 6177 8086 8087
f 6177 8087 6179
f 6179 8087 8088
f 6179 8088 8059
f 8059 8088 8089
f 8059 8089 8057
f 8057 8089 8090
f 8057 8090 8055
f 8055 8090 8091
f 8055 8091 8053
f 8053 8091 8092
f 8053 8092 6273
f 6273 8092 7845
f 6273 7845 6272
f 6272 7845 7844
f 6272 7844 6271
f 6271 7844 7842
f 6271 7842 4691
f 4691 7842 7840
f 4691 7840 4692
f 4692 7840 7838
f 4692 7838 8045
f 8045 7838 7836
f 8045 7836 8041
f 8041 7836 7835
f 8041 7835 8038
f 8093 7515 8094
f 8094 7515 7517
f 8094 7517 8095
f 8095 7517 7519
f 8095 7519 8096
f 8096 7519 7521
f 8096 7521 8097
f 8097 7521 7523
f 8097 7523 8098
f 8098 7523 7524
f 8098 7524 8099
f 8099 7524 7526
f 8099 7526 8100
f 8100 7526 7528
f 8100 7528 7968
f 7968 7528 7530
f 7968 7530 7969
f 7969 7530 7600
f 7969 7600 7970
f 7970 7600 7599
f 7970 7599 7971
f 7971 7599 7604
f 7971 7604 7972
f 7972 7604 5275
f 7972 5275 7973
f 7973 5275 5274
f 7973 5274 7974
f 7974 5274 5272
f 7974 5272 7975
f 7975 5272 5270
f 7975 5270 7976
f 7976 5270 5268
f 7976 5268 7977
f 7977 5268 5266
f 7977 5266 7978
f 7978 5266 5264
f 7978 5264 7979
f 7979 5264 5262
f 7979 5262 7980
f 7980 5262 5260
f 7980 5260 7981
f 7981 5260 5258
f 7981 5258 7982
f 7982 5258 5256
f 7982 5256 7983
f 7983 5256 5254
f 7983 5254 7984
f 7984 5254 5252
f 7984 5252 7985
f 7985 5252 5250
f 7985 5250 7986
f 7986 5250 5248
f 7986 5248 7987
f 7987 5248 5246
f 7987 5246 7988
f 7988 5246 5244
f 7988 5244 7989
f 7989 5244 5242
f 7989 5242 7991
f 7991 5242 5240
f 7991 5240 7990
f 7990 5240 4869
f 7990 4869 4561
f 4561 4869 4868
f 4561 4868 8013
f 4657 7458 4655
f 4655 7458 6700
f 4655 6700 4653
f 4653 6700 6702
f 4653 6702 6710
f 6710 6702 6759
f 6710 6759 6709
f 6709 6759 6761
f 6709 6761 6747
f 6747 6761 6860
f 6747 6860 6757
f 6757 6860 4650
f 6757 4650 6717
f 6717 4650 4652
f 6717 4652 6718
f 6718 4652 6716
f 6718 6716 6720
f 6720 6716 6655
f 6720 6655 6722
f 6722 6655 6651
f 6722 6651 6724
f 6724 6651 4658
f 6724 4658 6726
f 6726 4658 4660
f 6726 4660 6728
f 6728 4660 6766
f 6728 6766 6730
f 6730 6766 6648
f 6730 6648 6732
f 6732 6648 6188
f 6732 6188 6734
f 6734 6188 6190
f 6734 6190 6736
f 6736 6190 4703
f 6736 4703 4701
f 4701 4703 4704
f 4701 4704 4702
f 4702 4704 4723
f 4702 4723 6186
f 6186 4723 4721
f 6186 4721 6184
f 6184 4721 4722
f 6184 4722 6182
f 6182 4722 4724
f 6182 4724 6180
f 6180 4724 4725
f 6180 4725 6160
f 6160 4725 7308
f 6160 7308 8074
f 8074 7308 7374
f 8074 7374 8075
f 8075 7374 7375
f 8075 7375 8076
f 8076 7375 7376
f 8076 7376 8077
f 8077 7376 7377
f 8077 7377 8078
f 8078 7377 7378
f 8078 7378 8079
f 8079 7378 7379
f 8079 7379 8080
f 8080 7379 7380
f 8080 7380 8081
f 8081 7380 7381
f 8081 7381 8082
f 8082 7381 7382
f 8082 7382 8083
f 8083 7382 7383
f 8083 7383 8084
f 8084 7383 7384
f 8084 7384 8085
f 8085 7384 7385
f 8085 7385 8086
f 8086 7385 7387
f 8086 7387 8087
f 8087 7387 7389
f 8087 7389 8088
f 8088 7389 7391
f 8088 7391 8089
f 8089 7391 7745
f 8089 7745 8090
f 8090 7745 7747
f 8090 7747 8091
f 8091 7747 7749
f 8091 7749 8092
f 8092 7749 7751
f 8092 7751 7845
f 7845 7751 7752
f 7845 7752 7843
f 7843 7752 7834
f 7843 7834 7841
f 7841 7834 7806
f 7841 7806 7839
f 7839 7806 7805
f 7839 7805 7837
f 7837 7805 7797
f 7837 7797 7835
f 7835 7797 7796
f 7835 7796 8038
f 8038 7796 8015
f 8038 8015 8036
f 8036 8015 4560
f 8036 4560 8012
f 8012 4560 4557
f 8012 4557 8011
f 8011 4557 8014
f 8011 8014 8009
f 8009 8014 8013
f 8009 8013 8007
f 8007 8013 4868
f 8007 4868 8005
f 8005 4868 4867
f 8005 4867 8003
f 8003 4867 5237
f 8003 5237 8001
f 8001 5237 4865
f 8001 4865 7999
f 7999 4865 4856
f 7999 4856 7997
f 7997 4856 4858
f 7997 4858 7996
f 7996 4858 5306
f 7996 5306 7995
f 7995 5306 5307
f 7995 5307 5323
f 5323 5307 5317
f 5323 5317 5324
f 5324 5317 5318
f 5324 5318 5326
f 5326 5318 5319
f 5326 5319 5328
f 5328 5319 5320
f 5328 5320 5330
f 5330 5320 5321
f 5330 5321 5332
f 5332 5321 5311
f 5332 5311 5343
f 5343 5311 5310
f 5343 5310 5351
f 5351 5310 5027
f 5351 5027 4885
f 4885 5027 5025
f 4885 5025 4886
f 4886 5025 5024
f 4886 5024 4883
f 4883 5024 4895
f 4883 4895 4884
f 4884 4895 5018
f 4884 5018 5108
f 5108 5018 5020
f 5108 5020 5109
f 5109 5020 5022
f 5109 5022 5111
f 5111 5022 5035
f 5111 5035 5131
f 5131 5035 5155
f 5131 5155 5130
f 5130 5155 5139
f 5130 5139 5128
f 5128 5139 5137
f 5128 5137 5126
f 5126 5137 5135
f 5126 5135 5124
f 5124 5135 5133
f 5124 5133 5142
f 5142 5133 5132
f 5142 5132 5143
f 5143 5132 5134
f 5143 5134 5174
f 5174 5134 5136
f 5174 5136 4889
f 4889 5136 5138
f 4889 5138 5107
f 5107 5138 5139
f 5107 5139 5155
f 5197 5179 5195
f 5195 5179 5166
f 5195 5166 5194
f 5194 5166 5165
f 5194 5165 5193
f 5193 5165 5167
f 5193 5167 5192
f 5192 5167 5169
f 5192 5169 5191
f 5191 5169 5171
f 5191 5171 5190
f 5190 5171 5159
f 5190 5159 5189
f 5189 5159 5158
f 5189 5158 5188
f 5188 5158 5157
f 5188 5157 5187
f 5187 5157 5156
f 5187 5156 5186
f 5186 5156 5154
f 5186 5154 5185
f 5185 5154 5153
f 5185 5153 5184
f 5184 5153 5152
f 5184 5152 5183
f 5183 5152 5151
f 5183 5151 5182
f 5182 5151 5150
f 5182 5150 5181
f 5181 5150 5149
f 5181 5149 4906
f 4906 5149 4953
f 4906 4953 4956
f 4956 4953 4954
f 4956 4954 4945
f 4945 4954 4955
f 4945 4955 4944
f 4944 4955 4952
f 4944 4952 4943
f 4943 4952 7601
f 4943 7601 4941
f 4941 7601 7602
f 4941 7602 4948
f 4948 7602 7529
f 4948 7529 4926
f 4926 7529 7527
f 4926 7527 4916
f 4916 7527 7525
f 4916 7525 4917
f 4917 7525 7522
f 4917 7522 4919
f 4919 7522 7520
f 4919 7520 5716
f 5716 7520 7518
f 5716 7518 5718
f 5718 7518 7516
f 7125 8101 6890
f 6890 8101 6874
f 6890 6874 6889
f 6889 6874 6875
f 6889 6875 6887
f 6887 6875 6876
f 6887 6876 6885
f 6885 6876 6877
f 6885 6877 6883
f 6883 6877 6878
f 6883 6878 6881
f 6881 6878 6908
f 6881 6908 6932
f 6932 6908 6909
f 6932 6909 6615
f 6615 6909 6563
f 6615 6563 6600
f 6600 6563 6562
f 6600 6562 6601
f 6601 6562 6561
f 6601 6561 6599
f 6599 6561 6560
f 6599 6560 6564
f 6564 6560 6559
f 6564 6559 6565
f 6565 6559 6558
f 6565 6558 4663
f 4663 6558 6557
f 4663 6557 4664
f 4664 6557 6556
f 4664 6556 4665
f 4665 6556 6555
f 4665 6555 6627
f 6627 6555 6554
f 6627 6554 6628
f 6628 6554 6553
f 6628 6553 5586
f 5586 6553 6552
f 5586 6552 5579
f 5579 6552 6551
f 5579 6551 5573
f 5573 6551 6550
f 5573 6550 5572
f 5572 6550 6549
f 5572 6549 5567
f 5567 6549 6548
f 5567 6548 5566
f 5566 6548 6310
f 5566 6310 5564
f 5564 6310 6312
f 5564 6312 5562
f 5562 6312 6314
f 5562 6314 5560
f 5560 6314 6316
f 5560 6316 5558
f 5558 6316 8073
f 5558 8073 5396
f 5396 8073 8072
f 5396 8072 5384
f 5384 8072 8071
f 5384 8071 5376
f 5376 8071 8070
f 5376 8070 5377
f 5377 8070 8069
f 5377 8069 5379
f 5379 8069 8068
f 5379 8068 4852
f 4852 8068 8067
f 4852 8067 4850
f 4850 8067 8066
f 4850 8066 4855
f 4855 8066 8065
f 4855 8065 4853
f 4853 8065 8064
f 4853 8064 5360
f 5360 8064 8063
f 5360 8063 5845
f 5845 8063 8062
f 5845 8062 5352
f 5352 8062 5337
f 5352 5337 5353
f 5353 5337 5335
f 5353 5335 5439
f 5439 5335 5340
f 5439 5340 5438
f 5438 5340 5339
f 5438 5339 5431
f 5431 5339 5419
f 5431 5419 5430
f 5430 5419 5418
f 5430 5418 5429
f 5429 5418 5417
f 5429 5417 5428
f 5428 5417 5416
f 5428 5416 5427
f 5427 5416 5415
f 5427 5415 5432
f 5432 5415 5145
f 5432 5145 5446
f 5446 5145 5146
f 5446 5146 4871
f 4871 5146 5147
f 4871 5147 4870
f 4870 5147 5148
f 4870 5148 4874
f 4874 5148 5176
f 4874 5176 4875
f 4875 5176 5175
f 4875 5175 5206
f 5206 5175 5180
f 5206 5180 5204
f 5204 5180 5179
f 5204 5179 5202
f 5202 5179 5197
f 5202 5197 5200
f 5200 5197 5196
f 5200 5196 5199
f 5199 5196 4879
f 5199 4879 4873
f 4873 4879 4878
f 4873 4878 4872
f 4872 4878 5093
f 4872 5093 4880
f 4880 5093 5094
f 4880 5094 5077
f 5077 5094 5095
f 5077 5095 5078
f 5078 5095 5085
f 5078 5085 6151
f 6151 5085 6143
f 6151 6143 6126
f 6126 6143 6142
f 6126 6142 6124
f 6124 6142 6141
f 6124 6141 6122
f 6122 6141 6140
f 6122 6140 6120
f 6120 6140 6056
f 6120 6056 6118
f 6118 6056 6057
f 6118 6057 6116
f 6116 6057 6058
f 6116 6058 6114
f 6114 6058 6059
f 6114 6059 6053
f 6053 6059 4741
f 6053 4741 6052
f 6052 4741 4740
f 6052 4740 6050
f 6050 4740 6138
f 6050 6138 6048
f 6048 6138 6041
f 6048 6041 6017
f 6017 6041 6040
f 6017 6040 6015
f 6015 6040 6039
f 6015 6039 5792
f 5792 6039 6038
f 5792 6038 5791
f 5791 6038 6019
f 5791 6019 5790
f 5790 6019 6018
f 5790 6018 5789
f 5789 6018 6027
f 5789 6027 5787
f 5787 6027 6029
f 5787 6029 5785
f 5785 6029 6031
f 5785 6031 5783
f 5783 6031 6033
f 5783 6033 5781
f 5781 6033 5726
f 5781 5726 5719
f 5719 5726 5728
f 5719 5728 4774
f 4774 5728 4922
f 4774 4922 4775
f 4775 4922 4921
f 4775 4921 4776
f 4776 4921 5084
f 4776 5084 4777
f 4777 5084 5715
f 4777 5715 4778
f 4778 5715 5717
f 4778 5717 7119
f 7119 5717 5718
f 7119 5718 7120
f 7120 5718 7516
f 7120 7516 7121
f 7121 7516 7515
f 7121 7515 7118
f 7118 7515 8093
f 7118 8093 7116
f 7406 7269 7404
f 7404 7269 7268
f 7404 7268 7402
f 7402 7268 7266
f 7402 7266 7400
f 7400 7266 7264
f 7400 7264 7398
f 7398 7264 7262
f 7398 7262 7396
f 7396 7262 7260
f 7396 7260 7238
f 7238 7260 7259
f 7238 7259 7202
f 7202 7259 7240
f 7202 7240 7201
f 7201 7240 7239
f 7201 7239 7200
f 7200 7239 7244
f 7200 7244 7199
f 7199 7244 7226
f 7199 7226 7198
f 7198 7226 4627
f 7198 4627 7197
f 7197 4627 7152
f 7197 7152 7196
f 7196 7152 7154
f 7196 7154 7195
f 7195 7154 7155
f 7195 7155 7149
f 7149 7155 7156
f 7149 7156 7145
f 7145 7156 7223
f 7145 7223 7143
f 7143 7223 7222
f 7143 7222 7146
f 7146 7222 7220
f 7146 7220 7340
f 7340 7220 7218
f 7340 7218 7341
f 7341 7218 7216
f 7341 7216 7342
f 7342 7216 7214
f 7342 7214 7343
f 7343 7214 7212
f 7343 7212 7344
f 7344 7212 7210
f 7344 7210 7345
f 7345 7210 7208
f 7345 7208 7346
f 7346 7208 7207
f 7346 7207 7347
f 7347 7207 7225
f 7347 7225 7348
f 7348 7225 7256
f 7348 7256 7336
f 7336 7256 7258
f 7336 7258 7337
f 7337 7258 7392
f 7337 7392 7707
f 7707 7392 4602
f 7707 4602 7706
f 7706 4602 4601
f 7706 4601 7705
f 7705 4601 4589
f 7705 4589 7704
f 7704 4589 4588
f 7704 4588 7703
f 7703 4588 7510
f 7703 7510 7702
f 7702 7510 7658
f 7702 7658 7701
f 7701 7658 7659
f 7701 7659 7700
f 7700 7659 7661
f 7700 7661 7699
f 7699 7661 7869
f 7699 7869 7698
f 7698 7869 7868
f 7698 7868 7697
f 7697 7868 7867
f 7697 7867 7696
f 7696 7867 7717
f 7696 7717 7898
f 7898 7717 4578
f 7898 4578 7897
f 7897 4578 4577
f 7897 4577 7919
f 7919 4577 7862
f 7919 7862 7918
f 7918 7862 7861
f 7918 7861 7917
f 7917 7861 7899
f 7917 7899 7916
f 7916 7899 7900
f 7916 7900 7914
f 7914 7900 7883
f 7914 7883 7964
f 7964 7883 7882
f 7964 7882 7962
f 7962 7882 7890
f 7962 7890 7960
f 7960 7890 7889
f 7960 7889 7958
f 7958 7889 7888
f 7958 7888 7956
f 7956 7888 7887
f 7956 7887 7954
f 7954 7887 7886
f 7954 7886 7952
f 7952 7886 7885
f 7952 7885 7950
f 7950 7885 7873
f 7950 7873 7948
f 7948 7873 7580
f 7948 7580 7946
f 7946 7580 7578
f 7946 7578 7944
f 7944 7578 7582
f 7944 7582 7942
f 7942 7582 7583
f 7942 7583 7940
f 7940 7583 7584
f 7940 7584 7938
f 7938 7584 7585
f 7938 7585 7936
f 7936 7585 7586
f 7936 7586 7934
f 7934 7586 7587
f 7934 7587 7932
f 7932 7587 7588
f 7932 7588 7930
f 7930 7588 7598
f 7930 7598 7928
f 7928 7598 7539
f 7928 7539 7926
f 7926 7539 7532
f 7926 7532 7968
f 7968 7532 7531
f 7968 7531 8100
f 8100 7531 7554
f 8100 7554 8099
f 8099 7554 7553
f 8099 7553 8098
f 8098 7553 7552
f 8098 7552 8097
f 8097 7552 7551
f 8097 7551 8096
f 8096 7551 7550
f 8096 7550 8095
f 8095 7550 7549
f 8095 7549 8094
f 8094 7549 7548
f 8094 7548 8093
f 8093 7548 7547
f 8093 7547 7116
f 7116 7547 7546
f 7116 7546 7109
f 7109 7546 7545
f 7109 7545 7108
f 7108 7545 7544
f 7108 7544 7110
f 7110 7544 7543
f 7110 7543 7093
f 7093 7543 7542
f 7093 7542 7092
f 7092 7542 7541
f 7092 7541 7040
f 7040 7541 7540
f 7040 7540 6901
f 6901 7540 7444
f 6901 7444 6900
f 6900 7444 7446
f 6900 7446 6898
f 6898 7446 7448
f 6898 7448 6896
f 6896 7448 7450
f 6896 7450 6894
f 6894 7450 7452
f 6894 7452 7125
f 7125 7452 7454
f 7125 7454 8101
f 8101 7454 7456
f 8101 7456 6874
f 6874 7456 7458
f 6874 7458 6873
f 6873 7458 4657
f 6873 4657 6872
f 6872 4657 6711
f 6872 6711 6871
f 6871 6711 6712
f 6871 6712 6869
f 6869 6712 6699
f 6869 6699 6868
f 6868 6699 6698
f 6868 6698 6867
f 6867 6698 6697
f 6867 6697 6866
f 6866 6697 6696
f 6866 6696 6865
f 6865 6696 6269
f 6865 6269 6864
f 6864 6269 6268
f 6864 6268 6863
f 6863 6268 6267
f 6863 6267 6862
f 6862 6267 6266
f 6862 6266 6861
f 6861 6266 6265
f 6861 6265 6339
f 6339 6265 6264
f 6339 6264 6329
f 6329 6264 6263
f 6329 6263 6327
f 6327 6263 6262
f 6327 6262 6325
f 6325 6262 6261
f 6325 6261 6323
f 6323 6261 6260
f 6323 6260 6321
f 6321 6260 6259
f 6321 6259 6319
f 6319 6259 6258
f 6319 6258 6372
f 6372 6258 6178
f 6372 6178 6340
f 6340 6178 8061
f 6340 8061 6341
f 6341 8061 8060
f 6341 8060 6351
f 6351 8060 8058
f 6351 8058 6352
f 6352 8058 8056
f 6352 8056 6277
f 6277 8056 8054
f 6277 8054 6278
f 6278 8054 8052
f 6278 8052 6493
f 6493 8052 8051
f 6493 8051 6295
f 6295 8051 8050
f 6295 8050 6296
f 6296 8050 8049
f 6296 8049 6294
f 6294 8049 8048
f 6294 8048 6292
f 6292 8048 8047
f 6292 8047 6290
f 6290 8047 8046
f 6290 8046 6306
f 6306 8046 8044
f 6306 8044 6307
f 6307 8044 8043
f 6307 8043 6315
f 6315 8043 8042
f 6315 8042 6316
f 6316 8042 8073
