3 3 1 0
3 1 4 0
3 4 5 0
3 4787 5326 4572
3 6 10 3
3 1 7 4
3 4674 3928 3960
3 226 180 164
3 13 10 6
3 7274 7269 7225
3 29 16 10
3 28 24 10
3 24 29 10
2 4473 4614 4597
3 26 22 11
2 3914 3734 3639
3 245 175 260
3 159 191 122
2 4058 4133 3966
3 20 32 15
3 191 164 122
3 31 28 13
3 10 13 28
2 2761 2835 2804
3 122 164 118
3 30 26 14
3 22 35 19
3 35 34 19
3 29 25 16
3 23 38 20
3 38 32 20
3 36 46 21
3 40 24 28
3 31 43 28
3 43 40 28
3 3004 3133 2328
3 34 45 23
3 45 38 23
3 38 53 32
3 24 39 29
3 41 25 29
3 49 41 29
2 3717 3703 3563
3 75 44 61
3 1007 1336 1047
3 40 39 24
3 48 35 22
3 42 48 22
3 41 33 25
3 52 34 35
3 48 52 35
3 44 51 30
2 2128 2022 2211
3 56 39 40
3 3128 3052 2232
3 55 45 34
3 52 55 34
3 41 44 33
3 65 46 36
3 58 65 36
3 4228 4587 3995
3 60 53 38
3 481 610 578
3 54 49 39
3 67 48 42
3 49 66 41
3 61 44 41
3 66 61 41
3 71 52 48
3 67 71 48
2 4791 4561 4775
3 72 57 46
3 65 72 46
3 55 81 45
3 81 64 45
3 2314 2829 2370
3 79 66 49
3 51 68 50
3 68 76 50
3 7371 7331 7320
3 44 78 51
3 78 85 51
3 70 55 52
3 6546 6362 6303
3 74 54 56
3 296 367 303
3 89 71 106
3 4817 5033 4723
3 49 54 79
3 74 79 54
3 50 76 59
3 76 83 59
3 73 78 44
3 66 88 61
2 4567 4737 4623
3 88 111 61
3 90 69 57
3 72 90 57
3 1073 983 798
3 6969 6967 6878
3 97 65 58
2 4451 4429 4264
3 346 271 236
3 103 76 68
3 85 103 68
3 99 72 65
3 89 102 70
3 112 85 78
3 73 141 78
3 125 112 78
3 141 125 78
3 81 108 64
3 105 79 74
2 3522 3219 3405
3 500 640 580
3 80 116 77
3 3008 3167 2547
3 6444 6452 6186
3 113 90 72
3 99 113 72
3 3378 3382 2840
2 1720 1785 1695
3 124 103 85
3 112 153 85
3 153 124 85
3 104 122 87
3 39 56 54
3 113 120 90
3 120 136 90
2 2835 2941 2900
3 1897 2473 1987
2 4689 4713 4786
3 124 181 103
3 181 134 103
3 102 145 93
3 130 148 97
3 99 97 148
2 3484 3140 3551
3 7190 7160 7079
3 159 122 104
3 232 171 155
3 174 139 111
2 4567 4676 4737
3 3263 3166 2620
3 125 196 112
3 186 153 112
3 196 186 112
3 6755 6709 6647
3 148 156 99
3 126 162 102
3 132 126 89
3 162 145 102
3 101 115 83
3 134 152 101
3 163 127 115
3 156 167 113
3 156 113 99
3 129 176 116
3 80 129 116
3 176 143 116
3 146 188 129
3 188 176 129
3 168 204 123
3 171 149 119
3 179 136 120
3 167 179 120
3 167 120 113
2 5109 5060 5046
3 145 173 121
3 147 187 133
3 230 168 133
3 110 168 123
3 187 230 133
3 189 152 134
3 218 189 134
3 207 138 139
3 174 216 139
3 216 207 139
3 198 155 136
3 179 198 136
3 162 201 145
3 201 173 145
3 197 159 149
3 171 197 149
3 176 195 143
3 200 148 130
3 195 200 130
3 144 215 146
3 215 188 146
3 200 205 148
3 213 215 144
2 4503 4548 4533
3 198 232 155
3 7214 7266 7274
3 180 211 147
3 189 238 152
3 3144 2392 3133
2 5036 4993 5028
3 4968 4798 4446
3 306 236 211
3 235 153 186
3 250 218 181
3 233 179 167
3 225 233 167
3 245 217 175
3 188 241 176
3 7634 7598 7561
3 215 258 188
3 258 241 188
3 253 216 174
3 286 216 253
3 264 235 186
3 152 238 222
3 7112 7032 7160
3 242 198 179
3 233 242 179
3 260 173 201
3 223 123 204
3 4798 4751 4296
3 4146 4019 4640
2 3110 3034 3150
3 1262 1028 1060
2 4404 4678 4366
3 256 220 197
3 242 275 198
2 3750 3666 3560
3 283 207 216
3 286 283 216
3 267 195 241
3 238 310 222
3 283 292 207
3 270 205 200
3 270 267 372
3 270 200 267
3 213 290 215
3 290 258 215
3 285 239 226
3 259 291 226
3 291 285 226
3 237 279 214
3 160 223 244
2 3677 3521 3520
3 797 870 970
2 3666 3677 3520
3 249 304 229
3 3165 3253 2602
3 287 225 205
3 270 287 205
3 217 295 213
3 295 290 213
3 256 266 220
3 252 303 224
3 303 255 224
3 6647 6709 6580
3 297 233 225
3 287 297 225
3 245 316 217
3 316 295 217
3 7013 7114 6982
3 264 357 235
3 357 311 235
3 328 242 233
3 255 319 249
3 335 304 249
3 6541 6493 6416
3 268 347 238
3 347 310 238
3 358 253 244
3 337 358 244
3 258 333 241
3 333 267 241
2 3033 2864 2828
2 3003 3006 3107
3 290 359 258
3 359 333 258
3 381 300 261
3 318 291 259
3 296 303 252
3 340 275 242
3 328 340 242
3 320 349 256
3 360 318 266
3 349 360 266
3 365 357 264
3 303 319 255
3 174 244 253
3 358 286 253
2 2800 2767 2714
3 376 347 268
3 377 301 275
3 340 377 275
3 304 345 265
3 5233 5085 4690
3 410 425 328
3 382 283 286
3 3263 2786 3235
3 391 285 291
3 318 385 291
3 385 391 291
3 333 372 267
3 405 396 293
3 407 334 301
3 377 407 301
3 388 345 304
3 335 388 304
3 371 287 270
3 372 371 270
3 295 384 290
3 384 359 290
3 1086 1246 1016
3 418 337 300
3 381 418 300
3 119 104 82
3 399 292 283
3 409 399 283
3 408 346 306
3 347 397 310
3 399 405 302
3 398 297 287
3 454 427 311
3 572 542 427
3 392 384 295
3 152 115 101
2 2475 2518 2299
2 4499 4415 4386
3 334 403 320
3 403 349 320
3 398 410 297
3 419 355 345
3 388 419 345
3 407 428 334
3 428 403 334
3 426 388 335
3 427 390 311
3 511 430 434
3 403 434 349
3 467 358 337
3 418 453 337
3 453 467 337
2 3877 3893 3703
3 463 397 347
3 376 463 347
3 359 431 333
3 431 372 333
3 384 458 359
3 458 431 359
3 450 377 340
2 3386 3555 3514
3 365 475 357
3 475 454 357
2 2186 2349 2102
3 1564 1645 2061
3 465 407 377
3 495 382 358
3 467 495 358
3 500 444 378
3 397 500 378
3 452 391 385
3 360 452 385
3 386 439 368
3 396 503 365
3 503 475 365
3 499 473 413
3 508 409 382
3 517 428 407
3 465 517 407
3 502 419 388
3 426 502 388
3 529 418 381
3 425 340 328
3 861 632 845
3 466 371 372
3 431 466 372
2 4828 4842 4890
3 452 498 391
3 490 439 386
3 405 506 396
3 506 503 396
3 780 634 654
3 392 497 384
3 497 458 384
3 428 527 403
3 2223 2328 1765
3 522 399 409
3 508 522 409
3 507 410 398
3 510 497 392
3 4812 4559 4311
3 463 536 397
3 564 453 418
3 529 564 418
3 507 518 410
3 475 608 454
3 517 561 428
3 561 527 428
3 554 502 426
3 523 554 426
3 430 452 360
2 4141 4294 4280
3 7539 7457 7535
3 1887 2417 1698
3 5878 5904 5488
3 3120 3245 2765
3 403 530 434
3 403 527 530
3 410 328 297
3 458 540 431
3 540 466 431
2 1988 1978 2135
3 153 219 124
3 497 592 458
3 592 540 458
3 591 465 450
3 64 38 45
3 5765 5703 5311
3 6807 6734 6709
3 6994 6923 6860
3 1227 1168 985
3 607 467 453
3 2547 2127 2489
3 430 547 452
3 594 498 452
3 547 594 452
3 490 549 439
3 591 619 465
2 3397 3556 3508
2 4942 5015 4951
3 1716 1299 1741
3 511 547 430
3 796 641 605
3 1209 1146 1072
3 3696 3943 3404
2 2271 2294 2471
3 4799 5012 4544
3 6472 6366 6347
3 503 622 475
3 627 608 475
3 6757 6639 6597
3 622 627 475
3 617 549 490
3 1061 996 1238
3 772 620 607
3 649 561 517
3 3909 4214 4043
3 5033 4817 5143
3 1394 1347 1103
3 4532 4221 4443
3 498 438 391
3 6790 7011 6913
3 662 827 708
3 6821 6757 6680
3 269 250 181
3 5949 5791 5711
3 530 630 511
3 630 547 511
3 506 660 503
2 4336 4352 4480
3 2155 2070 1638
2 4400 4496 4327
3 510 624 497
3 391 438 350
3 624 592 497
3 1289 1448 1063
3 606 519 662
3 736 650 554
3 597 613 516
3 673 522 508
3 632 673 508
3 653 518 507
2 4469 4336 4480
3 553 647 510
3 647 624 510
3 2387 1991 1820
3 899 847 704
3 677 686 529
3 1092 1017 888
3 842 831 682
3 3587 3641 3165
3 554 655 736
3 67 83 94
3 5373 5122 5282
3 6692 6621 6552
3 6593 6661 6520
3 67 42 59
3 691 568 518
3 653 691 518
3 563 709 553
3 709 647 553
3 825 685 659
3 3245 3341 2712
3 580 733 545
3 733 682 545
3 4682 4397 4519
3 749 591 568
3 691 749 568
3 750 964 709
3 6348 6297 6216
3 2859 3315 2899
3 723 613 597
3 638 793 597
3 793 723 597
3 630 679 547
3 749 768 591
3 768 619 591
3 592 705 540
3 7421 7419 7406
3 640 797 580
3 797 733 580
3 624 798 592
3 798 705 592
3 7587 7632 7596
3 726 610 606
3 708 726 606
3 5724 5768 5551
3 617 714 549
3 5928 6018 5768
3 814 649 619
3 768 814 619
3 517 465 619
2 4925 4927 4990
3 6529 6498 6301
2 1475 1530 1489
3 889 785 628
3 726 792 610
3 814 884 649
3 736 807 650
3 807 701 650
3 819 850 625
3 719 679 630
3 753 719 630
3 553 406 433
3 622 830 627
3 660 622 503
3 606 610 513
3 705 841 612
3 898 653 626
2 4336 4195 4352
3 647 855 624
3 855 798 624
3 2147 1642 1564
3 847 793 638
3 891 859 660
3 4703 5212 4690
3 937 807 736
2 1434 1443 1397
3 910 691 653
3 898 910 653
3 902 855 647
3 906 668 673
3 807 864 701
3 5687 5678 5473
3 733 842 682
3 774 876 724
3 876 655 724
3 966 749 691
3 910 966 691
3 450 465 377
3 719 803 679
3 708 872 726
3 957 792 726
3 872 957 726
3 6739 6663 6562
2 3798 3910 3987
3 1007 768 749
3 966 1007 749
3 781 1015 750
3 1015 964 750
3 755 932 774
3 952 876 774
3 932 952 774
3 3008 3694 3167
3 2323 2160 2901
2 1432 1375 1408
3 1047 814 768
3 1036 1015 781
3 950 742 686
3 908 950 686
3 766 940 699
3 940 899 699
3 943 796 759
3 1647 1289 1250
3 983 841 705
3 798 983 705
2 1561 1530 1475
3 337 244 223
2 2649 2518 2698
3 842 1042 831
3 1017 827 888
3 1103 884 814
3 1047 1103 814
3 950 956 742
3 909 825 770
3 900 909 770
3 7457 7407 7504
3 1008 991 780
3 943 923 796
3 889 972 785
3 972 883 785
2 1491 1517 1443
3 1039 985 821
3 1007 1047 768
3 899 1081 847
3 825 873 685
3 873 805 685
3 1000 1042 842
3 1103 1153 884
3 7148 7202 7088
3 1014 864 807
2 2640 2584 2402
3 909 996 825
3 996 873 825
3 954 977 772
3 6018 6135 5949
3 830 978 786
3 1069 909 900
3 1050 1069 900
3 1131 950 908
3 1067 1131 908
3 940 1163 899
3 1163 1081 899
2 1404 1373 1398
2 1453 1404 1398
2 1453 1398 1478
3 267 200 195
3 714 718 806
3 4653 5012 5122
2 1376 1373 1404
2 1478 1398 1436
2 1386 1424 1436
2 1376 1364 1373
2 5031 5078 5115
3 5300 5629 5600
3 859 830 622
3 1028 978 830
2 1561 1475 1517
3 574 667 628
2 1516 1453 1478
2 1424 1475 1489
2 1530 1540 1489
2 1375 1364 1376
2 1424 1489 1436
3 7267 7252 7229
2 1397 1443 1424
2 1443 1475 1424
2 3428 3400 3252
3 58 62 92
3 973 916 805
3 873 973 805
3 983 1180 841
2 2929 2875 2949
2 1375 1388 1364
3 5792 5857 5667
3 1059 1077 861
3 891 1060 859
2 4442 4298 4283
2 1472 1432 1408
3 7128 7175 7058
2 1436 1489 1478
3 1203 910 898
3 1180 1203 898
3 902 1224 855
2 2177 2337 2192
3 6584 6719 6593
2 2360 2320 2176
3 1069 1088 909
3 1210 996 1088
2 1375 1432 1388
3 7602 7647 7614
2 3216 3350 3233
2 1674 1620 1572
3 1144 956 950
3 1131 1144 950
2 1430 1421 1384
3 6989 7013 6909
3 2425 2995 2316
3 1226 1169 1034
3 1181 1014 937
3 1148 1155 876
2 4203 4058 3975
3 1014 1110 864
3 1057 923 943
3 1146 1057 943
3 859 1028 830
3 972 1062 883
2 4557 4436 4592
3 1188 966 910
3 1203 1188 910
3 964 1184 902
3 1184 1224 902
2 1607 1501 1533
2 1491 1570 1517
2 4946 4904 4888
3 699 899 704
3 692 939 759
3 6296 6157 6135
2 4679 4712 4590
3 1264 1007 966
3 6155 6171 5882
3 994 1050 900
3 1015 1254 964
3 2062 1981 2620
3 1254 1184 964
3 1213 1312 1050
2 1607 1603 1501
3 3232 3121 2598
3 4622 4107 4131
2 1457 1472 1408
3 118 105 74
2 4070 4104 3766
2 1472 1518 1432
2 1518 1509 1432
3 6753 6651 6498
2 2411 2158 2399
2 4648 4711 4553
3 973 873 1061
3 1061 873 996
3 6720 6707 6587
2 1695 1624 1720
2 2768 2946 2872
3 864 1036 781
3 1396 1169 1226
2 1610 1751 1717
3 1057 1092 923
3 6111 6270 6052
3 1316 1550 1194
3 2323 2387 1820
3 7114 7056 6982
2 1573 1538 1462
2 1573 1462 1565
3 1264 1343 1007
3 85 68 51
3 1036 1331 1015
3 1331 1254 1015
3 1126 1305 1039
3 1227 1039 1305
3 3564 3182 3046
3 1182 977 954
3 1140 1182 954
2 1796 1888 1694
2 1695 1743 1607
2 1743 1603 1607
3 4193 4198 4910
3 5792 5866 6024
3 121 108 81
3 1034 1169 929
2 4493 4570 4604
2 1583 1518 1472
2 1522 1583 1472
3 6994 7031 6923
2 1518 1599 1509
2 1599 1639 1509
2 1509 1639 1528
2 1492 1545 1491
2 1582 1492 1538
2 4686 4707 4570
3 932 1168 1157
3 1247 1032 957
3 1161 1247 957
3 7252 7278 7254
3 5274 5525 5203
2 4178 4327 4192
3 7491 7404 7322
3 1182 1059 977
3 1028 1160 978
3 1061 1172 973
3 7302 7325 7275
3 53 77 47
3 1336 1394 1047
2 1943 1929 1762
3 1320 1331 1036
2 2204 2211 2022
3 5462 5525 5776
2 1674 1572 1660
2 1626 1523 1534
3 1316 1194 1071
2 1663 1626 1534
2 1583 1635 1518
2 1635 1599 1518
3 1272 1077 1059
3 1182 1255 1059
3 1255 1272 1059
3 1243 1160 1028
3 1178 1399 1126
3 1224 1401 1073
3 1073 855 1224
3 1765 1401 1224
2 2660 2761 2730
3 7444 7456 7427
3 1401 1342 1073
2 1639 1694 1528
2 1643 1582 1538
2 1573 1643 1538
3 1062 1226 1034
2 1649 1583 1522
3 435 516 400
2 1593 1649 1522
3 1250 1289 1017
2 2574 2457 2373
3 1342 1180 983
2 3409 3585 3574
3 1227 985 1039
3 1347 1153 1103
2 3169 3346 3139
2 1562 1492 1582
2 1643 1699 1582
3 699 704 542
3 6526 6340 6334
3 400 305 331
2 1626 1565 1523
3 1326 1067 1032
3 1247 1326 1032
3 1303 1248 1031
3 6962 7023 7083
2 1786 1863 1792
3 1269 1172 1061
3 1158 1266 1042
3 1266 1242 1042
3 7456 7481 7463
2 1708 1635 1583
2 1649 1708 1583
2 1827 1794 1939
2 1650 1545 1616
3 1494 1149 1450
2 1801 1895 1679
3 3247 2818 2674
2 1639 1599 1807
3 1993 2435 1809
2 1492 1462 1538
2 1703 1573 1565
2 1626 1703 1565
3 1146 1233 1057
2 1703 1740 1573
2 1740 1643 1573
3 1469 1335 1897
3 1154 1360 1511
2 2290 2128 2298
3 3874 3589 3564
3 7272 7301 7249
2 2172 2009 2179
3 3660 3510 2958
2 3339 3508 3366
3 1347 1529 1153
3 1153 1204 947
2 1697 1593 1584
2 1593 1522 1514
2 1652 1697 1584
2 2411 2213 2158
2 1745 1649 1593
2 1697 1745 1593
3 1799 1598 1302
2 1921 2154 1967
3 7485 7471 7458
3 1160 1454 1164
2 1421 1430 1482
3 1183 1302 970
2 5146 5118 5136
2 1810 1860 1714
2 3145 3342 3316
2 3893 3706 3703
2 2030 1877 1879
2 1694 1639 1796
3 1161 1585 1247
2 1988 2030 1879
3 5922 6192 6130
2 2550 2390 2421
3 1217 1349 1122
3 1349 1213 1122
3 1168 1371 1157
3 932 755 985
3 1371 1381 1157
2 1663 1805 1626
2 2693 2671 2273
3 5248 5268 4988
3 1504 1255 1182
3 1469 1504 1182
3 1243 1496 1160
3 1496 1454 1160
2 2108 1976 1918
2 4083 4137 4139
2 4269 4436 4255
2 2000 1895 1801
2 1686 1616 1755
2 4099 4050 4192
3 1158 1000 1228
2 2077 2176 2244
3 235 311 219
2 1870 1840 1785
2 1806 1976 1807
3 4165 3850 3833
2 1940 1796 1807
2 1976 2025 1807
2 2025 1940 1807
3 6193 5973 5876
3 6587 6548 6653
3 1993 1809 1392
3 1153 1529 1204
3 1529 1752 1204
3 1752 1307 1204
3 1698 1537 1181
3 7042 6959 6884
3 7032 7112 7005
3 6296 6135 6158
2 1912 1805 1663
2 1874 1740 1703
2 1805 1874 1703
3 1428 1144 1131
2 3899 3882 3748
2 1943 2057 1929
2 2142 2071 2008
2 2592 2771 2650
2 3650 3462 3548
2 1373 1366 1398
2 3630 3534 3443
2 2186 1973 2037
2 2108 2239 1976
2 5084 5146 5142
3 1413 1429 1155
3 1429 1308 1107
2 1810 1714 1717
3 1991 2387 2602
3 1296 1146 1209
2 3983 3872 3844
2 3654 3534 3630
3 1441 1503 1183
3 1302 1183 1503
2 2612 2520 2650
3 932 985 1168
3 1084 1267 1127
3 1267 1324 1127
2 1675 1616 1562
2 1675 1755 1616
3 1586 1658 1203
2 2944 3003 2971
3 1673 1550 1316
3 1658 1188 1203
3 7430 7413 7427
3 1184 1690 1224
2 3338 3126 3316
2 3344 3124 3338
2 3336 3371 3136
2 2202 2390 2343
3 489 507 398
3 1266 1556 1242
3 1242 1365 1108
3 1556 1611 1242
3 1688 1326 1247
3 1585 1688 1247
3 759 796 605
3 1303 1689 1248
3 1658 1264 1188
3 1254 1690 1184
2 1940 1888 1796
2 1708 1806 1635
3 6541 6587 6707
3 6879 6981 6803
2 1626 1805 1703
2 1870 1978 1840
3 963 945 806
2 1795 1649 1818
2 3848 3822 3646
2 4160 4269 4098
2 2280 2239 2079
2 1983 1978 1870
3 3404 3402 2905
3 6635 6579 6473
2 2038 2097 2236
2 2629 2273 2349
3 1331 1621 1254
3 1621 1690 1254
3 1377 1296 1209
3 1299 1377 1209
3 1880 1360 1307
3 1752 1880 1307
3 1429 1887 1308
3 1155 1429 1107
3 1181 1308 1698
3 1629 1246 1355
3 7468 7444 7443
3 2382 2185 1799
2 3088 2884 3032
3 1723 1471 1328
3 6111 6340 6270
2 2213 2016 2006
2 4521 4580 4689
3 1358 1266 1158
2 1813 1973 1912
2 2102 1998 1912
2 1973 2102 1912
2 1998 2054 1874
2 2154 1921 1874
3 1866 1336 1343
3 1336 1007 1343
3 3043 2323 2901
2 2672 2768 2586
3 1319 1641 1226
3 1641 1396 1226
3 1750 1413 1381
3 1358 1228 1551
2 2239 2108 2079
2 1986 1892 1863
2 2034 1986 1863
2 1931 2034 1863
2 1891 1964 1818
2 4870 4825 4860
2 1986 2072 1892
2 1635 1807 1599
3 235 219 153
2 2239 2025 1976
3 1399 1623 1305
3 1623 1625 1305
2 1562 1545 1492
3 1358 1543 1266
3 1344 1316 1071
2 2649 2757 2550
3 1396 1731 1309
3 1731 1441 1309
3 7312 7360 7378
3 3826 3380 3375
3 6836 6808 6684
3 1638 1496 1243
3 1262 1638 1243
3 1890 1320 1471
3 1611 1365 1242
3 1676 1272 1255
3 5872 6010 5811
2 1449 1528 1467
2 2137 2030 1988
2 2768 2864 2946
3 1700 1638 1262
2 2102 2273 1998
2 2273 2054 1998
2 2025 2151 1940
3 6893 6983 6955
3 2095 1746 1519
3 1551 1543 1358
3 6690 6790 6660
3 625 692 544
3 1586 1203 1180
3 6542 6414 6427
3 1577 1267 1304
3 4952 4906 4512
3 6484 6462 6394
2 4312 4518 4245
3 7343 7337 7297
3 1401 1784 1342
3 1784 1864 1342
3 1765 1784 1401
3 1377 1645 1296
3 1749 1347 1394
3 1841 1749 1394
3 1723 1890 1471
3 5931 5789 5663
2 2239 2253 2025
3 5789 5724 5532
2 2253 2151 2025
3 5265 5405 5130
3 6339 6403 6295
3 6328 6400 6193
2 2450 2320 2493
3 1947 1769 1550
2 4894 4796 4791
2 4849 4639 4754
2 3241 3258 3409
3 846 908 677
3 2952 3365 3183
2 1654 1563 1549
2 3275 3173 3303
2 3322 3161 3196
2 2102 1973 2186
3 7623 7627 7649
2 3234 3278 3101
3 1543 1981 1556
3 2062 1611 1556
2 5136 5092 5115
3 1981 2062 1556
2 4003 3924 3870
3 6821 6751 6940
2 4615 4650 4681
3 5869 5953 5611
3 1749 1529 1347
3 1454 1450 1164
3 1819 2043 1647
3 1673 1947 1550
2 4344 4092 4245
3 2370 1897 1824
3 2314 2370 1824
3 3225 3271 2807
3 1496 2015 1454
3 2015 1907 1454
2 4675 4791 4796
3 1731 1901 1441
3 1503 1441 1901
3 4577 4555 4082
3 1623 2060 1625
3 2060 1979 1625
2 5100 5074 5057
2 2280 2354 2239
2 2354 2253 2239
3 1638 2015 1496
3 1799 2185 1598
3 64 98 60
2 2032 2008 1858
3 196 212 293
3 1700 2155 1638
2 4737 4777 4679
3 2302 1839 1647
3 2043 2302 1647
2 3965 4138 3970
3 2170 1947 1673
3 2316 2170 1673
2 2580 2654 2817
2 4365 4411 4410
2 3198 3332 3171
3 1749 2050 1529
3 1698 2241 1537
3 1974 1723 1537
3 2241 1974 1537
2 4602 4488 4588
2 1953 2071 2097
2 2276 2256 2137
2 2360 2586 2493
3 7022 7084 6975
2 2796 2884 2680
3 7263 7280 7246
2 4009 4075 3944
2 4791 4675 4561
2 2458 2354 2280
3 2125 2061 1645
3 2127 1901 1731
3 2150 2127 1731
2 3926 3847 3930
2 5127 5106 5100
3 2180 2060 1623
2 2349 2273 2102
2 2331 2054 2273
2 2354 2402 2253
3 1947 2207 1769
3 2207 2854 2221
3 1784 2392 1864
3 2392 2566 1864
3 3404 2905 2643
3 1302 1503 1799
3 1765 2328 1784
3 2328 2392 1784
3 1690 2223 1765
3 2095 2274 1746
3 1949 1866 1343
2 2355 2246 2225
3 2222 2169 1658
3 1621 2281 1690
3 2281 2223 1690
3 1995 2425 1831
3 2425 2316 1831
3 2416 1880 1752
3 2417 2241 1698
3 7333 7326 7268
2 2540 2402 2354
2 3026 3038 3196
3 2304 2043 1819
3 2170 2443 1947
3 2443 2207 1947
2 2355 2373 2457
3 1990 2281 1621
3 2015 2420 1907
3 2420 2356 1907
3 2201 2050 1749
3 1841 2201 1749
3 1974 2195 1723
3 2195 1890 1723
3 7471 7466 7432
3 1681 1272 1676
2 4561 4675 4515
2 2306 2072 2192
2 3930 3847 3811
3 2070 2507 2015
3 2507 2420 2015
3 2426 1922 1828
3 2265 2426 1828
3 2636 2216 2147
3 2766 2281 1990
3 2601 2766 1990
2 3012 3156 2950
3 2304 2302 2043
2 2660 2625 2523
3 846 677 670
2 2032 2189 2242
3 2666 2425 1995
3 2532 2324 1996
2 4765 4686 4689
3 2474 2472 1865
3 367 413 303
2 2540 2640 2402
3 2416 2538 1880
3 7086 7151 7003
2 2137 2256 2179
3 2799 2224 2569
3 2050 2224 1529
3 2201 2569 2050
3 2241 2478 1974
3 2478 2195 1974
3 2816 2478 2241
3 2426 2314 1922
3 2347 2435 1993
2 2437 2629 2349
2 2186 2437 2349
2 2629 2693 2273
2 2671 2399 2331
3 2180 2729 2060
3 2729 2598 2060
2 2911 2683 2948
2 2710 2629 2437
2 2458 2251 2448
2 2618 2711 2563
2 2618 2563 2470
3 568 591 450
2 2699 2819 2654
3 2434 2147 2061
2 2931 2948 2511
3 865 1039 821
3 219 269 181
3 181 218 134
2 2622 2570 2910
3 7406 7389 7381
2 2680 2618 2460
3 2417 2816 2241
3 2417 3028 2816
3 2324 2876 2180
3 2876 2729 2180
3 2281 3061 2223
3 3061 3004 2223
2 4037 4404 3992
2 2780 2747 2584
2 2327 2402 2584
3 3651 3629 3188
2 2433 2190 2213
2 2723 2604 2506
2 2390 2506 2343
3 5152 5282 5012
3 2472 2630 2145
2 2550 2421 2649
3 2766 3061 2281
3 2880 2569 2201
3 2886 2426 2265
3 2435 2918 2266
3 2918 2781 2266
2 2580 2366 2367
2 2505 2580 2367
3 2316 2840 2170
3 2840 2443 2170
3 2602 2274 2095
3 2602 2095 1991
3 2262 2786 1981
3 2786 2620 1981
2 2537 2464 2366
3 2129 2692 2155
3 2692 2756 2155
3 2532 3023 2324
3 3023 2876 2324
3 2643 2061 2125
3 2547 2489 3008
2 2654 2580 2505
3 405 293 302
3 2887 2183 2776
3 2474 3066 2472
3 2630 2472 2952
3 2807 2314 2426
3 2347 2899 2435
3 2899 2918 2435
2 2757 2646 2550
2 2757 2649 2890
3 2304 2674 2302
3 2674 2818 2302
2 2723 2796 2604
3 2854 2695 2221
3 3046 2538 2991
3 2991 2538 2416
3 2481 2999 2417
3 2999 3028 2417
2 4712 4687 4618
3 320 256 251
3 2958 2811 2185
2 2113 1978 1983
2 3602 3585 3474
3 3030 3214 2601
3 3214 2766 2601
3 6433 6343 6519
2 2894 2835 2769
2 4000 4083 4069
2 2856 2723 2646
2 2757 2856 2646
3 2833 2891 2274
3 2705 2786 2262
3 3852 3925 3642
2 2733 2699 2588
2 2769 2835 2761
3 2840 2955 2443
3 3616 3166 3263
3 2995 2840 2316
3 2643 2434 2061
3 2263 2823 2150
3 2823 2489 2150
3 2651 3158 2474
3 3158 3066 2474
3 196 274 186
3 3043 3165 2387
3 3046 2585 2538
3 1909 2630 2481
3 2207 2221 1769
2 2780 2957 2747
2 4492 4381 4420
2 2529 2514 2589
2 2385 2179 2393
3 2420 2923 2356
3 2923 2859 2356
3 3004 2328 2223
2 3001 2957 2780
2 2900 3006 2960
2 4922 4848 4871
2 2856 2912 2723
3 2969 2484 2473
3 2933 2969 2473
3 2695 2823 2263
3 2908 2674 2304
3 2776 2585 3182
3 1937 2073 1541
3 2765 2456 3120
3 3121 3158 2651
3 2598 3121 2651
2 2984 3040 2877
3 2666 3111 2425
3 3111 2995 2425
3 3377 2988 2818
3 2602 2387 3165
3 3253 2833 2602
3 3263 2620 2786
3 6637 6540 6749
2 2932 2856 2757
2 2251 2280 2079
3 2908 3247 2674
2 3584 3739 3665
3 2854 3492 3670
3 3670 3268 2854
3 2854 3268 2695
3 3264 2887 2776
3 3182 3264 2776
2 2912 3032 2796
3 2705 3318 3235
2 3766 3843 3611
3 2705 2081 2811
3 3245 2712 2765
2 3153 2938 3007
2 3213 3153 3007
3 3672 3271 3726
3 516 613 470
3 3510 3842 3318
3 2958 3510 2811
3 3272 2918 2899
3 3315 3272 2899
2 3016 2912 2856
2 2932 3016 2856
2 2804 2792 2730
3 2823 3008 2489
2 3049 2890 2821
2 2672 2864 2768
3 3264 3395 2887
2 2154 2158 1967
2 2385 2172 2179
3 2923 3329 2859
3 2443 2955 2207
3 3353 3549 3030
2 3003 3152 3074
3 6409 6377 6311
3 3341 2901 2712
3 7624 7571 7578
2 4863 4716 4768
3 3268 2823 2695
3 2850 3353 3030
2 2686 2525 2704
3 2918 3294 2781
3 3417 2969 2933
3 3328 3417 2933
2 4498 4460 4417
2 3016 3119 2912
3 3117 3491 2908
3 3617 3247 2908
3 2818 3247 3377
3 3382 3492 2955
3 3452 3008 2823
3 3268 3452 2823
3 3432 2991 3300
3 3104 3300 2799
3 1519 1746 1355
3 6038 6175 5615
3 3128 3649 3052
3 3576 3759 3211
3 3649 3631 3052
3 3061 3595 3004
3 3622 3133 3004
3 3595 3622 3004
3 3111 3580 2995
3 3580 3378 2995
3 3745 3852 3445
2 3132 3016 2932
2 3101 3132 2932
3 3052 3060 2222
3 3567 3696 3044
3 1343 1651 1949
3 3517 3104 2880
3 3396 3517 2880
3 3079 3539 2850
3 3539 3353 2850
3 7045 7118 6994
3 3493 3043 2901
3 3341 3493 2901
3 3643 3577 3217
2 3611 3581 3306
3 3445 3245 3120
3 2712 2073 2765
2 3132 3119 3016
3 3432 3046 2991
2 2622 2910 2931
3 3696 3147 3044
2 3033 3018 3170
2 3356 3153 3213
2 2941 2835 2894
2 3364 3356 3213
2 3336 3136 3153
2 3356 3336 3153
3 3517 3300 3104
3 3309 3539 3079
2 4863 4809 4716
3 3752 3399 3214
2 2900 2941 3006
3 3493 3587 3043
3 2062 2620 2532
2 3278 3132 3101
2 3101 3049 3234
2 2723 2506 2646
3 3046 3182 2585
3 3564 3046 3432
3 7539 7462 7457
2 4309 4405 4324
3 3642 3341 3245
3 3673 3148 3298
2 3299 3267 3162
3 3775 3673 3298
3 3698 3775 3298
3 3661 3128 3148
3 3673 3661 3148
2 3393 3190 3139
2 3346 3393 3139
2 3470 3350 3347
3 3622 3678 3133
3 3517 3758 3300
3 3433 3669 3309
3 3669 3539 3309
3 3751 3669 3433
3 6201 5855 5912
3 3885 3641 3587
3 3166 2532 2620
2 3428 3252 3190
2 3393 3428 3190
3 3589 3264 3182
3 3564 3589 3182
2 4894 5007 5003
2 3088 3032 3216
2 3146 3088 3255
3 3792 3452 3268
3 3701 3493 3341
3 3642 3701 3341
3 3629 3828 3396
3 3828 3517 3396
3 3862 3549 3353
3 3936 3862 3539
3 3294 3217 2781
3 3871 3412 3420
3 3780 3871 3420
3 2705 2811 3318
2 2616 2448 2450
3 6663 6647 6526
2 3216 3184 3283
3 3727 3651 3301
3 3906 3595 3399
3 3752 3906 3399
3 3691 3395 3264
3 3589 3691 3264
2 3486 3347 3410
2 3278 3234 3388
3 4086 3732 4004
3 3668 3616 3263
3 3842 3761 3318
3 2859 3329 3315
3 25 18 8
3 4041 4464 4076
3 3426 3909 3433
3 3909 3751 3433
2 3520 3356 3364
2 3560 3520 3364
2 2294 2307 2418
3 6816 6765 6707
3 6523 6377 6409
2 2649 2698 2821
3 3801 3587 3493
3 3701 3801 3493
3 3582 3845 3440
3 3669 3936 3539
3 3377 3546 2988
2 2616 2655 2827
2 3342 3509 3316
2 3509 3487 3316
2 3578 3371 3336
2 3371 3169 3136
3 3871 3984 3412
3 3691 3645 3395
2 3503 3509 3342
2 3346 3169 3371
2 3578 3537 3371
3 3928 3375 3417
2 3679 3684 3487
3 3672 3417 3328
3 3960 3928 3417
3 3617 2908 3491
3 3404 3147 3696
3 3835 3404 3943
3 3874 3564 3821
3 4222 3874 4076
2 2713 2873 2704
3 3928 3826 3375
3 3826 3995 3506
3 2886 3225 2807
3 6657 6523 6661
3 6717 6946 7109
2 3569 3428 3393
2 3563 3569 3393
3 3801 3885 3587
3 3616 3890 3582
3 3890 3845 3582
3 4090 3947 3660
2 3585 3731 3748
3 1342 1659 1180
3 3097 3151 2756
3 4131 3631 3649
2 3306 3480 3228
3 4151 4131 3649
3 4146 3678 3622
2 3795 3664 3837
3 4198 4193 3491
3 4053 4522 3577
3 6193 6164 5973
3 3885 4004 3641
3 4243 4090 3694
3 3641 3732 3253
3 3668 3923 3616
3 4100 3651 3727
3 4107 4100 3727
3 3972 3645 3691
3 3642 3245 3445
2 4781 4681 4748
3 4135 3906 3752
3 3974 4135 3752
3 3166 3582 3023
2 3721 3537 3578
2 3719 3721 3578
2 2563 2711 2660
3 4086 3780 3732
3 3972 3745 3645
2 3715 3598 3818
3 3668 4078 3923
3 3925 3701 3642
3 681 536 739
3 4124 3673 3775
3 3698 4176 3775
3 4232 4124 3775
3 4176 4232 3775
3 4080 3661 3673
3 4124 4080 3673
3 4143 4176 3698
2 3585 3748 3574
2 3718 3574 3748
2 3706 3695 3552
2 3552 3569 3706
3 602 739 536
2 3843 3779 3581
3 4146 4143 3678
3 4076 3821 3758
3 4041 4076 3758
3 4042 3936 3669
3 633 566 499
3 4142 3852 3745
3 3972 4142 3745
3 4027 3801 3701
3 3925 4027 3701
3 4189 3871 3780
3 4086 4189 3780
2 1730 1879 1877
3 1169 1396 1309
3 4296 3931 3828
3 1122 994 863
2 2813 2711 2877
3 3921 4652 3786
2 4045 4001 3865
2 3679 3860 3684
2 3860 3920 3684
3 4304 3984 3871
3 4189 4304 3871
3 3947 4260 3842
3 4260 4175 3842
3 4116 3885 3801
3 4027 4116 3801
2 3779 4015 3784
3 4076 3874 3821
3 3672 3960 3417
3 4464 4222 4076
3 3826 4228 3995
2 4967 4935 4899
3 3835 4843 4198
3 4866 4258 4202
3 6200 6067 6051
2 3470 3548 3437
3 4220 4027 3925
3 4287 3916 4222
3 4222 3916 3874
3 3821 3564 3432
3 4016 4311 3909
3 4431 4164 3984
3 4304 4431 3984
3 4090 4383 3947
3 4383 4260 3947
2 3868 3878 3742
2 2700 2714 2767
3 4446 4296 4029
3 4422 4135 3974
3 4305 4422 3974
2 3718 3748 3882
2 3893 3868 3706
2 5083 5094 4970
3 3595 4019 3622
2 3865 4001 3834
2 3992 3740 3785
3 4354 4116 4027
3 4220 4354 4027
3 4744 4622 4131
3 7262 7190 7259
2 3762 3444 3769
3 6794 6720 6653
3 4511 3943 4164
2 2367 2366 2228
3 4078 4350 3923
3 3732 3641 4004
2 5046 5060 4873
3 4624 4100 4107
2 3843 4022 3779
3 4462 4424 4055
2 2967 2686 2977
2 3689 3865 3834
2 4031 4023 3867
3 4812 4806 5082
3 7552 7560 7476
2 3860 4050 3920
2 2894 2937 3034
2 4023 3844 3867
3 314 316 245
2 3961 4050 3860
2 4023 3983 3844
2 3628 3809 3805
2 3646 3822 3809
3 4247 4551 4173
3 4511 4606 3943
2 4021 3985 3889
2 4900 4960 4924
2 4507 4498 4405
2 4447 4387 4377
3 4624 4446 4100
3 4422 4584 4135
2 4229 4204 4091
3 4555 4575 4053
2 3470 3437 3350
2 3882 4024 3848
2 4025 3893 3877
3 4466 4350 4078
2 4018 3868 3893
3 4439 4142 3972
2 4051 4024 3882
2 3899 4051 3882
2 4025 4018 3893
3 4556 4124 4232
3 4176 4703 4232
3 4690 4556 4232
3 4703 4690 4232
3 4586 4080 4124
3 4556 4586 4124
3 4143 4616 4176
3 4616 4703 4176
2 3992 3785 4037
3 4214 4437 4043
3 4823 4864 4258
3 4866 4823 4258
2 4018 4009 3868
2 5078 5031 5008
3 4667 4616 4143
2 3034 3010 2894
2 3785 3740 3484
3 4350 4714 4247
3 4714 4551 4247
3 4260 4645 4175
3 4645 4466 4175
2 4195 4075 4009
3 2652 2132 2040
3 4751 4341 4296
3 4446 4798 4296
2 3811 3650 3781
3 4587 4599 3995
2 4099 4231 4045
2 4155 4187 4031
2 4192 4050 4178
2 3961 4178 4050
2 4134 3983 4023
2 4187 4134 4023
2 4134 4056 3983
2 4156 4021 4056
2 4134 4209 4056
2 4209 4284 4056
3 4383 4728 4260
3 4728 4645 4260
2 2660 2730 2625
2 3979 4160 3962
2 4167 3985 4021
2 4156 4167 4021
2 4024 4201 3979
2 4167 4025 3985
3 4854 4939 4422
3 4751 4769 4341
2 2828 2673 2892
2 4051 4217 4024
2 4217 4201 4024
2 4235 4217 4051
2 4172 4018 4025
2 2475 2299 2190
3 4785 4954 4431
3 4511 4164 4431
3 4090 4512 4383
3 4142 4439 4443
2 4775 4518 4596
2 4079 4235 4051
3 4632 4773 4338
3 4624 4968 4446
2 4195 4009 4171
3 1922 1428 1393
2 1408 1375 1387
3 4769 4915 4408
3 4390 4042 4437
3 2787 2265 2132
3 4512 4906 4383
2 3048 3062 3321
3 4575 4911 4522
3 6410 6571 6562
3 4354 4510 4116
3 7384 7362 7391
2 4253 4155 4150
2 4253 4288 4155
2 4192 4301 4099
2 4301 4231 4099
2 4288 4187 4155
2 4297 4134 4187
3 4135 4267 3906
2 4297 4209 4134
3 5172 4624 4622
2 4098 3962 4160
2 4283 4167 4156
2 4284 4283 4156
2 4201 4335 4160
2 4335 4269 4160
2 4056 4284 4156
3 4995 4911 4575
3 5247 4952 4862
2 4217 4396 4201
2 4396 4335 4201
2 4283 4298 4167
3 5172 4968 4624
3 5199 4701 4584
3 4939 5199 4584
3 4568 4222 4464
3 4408 4464 4041
3 4877 4902 4437
3 4767 4985 4510
2 3080 2877 3040
3 4751 5198 4769
3 5102 4576 4536
3 5047 5102 4536
2 2689 2906 2874
2 3717 3563 3537
3 4544 4398 4799
3 5085 4556 4690
3 5212 5233 4690
3 4817 4723 4439
3 4723 4443 4439
3 5154 4586 4556
3 5085 5154 4556
3 6982 6879 6753
3 5484 5347 5178
3 5300 4862 4864
1 7637 7644 7628
3 4532 4767 4354
3 929 681 739
3 5145 4598 4586
3 4667 5128 4616
3 5128 5079 4616
3 6334 6410 6562
2 2048 1929 2057
2 4141 3975 3912
3 4977 4983 4620
3 5145 4744 4598
3 4640 5169 4667
3 5169 5128 4667
3 4956 4892 4621
3 4408 4915 4464
2 1720 1674 1724
2 4336 4340 4263
3 5301 5302 4965
3 5162 5169 4640
3 5122 4785 4653
3 5012 4653 4544
3 2274 2380 1965
2 4386 4209 4297
3 5202 4751 4798
3 4908 5360 4854
2 4240 4400 4327
2 4386 4284 4209
3 4587 4965 4599
3 4110 4338 3377
3 561 654 527
2 3494 3514 3655
2 4415 4283 4284
2 4386 4415 4284
2 4336 4263 4205
2 4335 4436 4269
2 4178 4240 4327
2 4415 4442 4283
3 5651 5162 5199
2 4396 4478 4335
2 4478 4436 4335
3 5348 5460 4843
3 4572 5366 4866
3 5210 4954 4785
3 5122 5210 4785
3 4906 5130 4728
3 4877 5119 4902
3 5202 5198 4751
3 5281 5166 4985
3 891 660 665
3 7176 7451 7398
3 7425 7504 7407
2 4636 4678 4404
3 4773 4489 4270
2 2337 2404 2192
2 5062 4775 4855
2 2229 2188 2048
2 4336 4421 4340
2 4203 4207 4058
3 4812 5240 4877
3 5240 5119 4877
3 5312 5105 4954
3 5210 5312 4954
3 5209 5265 4906
3 5265 5130 4906
2 2450 2448 2244
2 2877 3080 2937
3 5326 5366 4572
2 2337 2177 2343
2 4552 4520 4420
2 4255 4400 4240
3 5303 4983 4977
3 4956 5138 4892
3 5138 5103 4892
2 4436 4400 4255
2 4672 4496 4557
2 4557 4496 4400
2 4436 4557 4400
2 4493 4499 4386
3 5322 5014 4983
3 5004 5275 4956
3 5275 5138 4956
2 4592 4436 4478
2 4530 4442 4415
2 4499 4530 4415
3 5322 5301 5014
3 4965 5316 5004
3 5316 5275 5004
3 5302 5316 4965
3 5792 5667 5494
3 5282 5122 5012
3 5312 5389 5105
3 4906 4952 5209
3 5247 5209 4952
2 4530 4660 4558
2 4530 4558 4442
2 2592 2634 2771
2 1992 2128 2096
3 4910 5457 5362
3 5082 5245 4812
3 5245 5240 4812
3 4864 4243 4258
2 4404 4320 4579
3 5866 5792 5577
3 5405 5196 5130
3 5405 5620 5196
3 5445 5198 5202
3 5538 5445 5202
2 2414 2439 2307
1 7628 7594 7619
2 3625 3584 3544
2 4488 4602 4470
2 4602 4580 4470
2 4585 4477 4521
2 4689 4585 4521
2 4585 4570 4477
2 4493 4604 4499
3 5435 5085 5233
2 4672 4588 4496
2 4588 4488 4496
3 5435 5154 5085
3 5392 5245 5082
2 4633 4530 4499
2 4604 4633 4499
3 5138 5688 5103
3 6039 5048 5103
2 3275 3303 3386
2 3219 3140 2897
3 6403 6409 6311
3 4586 5154 5145
3 5388 5023 5125
2 4623 4469 4480
2 4589 4630 4550
3 5209 5449 5265
3 5449 5523 5265
3 459 563 433
3 5275 5688 5138
2 4745 4592 4657
3 5545 5307 5198
3 5445 5545 5198
3 5281 5363 5166
3 5268 5385 5165
3 3577 4522 3580
3 5606 5301 5322
3 5316 5611 5275
3 5611 5688 5275
2 4660 4676 4558
3 5606 5690 5301
3 5633 5611 5316
2 1674 1624 1620
3 5765 5311 5310
3 5668 5765 5310
3 5301 5690 5302
2 4745 4657 4809
3 5363 5282 5152
2 2029 1983 1899
3 6357 6137 6112
3 5247 5449 5209
2 4739 4755 4588
3 5301 4965 5014
2 4717 4743 4648
2 4686 4570 4585
3 3702 3643 3294
2 4928 4696 5034
2 4672 4739 4588
2 4811 4739 4672
3 5388 5406 5023
3 5245 5494 5240
2 1762 1654 1656
2 4707 4633 4604
3 5563 5696 5172
3 5192 5172 4622
3 7083 7016 6962
3 5199 5162 4701
3 6332 6315 6084
3 5591 5525 5274
3 6314 6328 6124
3 517 619 649
2 4707 4742 4633
2 2236 2097 2228
3 5300 5600 5247
3 5600 5449 5247
3 5392 5577 5245
3 5577 5494 5245
3 7016 6968 6902
2 5015 4986 4951
3 5413 5624 5329
3 5679 5348 5347
3 5414 5629 5300
3 5538 5855 5445
3 7329 7372 7362
3 5460 5457 4910
2 4863 4897 4809
3 4983 5014 4535
3 5319 5623 5392
2 4803 4742 4707
3 1059 861 845
2 4507 4492 4550
2 3837 3664 3715
3 929 1054 870
2 4709 4970 4688
2 4970 4953 4688
3 5624 5811 5489
2 4821 4711 4743
3 5460 5348 5758
3 5679 5758 5348
2 2348 2414 2242
3 5725 5629 5414
2 4803 4816 4742
3 2263 2150 1771
2 2242 2142 2008
2 2307 2242 2414
3 5813 5449 5600
3 5813 5523 5449
2 4982 4897 4863
2 5044 4982 5002
2 1895 2000 2234
3 5048 5742 4995
3 5594 5882 5404
3 5882 5788 5404
3 33 44 30
3 3272 3702 3294
3 5782 5457 5460
3 5551 5373 5506
3 5523 5738 5405
3 5540 5687 5473
2 4835 4803 4776
2 4810 4835 4776
3 612 489 466
2 2525 2619 2471
3 7464 7474 7431
3 6039 5742 5048
2 5013 4897 4982
3 5811 5624 5872
3 5623 5577 5392
3 5540 5802 5687
3 5532 5724 5506
3 5152 5012 4799
2 4421 4423 4340
2 4492 4507 4405
2 4298 4325 4172
3 6011 5882 5594
2 3944 3971 3823
3 185 161 127
3 5711 5791 5632
3 5813 5738 5523
3 5221 5488 5612
3 6084 6315 5980
2 4860 4825 4786
2 4913 4870 4860
2 4846 4810 4825
2 4870 4846 4825
2 3366 3349 3221
3 5982 5866 5623
2 2255 2267 2120
2 5044 5013 4982
2 4846 4835 4810
3 5839 5457 5782
3 6015 5563 5612
3 5904 6015 5612
3 5612 5488 5904
3 1642 1294 1233
3 5633 5869 5611
3 5911 5678 5687
3 5473 5167 5056
3 5724 5551 5506
2 4846 4868 4835
2 5043 5044 5002
2 4883 4907 4841
2 4927 5003 4990
3 7618 7573 7553
3 5993 6060 5758
3 5644 5963 5725
3 5963 6014 5725
3 3097 3380 3151
2 3205 2868 2911
2 4900 4841 4907
3 5792 6024 5857
2 2687 2589 2648
2 4485 4548 4484
3 6015 5696 5563
3 5696 6015 6066
2 4986 4898 4951
3 5166 5152 4727
3 793 946 723
2 4867 4899 4847
2 4847 4816 4867
2 4951 4870 4913
2 4870 4868 4846
2 4755 4602 4588
3 5811 5663 5489
3 5931 5663 5811
3 5577 5792 5494
2 4933 4924 4979
3 5813 5909 5738
3 6667 6691 6519
2 4898 4870 4951
3 6962 7016 6902
2 4870 4898 4868
3 6076 5993 5840
3 5985 5842 5830
3 5623 5866 5577
3 5678 5982 5623
3 628 463 491
3 536 463 602
3 5789 5532 5663
3 5540 5674 5802
2 4473 4597 4430
3 5932 5765 5668
3 6138 6091 5765
3 6112 5872 5964
3 3637 3702 3272
3 7128 7058 7016
2 4986 4888 4898
2 5036 5075 5041
3 6010 5931 5811
3 6110 6173 5839
3 5882 6074 5788
3 408 451 346
2 5141 5111 5121
3 5768 5724 5928
3 5949 5768 6018
2 5008 4888 4986
2 5008 4946 4888
2 4709 4104 4414
3 6189 6184 5983
3 1371 1900 1865
2 2397 2229 2391
3 6017 5909 5813
2 5031 5052 4967
3 6010 6116 5931
3 6137 6010 5872
3 6186 5797 5992
3 6234 6186 5992
3 6225 6234 5992
3 6186 5888 5797
3 6017 6077 5909
2 2529 2486 2514
3 6070 6019 5914
3 6105 6114 5953
3 6186 6212 5888
3 2818 2988 2302
3 6171 6074 5882
3 6033 6070 5914
3 7047 7162 7023
3 6039 6111 5742
3 5900 5505 5946
3 5982 6099 5866
3 6058 6017 5813
2 5092 5052 5031
3 6235 5900 5946
3 6259 5904 5878
3 6212 6259 5878
3 6262 6235 5946
3 6357 6112 6254
3 5985 6107 6179
3 6180 6343 6038
3 6334 6111 6039
3 6259 6015 5904
3 6134 6060 5993
3 6076 6134 5993
3 6137 6116 6010
3 6197 6099 5982
3 5869 6019 6105
3 6143 6261 6013
3 6275 6155 6011
3 6035 6107 5830
3 6357 6413 6137
3 6259 6303 6015
3 6303 6066 6015
3 6416 6306 6261
3 1828 1922 1393
3 6156 6077 6017
3 6058 6156 6017
3 5979 6394 6189
2 1514 1563 1584
3 6091 6332 6084
3 6156 6196 6077
3 6260 6179 6107
3 6197 6366 6099
3 6366 6310 6099
3 6134 6216 6060
3 6213 6134 6076
3 6157 6213 6076
3 6148 6203 6058
3 6203 6156 6058
3 6275 6370 6155
3 6192 6331 6130
3 6306 6376 6180
3 6334 6340 6111
3 6138 6381 6091
3 6381 6332 6091
3 6137 6247 6116
3 6247 6228 6116
3 6351 6247 6137
3 5505 5471 5128
3 6413 6351 6137
3 6216 6110 6060
3 6297 6173 6110
3 6213 6249 6134
3 6249 6216 6134
3 6289 6203 6148
3 6311 6229 6200
3 6183 6381 6138
3 6296 6213 6157
3 6186 6234 6444
3 6225 6443 6234
3 6508 6444 6234
3 6443 6508 6234
3 6316 6260 6184
3 6452 6212 6186
2 1652 1584 1563
2 4504 4590 4506
3 6498 6381 6183
3 6464 6259 6212
3 6452 6464 6212
3 6247 6350 6228
3 6377 6273 6229
3 6311 6377 6229
3 6330 6249 6213
3 6296 6330 6213
3 6289 6339 6203
3 6400 6164 6193
3 6473 6449 6350
3 6192 6408 6331
3 6216 6297 6110
3 6466 6192 6227
2 2194 2120 2267
2 4524 4506 4562
3 6351 6350 6247
3 6377 6347 6273
3 6546 6303 6259
3 6464 6546 6259
3 6315 6502 6262
3 6289 6221 6371
3 6446 6339 6289
3 6462 6406 6309
3 945 714 806
2 3035 2946 2864
2 3795 3965 3970
3 6462 6550 6406
3 6415 6330 6296
3 6270 6422 6275
3 6422 6370 6275
3 6400 6465 6164
3 6466 6408 6192
2 4456 4504 4506
3 6582 6502 6315
3 6413 6357 6637
3 6540 6637 6357
3 6449 6415 6338
2 4553 4569 4648
3 6900 6693 6706
3 6501 6594 6410
3 6351 6473 6350
3 6450 6347 6377
3 6578 6400 6328
3 6408 6611 6331
3 6611 6529 6331
2 3338 3538 3344
3 6446 6480 6339
3 6413 6521 6351
3 6521 6473 6351
3 6450 6472 6347
3 6381 6582 6332
3 6196 6200 6077
2 2804 2900 2792
3 6476 6422 6270
3 6745 6653 6624
3 6490 6412 6348
3 6472 6599 6366
3 6599 6516 6366
3 6516 6310 6366
3 6347 6366 6197
3 6422 6474 6370
3 6668 6610 6583
3 6267 6246 6411
3 6651 6582 6381
3 6466 6665 6408
3 6665 6611 6408
3 6449 6552 6415
3 7035 6900 6851
3 6490 6548 6412
3 6474 6532 6397
3 6371 6397 6532
3 6579 6552 6449
3 6416 6493 6306
3 6476 6580 6422
3 6580 6474 6422
3 7078 7142 7052
3 6446 6289 6371
3 6443 6678 6508
3 6678 6694 6508
3 6434 6678 6443
3 6660 6558 6550
3 6610 6550 6462
3 6659 6678 6434
3 6568 6472 6450
3 6523 6568 6450
3 6516 6665 6466
3 6501 6639 6594
3 6702 6571 6594
2 4591 4668 4429
3 6624 6548 6490
3 6735 6539 6512
3 6705 6735 6512
3 1248 1139 946
3 6644 6540 6465
3 6373 6267 6411
3 6644 6749 6540
3 6722 6665 6516
3 6775 6619 6546
3 6619 6362 6546
3 6635 6684 6579
3 6684 6692 6579
3 6635 6473 6521
3 6523 6657 6568
3 6624 6653 6548
3 6745 6794 6653
3 6611 6812 6529
3 6812 6753 6529
3 6709 6606 6580
3 6851 6900 6706
3 6702 6739 6562
3 6680 6597 6544
3 6836 6684 6635
3 6593 6728 6661
3 6900 6919 6693
3 3380 3506 3151
3 6201 6314 6124
3 6757 6764 6639
3 6757 6597 6680
3 6665 6812 6611
3 1092 1250 1017
3 6808 6692 6684
3 6621 6692 6776
3 6728 6868 6789
3 6879 6803 6651
3 6758 6790 6690
3 6768 6691 6667
3 6657 6805 6568
2 3122 2946 3035
3 6678 6802 6694
2 1924 1834 1766
3 6659 6838 6678
3 6838 6802 6678
3 6851 6706 6664
3 6844 6851 6664
3 6883 6838 6659
3 6853 6745 6776
3 6876 6853 6776
3 5213 4773 4632
3 6799 6739 6702
3 6764 6799 6702
3 6886 6799 6764
3 6921 6735 6705
3 6768 6848 6691
3 6723 6695 6502
3 6936 6868 6852
3 6796 6578 6539
3 6901 6830 6712
3 6861 6768 6765
3 312 261 230
3 7035 7091 6900
3 6807 6889 6734
3 6973 6870 6881
3 6459 6352 6304
3 6868 6902 6789
3 6899 6886 6764
3 6921 6796 6735
3 6812 6982 6753
3 6764 6757 6899
3 6938 6852 6804
3 6888 6775 6996
3 6861 6878 6768
3 481 381 356
3 6886 6914 6799
3 3576 3211 3089
3 6854 6920 6807
3 6876 6943 6853
3 6938 6936 6852
3 963 806 831
3 7013 6982 6812
3 6962 6902 6868
3 6860 6923 6816
2 1730 1775 1656
3 6996 7048 6888
3 6899 6985 6886
3 6985 6914 6886
3 6870 6960 6854
3 6960 6920 6854
3 6873 6950 6975
3 7003 6851 6844
3 6982 7056 6879
3 7056 6981 6879
3 7003 7035 6851
3 7043 6925 6940
2 2895 2839 2734
2 2879 2837 2792
3 6962 6868 6936
2 2639 2700 2736
3 6967 7021 6908
2 2348 2383 2452
3 7022 6975 6950
3 7021 7022 6950
3 4892 5103 4577
3 343 237 277
3 7158 6996 7091
3 6981 7066 6916
3 7022 7088 7084
2 5052 4991 4967
2 1417 1387 1376
3 1641 1771 1396
2 4058 3966 3838
3 7092 7008 6925
3 7043 7092 6925
3 7056 7157 6981
3 7157 7066 6981
3 7063 6983 7084
3 7194 7104 7092
3 7104 7008 7092
3 7127 7088 7021
3 7066 7155 7030
3 7220 7157 7114
3 7104 7147 7064
3 7205 7122 7046
3 519 373 480
3 7082 7115 7017
3 7039 7021 6967
3 7118 7152 6994
3 7499 7495 7468
3 7211 7158 7091
3 7157 7215 7066
3 7215 7155 7066
3 7039 7127 7021
2 3486 3410 3544
3 7168 7172 7084
3 7122 7125 7042
3 7189 7128 7083
3 7215 7245 7155
3 7140 7193 7115
3 7229 7252 7182
3 7264 7313 7245
3 7168 7258 7172
3 7258 7293 7172
3 7204 7125 7122
3 7205 7204 7122
3 7175 7187 7107
3 7187 7220 7114
3 7220 7215 7157
3 7204 7214 7125
3 7189 7175 7128
3 7190 7079 7132
3 7229 7182 7142
3 7202 7255 7168
3 7255 7258 7168
3 7189 7253 7175
3 7251 7187 7175
3 7253 7251 7175
3 7229 7142 7178
2 3556 3397 3435
3 7204 7266 7214
3 7250 7253 7189
3 7162 7250 7189
3 7219 7208 7147
3 7208 7153 7147
3 7260 7204 7205
3 7237 7285 7205
3 7265 7220 7187
3 7251 7265 7187
3 599 625 485
3 7245 7275 7211
3 7220 7264 7215
3 7260 7266 7204
3 7265 7264 7220
3 7309 7253 7250
3 5727 5412 5213
3 7308 7267 7269
3 7338 7292 7262
3 7303 7338 7262
3 7285 7320 7260
3 7325 7285 7275
3 7302 7275 7245
3 7265 7334 7264
3 7334 7313 7264
3 7337 7340 7280
3 7325 7320 7285
3 7297 7280 7263
3 7344 7399 7343
3 7407 7399 7344
3 7367 7303 7340
3 2162 1995 1554
3 7360 7312 7345
3 7327 7382 7302
3 7327 7302 7245
3 7369 7325 7302
3 7377 7327 7313
3 7354 7356 7309
3 7338 7354 7292
3 7325 7371 7320
3 7367 7338 7303
3 7360 7418 7378
3 7369 7371 7325
3 7356 7389 7334
3 7389 7377 7334
3 7399 7412 7343
3 7373 7374 7337
3 7391 7372 7371
3 7401 7391 7371
3 7354 7381 7356
3 7381 7389 7356
3 7462 7412 7399
3 7457 7462 7399
3 7372 7391 7362
3 7374 7370 7337
3 7403 7374 7373
3 7412 7403 7373
2 4405 4280 4381
3 7403 7393 7374
3 7382 7369 7302
3 7411 7401 7369
2 1425 1387 1417
3 7448 7363 7378
3 7437 7454 7366
3 7434 7403 7412
3 7462 7434 7412
3 7401 7409 7391
3 7430 7458 7417
3 7416 7443 7422
3 7427 7422 7444
3 7462 7472 7434
3 7472 7464 7434
3 7430 7463 7458
3 7456 7463 7430
3 7422 7443 7444
3 7456 7430 7427
3 7481 7485 7463
3 7485 7458 7463
3 7467 7481 7456
3 7495 7481 7467
3 7495 7467 7468
3 7551 7594 7549
3 7557 7594 7551
3 7568 7594 7557
3 7579 7594 7568
1 7585 7594 7579
1 7593 7583 7577
1 7593 7592 7583
1 7617 7619 7608
1 7621 7625 7618
2 2471 2294 2418
2 2910 3306 2931
2 2225 2246 2088
2 2932 2757 2890
3 6013 5848 5727
3 1901 2382 1799
3 702 874 889
2 4867 4904 4899
3 6621 6624 6503
3 827 1017 1063
3 3947 3842 3510
2 1785 1720 1793
2 3026 2972 2844
3 7407 7339 7425
2 2285 2267 2321
3 1289 1839 1448
3 4522 4339 3580
3 608 766 572
3 89 70 52
2 3306 3228 2931
2 2219 2437 2186
3 4519 4376 4790
2 2243 2391 2229
3 7152 7078 7031
3 3923 3890 3616
3 7535 7504 7556
3 2347 1993 1910
3 543 459 419
2 1713 1858 1766
2 5020 4979 4960
2 3193 3219 3041
3 6119 5911 6067
3 6119 5982 5911
3 7274 7225 7166
3 5931 5991 5789
3 4270 3576 4338
2 1713 1766 1652
3 780 753 634
3 71 89 52
2 2769 2660 2711
2 2608 2540 2458
3 7595 7529 7599
2 3228 3480 3205
2 3170 3288 3335
3 5467 5312 5210
3 6155 5882 6011
3 6255 6648 6320
3 6567 6648 6255
2 2733 2619 2709
2 4461 4364 4460
3 5923 6320 6033
3 225 167 156
3 6542 6717 6924
3 6689 6820 7154
3 6820 6778 7097
2 4195 4205 4075
3 2147 1770 1642
2 3556 3435 3598
3 3378 2840 2995
3 5688 6132 5103
3 6132 6039 5103
2 4848 4768 4711
2 3664 3795 3613
3 6865 6751 6542
3 6529 6753 6498
3 7541 7543 7599
3 7541 7599 7529
3 6924 6865 6542
2 4364 4347 4271
3 7261 7449 7109
3 6846 6912 6998
3 5213 5362 5727
2 3744 3321 3450
2 1891 1818 1745
3 945 865 714
2 2048 2188 2019
2 3269 3098 3091
2 3254 3269 3091
3 6427 6596 6717
2 4801 4752 4781
3 6981 6916 6803
3 7091 6996 6919
3 4519 4185 4376
2 4056 3880 3872
3 5889 6038 5047
2 4804 4748 4712
3 6105 6019 6248
3 6245 6248 6019
3 368 282 386
3 6327 6689 6596
3 6438 6689 6327
3 516 470 400
2 4993 5036 4889
3 5605 5388 5307
3 6033 6320 6438
3 6327 6033 6438
3 7556 7600 7610
3 7556 7610 7611
3 214 185 163
3 7262 7259 7303
3 5651 5571 5162
3 5900 5471 5505
2 4858 4900 4874
2 2637 2533 2703
3 1454 1907 1450
3 435 400 331
1 7656 7644 7653
3 6114 6105 6246
3 6246 6105 6248
2 2920 3126 2916
3 7602 7546 7626
3 7546 7615 7626
2 4017 4092 4277
2 4871 4925 4922
3 4866 4202 4572
2 4589 4613 4684
2 2920 2916 2710
2 2514 2501 2648
3 6388 6596 6427
3 6946 6689 7154
3 4843 5460 4910
3 6200 6229 6067
3 6327 6596 6388
2 4589 4552 4613
3 1505 1389 1820
3 1084 1127 891
2 2235 2290 2423
2 4037 3785 3762
3 238 189 268
3 7052 7127 7039
2 3806 3896 3781
3 5274 5203 4902
3 5152 4799 4727
3 23 20 9
3 5311 5199 4939
2 2423 2290 2407
2 3115 3074 3237
3 6039 6132 6334
3 7438 7420 7307
2 4070 4414 4104
2 1876 1899 1793
2 3323 3278 3469
2 3388 3583 3469
2 3126 3338 3124
2 3132 3278 3323
3 7611 7535 7556
2 2307 2294 2142
2 2401 2570 2622
3 6327 6388 6245
2 3388 3469 3278
3 7603 7535 7611
3 7376 7345 7330
3 1504 1676 1255
3 1537 1723 1328
3 1335 1824 1897
2 4569 4553 4498
2 1953 1891 1834
2 2971 2963 2927
2 1969 2088 2029
3 6596 6946 6717
3 1580 1269 1238
3 7384 7330 7362
2 4900 4818 4841
2 2525 2686 2619
2 3520 3521 3356
2 1699 1675 1582
2 4612 4663 4578
3 261 300 204
2 4236 4139 4137
3 7487 7549 7552
3 1435 1344 1089
2 3536 3366 3508
2 4404 4057 3992
2 1530 1561 1613
2 2373 2225 2235
2 2884 3088 2984
2 4190 4271 4159
2 1699 1842 1675
2 4112 4210 4063
3 3120 2456 3021
3 2326 3021 2456
3 5758 5782 5460
2 4816 4783 4742
3 6335 6132 6267
2 4344 4471 4277
3 6946 7154 7261
3 390 479 353
2 3267 3348 3397
3 139 138 75
3 4577 3786 4621
3 4954 5105 4511
3 735 654 561
3 5329 5224 5413
2 2284 2381 2276
3 6667 6519 6515
2 2806 2599 2545
2 2984 2877 2785
3 4773 4270 4338
2 3970 3899 3777
2 3844 3677 3666
3 1554 1139 1248
2 4933 4941 4912
3 7152 7269 7178
2 3970 4079 3899
3 3188 3090 2442
2 5028 5020 5054
2 2638 2536 2862
3 6919 6775 6693
2 3777 3795 3970
3 249 182 194
3 6919 6996 6775
2 3965 3795 3837
2 2219 2037 2151
3 2040 2132 1585
3 617 490 545
3 5928 5789 5991
2 2865 2638 2862
2 4394 4412 4468
2 4468 4517 4394
2 4015 3973 3784
2 2378 2211 2469
3 3419 3120 3021
2 2335 2391 2243
2 2714 2633 2645
3 6946 7261 7109
3 7354 7309 7292
3 5611 5953 5688
2 2321 2522 2285
2 4639 4668 4754
2 3768 3766 3472
2 2802 2663 2609
2 1992 1869 1860
2 4087 4226 4252
3 2492 2040 1839
3 1154 1008 1043
2 4412 4215 4365
2 4821 4848 4711
3 2921 2878 2248
3 6245 6070 6327
3 945 1126 865
3 3995 4599 4652
3 7613 7654 7636
3 3211 3292 2787
2 2619 2686 2709
2 4883 4841 4826
3 4599 4965 5004
3 87 118 74
2 3522 3405 3734
3 5711 5632 5467
3 5876 5973 5545
2 3198 3418 3332
3 138 73 75
3 3300 2991 2799
2 3161 2972 3026
3 5742 5722 4995
3 4995 5722 4911
2 2352 2345 2255
2 3469 3583 3608
3 610 481 468
2 1785 1793 1870
2 2219 2483 2437
2 4970 4709 5084
3 735 839 654
2 4780 4889 4636
3 1987 1676 1504
2 2424 2290 2298
2 2139 2234 2441
3 8 7 1
2 2609 2687 2802
3 6562 6526 6334
2 1869 1992 1939
3 3363 2970 3151
2 2589 2514 2648
2 4417 4334 4324
3 67 59 83
2 1620 1624 1516
2 4890 4842 4942
2 1792 1801 1650
3 2781 3217 2666
3 7320 7266 7260
2 4618 4562 4590
3 2232 3052 2222
3 479 435 353
3 6691 6779 6625
2 2572 2423 2520
3 2643 2125 2615
3 673 668 522
2 4711 4614 4523
2 2979 2817 2819
2 1929 2048 1893
2 2979 3012 2817
3 4437 4214 4559
3 3232 2598 2729
3 7214 7274 7166
2 3038 3026 2872
3 3028 3309 2816
3 3309 3028 3433
3 7395 7421 7406
3 6751 6865 7010
3 239 284 211
2 5046 4873 4963
2 1801 1679 1650
2 1818 1944 1795
2 4550 4492 4520
2 2785 2877 2711
2 1834 1745 1697
3 346 373 271
3 3672 3328 3271
3 7109 7238 6924
2 1918 1806 1708
2 1918 1976 1806
3 7040 6924 7238
3 7040 7238 7239
2 3150 3280 3110
3 6180 6038 5889
2 2190 2299 2099
3 7518 7420 7438
3 7420 7518 7512
3 4267 4640 4019
2 3347 3283 3410
3 1043 1008 839
3 3232 3594 3461
3 7411 7409 7401
2 3500 3602 3474
3 266 318 259
2 4562 4506 4590
2 4899 4935 4883
2 3199 3013 2967
3 6255 6320 5923
2 2030 2009 1877
2 5141 5127 5111
3 613 702 574
3 7488 7261 7476
3 4703 5079 5212
3 7557 7551 7446
3 7585 7579 7491
3 1063 1161 872
2 4056 4021 3880
3 7556 7512 7600
3 7600 7512 7518
2 3429 3254 3368
3 119 149 104
2 3664 3613 3536
2 4498 4417 4405
2 4405 4417 4324
3 7513 7521 7583
3 7563 7513 7583
3 349 266 256
3 286 358 382
3 6838 6931 6802
3 283 382 409
2 4112 4063 3987
2 2523 2533 2306
2 4684 4738 4756
3 132 161 194
3 296 252 282
3 557 449 549
3 4787 4677 5191
3 111 139 75
2 2448 2608 2458
2 2540 2354 2458
3 889 667 702
3 882 655 876
2 4091 4152 4229
3 1149 1164 1450
2 3013 3199 3251
2 4993 4979 5028
2 3041 2882 2870
2 1840 1743 1785
3 2840 3382 2955
2 2054 2154 1874
2 3249 3037 3124
3 4354 4220 4532
3 4767 4510 4354
3 3931 4296 4341
1 7641 7621 7628
3 219 181 124
3 1100 1077 1272
3 5515 5878 5488
2 3429 3269 3254
3 7546 7448 7466
3 1816 1937 1541
2 2099 2049 1958
3 5788 6022 5644
2 4242 4153 4139
3 1392 1809 1303
3 3898 4202 3492
3 453 564 607
2 1964 2038 2176
2 2038 1953 2097
2 2703 2533 2625
2 2077 1964 2176
2 4567 4623 4480
2 3140 2847 2897
2 1892 2000 1801
3 2274 2602 2833
3 6410 6335 6501
3 1228 1000 970
2 1694 1663 1574
3 6335 6267 6373
2 4597 4534 4430
2 3126 3124 2916
2 4343 4365 4215
2 2440 2683 2653
3 1269 1519 1172
3 991 863 753
3 2807 2829 2314
3 4584 4701 4267
3 574 628 491
3 613 574 470
2 3721 3717 3537
3 2933 2473 2370
3 3382 4093 3898
3 3517 3828 3931
3 3539 3862 3353
2 5044 5057 5013
3 6503 6330 6415
3 3572 3542 3850
3 786 809 608
3 1831 1673 1344
2 3683 3503 3533
2 4205 4127 4075
3 3835 4198 3491
3 1831 2316 1673
3 6267 6114 6246
2 3255 3343 3303
2 2501 2514 2466
3 4864 4862 4243
2 1686 1792 1650
3 4151 4080 4586
3 7383 7370 7395
3 7406 7383 7395
2 1939 1992 2096
3 5247 4862 5300
3 1900 1371 1415
3 1448 1161 1063
3 174 111 160
3 4744 5145 5221
2 4312 4245 4015
3 6673 6532 6606
3 260 175 173
3 7052 6967 6969
3 2265 1828 1688
2 4689 4686 4585
2 2381 2865 2570
3 222 237 178
2 4534 4478 4396
2 3766 4104 3843
2 4367 4493 4297
2 2800 2822 2883
3 6340 6476 6270
3 4093 4787 4572
3 5888 5515 5435
2 4456 4387 4447
2 3926 4002 4033
2 2469 2634 2592
2 5106 5049 5074
2 4368 4418 4411
2 4482 4668 4639
2 1463 1487 1425
3 5776 5525 5922
2 4307 4332 4291
3 513 610 468
2 3134 2862 2838
3 7031 7078 6969
3 6459 6541 6416
2 2009 2172 1943
3 205 225 156
3 6270 6275 6052
3 5770 5653 5767
3 7294 7244 7290
2 4069 4002 4000
3 5947 5767 5842
2 5111 5062 5081
3 5903 5973 6164
2 2914 3015 2889
3 7267 7229 7178
3 6191 5826 5900
2 5081 5094 5121
3 1658 1586 2232
3 5703 5651 5199
3 5663 5281 5489
2 2785 2711 2618
2 1953 2038 1891
2 1449 1432 1509
3 6450 6377 6523
3 57 69 43
3 6474 6580 6606
2 2244 2448 2251
3 47 77 62
2 3930 4002 3926
3 6796 6921 6970
3 7091 6919 6900
3 251 197 171
2 2016 1906 1833
3 7136 7205 7046
3 7114 7157 7056
3 970 1000 881
3 1110 1320 1036
3 3079 2850 2478
3 1320 1110 1471
3 60 80 53
3 841 626 612
3 46 31 21
3 1564 1642 1233
3 4576 3726 3593
3 6228 6158 6094
2 4438 4277 4471
3 7152 7031 6994
3 2160 1729 2073
3 6552 6621 6415
3 2878 3044 2212
2 4139 4153 4069
2 2795 3134 2806
2 3366 3229 3339
3 5754 5615 5979
2 1899 1876 1969
2 1899 1969 2029
2 2128 2211 2298
2 3397 3239 3267
2 3655 3847 3687
3 5363 5152 5166
2 4593 4618 4638
2 5060 5034 4873
3 6937 6860 6794
3 911 1089 874
3 6679 6559 6660
2 1686 1755 1786
3 7367 7340 7370
3 7340 7337 7370
2 4573 4630 4611
3 7410 7423 7421
2 3514 3713 3655
2 4479 4352 4325
3 5 2 0
3 19 9 11
3 1043 1307 1360
2 2511 2948 2561
3 7648 7611 7645
3 6158 6018 6094
3 191 226 164
3 1741 1299 1246
2 2077 2251 2079
3 4954 4511 4431
3 11 14 26
2 4327 4301 4192
2 4327 4488 4301
3 4522 4911 4677
2 3010 3034 3110
2 4912 4859 4879
2 2498 2795 2545
3 212 207 292
3 5932 6138 5765
3 36 17 37
2 1434 1491 1443
2 3556 3598 3715
3 7398 7322 7176
3 22 26 42
3 7423 7411 7419
3 7423 7409 7411
3 1103 1047 1394
3 1110 1036 864
2 4017 3744 4092
2 4377 4387 4326
3 7452 7238 7109
3 53 80 77
2 4657 4592 4478
3 1828 1393 1326
3 55 93 81
3 4902 4760 4390
3 5722 5594 4911
2 2873 2977 2704
3 66 79 110
3 88 66 110
3 6653 6720 6587
3 110 79 105
3 83 76 101
3 6720 6816 6707
3 7452 7449 7513
3 77 92 62
3 123 88 110
3 1107 1181 937
3 116 92 77
3 6985 7017 6914
3 105 133 110
3 4677 4093 4339
2 4737 4679 4623
3 616 750 563
3 115 127 94
2 3878 3760 3742
2 3037 3007 2693
3 150 98 108
3 6960 7032 6920
2 5127 5100 5095
2 1364 1366 1373
3 6562 6663 6526
3 178 163 115
3 121 81 93
3 7413 7410 7427
3 75 73 44
3 123 223 160
3 7414 7119 7131
2 2722 3048 2873
3 126 132 182
3 145 121 93
2 2599 2806 2838
2 1711 1660 1608
3 175 121 173
3 5494 5357 5240
2 3624 3394 3553
2 3332 3418 3553
3 218 268 189
3 2162 2666 1995
2 1833 1675 1842
3 150 144 98
3 144 150 213
3 6112 6137 5872
3 229 162 182
2 3083 3288 3170
2 2722 2663 2802
3 65 97 99
3 1415 1168 1227
2 1467 1430 1388
3 175 150 108
2 3665 3739 3806
3 175 217 150
2 4791 4775 5007
3 6442 6420 6260
3 7193 7140 7198
2 3115 3091 2959
3 368 367 296
2 2179 2030 2137
3 5615 5303 5102
2 4420 4454 4552
2 2839 3070 3001
1 7644 7641 7628
3 6651 6803 6582
3 2370 2473 1897
3 4697 4193 4910
3 2615 2212 3044
3 224 255 194
3 249 194 255
3 229 201 162
3 7038 6683 6825
3 7038 6825 7050
3 201 265 260
3 6503 6415 6621
3 7454 7497 7496
3 7497 7527 7543
2 2235 2121 2096
2 2373 2628 2574
2 4104 4709 4371
3 4350 4247 3923
3 5760 5538 5259
3 252 214 282
3 279 282 214
3 2547 2382 1901
2 3522 3734 3769
2 2868 2687 2648
3 118 180 147
2 1944 1918 1795
3 2181 2484 2684
2 2556 2375 2412
3 284 350 363
3 7498 7453 7452
3 260 265 345
3 345 355 260
3 6175 6394 5979
3 7466 7471 7537
3 155 119 107
3 7525 7498 7513
3 304 265 229
3 6407 6394 6175
3 7452 7109 7449
3 7238 7452 7453
2 2612 2572 2520
3 399 302 292
3 544 451 408
3 350 285 391
3 605 451 544
3 605 480 451
3 1995 1831 1435
3 454 572 427
2 3500 3474 3322
2 4688 4855 4596
2 3834 3750 3656
2 4456 4418 4387
3 3309 3079 2816
2 3624 3630 3443
3 7433 7519 7438
3 7424 7496 7529
3 7541 7529 7496
3 7458 7432 7417
2 4517 4451 4394
2 3499 3644 3368
2 3444 3219 3522
2 3197 3150 3080
2 1899 1870 1793
3 7523 7451 7544
3 1469 1182 1140
3 7523 7491 7322
3 413 449 499
3 107 119 82
2 4590 4504 4547
2 2401 2622 2393
3 6544 6597 6411
2 3868 3695 3706
2 4130 4059 4033
2 4340 4308 4236
3 3028 2999 3426
2 3787 4092 3744
3 1897 1987 1469
2 4859 4912 4941
3 1062 1034 883
3 218 305 268
3 7466 7448 7418
3 223 300 337
3 7425 7420 7512
3 7496 7497 7543
3 7523 7322 7398
3 7398 7451 7523
3 7496 7543 7541
2 2393 2179 2256
3 499 449 557
3 1399 1365 1727
3 1419 1250 1092
2 3316 3126 3145
3 6074 6022 5788
3 12 27 17
2 3818 3904 3715
3 1210 1505 1238
3 1505 1820 1991
3 7209 7259 7190
3 1204 1043 947
2 3237 3074 3152
3 3363 3329 2923
3 4243 3694 3452
2 4290 4438 4454
2 2533 2583 2441
1 7617 7624 7619
3 564 529 686
2 4569 4573 4611
2 3646 3503 3683
2 2038 1964 1891
3 7420 7295 7307
2 4388 4521 4477
3 7333 7268 7295
2 2800 2883 2875
2 2883 2959 2875
3 633 557 672
2 2957 3145 2920
3 574 702 667
3 6985 7064 7082
3 5178 5347 4830
2 3818 3654 3808
2 2088 2123 2029
3 1107 937 882
2 2439 2414 2517
3 63 56 40
3 6846 6713 6637
3 625 599 819
2 4075 4127 3971
3 819 599 732
3 97 58 92
3 662 888 827
3 796 888 641
2 3950 3896 4000
3 889 628 667
2 4204 4210 4112
3 6594 6571 6410
2 4929 4942 4842
3 275 232 198
3 861 880 673
2 2540 2608 2734
3 906 673 880
3 6501 6411 6597
3 650 543 502
2 3267 3239 3162
2 4567 4480 4479
3 865 672 714
3 821 672 865
3 872 708 827
3 881 1000 842
3 827 1063 872
3 1389 1284 1729
2 4612 4438 4471
2 3064 3098 3269
3 6376 6515 6343
3 770 679 900
3 803 900 679
2 3154 3140 3484
3 214 252 185
3 759 939 943
3 819 732 916
3 685 805 732
3 805 916 732
2 1425 1408 1387
2 2865 2381 2638
3 176 241 195
3 923 888 796
2 1656 1549 1603
3 6350 6338 6228
3 978 980 786
2 2348 2189 2383
2 2452 2704 2517
3 7027 6905 6959
2 2929 3091 3098
2 2088 2035 2225
3 1309 1183 1054
2 1833 1755 1675
3 1183 970 1054
3 1172 1355 1086
2 1842 2006 1833
2 1572 1516 1478
3 4532 4723 4851
3 3599 3909 3426
3 923 1092 888
2 5131 5078 5106
2 2910 2570 2865
3 2160 2073 2712
2 4429 4668 4482
3 1077 880 861
3 331 305 218
3 5797 5585 5992
3 6476 6340 6526
3 7298 7170 7163
2 1501 1456 1533
3 6501 6597 6639
2 4418 4456 4453
1 7592 7621 7607
3 7563 7607 7562
3 7374 7393 7370
3 946 1139 911
2 2471 2588 2427
3 1084 906 1100
3 1269 1580 1519
2 1584 1593 1514
2 3267 3299 3348
3 5489 5281 5181
3 7596 7600 7518
3 7596 7518 7519
2 3444 3551 3140
2 4748 4804 4781
2 1386 1436 1398
3 7553 7562 7618
3 5404 4787 5191
3 785 883 739
2 4059 4091 3910
2 3494 3687 3499
2 1608 1530 1613
3 3506 3995 3363
3 7571 7617 7544
3 705 612 540
3 6705 6619 6888
3 3433 3028 3426
2 3150 3034 3080
2 3080 3034 2937
3 884 735 649
3 7331 7371 7372
2 4488 4470 4301
3 6994 6937 7045
3 3399 3595 3061
3 1160 980 978
3 1164 980 1160
2 1876 1928 1969
2 4547 4421 4469
2 1457 1522 1472
3 4977 4620 4576
3 6295 6203 6339
3 1086 973 1172
3 6103 6180 5889
3 3694 3660 3167
3 3375 3380 3142
3 5832 5620 5738
3 3235 2786 2705
3 1554 1995 1435
2 1943 1775 1877
3 6706 6464 6452
3 3380 3097 3142
3 7031 6969 6923
2 1795 1708 1649
2 1895 1751 1679
2 4550 4520 4552
3 3044 3147 2615
3 1741 1246 1629
3 7279 7506 7433
3 1067 908 846
3 7536 7499 7547
3 5540 5473 5385
1 7641 7640 7621
1 7640 7632 7621
3 5385 5473 5165
3 3580 4339 3378
3 5165 5473 5056
2 3332 3553 3394
3 5030 4852 5319
3 2905 3117 2636
3 6923 6861 6816
3 1246 1086 1355
3 6334 6132 6410
3 1302 1228 970
3 4584 4267 4135
3 20 15 5
3 608 572 454
3 5615 5754 5303
2 1840 1879 1743
2 1740 1802 1643
2 1740 1921 1802
3 6362 6066 6303
3 1413 1155 1148
3 1148 876 952
3 616 563 459
3 1267 1084 1100
3 6820 6438 6320
3 1304 1267 1100
2 2079 2108 1918
2 1755 1850 1786
2 2017 1928 1939
3 612 626 489
3 7525 7513 7563
3 1642 1770 1294
3 7020 7045 6937
2 1944 2079 1918
3 1381 1413 1148
3 129 80 96
2 1528 1449 1509
2 3823 3739 3625
2 2229 2398 2188
2 2000 1892 2072
3 1864 1659 1342
2 1785 1743 1695
3 7298 7191 7170
3 3923 4247 3890
3 6047 6255 5947
3 1658 1651 1264
2 4264 4215 4394
3 1302 1598 1228
3 1158 1228 1358
3 7544 7451 7500
3 7500 7571 7544
3 3759 3292 3211
2 2655 2493 2715
2 4226 4087 4133
3 1371 1865 1381
2 2285 2113 2194
3 1381 1865 1750
3 7411 7369 7382
2 2037 1888 1940
2 2385 2561 2335
3 7454 7496 7424
2 1888 2037 1973
2 1967 1842 1802
2 1921 1967 1802
2 2780 2584 2640
2 2915 2959 2883
3 316 314 406
3 7546 7527 7448
3 1394 1336 1841
3 1841 1336 1866
3 1890 2408 1896
3 6820 6689 6438
2 4924 4960 4979
3 182 132 194
3 7596 7640 7642
1 7645 7642 7641
3 956 954 788
1 7621 7632 7625
3 7377 7382 7327
1 7648 7645 7641
1 7621 7592 7593
3 15 27 12
1 7643 7637 7639
2 4675 4666 4515
2 1967 2006 1842
1 7594 7585 7619
2 2659 2628 2423
3 7497 7454 7437
3 1580 2095 1519
2 3083 3170 3018
3 5224 5033 5143
3 1909 1429 1413
3 1909 1887 1429
2 1850 1906 1958
2 4938 5002 4982
3 1060 1028 859
3 36 21 17
2 3228 3205 2948
3 7321 7336 7487
3 7321 7487 7476
3 1979 1900 1415
3 1415 1371 1168
2 3038 3118 3221
3 6532 6584 6371
3 7168 7088 7202
2 1387 1375 1376
2 2493 2655 2450
3 1623 1399 1727
2 2768 2715 2586
2 3162 3122 3035
3 1149 1163 940
2 4264 4007 3990
3 1335 1469 1140
2 2822 2800 2758
3 6664 6706 6452
3 5162 5571 5169
2 2640 2839 2780
3 7599 7614 7646
3 6702 6562 6571
3 1991 2095 1580
3 1991 1580 1505
3 7588 7634 7561
3 6582 6723 6502
3 7269 7152 7225
2 3990 4007 3734
3 33 30 18
2 4155 4031 3945
3 7523 7585 7491
2 2722 2452 2558
3 6765 6768 6667
2 4404 4037 4320
3 6077 6200 6051
3 7112 7047 7005
2 3196 3038 3221
2 2398 2558 2383
3 6908 6848 6967
3 4408 4341 4769
2 1517 1610 1561
2 5084 4709 4718
3 530 634 630
3 7201 7203 7246
2 1492 1491 1434
2 4297 4493 4386
2 3927 3996 4087
3 5816 5668 5360
3 4799 4398 4727
2 2915 2963 2959
2 2253 2402 2151
3 4220 3925 4221
2 4897 4745 4809
2 4308 4326 4242
2 4307 4229 4326
3 6410 6132 6335
2 1523 1565 1482
2 1528 1574 1467
2 1835 1810 1717
2 5001 4990 5050
3 5791 5994 5840
3 859 622 660
3 3183 3599 3426
3 7525 7563 7562
2 2255 2246 2352
3 2248 2380 2921
2 2769 2761 2660
2 3313 3499 3368
2 2683 2561 2948
3 2652 2787 2132
3 249 229 182
3 5259 5202 4798
3 5259 5538 5202
3 1551 1598 2081
3 2185 2081 1598
2 3018 3033 2828
3 605 641 480
2 4786 4828 4860
3 6261 6103 6013
3 5848 5889 5412
2 3665 3806 3781
3 2598 2651 1979
2 4015 4245 3973
2 5084 4928 5146
2 2236 2228 2366
3 6937 6994 6860
3 2970 2923 2420
3 7050 6825 6913
2 1660 1572 1540
2 1660 1540 1608
2 5109 5046 5075
3 628 602 463
2 3342 3186 3374
3 1551 1861 1543
3 7010 7239 7234
3 1181 1328 1014
3 4311 4214 3909
3 6622 6420 6442
3 6060 5839 5782
3 7326 7333 7425
2 4922 4938 4848
3 7370 7383 7367
3 7406 7367 7383
3 2356 2859 2347
2 3288 3083 3156
3 3643 4053 3577
3 963 1108 945
3 7043 7226 7092
3 7136 7046 7048
3 7450 7336 7061
3 301 232 275
2 2843 2596 2574
3 5606 5322 5754
3 5789 5928 5724
2 3146 3173 3040
2 3468 3472 3766
3 353 331 250
2 4534 4363 4430
3 5632 5389 5312
3 766 699 572
3 7176 7050 6913
3 7363 7448 7437
3 640 681 870
2 2722 2558 2663
3 5412 4994 4773
2 3485 3544 3410
3 6637 6521 6413
3 6635 6521 6713
3 1262 1243 1028
3 6713 6836 6635
3 5992 5585 5927
3 7623 7649 7652
3 6255 6292 6567
2 4133 4087 3996
3 6661 6523 6520
2 2574 2628 2843
2 3537 3563 3346
3 7334 7377 7313
3 5213 5412 4773
3 479 597 435
2 1449 1467 1388
3 2180 1623 1727
3 649 735 561
2 3811 3713 3650
3 7553 7573 7522
3 3382 3378 4093
2 1711 1608 1714
2 1714 1794 1711
3 1061 1238 1269
3 6175 5979 5615
3 219 311 269
2 4518 4561 4344
2 4518 4344 4245
3 1296 1564 1233
3 7474 7464 7507
2 4057 3766 3768
2 2646 2506 2390
3 6583 6484 6535
3 6535 6484 6407
2 4900 4924 4874
3 18 7 8
3 5952 5813 5600
2 5148 5141 5142
2 2608 2749 2734
3 5212 5079 5471
3 5900 5826 5471
3 6442 6316 6461
3 7260 7205 7285
3 4599 5004 4652
2 2616 2450 2655
3 3144 3698 3298
3 378 444 343
3 7307 7194 7226
2 2367 2228 2296
3 7295 7194 7307
3 310 277 222
2 3760 3823 3608
3 5233 5564 5585
3 3340 2729 2876
3 3232 2729 3340
2 3639 3405 3429
3 2185 2382 2958
3 7285 7237 7275
3 6578 6644 6400
3 6599 6712 6830
3 7418 7448 7378
3 3925 3852 4221
3 7459 7441 7293
3 2970 3363 2923
3 7527 7497 7448
3 1016 850 819
3 6116 5991 5931
3 916 1016 819
2 1895 2027 1835
2 4611 4648 4569
2 3307 3389 2977
3 5927 6225 5992
2 4847 4883 4826
2 3344 3538 3495
2 4290 4454 4420
3 163 185 127
2 4752 4668 4591
3 1551 2081 1861
3 6803 6916 6723
2 1624 1674 1720
3 1681 1304 1272
3 1922 1824 1428
3 7331 7372 7329
3 4305 3974 3862
3 1688 1828 1326
2 4889 4780 4993
3 632 620 845
2 2537 2580 2746
3 7369 7401 7371
3 6803 6723 6582
3 882 937 736
2 3321 3307 3048
3 830 786 627
3 5360 5310 4854
3 180 118 164
3 7087 7191 7011
2 4252 4190 4087
3 7587 7625 7632
2 3896 3930 3811
3 5532 5281 5663
2 4485 4524 4548
3 6427 6245 6388
3 6427 6248 6245
3 682 617 545
3 3183 3426 2999
3 6501 6373 6411
3 6501 6335 6373
3 7357 7298 7163
3 6660 6790 6727
3 111 88 160
3 7131 7404 7414
2 4364 4271 4190
3 284 306 211
2 3914 4063 4215
3 7142 7182 7127
3 5203 4908 4760
3 5754 5322 5303
3 1326 1393 1067
2 2935 2906 2721
2 1876 1793 1773
2 3624 3443 3394
2 3975 3838 3737
2 4713 4689 4580
2 2120 1983 2029
2 4889 4678 4636
2 2424 2546 2520
2 4889 4963 4678
3 32 27 15
3 6309 6189 6394
3 6394 6462 6309
3 3144 3298 2566
2 4033 4069 4153
3 2547 3167 2382
3 5310 5311 4939
2 2244 2251 2077
2 4681 4591 4517
3 171 119 155
3 2169 1651 1658
2 3624 3553 3838
3 6119 6197 5982
2 2862 2522 2838
3 7336 7097 7061
2 4776 4707 4686
2 3961 3860 3805
2 2202 2237 2390
3 438 599 485
2 2343 2177 2202
3 25 33 18
3 6629 6671 6535
2 2592 2546 2378
2 3070 2839 2895
3 5213 4632 4697
3 5329 5181 4851
3 3188 3629 3090
3 7446 7450 7061
2 3880 3719 3872
2 2796 2680 2604
3 6502 6463 6262
2 1933 1810 1835
3 7436 7431 7474
2 3041 2870 3064
2 4720 4815 4782
3 133 105 147
3 1996 2324 1727
3 7522 7520 7553
3 2324 2180 1727
3 7553 7520 7562
3 7525 7562 7520
2 3996 3808 3827
2 3119 3032 2912
3 7395 7408 7421
3 5985 5830 6107
2 2592 2378 2469
2 3397 3508 3339
3 4620 3672 4576
3 2356 2347 1910
3 7175 7107 7058
3 7155 7245 7167
2 4764 4712 4679
3 714 617 718
3 1148 952 1157
3 2212 2125 1716
2 3486 3470 3347
3 7651 7650 7626
2 1453 1456 1404
2 4810 4776 4765
3 6647 6580 6476
2 3193 3041 3064
3 970 881 797
3 2955 3492 2854
2 2401 2256 2276
3 4256 4116 4510
3 4398 4256 4727
2 4204 4291 4343
2 4204 4112 4091
3 229 265 201
2 4596 4312 4371
3 2569 2224 2050
3 6542 6544 6414
3 6940 7096 7043
3 6414 6544 6411
3 89 126 102
2 3040 3173 3080
2 4684 4637 4738
2 4138 4279 4079
3 6915 6567 6681
3 213 150 217
3 6542 6427 6717
3 6967 7052 7039
3 973 1086 916
2 2870 2882 2771
3 3395 3021 2887
2 5050 5053 5095
2 2401 2381 2570
2 4904 4967 4899
3 5927 5585 5564
2 3033 3170 3201
2 3683 3718 3848
3 1188 1264 966
3 3419 3445 3120
3 2787 2886 2265
3 7469 7522 7506
3 7160 7032 7079
2 4712 4618 4590
2 3717 3864 3877
3 4228 3826 3928
2 3650 3713 3555
3 6228 6338 6158
2 2177 2034 2202
3 6881 6870 6763
3 7484 7469 7402
3 7610 7600 7645
2 4777 4764 4679
3 7408 7410 7421
3 3340 3594 3232
3 1990 1896 2601
3 3759 3593 3292
3 148 205 156
3 7280 7297 7337
3 638 597 479
2 2722 2713 2452
3 6442 6461 6559
3 7122 6998 7046
3 7573 7625 7587
3 4093 4677 4787
3 7280 7259 7246
3 7013 7107 7114
3 7499 7474 7507
2 4523 4473 4347
2 1565 1462 1482
2 3521 3336 3356
2 2558 2452 2383
3 2224 2416 1752
3 7468 7467 7444
3 7467 7456 7444
2 2470 2563 2404
3 7052 7142 7127
3 6779 6725 6625
3 6725 6629 6625
3 7507 7464 7472
2 2460 2343 2604
2 2604 2343 2506
2 3134 3468 2862
2 3091 2929 2949
3 126 182 162
2 4022 4312 4015
3 7627 7623 7590
3 7301 7366 7296
3 7366 7342 7296
2 3744 3307 3321
3 7122 7042 6998
2 2868 3205 3062
3 4189 4544 4653
3 4304 4189 4653
2 2884 2785 2680
3 450 425 568
3 373 312 271
3 755 821 985
3 5703 6084 5651
3 6693 6775 6546
2 3679 3805 3860
3 7546 7466 7537
3 4093 4572 3898
2 1656 1654 1549
3 7498 7452 7513
2 2019 1858 1893
3 5985 6047 5842
3 5949 5994 5791
3 7599 7543 7614
3 7602 7614 7543
3 5839 5881 5457
3 4851 4767 4532
3 7427 7410 7422
3 4994 5047 4489
2 2337 2470 2404
3 7610 7645 7611
3 5632 5484 5389
3 2615 2125 2212
3 6680 6544 6542
3 6542 6751 6680
3 7295 7268 7194
3 30 51 26
3 50 26 51
2 2545 2599 2345
3 7194 7268 7219
2 1895 2234 2027
2 1613 1561 1717
3 6998 6912 7046
2 2679 2778 2634
2 3628 3646 3809
3 6702 6594 6764
2 3252 3234 3049
3 2132 1688 1585
3 6956 6790 6890
3 6956 6890 7029
3 5765 6091 5703
2 3032 3184 3216
3 7537 7485 7533
3 7119 7061 6858
3 7119 6858 6915
3 6660 6559 6558
2 4578 4438 4612
2 2016 2213 2190
2 4469 4421 4336
1 7642 7640 7641
3 3380 3826 3506
2 2077 2079 1944
3 6821 6680 6751
3 6183 5932 5816
2 4663 4637 4578
2 4340 4236 4263
3 495 508 382
3 2538 1951 1880
3 1887 1909 2481
3 6189 5754 5979
3 5983 5754 6189
3 5079 4703 4616
2 3169 2906 2935
3 6179 6260 6420
3 6179 6420 6292
3 6022 5963 5644
2 1792 1892 1801
3 3643 4082 4053
3 39 49 29
3 6619 6426 6362
3 5848 5412 5727
3 5667 5922 5591
2 2378 2424 2298
3 6315 6332 6582
3 6261 6306 6103
3 2481 2417 1887
2 4831 4874 4832
3 1149 1494 1163
2 1877 1775 1730
2 3853 3949 3910
3 1194 1062 972
3 1949 1651 2169
3 5922 5667 5857
3 6629 6535 6625
2 5081 4953 5094
3 2248 2212 1741
2 4245 4092 3973
2 2366 2464 2236
3 7608 7591 7523
3 7523 7591 7585
3 954 772 788
3 1494 1993 1392
3 4620 4535 3672
2 2401 2393 2256
3 4359 4305 3862
2 4423 4377 4356
3 7581 7609 7631
3 6406 6316 6309
3 6042 6183 5816
2 3048 2977 2873
2 3950 3930 3896
2 4963 4873 4678
3 6723 6916 6695
2 2352 2246 2355
3 6610 6690 6550
3 6690 6660 6550
2 3914 3639 3798
3 7363 7300 7378
2 2792 2837 2703
2 3062 3048 2722
3 284 239 350
3 6426 6512 6201
3 1073 1342 983
3 7279 7234 7469
2 3494 3320 3514
3 7506 7279 7469
2 1943 1877 2009
3 6879 6651 6753
3 5388 5605 5723
3 2150 1731 1771
3 2150 2489 2127
3 3576 3089 3546
3 7562 7607 7618
3 7400 7376 7384
2 4720 4663 4612
3 5688 6267 6132
2 4488 4327 4496
2 2244 2176 2320
3 2023 2263 1771
2 4801 4668 4752
2 2633 2700 2639
3 1909 2145 2630
3 7384 7409 7400
2 4738 4663 4721
3 5413 5224 5143
2 2671 2697 2399
2 3624 3827 3630
2 3405 3269 3429
3 6940 6925 6821
2 3450 3321 3205
3 7476 7261 7154
3 7488 7449 7261
3 197 220 159
2 4127 4137 4003
3 6559 6679 6683
3 1746 1629 1355
3 6316 6442 6260
2 3293 3132 3323
3 932 1157 952
2 1366 1386 1398
3 7172 7293 7163
3 259 226 191
2 3033 3035 2864
3 5878 5515 5888
2 4404 4366 4057
3 1108 1365 1178
2 2483 2710 2437
2 2804 2835 2900
3 1396 1771 1731
2 3847 3853 3687
2 4309 4280 4405
2 1863 1892 1792
3 6225 6191 6434
2 1827 1939 1928
3 4519 4790 4852
2 4857 4666 4675
3 195 130 143
3 2878 2921 3412
3 3420 2921 2891
3 3412 3044 2878
3 3420 2891 3384
3 3745 3445 3419
3 7263 7294 7297
3 7297 7294 7343
3 6920 6889 6807
3 704 638 538
2 2608 2448 2616
2 3374 3186 3202
2 2646 2390 2550
2 4888 4904 4868
3 7119 7446 7061
3 4164 3943 3696
2 4017 3807 3627
3 6671 6629 6725
3 1537 1328 1181
3 1309 1441 1183
3 7011 7176 6913
3 244 174 160
3 4911 5191 4677
3 5816 5776 6042
2 1762 1775 1943
2 3625 3739 3584
2 2727 2411 2697
2 2546 2650 2520
2 2235 2225 2121
3 7525 7520 7498
3 6414 6248 6427
3 7547 7499 7507
3 7647 7646 7614
3 5473 5319 5167
2 3838 3553 3737
3 6114 5688 5953
3 5319 5473 5678
2 4517 4533 4615
3 18 14 7
2 3823 3870 3739
2 2271 2071 2142
2 3949 3926 4033
2 4743 4711 4648
3 5362 5213 4697
2 2337 2460 2470
3 5545 5605 5307
3 6246 6248 6414
2 4818 4712 4764
3 2110 1951 2585
2 4451 4591 4429
3 2538 2585 1951
3 7599 7643 7595
3 5467 5632 5312
3 6732 6787 6832
3 6787 6671 6725
3 6671 6668 6583
3 6583 6535 6671
3 7423 7419 7421
3 2201 1841 2365
3 2195 2408 1890
2 2558 2398 2609
3 1328 1471 1110
3 6480 6403 6339
2 2719 2772 2679
2 2522 2345 2599
3 3301 3188 2737
3 6047 6292 6255
3 6179 6292 6047
2 4553 4461 4460
2 3322 3196 3349
3 3399 3061 2766
2 3251 3199 3422
3 718 682 831
3 7330 7345 7312
2 3924 4003 4000
3 5047 5615 5102
3 7296 7249 7301
2 4070 3766 4057
2 3007 2697 2671
3 4536 3759 4489
2 4874 4924 4903
2 4504 4423 4547
3 3593 3225 3292
3 6695 6659 6463
3 3365 3599 3183
3 3546 3089 2988
3 6787 6887 6893
3 1084 891 906
3 4653 4785 4304
3 6212 5878 5888
2 1620 1516 1572
3 4785 4431 4304
3 6648 6567 6858
3 6778 6648 7061
2 3161 3258 3087
2 5001 4925 4990
2 2882 2739 2650
3 6559 6683 6442
3 6727 6790 6913
3 5985 6179 6047
3 6825 6727 6913
3 3821 3432 3758
3 3758 3432 3300
3 6896 6681 6622
2 3368 3237 3313
3 5221 5612 5192
3 5347 5348 4830
3 7653 7615 7638
2 4429 4007 4264
3 7613 7564 7623
3 7564 7590 7623
3 7546 7602 7527
3 7543 7527 7602
3 2248 1629 1965
3 5889 5047 4994
2 2713 2704 2452
3 6846 6884 6713
3 3660 3694 4090
2 2557 2719 2679
3 6184 6107 6035
3 5983 6184 6035
2 4711 4768 4614
2 4368 4387 4418
2 2916 3037 2693
3 6558 6461 6550
3 6559 6461 6558
2 4756 4738 4795
3 1299 1016 1246
3 5767 5653 5690
3 6908 6779 6848
3 4270 4489 3576
2 2360 2493 2320
2 1417 1376 1404
2 4231 4253 4150
2 3041 2897 2882
3 536 500 397
3 1979 2651 1900
3 98 144 96
3 4682 4519 4852
3 6887 6983 6893
3 5594 5404 5191
3 444 386 343
2 5106 5074 5100
2 3418 3737 3553
3 655 554 523
3 5994 6076 5840
3 5876 6124 6193
3 6901 6989 6830
3 5532 5506 5363
3 5606 5754 5983
3 5911 5982 5678
2 4755 4828 4713
3 1365 1399 1178
3 3921 3786 3329
3 5248 4988 4891
3 5248 4891 5196
2 4332 4307 4387
2 3139 2906 3169
3 546 599 438
3 1887 1698 1308
2 4001 3945 3834
2 4857 4815 4666
2 4900 4907 4960
3 1161 957 872
2 2914 2929 3098
3 1519 1355 1172
3 6406 6461 6316
3 3651 4029 3629
3 7263 7246 7203
2 4903 4933 4912
3 6739 6763 6663
2 4367 4477 4493
3 7038 6896 6683
3 7201 7259 7209
2 4461 4523 4347
3 7022 7021 7088
3 7416 7436 7443
3 6970 6921 7048
3 6970 7048 7046
2 2827 2972 2909
3 530 511 434
3 6975 6983 6887
2 2433 2475 2190
3 6975 6887 6873
3 2880 3104 2569
3 6905 6836 6959
3 5373 5282 5506
2 2875 2858 2805
2 2057 2243 2229
2 2048 2057 2229
3 6816 6861 6765
3 1034 929 883
3 7410 7408 7422
2 2802 3062 2722
3 3722 3831 4055
3 4055 3831 3850
3 6825 6683 6679
3 7468 7443 7474
3 6660 6727 6679
3 6668 6758 6690
3 7194 7147 7104
3 2799 2416 2224
3 6433 6407 6175
3 5181 4767 4851
3 1716 1741 2212
2 3472 3154 3484
2 3418 3422 3737
3 7522 7484 7520
2 3462 3437 3548
3 2070 2015 1638
3 356 381 261
3 3079 2478 2816
3 2478 2850 2195
3 6806 6725 6779
3 7536 7588 7561
2 2375 2211 2204
3 2081 2705 2262
3 3271 3328 2829
3 4652 4621 3786
2 4755 4713 4602
2 4679 4547 4623
3 578 677 529
3 3402 3117 2905
3 6915 6681 6896
2 2795 2596 2843
3 7636 7654 7655
2 3450 3205 3480
3 7219 7147 7194
2 2733 2709 3013
3 6832 6890 6758
3 6890 6790 6758
2 3389 3199 2967
3 6648 6858 7061
3 7436 7416 7431
3 7521 7449 7488
3 386 282 279
3 3722 3599 3365
3 7536 7547 7588
3 7425 7512 7504
3 6301 6498 6183
3 4202 4258 3670
3 3670 4258 3792
3 6955 6832 6893
3 6832 6955 6890
3 3616 3582 3166
3 2908 2216 2636
2 2373 2423 2628
3 1799 1503 1901
3 7042 6884 6998
2 2714 2637 2703
2 1462 1492 1434
2 4953 4970 5094
2 4894 4857 4796
3 5389 5178 5105
2 3299 3335 3435
2 4630 4573 4550
3 7210 7202 7148
3 7127 7210 7148
3 7578 7581 7624
3 3833 3594 3903
3 7239 7453 7402
3 1611 1996 1727
2 2584 2483 2327
2 3083 2892 2950
3 1819 1647 1419
2 1501 1417 1456
3 3452 3694 3008
3 6331 6301 6042
2 2123 2120 2029
3 1088 996 909
3 1213 994 1122
3 274 196 293
2 4553 4523 4461
2 4344 4277 4092
2 3630 3827 3808
3 6331 6529 6301
2 4935 4960 4907
3 1611 1727 1365
3 7609 7531 7595
3 7484 7453 7498
3 7581 7516 7531
3 7581 7531 7609
3 7498 7520 7484
2 4269 4255 4098
2 3809 3822 3962
2 3038 2872 2946
3 2891 2380 2274
3 7084 7088 7168
2 4417 4460 4334
3 3097 2692 2684
3 2442 1866 1949
3 7363 7437 7366
3 7255 7342 7258
2 1425 1457 1408
3 3594 3736 3903
3 654 634 527
3 7082 7140 7115
3 7537 7615 7546
3 7598 7615 7537
2 2096 2121 2017
3 6787 6732 6671
3 1328 1110 1014
3 96 80 60
3 3117 2908 2636
2 5036 4963 4889
2 4235 4279 4430
3 7308 7269 7329
2 2977 3389 2967
3 4175 4466 4078
3 21 31 13
3 4674 4228 3928
3 7084 6983 6975
2 3650 3665 3781
3 19 23 9
3 5690 5606 5830
3 6183 6138 5932
3 7588 7547 7613
3 7613 7547 7564
3 314 433 406
3 5909 5832 5738
3 4107 3631 4131
2 2194 2113 2120
2 2120 2113 1983
3 670 578 610
3 4107 4622 4624
3 1163 1392 1081
3 5319 5678 5623
2 2121 2225 2035
3 7329 7269 7274
2 5044 5043 5100
3 7333 7420 7425
3 6320 6648 6778
3 6727 6825 6679
3 1284 1088 1069
3 578 670 677
3 3097 2684 3142
3 5360 5668 5310
2 2929 2858 2875
2 3584 3665 3548
2 1540 1530 1608
3 6111 6052 5742
3 1820 1389 1729
2 4454 4438 4578
2 1482 1430 1523
3 5949 5711 5768
3 6881 6763 6739
3 6832 6787 6893
2 1891 1745 1834
2 3410 3283 3293
2 4602 4713 4580
3 7459 7424 7529
2 1610 1679 1751
2 4960 4935 4991
3 4952 4512 4862
3 2326 1787 2183
2 4217 4235 4363
2 4396 4217 4363
3 2952 2472 3066
3 7268 7326 7256
3 7256 7208 7268
2 4842 4828 4755
3 7290 7244 7256
3 7256 7244 7193
2 3258 3161 3322
2 1929 1893 1762
3 7048 6921 6888
2 2137 1988 2135
3 947 839 735
2 3443 3534 3335
3 6983 7063 6955
2 1794 1869 1939
3 7471 7432 7458
3 7256 7193 7198
3 7449 7521 7513
3 7519 7506 7587
3 7596 7519 7587
3 7457 7504 7535
3 2073 1937 2456
2 3713 3514 3555
3 6550 6461 6406
3 6599 6472 6712
3 2224 1752 1529
2 3003 3074 2971
3 365 274 396
3 6808 6776 6692
3 7005 7047 6938
2 2746 2673 2537
2 3193 3064 3269
3 6143 5881 6173
2 2450 2244 2320
3 7363 7366 7301
3 4891 4988 4643
2 4611 4671 4648
3 2365 1866 2442
3 3030 2601 2408
3 7263 7203 7244
2 3613 3602 3500
3 6860 6816 6720
3 6732 6832 6758
3 7096 7234 7279
3 6414 6411 6246
3 6873 6806 6779
3 6873 6887 6806
2 2034 2177 1986
3 1820 1729 2323
2 2649 2421 2518
2 4982 4863 4938
2 2475 2689 2518
3 7272 7210 7254
3 6896 6622 6683
2 5003 5053 5050
3 7573 7506 7522
3 7587 7506 7573
3 7255 7296 7342
3 7292 7309 7250
3 5184 5082 4806
2 3877 3703 3717
3 7533 7561 7598
3 7537 7533 7598
2 1766 1834 1697
3 3211 2787 2652
3 6806 6792 6725
2 4515 4344 4561
2 3389 3422 3199
2 2828 2864 2672
3 1399 1305 1126
2 4381 4294 4420
3 1324 1700 1262
2 3785 3484 3551
2 2979 2819 2888
2 3807 4294 4141
3 7202 7210 7249
3 7272 7278 7300
3 7193 7203 7115
3 7244 7203 7193
3 7400 7409 7413
3 6757 6925 6899
3 6925 7008 6899
3 6584 6532 6673
2 2385 2335 2172
2 3003 3107 3152
2 2522 2536 2285
3 252 224 185
3 3104 2799 2569
3 7256 7198 7208
3 1393 1131 1067
3 7211 7237 7158
3 7275 7237 7211
3 7333 7295 7420
3 350 438 363
2 4534 4657 4478
3 1210 1389 1505
2 3280 3150 3320
2 4596 4518 4312
2 1840 1988 1879
2 2580 2537 2366
3 6610 6484 6583
2 2604 2680 2460
3 6484 6610 6462
3 6493 6656 6515
3 5855 5538 5912
3 7516 7298 7357
3 7357 7441 7516
3 7298 7516 7500
3 7531 7516 7441
3 7153 7140 7082
3 7140 7153 7198
3 7406 7381 7367
3 5105 5178 4606
2 4579 4780 4636
3 6229 6119 6067
3 7263 7244 7294
2 4453 4485 4411
3 5259 4798 4968
2 2460 2337 2343
2 5094 5133 5121
2 5133 5141 5121
2 4468 4476 4533
2 1562 1616 1545
3 6197 6273 6347
2 4031 4187 4023
2 3348 3299 3435
2 4099 3920 4050
2 2796 2723 2912
2 4848 4863 4768
2 2715 2493 2586
3 2886 2807 2426
3 2326 2456 1816
3 7300 7301 7272
3 7272 7254 7278
3 6985 7008 7064
3 7064 7008 7104
3 632 495 620
3 7298 7500 7451
3 6184 6260 6107
2 3834 3945 3750
2 3001 3070 3202
3 3235 3668 3263
3 3852 3642 3445
2 3784 3787 3480
2 2800 2875 2767
3 7343 7294 7344
2 4410 4484 4412
2 3409 3474 3585
3 6664 6452 6444
2 2648 2911 2868
2 3335 3299 3201
3 6668 6732 6758
3 7246 7259 7201
2 2890 3049 3101
2 3650 3555 3462
3 6683 6622 6442
3 6412 6304 6297
3 7345 7387 7360
3 5435 5515 5154
3 6420 6681 6567
3 2169 2737 1949
3 2326 2887 3021
3 6639 6764 6594
3 7147 7153 7082
3 7265 7305 7334
3 2952 3066 3365
3 6262 6463 6235
3 7590 7564 7539
3 1907 1910 1450
2 1650 1679 1570
2 1522 1457 1514
2 3500 3349 3536
2 2588 2505 2427
3 5307 4915 5198
3 5198 4915 4769
2 2709 2967 3013
3 5869 6105 5953
3 5876 5545 5445
3 7539 7535 7603
3 7603 7590 7539
3 5489 5181 5329
2 3136 3169 2935
2 4872 4857 4927
3 6498 6651 6381
2 2882 2897 2739
2 2897 2659 2739
2 4979 4993 4941
2 3118 3038 2946
3 6846 6637 6749
2 2882 2650 2771
2 4201 4160 3979
2 3495 3560 3364
3 2988 2492 2302
3 4727 4256 4510
2 5028 5054 5036
2 3556 3715 3664
3 4082 4555 4053
3 4165 3833 3903
3 261 204 168
2 4001 4155 3945
2 2795 2498 2596
2 2895 2909 3070
3 7412 7373 7343
2 4548 4524 4562
2 4859 4754 4832
2 4347 4159 4271
2 4803 4707 4776
2 4405 4381 4492
3 7296 7255 7249
2 4849 4859 4941
2 2938 3136 2935
2 4159 3965 4038
2 3153 3136 2938
3 92 143 130
3 7029 6890 6955
2 2373 2355 2225
3 2891 2833 3384
3 2833 3253 3384
2 3216 3233 3088
2 3656 3750 3560
2 2909 3087 3070
3 2891 2921 2380
3 1266 1543 1556
3 3292 3225 2886
2 3122 3118 2946
2 2890 2649 2821
2 3229 3221 3118
2 3987 4063 3914
2 2932 2890 3101
3 6415 6296 6338
3 1900 2474 1865
2 2874 3190 2962
2 3190 2874 3139
2 2307 2439 2418
3 5196 4891 4645
2 4159 4347 4138
2 3422 3389 3807
2 2900 2879 2792
2 3239 3229 3122
2 3744 3627 3307
2 4438 4290 4277
2 3255 3233 3343
3 7631 7637 7624
3 6130 6331 6042
2 3249 3124 3344
2 1714 1608 1613
3 2081 2185 2811
2 3049 2962 3252
2 3252 2962 3190
3 4019 4146 3622
2 2588 2699 2505
3 544 408 485
3 6014 6148 5952
3 6805 6712 6568
2 3074 3115 2963
3 4398 4004 4256
3 4555 5048 4575
3 5196 5620 5248
3 5620 5674 5424
3 5424 5248 5620
2 5027 5015 4942
2 3990 4215 4264
3 5523 5405 5265
3 3121 3461 3158
3 3235 3318 3761
3 7393 7395 7370
2 2916 2693 2629
3 6792 6787 6725
3 4016 3909 3599
2 3904 3998 4038
3 3166 3023 2532
3 4078 3668 3761
3 7500 7516 7571
3 2585 2776 2110
3 7308 7330 7252
3 7016 7058 6968
2 2234 2000 2306
3 7471 7485 7537
3 3668 3235 3761
3 7344 7339 7407
3 3649 3128 3661
3 7416 7395 7393
3 7431 7416 7393
3 6969 6878 6861
2 1635 1806 1807
2 1807 1796 1639
2 3350 3343 3233
3 3158 3461 3542
3 6343 6175 6038
3 7499 7468 7474
3 7136 7048 7158
3 7136 7237 7205
2 3838 3827 3624
2 3255 3303 3146
3 7176 7322 7050
3 6873 6908 6950
3 3722 3365 3572
3 6135 5994 5949
3 6035 5830 5983
2 5001 5002 4922
2 4324 4226 4207
2 4334 4226 4324
3 3315 3329 3637
3 6656 6541 6707
2 2838 2522 2599
2 4816 4847 4783
3 937 1014 807
3 3549 3214 3030
2 2941 3082 3006
2 1549 1487 1463
3 1659 1586 1180
3 5259 5400 5760
2 4650 4593 4638
3 5400 5172 5696
2 3627 3389 3307
2 2747 2483 2584
3 2248 1741 1629
3 3931 3758 3517
2 2375 2556 2557
2 4203 4309 4324
3 7578 7571 7516
3 7516 7581 7578
3 6989 7058 7107
2 2352 2355 2498
2 2255 2345 2267
2 4141 4280 4203
3 4906 4728 4383
3 7312 7252 7330
3 6671 6732 6668
2 5094 5083 5133
3 116 143 92
3 3722 3572 3831
3 3214 3399 2766
3 523 417 473
3 5696 5760 5400
2 3503 3342 3374
3 4466 4643 4350
3 4643 4714 4350
2 4765 4689 4786
2 4838 4871 4821
3 6392 6490 6348
2 1563 1487 1549
3 7443 7436 7474
3 3384 3253 3732
2 2498 2355 2596
3 3542 3461 3833
3 3833 3850 3542
3 7413 7423 7410
3 7407 7457 7399
2 1549 1463 1501
3 1901 2127 2547
3 6887 6787 6792
3 6887 6792 6806
3 7249 7255 7202
3 7082 7064 7147
2 2412 2204 2139
2 4558 4567 4479
2 2284 2285 2536
3 7209 7190 7132
3 1319 1226 1062
3 6119 6273 6197
3 3631 4107 3727
2 2306 2000 2072
2 3394 3156 3171
3 6622 6681 6420
3 3420 3412 2921
3 390 353 269
2 3400 3234 3252
3 7010 6865 7040
3 7343 7373 7337
3 2062 2532 1996
3 1996 1611 2062
2 1730 1603 1743
2 3949 4033 4059
3 2988 3089 2492
2 5111 5127 5095
3 6309 6316 6184
2 4748 4681 4702
3 3722 4055 4016
3 6821 6925 6757
3 5224 5329 5033
3 7300 7363 7301
3 4143 3698 3678
3 7208 7198 7153
3 7268 7208 7219
2 3998 3818 3927
3 6526 6647 6476
2 3115 2959 2963
2 2892 3018 2828
2 2862 3468 2865
3 3931 4041 3758
3 3842 4175 3761
2 5062 5007 4775
3 4902 5203 4760
3 3995 4652 3921
3 6184 6189 6309
2 4721 4663 4720
3 4341 4408 3931
2 3865 3689 3684
3 6548 6459 6412
2 4676 4567 4558
2 4547 4423 4421
3 7308 7252 7267
2 3805 3679 3628
2 4815 4857 4872
2 4838 4815 4872
2 4838 4782 4815
2 2378 2546 2424
2 2703 2837 2758
2 3979 3822 3848
2 5075 5046 5041
3 3395 3419 3021
3 3874 3916 3589
3 6734 6804 6673
3 4437 4042 4043
3 4165 4170 3850
2 2944 2927 2879
3 7272 7249 7210
3 4184 3916 4287
3 4016 4055 4424
3 4424 4311 4016
2 1912 1998 1805
2 3962 4039 3809
3 3835 3943 4606
2 1874 1921 1740
2 1874 1805 1998
2 1858 1713 1893
3 4184 4439 3972
3 468 421 513
3 513 421 519
3 606 513 519
3 5326 4787 5404
3 4586 4598 4151
2 4558 4479 4442
3 4165 4397 4170
2 4079 3970 4138
2 4039 4178 3961
3 701 616 543
3 4806 4424 4462
3 4185 4519 4165
3 4519 4397 4165
2 3962 4098 4039
2 4240 4178 4039
3 4891 4643 4466
3 4464 4813 4568
3 6722 6516 6599
3 6830 6722 6599
3 5172 5192 5563
3 3835 4606 4830
3 400 470 376
3 847 1031 793
3 4397 4682 4462
3 4823 4866 5414
3 4817 5023 5143
2 3350 3216 3347
3 6673 6719 6584
3 5181 4985 4767
3 4643 4988 4714
3 5414 4866 5366
2 1992 1860 2022
2 3107 3313 3152
3 964 902 709
3 4915 5125 4813
2 4171 4009 4018
3 5462 5360 5203
3 4908 5203 5360
3 5181 5281 4985
3 626 507 489
2 1730 1656 1603
2 3538 3684 3689
3 4968 5400 5259
3 5172 5400 4968
3 2781 2666 2162
3 5023 4813 5125
2 2654 2505 2699
3 6426 6705 6512
3 6426 6619 6705
2 5113 5109 5063
3 4988 5165 4714
3 4714 5165 5056
3 5196 4645 5130
3 4988 5268 5165
3 5564 5212 5471
3 5303 5322 4983
3 5424 5268 5248
2 4592 4726 4557
2 4557 4726 4672
2 4633 4660 4530
3 6706 6693 6464
3 5620 5832 5674
2 2452 2414 2348
2 2929 2824 2858
3 1716 1377 1299
3 519 421 373
2 2671 2331 2273
2 4890 4951 4913
2 4592 4745 4726
3 5316 5653 5633
3 5319 5392 5184
2 2355 2457 2596
2 1879 1730 1743
3 5612 5563 5192
2 2186 2037 2219
3 7264 7245 7215
3 5424 5385 5268
2 4009 3944 3878
2 4811 4672 4726
3 5414 5366 5644
2 3912 3975 3737
2 3485 3293 3323
2 3485 3469 3608
3 7377 7389 7419
2 4742 4660 4633
2 2517 2414 2452
2 4548 4593 4533
3 5406 5723 5654
3 1031 1081 1303
2 4470 4521 4370
3 5047 4536 4489
2 4153 4130 4033
2 2296 2271 2427
2 2960 3006 3003
3 5102 5303 4977
2 2972 3087 2909
2 3032 3119 3184
3 2040 1585 1448
3 5281 5532 5363
3 5424 5540 5385
3 3660 3947 3510
3 5644 5725 5414
3 7008 6985 6899
3 3121 3232 3461
2 4707 4604 4570
3 6084 5980 5651
3 6060 5782 5758
3 5922 5525 5591
2 4840 4897 4929
3 5760 5912 5538
3 6311 6295 6403
3 5363 5506 5282
3 6164 6465 6254
2 4343 4215 4210
3 6693 6546 6464
3 4565 4184 4287
3 2955 2854 2207
3 554 650 502
3 2129 2155 1700
3 5624 5413 5654
3 5540 5424 5674
3 187 147 236
3 911 874 702
2 3914 3990 3734
3 2232 1586 1659
2 4860 4890 4913
2 4860 4828 4890
2 1654 1652 1563
2 4927 4894 5003
3 1169 1054 929
2 3522 3769 3444
2 5013 4929 4897
3 1909 1750 2145
3 5629 5725 5952
3 2365 1841 1866
3 1896 1320 1890
3 6692 6552 6579
3 6350 6449 6338
3 5654 5723 5964
3 6610 6668 6690
3 1990 1621 1331
3 498 546 438
2 2113 2285 2284
3 141 196 125
3 196 141 212
3 6077 6051 5909
2 4890 4942 4951
3 5855 5876 5445
3 2887 2326 2183
3 5842 5767 5690
3 5633 5653 5770
3 959 940 766
3 5770 5869 5633
3 759 605 544
3 850 939 692
3 7331 7329 7274
2 2653 2911 2648
3 626 653 507
3 6014 5952 5725
2 2441 2412 2139
3 7162 7189 7083
3 792 846 670
3 6060 6110 5839
3 88 123 160
2 3914 4215 3990
2 2883 2822 2915
3 2221 1641 1769
3 5316 5302 5653
2 1714 1613 1717
2 1860 1794 1714
3 417 426 335
3 7561 7495 7536
3 7481 7495 7561
3 5723 5903 5964
3 430 360 349
3 430 349 434
3 5674 5913 5802
2 5053 5111 5095
3 6789 6805 6657
3 5760 6136 5912
3 5760 6066 6136
2 4868 4904 4867
2 5111 5081 5121
3 5914 6019 5869
3 6114 6267 5688
2 5008 4986 5049
2 5106 5078 5049
2 4991 5052 5063
2 4681 4752 4591
2 5008 5049 5078
3 1194 1319 1062
3 6221 6148 6014
3 6112 5964 6254
3 6099 6310 6024
3 6242 6074 6171
3 6289 6148 6221
3 6370 6171 6155
3 6019 6070 6245
3 6136 6066 6362
3 6196 6156 6295
3 6191 6235 6434
3 6371 6221 6242
3 6164 5964 5903
3 6357 6254 6540
3 6254 5964 6164
3 6242 6370 6397
3 6371 6242 6397
3 6508 6694 6444
3 6444 6694 6664
3 6665 6722 6909
3 6812 6665 6909
3 6836 6884 6959
3 6901 6805 6968
3 6912 6796 6970
3 7013 6812 6909
3 6950 6908 7021
3 6970 7046 6912
3 6938 7023 6936
3 7115 7132 7044
3 7047 7023 6938
3 7035 7003 7151
3 7237 7136 7158
3 7091 7035 7151
3 7084 7172 7063
3 7063 7172 7163
3 7211 7091 7151
2 2466 2397 2391
3 7162 7112 7223
3 7245 7151 7167
3 7211 7151 7245
3 7112 7162 7047
3 7262 7292 7223
3 7251 7253 7305
3 7309 7305 7253
3 7309 7356 7305
3 7334 7305 7356
2 4279 4138 4347
3 7376 7417 7387
3 7400 7417 7376
2 4000 3896 3924
3 7417 7432 7387
3 7409 7384 7391
3 7403 7431 7393
3 7434 7431 7403
3 7400 7430 7417
3 7413 7430 7400
3 7418 7432 7466
3 7409 7423 7413
3 7434 7464 7431
1 7619 7591 7608
1 7621 7618 7607
3 7643 7599 7646
3 2 3 0
3 6 3 2
3 4 14 11
3 7 14 4
3 17 27 37
3 47 37 27
3 26 50 42
3 36 37 58
3 62 37 47
3 62 58 37
3 59 42 50
3 93 55 70
2 4366 4414 4057
3 71 94 106
3 101 76 103
3 70 102 93
3 175 108 121
3 115 94 83
3 92 130 97
3 133 168 110
3 101 103 134
3 127 106 94
3 178 115 152
3 212 141 138
3 207 212 138
3 211 236 147
3 152 222 178
3 709 902 647
3 7087 6956 7029
3 302 212 292
3 7042 7125 7027
3 385 318 360
3 392 406 510
3 553 510 406
3 480 373 451
3 549 449 439
3 620 467 607
3 2958 2382 3167
3 4424 4812 4311
3 549 672 557
3 599 546 732
3 732 546 685
3 594 547 679
3 564 686 742
3 714 672 549
3 662 641 888
3 718 617 682
3 4437 4902 4390
3 755 633 672
3 821 755 672
2 1462 1421 1482
3 542 704 538
3 906 880 1077
3 1100 906 1077
3 939 1146 943
2 1487 1457 1425
3 6520 6523 6409
3 1072 1146 939
2 1457 1487 1514
2 2628 2847 2843
3 1238 996 1210
2 1563 1514 1487
3 1262 1060 1127
3 1213 1050 994
3 1108 1042 1242
3 1551 1228 1598
3 1381 1148 1157
3 6315 6262 5980
2 2360 2236 2464
3 82 104 63
3 1262 1127 1324
2 1643 1802 1699
3 1505 1580 1238
3 1787 2326 1816
2 1802 1842 1699
2 2158 2006 1967
3 1511 1615 1217
2 1863 1786 1850
3 1349 1426 1213
3 1541 1213 1426
3 1264 1651 1343
3 1896 1331 1320
3 1990 1331 1896
3 1615 1349 1217
3 1787 1349 1615
2 1863 1850 1931
2 2236 2360 2176
2 2037 1940 2151
3 1951 1511 1360
3 1360 1880 1951
3 1541 1426 1816
3 1816 1349 1787
2 1931 1850 1958
3 2110 1511 1951
3 1909 1413 1750
2 1931 2049 2034
2 1931 1958 2049
2 2016 1958 1906
2 2619 2588 2471
3 2183 1787 1615
3 2776 2183 2110
3 2183 1615 2110
3 2110 1615 1511
2 2016 1833 2006
2 2202 2034 2049
3 1816 2456 1937
2 2016 2099 1958
3 1981 1543 1861
2 2237 2202 2049
2 2237 2049 2099
2 2331 2154 2054
2 2016 2190 2099
2 2158 2213 2006
2 2331 2399 2154
3 1965 1746 2274
3 1658 2232 2222
2 3827 3966 3996
3 3089 3211 2652
2 2299 2237 2099
3 1865 2145 1750
3 2765 2073 2456
2 2421 2237 2299
3 1865 2472 2145
3 2601 1896 2408
3 3845 4020 3736
3 2081 2262 1861
3 1981 1861 2262
2 2421 2299 2518
3 6183 6042 6301
3 2160 2712 2901
2 2433 2721 2475
3 2195 2850 2408
3 2507 2070 2155
3 2507 2155 2756
3 2387 2323 3043
2 3808 3927 3818
2 2727 2697 2935
2 2938 2935 2697
2 2698 2518 2689
3 2481 2630 2999
3 3030 2408 2850
3 3133 2392 2328
2 2715 2768 2872
2 2844 2715 2872
3 2630 2952 3183
2 2698 2689 2874
2 4430 4363 4235
2 2698 2962 2821
2 2698 2874 2962
2 3026 2844 2872
2 2821 2962 3049
2 3001 3186 2957
2 3145 2957 3186
2 3001 3202 3186
2 3012 2979 3171
2 3737 3422 3685
2 3422 3807 3685
2 3087 3258 3070
2 3258 3241 3070
1 7624 7637 7619
2 2892 3083 3018
3 3593 3726 3225
2 3762 3785 3551
2 3145 3186 3342
3 3158 3572 3066
3 3365 3066 3572
3 2630 3183 2999
3 7581 7631 7624
3 3133 3678 3144
3 3698 3144 3678
3 3572 3158 3542
3 3792 3268 3670
3 3440 3736 3340
2 3322 3474 3258
2 3409 3258 3474
3 3384 3780 3420
2 4859 4832 4879
3 3845 3736 3440
3 6412 6459 6304
3 3670 3492 4202
3 3732 3780 3384
2 3409 3574 3387
2 3574 3533 3387
2 3387 3241 3409
3 3850 3831 3572
3 4151 3649 3661
3 3722 4016 3599
3 4682 4806 4462
2 3870 3971 4003
2 3509 3628 3487
2 3679 3487 3628
2 3503 3646 3509
2 3646 3628 3509
3 3792 4243 3452
3 3594 3833 3461
2 3574 3718 3533
2 3683 3533 3718
3 4080 4151 3661
3 3792 4258 4243
2 3559 3552 3695
3 3751 4043 3669
3 4042 3669 4043
2 3559 3742 3583
2 5001 4922 4925
3 4078 3761 4175
2 2941 3010 3082
2 4696 4928 4718
3 4043 3751 3909
3 4843 4910 4198
3 3931 4408 4041
3 3936 4042 4390
2 3848 3646 3683
3 3903 4020 4185
3 3903 4185 4165
2 3882 3848 3718
3 4170 4055 3850
3 4376 4020 4173
3 4376 4185 4020
3 4744 4131 4151
3 4090 4243 4512
2 3805 3809 4039
2 4039 3961 3805
3 4862 4512 4243
2 3822 3979 3962
2 4024 3979 3848
3 4462 4055 4170
2 3899 4079 4051
3 6734 6673 6606
3 4744 4151 4598
3 4462 4170 4397
2 2687 2609 2529
3 4532 4220 4221
2 4255 4039 4098
2 4240 4039 4255
3 4891 4466 4645
2 4203 4324 4207
3 4622 4744 5192
3 4464 4915 4813
3 4985 4727 4510
3 5414 4864 4823
3 5300 4864 5414
3 5056 5167 4790
3 4852 4790 5167
3 4568 4813 5023
2 4205 4195 4336
3 5192 4744 5221
3 5130 4645 4728
2 2822 2758 2837
3 5030 5319 5184
3 1494 1392 1163
2 5136 5115 5148
3 5488 5221 5145
2 1793 1720 1724
3 4082 3643 3702
2 4840 4726 4745
2 4840 4811 4726
3 5696 6066 5760
3 6013 6103 5848
2 4840 4745 4897
2 4742 4783 4660
2 4811 4842 4739
2 5041 4963 5036
3 5620 5405 5738
3 5564 5471 5826
3 5927 5564 5826
2 4803 4867 4816
2 4867 4803 4835
3 5872 5624 5654
3 5872 5654 5964
2 4868 4867 4835
2 4229 4307 4291
3 5653 5302 5690
3 5830 5842 5690
3 5770 5914 5869
3 1016 916 1086
2 5100 5057 5044
2 5003 5007 5053
2 1462 1434 1383
2 4986 5015 5049
3 5802 5913 6067
3 6201 5912 6136
3 6225 5927 6191
3 6024 5866 6099
3 5813 5952 6058
3 6235 6191 5900
3 6148 6058 5952
3 6242 6171 6370
3 6426 6201 6136
3 6426 6136 6362
3 6295 6156 6203
2 2889 3015 3064
3 6443 6225 6434
3 6407 6484 6394
3 6397 6370 6474
3 3995 3921 3363
3 6728 6789 6661
3 6657 6661 6789
3 6664 6694 6844
3 6802 6844 6694
3 6873 6779 6908
3 6722 6830 6909
2 4552 4454 4578
3 6902 6968 6805
3 6931 6838 7030
3 7029 6955 7063
3 7048 6996 7158
3 7029 7063 7163
2 2486 2397 2466
3 7086 7030 7155
3 7086 7167 7151
3 7086 7155 7167
3 7223 7112 7160
3 7187 7114 7107
3 7250 7162 7223
3 7223 7160 7262
3 7292 7250 7223
3 7265 7251 7305
3 7340 7303 7280
3 7366 7454 7342
3 7454 7424 7342
3 7360 7387 7418
3 7382 7377 7419
3 7387 7432 7418
3 7411 7382 7419
3 7395 7416 7408
3 7618 7625 7573
3 480 662 519
3 480 641 662
3 708 606 662
3 1050 1312 1069
3 1541 1312 1213
3 1426 1349 1816
3 1965 1629 1746
3 2073 1631 1541
3 2969 3142 2684
2 4712 4748 4687
2 2390 2237 2421
2 4720 4782 4721
2 2683 2911 2653
2 2979 3198 3171
2 3533 3374 3387
2 3374 3533 3503
3 5119 5274 4902
2 5111 5053 5062
3 6191 5927 5826
3 6070 6033 6327
3 7422 7408 7416
3 7549 7487 7336
1 7619 7585 7591
3 7608 7544 7617
3 7645 7600 7642
3 7154 7106 7321
3 7321 7097 7336
3 7321 7106 7097
3 7321 7476 7154
2 2242 2189 2348
2 3949 3853 3926
3 5842 6047 5947
3 6940 6751 7010
3 7303 7259 7280
3 7497 7437 7448
3 7533 7485 7481
3 7557 7446 7568
3 7521 7577 7583
3 7592 7563 7583
3 6820 7097 7106
3 6820 7106 7154
2 4828 4786 4713
3 7533 7481 7561
3 21 13 6
3 7639 7609 7595
3 7643 7639 7595
3 7642 7600 7596
3 5947 6255 5923
3 6865 6924 7040
3 607 564 742
3 7225 7152 7118
3 7506 7519 7433
3 7519 7518 7438
3 7539 7507 7472
3 7462 7539 7472
3 7450 7551 7549
3 7450 7549 7336
3 7446 7551 7450
3 7523 7544 7608
3 7596 7632 7640
3 7097 6778 7061
3 7092 7226 7194
3 5991 6094 5928
3 7043 7279 7226
3 7279 7043 7096
3 7239 7402 7234
3 7402 7453 7484
3 7402 7469 7234
3 7238 7453 7239
3 7495 7499 7536
3 7607 7563 7592
3 6116 6094 5991
2 3280 3082 3110
3 7627 7590 7603
3 6915 6858 6567
3 7568 7414 7579
3 7579 7414 7404
3 7491 7579 7404
3 7568 7446 7414
3 7131 7119 6915
3 7131 6896 7038
3 6896 7131 6915
3 7322 7404 7038
3 7404 7131 7038
2 2927 2837 2879
2 2944 2971 2927
3 7119 7414 7446
2 3534 3435 3335
2 2486 2466 2514
3 7656 7636 7655
1 7656 7655 7644
2 2915 2837 2927
2 2915 2927 2963
3 5629 5952 5600
2 4484 4503 4476
2 4484 4548 4503
2 4444 4485 4484
2 4444 4484 4410
2 2057 1943 2172
3 7636 7656 7634
3 5 12 2
2 3443 3335 3288
1 7649 7648 7641
3 147 105 118
3 7339 7344 7290
2 3581 3480 3306
2 4738 4637 4663
2 1432 1449 1388
2 3161 3026 3196
2 3625 3544 3485
3 230 261 168
2 1773 1793 1724
3 11 9 4
3 20 5 9
3 9 5 4
3 22 19 11
3 8 1 3
3 16 25 8
3 10 16 8
2 2634 2557 2679
3 10 8 3
3 226 239 180
3 57 43 31
3 111 75 61
2 2583 2533 2637
3 1676 2181 1681
3 146 129 96
3 144 146 96
3 481 578 529
3 704 847 638
3 481 529 381
3 6923 6969 6861
3 1839 2040 1448
3 1272 1304 1100
2 3487 3538 3338
2 3487 3684 3538
2 4152 4059 4130
3 1681 1577 1304
2 4091 4059 4152
3 1645 1564 1296
3 7654 7623 7652
3 419 502 543
2 4411 4444 4410
2 2563 2523 2404
3 64 60 38
3 98 96 60
3 373 421 312
3 149 159 104
3 239 211 180
3 87 74 56
3 3363 3921 3329
3 439 367 368
3 413 367 449
3 439 449 367
2 3583 3742 3760
3 6343 6515 6519
2 4783 4826 4737
2 4696 4873 5034
2 3556 3664 3508
3 2829 2933 2370
2 2957 2920 2747
3 1144 1335 1140
2 2916 3124 3037
3 1922 2314 1824
2 2747 2920 2710
3 306 346 236
3 3936 4390 4359
2 1624 1533 1516
3 5923 5767 5947
3 5914 5923 6033
3 5923 5770 5767
3 5923 5914 5770
3 850 1016 1072
3 1299 1209 1016
3 1209 1072 1016
3 1072 939 850
3 1071 889 874
3 1089 1071 874
3 692 759 544
3 850 692 625
3 4338 3546 3377
3 6502 6695 6463
3 293 396 274
3 3402 3404 3835
3 3402 3491 3117
3 4053 4575 4522
3 3491 3402 3835
2 2619 2733 2588
3 269 353 250
2 3867 3844 3666
2 4681 4650 4702
3 580 545 444
3 500 580 444
3 545 386 444
3 545 490 386
3 7588 7636 7634
3 7381 7338 7367
2 4791 5007 4894
3 7634 7638 7598
3 6920 7005 6889
3 7032 7005 6920
3 271 230 187
3 271 187 236
3 271 312 230
2 3202 3387 3374
3 6624 6490 6503
2 5084 4718 4928
2 3387 3202 3241
3 2023 1641 2221
3 1771 1641 2023
3 2695 2263 2023
3 2221 2695 2023
2 4127 4003 3971
2 2915 2822 2837
3 6745 6624 6621
3 6503 6490 6392
3 6503 6392 6330
3 466 489 371
3 659 546 498
3 6776 6745 6621
3 5983 5830 5606
2 4702 4638 4687
2 5127 5131 5106
3 138 141 73
2 3320 3275 3386
3 7406 7419 7389
3 7588 7613 7636
3 7638 7615 7598
3 392 316 406
3 316 392 295
3 357 454 311
3 427 542 390
2 3666 3520 3560
3 425 450 340
3 297 328 233
3 3329 3786 3637
3 4443 4221 4142
3 518 568 425
2 4007 3769 3734
2 4410 4412 4365
2 4476 4412 4484
2 4482 4639 4579
3 1296 1233 1146
3 2061 2147 1564
2 2128 1992 2022
3 6022 6074 6242
3 6022 6242 6221
3 6022 6221 5963
3 750 709 563
2 5142 5133 5083
3 1393 1428 1131
2 1835 2027 1933
2 2703 2758 2714
3 855 1073 798
2 1813 1694 1888
2 1813 1663 1694
3 882 876 1155
2 3737 3685 3912
2 3115 3254 3091
3 1059 845 977
3 4311 4559 4214
3 846 1032 1067
3 772 845 620
2 2019 2032 1858
2 2558 2609 2663
2 1906 1755 1833
3 1032 846 792
3 908 686 677
3 1448 1585 1161
3 1647 1839 1289
3 3582 3440 3023
3 6116 6228 6094
3 634 530 527
3 1155 1107 882
3 882 736 655
2 1860 1933 2022
2 2645 2583 2637
2 2645 2633 2583
2 2971 3074 2963
3 540 612 466
3 841 898 626
3 839 780 654
2 3713 3847 3655
3 572 699 542
3 792 670 610
2 3134 2838 2806
2 2529 2589 2687
2 5113 5118 5109
3 6038 5615 5047
3 1107 1308 1181
3 4572 4202 3898
2 3944 4075 3971
3 6989 7107 7013
3 7595 7531 7529
2 4025 3877 3864
3 640 536 681
3 803 994 900
2 2440 2653 2501
2 3283 3184 3119
3 1000 1158 1042
3 881 842 733
3 797 881 733
2 3229 3366 3221
3 4559 4877 4437
2 2537 2673 2464
2 1383 1434 1397
2 2746 2892 2673
2 2935 2721 2727
3 6328 6193 6124
2 2710 2916 2629
3 6808 6876 6776
3 1305 1625 1227
3 1625 1979 1415
3 1625 1415 1227
3 1419 1647 1250
3 1419 1092 1294
2 2243 2057 2335
2 2402 2327 2151
3 6352 6261 6143
3 1770 1419 1294
2 4127 4205 4263
3 7531 7441 7459
2 3007 2938 2697
2 2772 2778 2679
3 6905 6876 6808
3 6836 6905 6808
2 1388 1430 1384
2 2375 2469 2211
2 1417 1501 1463
2 1456 1417 1404
2 1463 1425 1417
2 1397 1424 1386
2 1489 1540 1478
2 1540 1572 1478
3 7262 7160 7190
2 1624 1607 1533
2 1533 1456 1516
3 5023 5406 5143
2 1624 1695 1607
2 2391 2440 2501
2 2889 2870 2778
2 2113 2284 2135
2 2722 2873 2713
3 6519 6625 6433
3 6343 6433 6175
3 6625 6519 6691
3 963 831 1042
3 963 1042 1108
2 1364 1384 1366
2 4263 4236 4127
2 4236 4137 4127
2 1983 1870 1899
2 3973 4092 3787
2 3975 4058 3838
3 266 259 220
2 2574 2596 2457
2 1545 1570 1491
3 831 806 718
3 6227 6024 6310
3 4621 4892 4577
2 4898 4888 4868
2 3122 3229 3118
2 3339 3229 3239
2 5092 5136 5113
2 3397 3339 3239
3 5816 5462 5776
2 4451 4264 4394
2 2271 2296 2071
2 2296 2228 2071
2 3062 3205 3321
2 4671 4717 4648
2 2189 2019 2188
2 2189 2032 2019
3 6860 6720 6794
3 5802 5911 5687
3 6067 5911 5802
2 1835 1751 1895
2 3394 3443 3288
2 3394 3288 3156
2 1717 1751 1835
2 1534 1467 1574
2 1574 1663 1534
2 1534 1430 1467
3 1344 1673 1316
3 6459 6416 6352
3 6352 6416 6261
3 1089 1344 1071
3 5311 5703 5199
3 6304 6352 6143
3 6541 6459 6587
2 5043 5001 5050
2 1786 1792 1686
3 5932 5668 5816
2 2858 2824 2805
2 5043 5050 5100
2 2290 2424 2407
2 4150 4155 4001
2 3945 3867 3750
2 4031 3867 3945
2 4991 4935 4967
2 4927 4857 4894
3 6130 6042 5922
2 4473 4430 4279
2 1762 1713 1654
2 1713 1652 1654
2 1775 1762 1656
2 1860 1869 1794
2 1933 1860 1810
2 4167 4172 4025
2 4692 4684 4756
2 4229 4152 4211
2 3552 3400 3428
2 3388 3234 3400
2 3559 3388 3400
2 3569 3552 3428
3 1690 1765 1224
2 3171 3156 3012
2 4057 3768 3740
2 5113 5136 5118
2 1570 1679 1610
3 5404 5788 5326
3 1770 1819 1419
2 2335 2057 2172
2 1388 1384 1364
2 4679 4590 4547
2 1616 1686 1650
2 1545 1650 1570
2 2017 2035 1928
3 946 911 723
3 491 463 376
3 1139 1089 911
3 6931 7030 7086
3 7086 7003 6931
2 3563 3393 3346
2 3205 2911 2948
2 4935 4907 4883
2 5003 5050 4990
2 2572 2739 2659
2 3798 3644 3910
3 1144 1140 956
3 1428 1335 1144
3 723 702 613
3 4577 4082 3702
3 3637 4577 3702
3 957 1032 792
3 6805 6901 6712
2 3971 3870 3823
2 3613 3777 3602
2 3613 3500 3536
2 3602 3731 3585
2 3777 3731 3602
2 4442 4325 4298
2 4418 4453 4411
3 1689 2266 2162
2 4371 4312 4022
2 4207 4226 4133
2 1795 1918 1708
2 4668 4832 4754
3 5840 5679 5484
2 4871 4872 4925
2 4832 4874 4879
2 4855 4775 4596
2 3798 3987 3914
3 1392 1303 1081
3 2435 2266 1809
2 3537 3346 3371
3 7603 7611 7648
3 7648 7627 7603
3 7362 7330 7308
3 7329 7362 7308
3 2240 1659 1864
3 4100 4446 4029
3 6135 6157 5994
3 7072 7166 7020
2 1924 1953 1834
3 2240 2232 1659
2 2151 2327 2219
2 2306 2533 2441
2 2441 2234 2306
3 122 118 87
2 4022 4015 3779
2 4476 4468 4412
2 3762 3551 3444
3 2905 2434 2643
2 1755 1906 1850
3 6719 6728 6593
3 665 906 891
2 4515 4471 4344
2 2639 2719 2557
3 3645 3419 3395
3 4398 4544 4086
3 3736 4020 3903
3 2692 2181 2684
2 2561 2683 2335
2 2511 2561 2385
3 991 1122 863
3 104 87 63
3 5014 4674 4535
2 4946 4967 4904
2 4063 4210 4215
2 3368 3644 3429
2 3998 3927 4087
3 161 224 194
2 1745 1818 1649
2 3347 3216 3283
2 4692 4651 4630
3 4221 3852 4142
3 523 426 417
3 4173 4020 3845
2 4387 4307 4326
2 2511 2622 2931
2 2772 2889 2778
3 7115 7044 7017
2 3965 4159 4138
2 4367 4297 4187
2 4570 4493 4477
2 4288 4367 4187
2 4477 4367 4288
3 3340 3736 3594
2 2179 2009 2030
3 1809 1689 1303
2 2017 2121 2035
3 5791 5840 5632
2 4801 4831 4832
3 4576 3593 4536
2 4470 4370 4301
3 1108 1178 945
2 3140 2843 2847
2 2123 2246 2255
2 2123 2255 2120
3 7469 7484 7522
2 2693 3007 2671
3 1987 2084 1676
3 2084 2181 1676
2 4130 4153 4211
3 2484 2084 1987
3 1504 1469 1987
3 2473 2484 1987
2 2563 2660 2523
2 3703 3706 3569
2 2399 2158 2154
2 2399 2697 2411
3 6804 6889 6938
2 2412 2375 2204
2 2888 3198 2979
3 5624 5489 5329
2 2327 2483 2219
2 4347 4473 4279
2 4326 4356 4377
2 4840 4929 4811
2 4190 4159 4038
2 2977 2686 2704
2 4754 4859 4849
2 4938 4863 4848
3 2132 2265 1688
3 7345 7376 7387
2 3320 3494 3280
2 4623 4547 4469
2 4573 4569 4498
2 2096 2017 1939
3 6962 6936 7023
2 3740 3472 3484
1 7637 7646 7647
2 3665 3650 3548
2 2071 2228 2097
2 2520 2407 2424
3 4760 4908 4359
3 6330 6392 6249
3 1154 1043 1360
3 6790 6956 7011
3 499 566 473
3 1716 2125 1645
3 1716 1645 1377
2 2321 2267 2345
3 5722 6052 6011
1 7651 7653 7644
3 7653 7638 7634
3 7615 7651 7626
3 5840 5993 5679
3 6042 5776 5922
3 5484 5679 5347
3 5993 5758 5679
2 2972 2827 2844
3 7082 7017 6985
3 5632 5840 5484
2 5054 5020 5063
3 1907 2356 1910
2 2586 2360 2464
2 2767 2875 2805
3 4544 4189 4086
3 4256 4004 3885
2 2805 2736 2767
2 4517 4615 4681
2 2032 2242 2008
2 2307 2142 2242
2 4252 4226 4334
2 2188 2383 2189
2 2700 2767 2736
2 5063 5020 4991
2 5075 5054 5063
2 4054 3769 4007
2 3462 3303 3343
2 3237 3152 3313
3 6449 6473 6579
2 2680 2785 2618
3 4640 4667 4146
3 4674 4587 4228
3 7027 6971 6905
2 2486 2529 2398
3 3328 2933 2829
3 2380 2248 1965
2 2294 2271 2142
2 2522 2321 2345
2 2280 2251 2458
3 7125 7214 7072
2 3703 3569 3563
2 2483 2747 2710
2 4548 4618 4593
3 1824 1335 1428
3 1233 1294 1057
3 1057 1294 1092
2 4190 3998 4087
3 785 739 602
2 2284 2638 2381
2 2401 2276 2381
2 1603 1549 1501
2 3462 3555 3386
3 3510 3318 2811
3 574 491 470
2 4231 4150 4045
2 3608 3583 3760
2 3162 3035 3033
3 2905 2636 2434
3 2434 2636 2147
3 6707 6765 6656
2 4069 4033 4002
2 4718 4414 4696
3 3617 3377 3247
2 3348 3435 3397
3 264 186 274
2 4578 4637 4552
2 5115 5092 5031
3 864 781 701
3 7132 7079 7044
3 7044 7079 6960
3 6931 6844 6802
3 6931 7003 6844
2 2501 2466 2391
3 6091 6084 5703
3 1164 1149 959
2 4768 4716 4597
2 2906 3139 2874
3 3292 2886 2787
2 3173 3197 3080
2 2733 2888 2699
2 2733 3013 2888
2 2795 2806 2545
2 3818 3598 3654
3 2878 2212 2248
3 419 459 355
2 3249 3364 3213
3 232 251 171
3 4338 3576 3546
2 3249 3213 3037
2 3010 2941 2894
2 4838 4872 4871
3 3148 3128 2240
2 4721 4782 4738
2 3608 3823 3625
2 3480 3779 3784
2 3126 2920 3145
3 3298 3148 2566
3 3148 2240 2566
3 2302 2492 1839
3 3128 2232 2240
3 3023 3440 2876
3 3440 3340 2876
3 2566 2240 1864
2 2960 3003 2944
2 2900 2944 2879
2 2960 2944 2900
2 4858 4804 4818
3 2737 2442 1949
3 7357 7163 7441
3 665 668 906
2 3480 3787 3450
3 3142 2969 3417
3 2692 2129 2181
3 3375 3142 3417
3 2969 2684 2484
2 4211 4152 4130
2 2404 2523 2306
2 3695 3868 3742
3 1210 1088 1389
3 6292 6420 6567
2 2819 2817 2654
2 3581 3779 3480
3 470 491 376
3 4359 4390 4760
3 3167 3660 2958
3 7038 7050 7322
2 4638 4618 4687
2 5007 5062 5053
3 3862 3974 3549
3 3974 3752 3549
3 3549 3752 3214
2 4414 4718 4709
2 2517 2525 2439
3 6853 6794 6745
3 3567 3044 3412
2 4782 4795 4738
2 4371 4688 4596
2 4783 4737 4676
2 2634 2870 2771
3 3060 2737 2169
3 3060 2169 2222
3 3060 3631 3301
3 3060 3301 2737
3 3727 3301 3631
3 4296 3828 4029
2 3744 3450 3787
3 6709 6734 6606
3 3217 3111 2666
3 3363 3151 3506
2 3807 3912 3685
2 2827 2655 2844
3 7166 7072 7214
2 2655 2715 2844
3 633 755 774
2 5084 5142 5083
2 3695 3742 3559
3 3984 3567 3412
3 3147 3404 2643
2 4826 4783 4847
2 3299 3162 3201
3 1284 1389 1088
3 6656 6667 6515
3 701 781 616
3 3759 4536 3593
3 7279 7433 7226
2 5034 5060 5118
2 3219 2897 3041
3 7083 7128 7016
2 3950 4002 3930
3 5392 5082 5184
3 1139 1435 1089
2 2397 2398 2229
2 1561 1610 1717
2 1928 1876 1827
2 2517 2704 2525
3 3696 3984 4164
3 3984 3696 3567
2 3552 3559 3400
2 3161 3087 2972
2 4343 4368 4411
3 5525 5462 5203
2 4332 4387 4368
2 4343 4332 4368
2 3924 3896 3806
2 2894 2769 2813
2 2894 2813 2937
2 2813 2877 2937
3 1017 1289 1063
3 5048 4555 5103
3 400 376 305
2 4370 4253 4231
3 4577 5103 4555
2 3717 3721 3864
2 3584 3548 3470
2 3350 3437 3343
2 3584 3470 3486
2 2367 2296 2505
2 2897 2628 2659
2 4091 3987 3910
3 4193 3617 3491
2 2721 2906 2689
2 2721 2689 2475
3 4339 4093 3378
3 6878 6848 6768
3 5310 4939 4854
3 274 365 264
2 5050 5095 5100
3 6143 6013 5881
3 2737 3188 2442
3 5881 6013 5727
3 5881 5727 5362
2 3082 3010 3110
3 4110 3377 3617
2 4678 4696 4366
2 4414 4366 4696
3 5909 6051 5832
3 7079 7032 6960
2 3896 3811 3781
3 5048 4995 4575
2 3472 3134 3154
3 5674 5832 5913
3 6051 5913 5832
3 5722 6011 5594
3 7162 7083 7023
2 3920 3865 3684
3 4535 4674 3960
2 4301 4370 4231
2 4037 4054 4320
3 3165 3641 3253
2 4299 4320 4054
2 4678 4873 4696
2 3627 3807 3389
2 4045 4150 4001
3 2756 2970 2507
3 6779 6691 6848
2 4924 4933 4903
2 2505 2296 2427
2 5081 5062 4855
2 4411 4365 4343
3 6103 5889 5848
2 3985 4025 3864
2 3985 3864 3889
2 3864 3721 3889
2 2709 2686 2967
2 5027 4929 5013
2 4299 4007 4429
2 4009 3878 3868
3 301 251 232
2 2352 2545 2345
2 4970 5084 5083
3 4146 4667 4143
3 4701 4640 4267
3 4267 4019 3906
2 4716 4657 4534
3 3906 4019 3595
2 4352 4195 4171
3 4247 4173 3890
3 7182 7210 7127
3 3890 4173 3845
2 3784 3973 3787
2 4141 4203 3975
2 1978 2113 2135
2 4579 4639 4849
3 4994 4489 4773
2 3795 3777 3613
2 4442 4479 4325
2 2813 2769 2711
3 7569 7488 7476
3 7593 7560 7552
3 4812 4877 4559
3 7593 7569 7560
3 7593 7577 7569
2 4871 4848 4821
3 7569 7476 7560
3 7476 7487 7552
3 522 665 506
3 1689 1554 1248
3 7058 6901 6968
3 665 522 668
3 522 506 405
3 660 506 665
3 399 522 405
3 4806 4812 4424
2 4838 4821 4795
2 4325 4171 4172
3 7182 7252 7210
3 4983 4535 4620
3 7320 7331 7266
3 7266 7331 7274
2 4933 4979 4941
2 5001 5043 5002
2 3082 3107 3006
2 2639 2556 2633
2 3777 3899 3731
3 7613 7623 7654
2 2423 2373 2235
3 7656 7653 7634
3 4701 5162 4640
2 5109 5118 5060
3 4854 4422 4305
3 4939 4584 4422
2 4172 4171 4018
2 2583 2412 2441
2 2423 2407 2520
2 4479 4480 4352
2 4782 4838 4795
2 4299 4054 4007
2 4054 3762 3769
2 4821 4756 4795
3 4565 4439 4184
2 4636 4404 4579
2 2929 2914 2824
3 4339 4522 4677
3 5903 5780 5973
2 2819 2699 2888
2 4320 4299 4482
2 4099 4045 3920
2 1660 1724 1674
3 883 929 739
3 6778 6820 6320
2 1366 1383 1386
2 5148 5115 5131
2 5131 5115 5078
3 4965 4587 4674
3 4985 5166 4727
2 2439 2525 2418
2 4370 4388 4253
2 4597 4716 4534
2 4521 4388 4370
2 4666 4471 4515
3 5014 4965 4674
1 7651 7644 7637
2 2433 2411 2721
3 3294 3643 3217
3 3631 3060 3052
2 4396 4363 4534
2 4580 4521 4470
2 4288 4388 4477
2 4388 4288 4253
2 3013 3251 2888
3 1153 947 884
3 7027 6959 7042
2 4573 4507 4550
2 2749 2616 2827
2 2827 2909 2749
2 4340 4356 4308
2 4423 4356 4340
2 1516 1456 1453
3 6713 6521 6637
2 4899 4883 4847
3 4697 4910 5362
3 6916 6883 6695
3 5667 5591 5357
2 2950 2892 2746
3 6943 6937 6853
2 2177 2192 1986
2 4765 4776 4686
2 4825 4810 4765
2 4953 4855 4688
2 1986 2192 2072
3 5564 5233 5212
3 5585 5435 5233
3 5797 5435 5585
3 7170 7191 7087
3 7020 6937 6943
2 3251 3198 2888
2 5075 5063 5109
2 4739 4842 4755
3 6765 6667 6656
3 5307 5388 5125
3 5545 5780 5605
3 5780 5903 5605
3 5605 5903 5723
3 5388 5723 5406
3 5307 5125 4915
2 4841 4777 4826
3 5545 5973 5780
3 5980 6262 5946
3 5651 5980 5571
3 5980 5946 5571
2 3499 3687 3644
2 3910 3644 3853
2 3687 3853 3644
3 6998 6884 6846
2 3734 3405 3639
3 89 106 132
2 3468 2910 2865
2 4786 4825 4765
3 5963 6221 6014
2 4783 4676 4660
2 4826 4777 4737
3 6695 6883 6659
3 538 638 479
3 538 479 390
3 6512 6314 6201
1 7593 7628 7621
3 6052 6275 6011
3 5742 6052 5722
3 5551 5467 5373
3 5373 5467 5210
3 5551 5711 5467
3 5768 5711 5551
3 3672 4535 3960
2 2035 1969 1928
2 1827 1876 1773
2 2628 2897 2847
3 4911 5594 5191
2 4343 4210 4204
3 178 214 163
2 2950 3156 3083
3 127 161 106
3 237 214 178
3 161 132 106
3 7027 7072 6971
3 363 306 284
3 7326 7339 7256
3 6512 6539 6314
3 2160 2323 1729
3 300 223 204
3 5389 5484 5178
2 4946 5031 4967
1 7594 7628 7593
2 3878 3944 3760
2 3944 3823 3760
3 6306 6180 6103
3 1435 1139 1554
2 2383 2188 2398
3 5797 5888 5435
3 5488 5145 5515
3 5515 5145 5154
3 1689 2162 1554
3 6311 6196 6295
3 6311 6200 6196
3 5471 5079 5128
3 5169 5505 5128
3 6227 5857 6024
2 3197 3275 3320
2 3197 3320 3150
2 5136 5148 5146
2 1383 1397 1386
2 2778 2870 2634
3 251 256 197
2 2862 2536 2522
3 6763 6854 6755
3 6755 6854 6807
3 6755 6807 6709
3 6663 6755 6647
3 6763 6755 6663
3 3629 3396 3090
3 6902 6805 6789
3 6735 6796 6539
3 6796 6644 6578
3 6644 6465 6400
3 6912 6749 6644
3 6912 6644 6796
3 7653 7651 7615
2 4347 4364 4461
3 7058 6989 6901
2 3870 3924 3806
3 774 566 633
3 6201 6124 5855
3 421 356 312
3 356 421 468
3 481 356 468
2 4716 4809 4657
3 7152 7178 7078
3 6909 6830 6989
3 2201 2365 2880
3 4632 4110 4697
3 563 553 433
3 7381 7354 7338
3 6973 6881 6914
3 7425 7339 7326
2 4692 4756 4717
3 959 980 1164
3 2147 2216 1770
3 7078 7178 7142
3 7293 7441 7163
2 4054 4037 3762
2 4692 4671 4651
3 7313 7327 7245
3 7269 7267 7178
3 312 356 261
2 2137 2135 2276
2 1978 1988 1840
3 1126 1039 865
1 7594 7593 7549
3 7569 7577 7521
3 7569 7521 7488
3 2442 3090 2365
3 770 659 594
3 1180 898 841
3 770 594 679
2 4506 4524 4485
1 7637 7628 7619
1 7637 7647 7650
3 6124 5876 5855
3 220 191 159
3 368 296 282
2 3740 3768 3472
2 3992 4057 3740
3 4852 5167 5319
2 3494 3655 3687
3 7648 7649 7627
1 7652 7649 7641
2 4900 4858 4818
2 2440 2335 2683
1 7652 7641 7644
2 3119 3132 3293
3 7556 7504 7512
2 3283 3119 3293
2 2523 2625 2533
3 536 640 500
2 2139 2027 2234
2 3173 3146 3303
3 3916 3972 3691
3 3972 3916 4184
2 2608 2616 2749
3 3589 3916 3691
3 6376 6343 6180
2 3468 3611 3306
3 1450 1910 1494
3 2859 2899 2347
3 1910 1993 1494
2 2639 2736 2719
3 334 320 251
3 6967 6848 6878
2 2276 2135 2284
2 1766 1697 1652
3 4806 4682 5030
2 4057 4414 4070
3 7298 7451 7191
2 4650 4638 4702
3 861 673 632
3 597 516 435
3 353 435 331
3 6235 6463 6434
3 6463 6659 6434
2 5027 5057 5074
2 2088 2246 2123
3 2129 1681 2181
2 2909 2895 2749
2 3867 3666 3750
2 5027 4942 4929
3 6173 5881 5839
3 5881 5362 5457
3 2216 1819 1770
3 2304 1819 2216
3 2908 2304 2216
3 1577 2129 1700
2 4927 4925 4872
2 3064 2870 2889
2 3015 3098 3064
3 4029 3828 3629
2 3578 3336 3521
3 7096 7010 7234
2 4743 4717 4756
2 4743 4756 4821
3 1577 1324 1267
3 2991 2416 2799
2 1964 2077 1944
3 2392 3144 2566
3 6227 6192 5857
3 1071 972 889
2 3335 3201 3170
2 5148 5131 5141
3 809 766 608
2 4752 4681 4781
2 4831 4781 4804
2 3798 3429 3644
2 4831 4801 4781
3 6596 6689 6946
2 3870 3806 3739
3 7278 7312 7300
2 3098 3015 2914
3 451 373 346
3 7438 7307 7226
3 863 994 803
2 1794 1827 1711
2 1773 1660 1711
2 1724 1660 1773
2 2411 2433 2213
2 1964 1944 1818
3 7127 7148 7088
2 4290 4017 4277
3 413 417 319
2 2758 2800 2714
3 7176 7011 7191
2 2022 2139 2204
2 2721 2411 2727
2 1570 1610 1517
2 2749 2895 2734
3 136 107 90
3 6157 6076 5994
3 947 1043 839
2 3280 3499 3313
1 7655 7654 7644
2 3904 3837 3715
3 2651 2474 1900
2 4229 4242 4326
2 3965 3904 4038
2 3965 3837 3904
3 293 212 302
3 884 947 735
3 18 30 14
2 4017 3627 3744
2 4801 4832 4668
3 6940 7010 7096
2 4242 4211 4153
2 4290 4420 4294
2 2634 2469 2557
2 4236 4308 4242
2 4236 4242 4139
2 3237 3368 3254
2 4334 4364 4252
2 4709 4688 4371
2 4460 4364 4334
3 6568 6712 6472
2 4553 4711 4523
2 4371 4022 4104
2 4252 4364 4190
2 1893 1713 1762
3 809 959 766
3 7078 7052 6969
2 3193 3269 3405
2 5074 5049 5027
3 3382 3898 3492
3 6539 6578 6328
2 4290 4294 4017
3 3090 2880 2365
3 3396 2880 3090
2 3920 4045 3865
3 3315 3637 3272
2 2192 2404 2306
2 4811 4929 4842
2 3630 3808 3654
2 5142 5141 5133
3 3936 4359 3862
3 4100 4029 3651
3 1435 1831 1344
3 7005 6938 6889
3 557 633 499
3 2692 3097 2756
2 2875 2959 2949
3 1681 2129 1577
2 2412 2583 2556
2 3091 2949 2959
2 3316 3487 3338
3 6804 6719 6673
3 6889 6804 6734
2 4058 4207 4133
2 2071 1953 1924
3 4004 4398 4086
3 7547 7507 7564
3 69 63 43
3 43 63 40
3 63 87 56
3 3645 3745 3419
3 7378 7300 7312
2 2792 2703 2730
2 2730 2703 2625
2 3162 3239 3122
3 6539 6328 6314
3 7017 6973 6914
2 3485 3323 3469
2 3559 3583 3388
2 4831 4804 4858
3 6433 6625 6535
2 4579 4320 4482
2 2673 2672 2464
2 2828 2672 2673
2 2592 2650 2546
2 2739 2612 2650
3 4908 4854 4305
3 5030 5184 4806
3 3151 2970 2756
3 518 425 410
2 4841 4818 4764
3 1178 1126 945
3 991 1008 1217
2 2427 2271 2471
2 4411 4485 4444
3 7176 7191 7451
2 3154 2795 2843
2 2795 3154 3134
2 2440 2391 2335
3 6433 6535 6407
3 4568 5023 4565
3 4568 4565 4287
3 839 1008 780
2 4352 4171 4325
3 245 260 314
2 3719 3521 3677
3 7438 7226 7433
2 3656 3560 3495
2 4482 4299 4429
2 5027 5013 5057
3 1511 1217 1154
3 4376 4173 4551
2 4517 4468 4533
3 7593 7552 7549
3 3587 3165 3043
3 7384 7376 7330
2 3344 3495 3249
3 7201 7209 7132
3 1217 1008 1154
2 2746 2580 2817
3 17 2 12
2 3818 3998 3904
3 640 870 797
2 3405 3219 3193
2 2008 2071 1924
3 870 681 929
2 4520 4492 4420
3 67 94 71
3 6775 6888 6619
3 5462 5816 5360
2 4666 4720 4612
3 473 417 413
3 956 788 742
3 386 279 343
3 6540 6254 6465
2 2038 2236 2176
2 3996 3966 4133
3 1541 1631 1312
2 3418 3251 3422
2 2267 2285 2194
2 4394 4215 4412
2 4423 4447 4377
2 4447 4504 4456
2 4504 4447 4423
3 1284 1631 1729
2 4748 4702 4687
2 2536 2638 2284
2 4069 4083 4139
3 343 277 378
3 7339 7290 7256
3 1631 1284 1312
3 4489 3759 3576
3 1069 1312 1284
2 2839 3001 2780
3 6606 6532 6474
2 3070 3241 3202
2 4167 4298 4172
2 3611 3843 3581
3 5373 5210 5122
2 2556 2583 2633
2 5049 5015 5027
2 3343 3437 3462
2 3462 3386 3303
2 2785 2884 2984
2 2471 2418 2525
3 6409 6403 6520
2 3115 3237 3254
3 2507 2970 2420
2 3927 3808 3996
2 2498 2545 2352
3 980 809 786
3 250 331 218
1 7643 7646 7637
3 7647 7602 7626
3 495 467 620
3 959 1149 940
3 6 2 17
2 3048 3307 2977
3 1127 1060 891
2 5146 5148 5142
2 3197 3173 3275
3 6094 6018 5928
3 7290 7344 7294
2 4903 4912 4879
2 2659 2423 2572
3 4359 4908 4305
3 5240 5357 5119
2 3949 4059 3910
3 5102 4977 4576
2 4818 4804 4712
2 4879 4874 4903
3 1031 1248 946
3 5494 5667 5357
3 3272 3294 2918
3 5357 5591 5274
3 5357 5274 5119
2 4523 4614 4473
2 4768 4597 4614
2 5146 5034 5118
2 4343 4291 4332
3 4551 5056 4790
3 4376 4551 4790
3 6836 6713 6884
3 4116 4256 3885
3 6921 6705 6888
2 4593 4650 4615
2 4593 4615 4533
3 185 224 161
3 363 408 306
3 7254 7210 7252
3 1031 946 793
3 350 239 285
3 485 363 438
3 408 363 485
3 7170 7029 7163
2 4017 4294 3807
3 136 155 107
3 90 107 69
3 82 69 107
3 5004 4956 4652
3 4652 4956 4621
3 742 788 607
2 3032 2884 2796
3 5571 5505 5169
2 4637 4684 4613
2 3495 3689 3656
2 3538 3689 3495
3 6971 6943 6876
2 4684 4630 4589
1 7650 7651 7637
2 4279 4235 4079
2 4922 5002 4938
2 2469 2375 2557
3 7609 7639 7631
2 3748 3731 3899
3 7617 7571 7624
3 7639 7637 7631
2 3037 3213 3007
2 5113 5063 5052
3 2084 2484 2181
3 3726 3271 3225
2 2802 2687 2868
3 1122 991 1217
3 5412 5889 4994
2 4002 3950 4000
3 343 279 237
3 310 378 277
3 277 237 222
3 397 378 310
2 2035 2088 1969
3 1081 1031 847
2 1675 1562 1582
3 6515 6376 6493
2 4291 4204 4229
3 69 82 63
3 4851 4723 5033
3 5033 5329 4851
3 4532 4443 4723
3 7044 6973 7017
3 5571 5946 5505
2 2889 2772 2914
3 17 21 6
2 3798 3639 3429
3 5913 6051 6067
3 2598 1979 2060
3 7170 7087 7029
2 4112 3987 4091
3 863 803 719
2 4637 4613 4552
3 5178 4830 4606
2 2805 2824 2719
2 2805 2719 2736
3 6717 7109 6924
3 863 719 753
3 6870 6854 6763
3 6914 6739 6799
3 6914 6881 6739
2 2931 3228 2948
3 6973 7044 6960
3 6973 6960 6870
3 781 750 616
3 770 825 659
2 3280 3494 3499
3 6158 6135 6018
3 7650 7647 7626
3 788 772 607
3 1140 954 956
3 7507 7539 7564
2 3998 4190 4038
3 311 390 269
1 7654 7652 7644
3 108 98 64
2 3082 3280 3313
2 3082 3313 3107
2 4991 5020 4960
3 7132 7115 7201
3 7203 7201 7115
3 4576 3672 3726
2 3444 3140 3219
2 3544 3584 3486
3 1577 1700 1324
2 4104 4022 3843
3 7529 7531 7459
2 2008 1924 1766
2 1858 2008 1766
3 6338 6296 6158
2 5092 5113 5052
2 5046 4963 5041
2 1813 1888 1973
3 6310 6516 6227
2 5054 5075 5036
3 6516 6466 6227
2 1517 1475 1443
2 1694 1574 1528
3 7166 7045 7020
2 1430 1534 1523
3 627 786 608
2 4651 4671 4611
3 2492 2652 2040
2 4137 4083 4003
2 1813 1912 1663
3 3089 2652 2492
2 4083 4000 4003
3 6846 6749 6912
2 5034 5146 4928
3 724 655 566
3 7424 7459 7293
3 1631 2073 1729
2 4618 4548 4562
3 1194 972 1071
2 3198 3251 3418
3 6446 6371 6584
3 1307 1043 1204
2 4684 4692 4630
2 3468 3766 3611
3 655 523 566
2 2139 2022 1933
2 2139 1933 2027
2 3983 4056 3872
2 3889 3880 4021
2 3880 3889 3721
2 3719 3880 3721
3 4714 5056 4551
3 724 566 774
3 632 508 495
2 4764 4777 4841
3 911 702 723
2 2393 2622 2511
2 2393 2511 2385
2 2839 2640 2734
3 566 523 473
2 2639 2557 2556
2 2378 2298 2211
3 6541 6656 6493
3 4817 4439 4565
3 259 191 220
3 4577 3637 3786
2 3508 3664 3536
3 977 845 772
2 4506 4485 4453
2 2817 2950 2746
2 5008 5031 4946
2 2612 2739 2572
2 3012 2950 2817
3 4843 3835 4830
3 4682 4852 5030
2 2719 2824 2772
2 2914 2772 2824
3 4830 5348 4843
3 5105 4606 4511
2 3033 3201 3162
2 2501 2653 2648
2 4692 4717 4671
2 3912 3807 4141
2 4849 4993 4579
2 3485 3608 3625
3 594 659 498
2 3366 3536 3349
3 6852 6719 6804
3 659 685 546
2 4589 4550 4552
3 6446 6584 6480
2 3485 3410 3293
3 6852 6868 6728
2 4630 4651 4611
3 6480 6520 6403
3 6520 6480 6593
2 4553 4460 4498
3 7072 7020 6971
2 2048 2019 1893
2 4573 4498 4507
3 6719 6852 6728
3 3147 2643 2615
2 3140 3154 2843
3 6493 6376 6306
3 7424 7258 7342
3 3577 3580 3111
3 6480 6584 6593
3 6297 6304 6173
3 3111 3217 3577
3 6229 6273 6119
3 6412 6297 6348
2 3146 2984 3088
2 2868 3062 2802
2 3719 3578 3521
2 3719 3677 3872
2 3677 3844 3872
3 6548 6587 6459
3 34 23 19
3 6304 6143 6173
3 3271 2829 2807
2 2984 3146 3040
2 3233 3255 3088
3 7312 7278 7252
2 3598 3534 3654
2 3598 3435 3534
2 4517 4591 4451
2 5020 5028 4979
2 4456 4506 4453
2 2540 2734 2640
3 959 809 980
2 3811 3847 3713
2 3853 3847 3926
3 628 785 602
2 4857 4675 4796
3 2266 2781 2162
3 1809 2266 1689
3 1769 1641 1319
2 1827 1773 1711
3 287 371 398
3 459 433 355
3 4568 4287 4222
3 780 991 753
3 355 314 260
2 3386 3514 3320
3 5788 5644 5326
3 5326 5644 5366
3 417 335 319
3 335 249 319
3 413 319 303
3 355 433 314
3 7239 7010 7040
2 2460 2618 2470
3 5 15 12
3 32 47 27
3 53 47 32
3 7066 7030 6883
3 6916 7066 6883
3 6883 7030 6838
3 1054 970 870
2 4874 4831 4858
3 1169 1309 1054
3 5654 5413 5406
3 6192 5922 5857
3 1550 1319 1194
3 1550 1769 1319
3 5413 5143 5406
3 4817 4565 5023
3 650 701 543
3 543 616 459
3 6392 6348 6249
2 3472 3468 3134
3 6249 6348 6216
3 7166 7118 7045
2 5127 5141 5131
3 542 538 390
3 489 398 371
3 6853 6937 6794
2 2672 2586 2464
2 1421 1462 1383
3 6905 6971 6876
3 7225 7118 7166
2 1384 1383 1366
2 1421 1383 1384
3 753 630 634
2 4308 4356 4326
2 4211 4242 4229
3 3301 3651 3188
2 2290 2096 2128
2 2290 2235 2096
3 6971 7020 6943
2 4993 4849 4941
2 4579 4993 4780
2 2645 2637 2714
2 3171 3332 3394
2 3495 3364 3249
2 3689 3834 3656
3 625 544 485
3 305 376 268
3 6956 7087 7011
3 301 334 251
2 3306 2910 3468
2 2761 2804 2730
2 2714 2700 2633
2 4666 4815 4720
3 4110 4193 4697
3 4632 4338 4110
3 4193 4110 3617
3 46 57 31
2 4503 4533 4476
3 7072 7027 7125
2 4518 4775 4561
3 7258 7424 7293
2 3838 3966 3827
2 2397 2486 2398
2 4203 4280 4309
2 4381 4280 4294
2 3349 3500 3322
2 4953 5081 4855
2 3221 3349 3196
2 4612 4471 4666
2 2609 2398 2529
