2 502 505 503
2 502 503 511
2 502 504 506
2 504 502 512
2 502 516 505
2 502 506 516
2 502 511 512
2 503 505 514
2 503 528 511
2 503 514 530
2 503 530 528
2 504 515 506
2 512 513 504
2 504 513 515
2 505 522 514
2 505 516 522
2 506 515 523
2 506 551 516
2 506 523 551
2 511 535 512
2 511 528 535
2 512 529 513
2 512 539 529
2 512 535 539
2 513 532 515
2 513 529 563
2 513 563 532
2 514 522 543
2 514 531 530
2 543 531 514
2 515 544 523
2 515 532 544
2 516 542 522
2 516 551 542
2 522 542 554
2 522 554 543
2 523 544 560
2 523 560 551
2 528 530 567
2 535 528 555
2 528 567 555
2 539 596 529
2 563 529 568
2 568 529 596
2 530 531 556
2 530 556 586
2 567 530 586
2 543 569 531
2 531 569 556
2 544 532 570
2 532 563 557
2 532 557 570
2 535 558 539
2 555 576 535
2 535 576 558
2 558 577 539
2 596 539 577
2 542 551 574
2 542 580 554
2 542 574 580
2 554 571 543
2 543 571 569
2 544 581 560
2 544 570 581
2 551 560 585
2 551 585 574
2 554 591 571
2 554 580 584
2 554 584 591
2 567 595 555
2 555 595 576
2 600 556 569
2 556 623 586
2 600 623 556
2 557 563 587
2 557 601 570
2 624 557 587
2 601 557 624
2 576 577 558
2 560 581 603
2 560 603 585
2 587 563 568
2 567 586 617
2 567 606 595
2 567 617 606
2 568 618 587
2 568 596 607
2 568 607 618
2 569 571 599
2 569 599 600
2 570 619 581
2 601 619 570
2 602 571 591
2 571 626 599
2 571 602 626
2 605 580 574
2 574 585 605
2 577 576 661
2 639 576 595
2 576 639 661
2 577 640 596
2 640 577 661
2 584 580 625
2 653 580 605
2 625 580 653
2 581 627 603
2 581 619 627
2 584 634 591
2 584 625 671
2 584 671 634
2 585 603 635
2 605 585 669
2 585 635 672
2 585 672 669
2 586 623 617
2 587 618 624
2 602 591 634
2 595 606 678
2 595 678 639
2 596 679 607
2 596 640 679
2 641 600 599
2 599 626 662
2 599 662 641
2 623 600 642
2 600 641 642
2 601 664 619
2 624 643 601
2 664 601 643
2 602 665 626
2 634 697 602
2 602 697 665
2 603 627 666
2 635 603 649
2 649 603 666
2 605 669 653
2 606 617 673
2 606 673 717
2 678 606 717
2 607 674 618
2 607 718 674
2 607 679 718
2 617 623 656
2 617 656 694
2 617 694 673
2 618 657 624
2 618 695 657
2 618 674 695
2 619 663 627
2 619 664 663
2 623 642 656
2 643 624 683
2 657 683 624
2 625 653 704
2 625 723 671
2 625 704 723
2 626 687 662
2 626 665 687
2 627 663 688
2 627 688 666
2 634 671 729
2 634 729 697
2 635 649 746
2 635 746 672
2 639 714 661
2 639 678 714
2 640 661 703
2 640 703 679
2 641 684 642
2 641 662 710
2 641 710 684
2 656 642 682
2 642 684 682
2 643 3787 664
2 643 683 3787
2 649 666 716
2 649 716 762
2 649 762 746
2 653 669 704
2 656 682 727
2 656 727 694
2 657 728 683
2 657 695 728
2 661 714 703
2 662 687 712
2 662 712 710
2 663 664 711
2 663 713 688
2 663 711 738
2 663 738 713
2 664 3787 711
2 665 715 687
2 665 697 715
2 666 688 716
2 669 672 724
2 669 724 704
2 671 723 729
2 672 730 724
2 672 746 730
2 673 694 790
2 673 763 717
2 673 790 763
2 674 733 695
2 674 718 764
2 733 674 764
2 714 678 767
2 678 717 749
2 678 749 767
2 679 703 750
2 679 750 718
2 682 684 739
2 682 739 727
2 769 683 728
2 683 769 3787
2 684 710 771
2 684 771 739
2 687 744 712
2 715 744 687
2 688 713 745
2 688 745 716
2 694 727 783
2 694 783 790
2 728 695 784
2 695 733 791
2 695 791 784
2 697 761 715
2 697 729 761
2 774 703 714
2 703 768 750
2 703 774 768
2 704 765 723
2 765 704 724
2 710 712 770
2 710 770 810
2 710 810 771
2 711 811 738
2 711 772 811
2 711 3787 772
2 712 744 808
2 712 808 770
2 713 738 773
2 713 773 745
2 714 767 774
2 715 814 744
2 715 761 837
2 715 870 814
2 715 837 870
2 745 871 716
2 838 762 716
2 838 716 871
2 787 749 717
2 717 763 787
2 718 750 788
2 764 718 788
2 729 723 812
2 723 765 796
2 723 796 812
2 724 730 797
2 724 797 765
2 727 739 800
2 727 800 783
2 769 728 801
2 728 784 801
2 729 817 761
2 729 812 817
2 818 730 746
2 730 892 797
2 818 892 730
2 733 764 791
2 738 809 773
2 738 811 809
2 739 771 849
2 739 849 800
2 744 814 808
2 857 745 773
2 895 745 857
2 745 895 871
2 762 818 746
2 749 830 767
2 787 874 749
2 749 874 830
2 820 750 768
2 820 788 750
2 761 817 837
2 838 818 762
2 763 898 787
2 763 790 898
2 764 788 859
2 899 791 764
2 764 859 899
2 765 836 796
2 765 797 836
2 767 834 774
2 767 830 834
2 768 774 835
2 831 820 768
2 768 835 831
2 769 801 850
2 769 850 3787
2 770 808 853
2 770 853 810
2 810 888 771
2 849 771 888
2 854 811 772
2 772 850 889
2 772 3787 850
2 854 772 889
2 857 773 809
2 774 834 835
2 783 823 790
2 783 800 862
2 783 862 823
2 791 873 784
2 801 784 863
2 784 900 863
2 784 873 900
2 787 921 874
2 921 787 898
2 820 875 788
2 788 875 859
2 790 823 872
2 790 872 898
2 899 873 791
2 796 891 812
2 796 836 973
2 796 973 891
2 797 974 836
2 797 892 986
2 797 986 974
2 800 849 881
2 800 911 862
2 800 881 911
2 850 801 882
2 801 863 912
2 801 912 882
2 814 856 808
2 808 886 853
2 808 856 886
2 809 811 885
2 887 857 809
2 809 885 923
2 809 923 887
2 810 853 927
2 810 927 888
2 811 854 885
2 817 812 891
2 814 929 856
2 814 870 929
2 817 908 837
2 908 817 891
2 838 909 818
2 818 909 892
2 831 944 820
2 944 875 820
2 823 862 907
2 823 924 872
2 823 907 924
2 905 834 830
2 830 874 954
2 905 830 954
2 831 835 963
2 831 4341 944
2 831 963 4341
2 835 834 970
2 905 970 834
2 835 970 963
2 836 1010 973
2 836 974 1010
2 837 918 870
2 918 837 908
2 871 919 838
2 838 919 909
2 849 920 881
2 849 888 920
2 889 850 882
2 853 886 966
2 853 966 927
2 854 928 885
2 928 854 889
2 856 929 886
2 930 857 887
2 930 895 857
2 875 922 859
2 859 922 899
2 862 955 907
2 862 911 955
2 863 900 982
2 863 982 912
2 870 918 975
2 870 975 929
2 871 895 976
2 871 976 919
2 957 898 872
2 872 924 957
2 899 960 873
2 900 873 937
2 873 960 937
2 874 921 938
2 874 938 954
2 1011 922 875
2 1011 875 944
2 881 958 911
2 881 920 958
2 959 889 882
2 882 912 993
2 993 959 882
2 885 967 923
2 885 928 967
2 929 964 886
2 886 964 1012
2 886 1012 966
2 965 887 923
2 930 887 965
2 888 968 920
2 888 927 968
2 889 969 928
2 959 1042 889
2 889 1042 969
2 891 985 908
2 891 973 985
2 909 986 892
2 930 976 895
2 987 921 898
2 898 957 987
2 899 922 988
2 899 988 960
2 900 937 5575
2 900 999 982
2 900 5575 999
2 1026 905 954
2 905 1033 970
2 1033 905 1026
2 907 1024 924
2 907 955 998
2 907 998 1024
2 918 908 994
2 994 908 985
2 919 995 909
2 995 986 909
2 911 1043 955
2 911 958 1004
2 911 1004 1043
2 912 982 4676
2 993 912 4676
2 918 1076 975
2 994 1049 918
2 918 1049 1076
2 919 976 1025
2 919 1025 995
2 1014 958 920
2 1014 920 968
2 921 987 938
2 922 1011 988
2 965 923 1013
2 1013 923 967
2 957 924 1048
2 924 1024 1048
2 1015 927 966
2 1015 968 927
2 928 1016 967
2 928 969 1016
2 929 1017 964
2 929 975 1017
2 930 965 1018
2 1018 976 930
2 937 960 1041
2 1041 5575 937
2 938 1019 954
2 938 987 1070
2 938 1088 1019
2 938 1070 1088
2 1020 1011 944
2 4341 1020 944
2 954 1019 1026
2 998 955 1043
2 957 1056 987
2 5237 957 1048
2 1056 957 5237
2 958 1062 1004
2 1014 1054 958
2 958 1054 1100
2 958 1100 1062
2 5099 959 993
2 1073 1042 959
2 1073 959 1063
2 1063 959 5099
2 960 988 1057
2 1041 960 5546
2 5546 960 1057
2 963 970 5541
2 963 1029 4341
2 963 5444 1029
2 963 5541 5444
2 1012 964 1058
2 964 1017 1058
2 965 1013 1059
2 1018 965 1059
2 966 1012 1060
2 1060 1015 966
2 1013 967 1061
2 1061 967 1016
2 1093 1014 968
2 1015 1093 968
2 969 1064 1016
2 969 1042 1117
2 969 1117 1064
2 1033 1036 970
2 5541 970 1036
2 973 1095 985
2 973 1010 1095
2 974 986 1096
2 974 1096 1010
2 975 1076 1017
2 1018 1077 976
2 1077 1025 976
2 1075 982 999
2 1075 4676 982
2 985 1105 994
2 1095 1105 985
2 986 995 1106
2 1106 1096 986
2 1056 1070 987
2 988 1011 1065
2 988 1065 1057
2 993 4676 5173
2 5099 993 5095
2 5173 5095 993
2 994 1141 1049
2 1141 994 1105
2 1025 1120 995
2 1106 995 1120
2 998 1116 1024
2 1109 998 1043
2 998 1109 1116
2 1075 999 1113
2 1112 1113 999
2 5575 1112 999
2 1043 1004 1101
2 1004 1062 1122
2 1122 1101 1004
2 1095 1010 1251
2 1010 1096 1252
2 1010 1269 1251
2 1010 1252 1269
2 1011 1020 1074
2 1011 1074 1065
2 1114 1012 1058
2 1012 1114 1060
2 1059 1013 1115
2 1061 1115 1013
2 1014 1093 1054
2 1092 1015 1060
2 1092 1148 1015
2 1015 1148 1093
2 1061 1016 1149
2 1016 1064 1149
2 1017 1124 1058
2 1017 1076 1124
2 1018 1059 1125
2 1018 1125 1077
2 1026 1019 1081
2 1019 1088 1081
2 1020 1029 1082
2 1029 1020 4341
2 1074 1020 1082
2 1024 1094 1048
2 1024 1116 1094
2 1025 1077 1168
2 1025 1168 1120
2 1026 1040 1033
2 1026 1081 1040
2 5665 1082 1029
2 5444 5665 1029
2 4966 1036 1033
2 5264 1033 1040
2 5264 4966 1033
2 1036 4966 5332
2 5471 1036 5332
2 5471 5444 1036
2 5541 1036 5444
2 1138 1040 1081
2 1138 1396 1040
2 5264 1040 1396
2 5524 1041 1091
2 1041 5546 1091
2 1041 5524 5575
2 1042 1073 1111
2 1042 1111 1117
2 1043 1101 1144
2 1043 1144 1109
2 1075 1137 1044
2 1075 1044 4676
2 1137 5250 1044
2 4676 1044 5173
2 1044 5556 5173
2 5250 5556 1044
2 1048 1094 5447
2 1048 1103 5237
2 1048 5447 1103
2 1167 1076 1049
2 1141 1167 1049
2 1054 1093 1215
2 1054 1201 1100
2 1054 1215 1201
2 1102 1070 1056
2 4276 1102 1056
2 1056 1103 1107
2 5237 1103 1056
2 4276 1056 1107
2 1057 1065 1099
2 1099 1078 1057
2 1057 1078 1108
2 1057 1108 1091
2 5546 1057 1091
2 1058 1174 1114
2 1058 1124 1174
2 1059 1115 1175
2 1125 1059 1175
2 1092 1060 1169
2 1060 1114 1169
2 1061 1170 1115
2 1061 1149 1245
2 1061 1245 1170
2 1192 1062 1100
2 1122 1062 1188
2 1188 1062 1192
2 1063 1150 1073
2 1123 4920 1063
2 1063 5099 1123
2 1063 1193 1150
2 1063 1176 1193
2 4920 1176 1063
2 1117 1225 1064
2 1064 1225 1149
2 1065 1074 1087
2 1065 1087 1189
2 1189 1099 1065
2 1070 1139 1088
2 1070 1102 1139
2 1073 1150 1111
2 1074 1082 1121
2 1087 1074 1156
2 1074 1121 1156
2 1113 5206 1075
2 5206 1137 1075
2 1076 1222 1124
2 1076 1167 1222
2 1125 1223 1077
2 1223 1168 1077
2 1078 1099 1383
2 1108 1078 5453
2 1078 1383 5453
2 1088 4981 1081
2 4981 1138 1081
2 4998 1121 1082
2 5665 4998 1082
2 1087 1156 1189
2 1088 1139 4981
2 1108 5540 1091
2 1165 5524 1091
2 1165 1091 5540
2 1092 1218 1148
2 1092 1169 1218
2 1093 1148 1224
2 1093 1224 1215
2 1116 5544 1094
2 3825 1094 1236
2 1094 5544 1236
2 4013 1094 3825
2 5447 1094 4013
2 1095 1251 1105
2 1096 1106 1252
2 1391 1099 1189
2 1383 1099 1388
2 1391 1388 1099
2 1192 1100 1234
2 1234 1100 1201
2 1162 1101 1122
2 1101 1186 1144
2 1162 1186 1101
2 1102 1389 1139
2 1102 4276 1389
2 5254 1107 1103
2 1103 5460 5254
2 1103 5447 5460
2 1105 1262 1141
2 1105 1251 1262
2 1120 1263 1106
2 1263 1252 1106
2 3945 4276 1107
2 5254 3945 1107
2 1108 5453 5540
2 1116 1109 1140
2 1109 1144 1140
2 1111 1216 1117
2 1150 5372 1111
2 1111 1255 1216
2 5372 1255 1111
2 1246 1113 1112
2 1246 1112 1165
2 1165 1112 5524
2 5524 1112 5575
2 1246 1295 1113
2 1113 1295 5535
2 1113 5535 5206
2 1114 1242 1169
2 1242 1114 1174
2 1170 1274 1115
2 1175 1115 1243
2 1243 1115 1274
2 1116 1140 5544
2 1117 1216 1225
2 1120 1168 1341
2 1120 1308 1263
2 1120 1341 1308
2 1121 1394 1156
2 4998 1394 1121
2 1162 1122 1188
2 1123 1160 1166
2 1123 5556 1160
2 1123 1166 4920
2 1123 5099 5095
2 5173 1123 5095
2 5556 1123 5173
2 1174 1124 1265
2 1222 1265 1124
2 1125 1175 1266
2 1125 1266 1223
2 5206 1197 1137
2 1137 1197 5572
2 5250 1137 1217
2 1137 5572 1217
2 1138 1395 1396
2 1138 4981 1395
2 1139 1389 1390
2 4981 1139 1390
2 1144 1195 1140
2 1326 1140 1195
2 5390 1280 1140
2 5544 1140 1280
2 1326 5390 1140
2 1141 1307 1167
2 1141 1262 1307
2 1195 1144 1186
2 1218 1279 1148
2 1148 1279 1224
2 1149 1225 1323
2 1149 1323 1245
2 1193 5545 1150
2 1150 5545 5372
2 1189 1156 1391
2 1156 1394 1391
2 1160 1306 1166
2 1217 1306 1160
2 1160 5250 1217
2 5250 1160 5556
2 1162 1206 1186
2 1206 1162 1188
2 1165 1317 1246
2 5453 1317 1165
2 1165 5540 5453
2 5578 1166 1306
2 4920 1166 5477
2 5578 5477 1166
2 1167 1340 1222
2 1167 1307 1340
2 1341 1168 1223
2 1169 1273 1218
2 1273 1169 1242
2 1170 1245 1348
2 1274 1170 1348
2 1242 1174 1328
2 1265 1328 1174
2 1329 1175 1243
2 1266 1175 1329
2 1176 5401 1193
2 1176 5477 1309
2 1176 1309 5502
2 4920 5477 1176
2 1176 5502 5401
2 1186 1206 1195
2 1192 1342 1188
2 1315 1206 1188
2 1188 1342 1315
2 1192 1234 1342
2 5401 1325 1193
2 1325 5545 1193
2 1326 1195 1206
2 1197 1283 5068
2 1283 1197 5535
2 1197 5068 5572
2 5206 5535 1197
2 1201 1215 1254
2 1201 1254 1234
2 1315 1339 1206
2 1206 1339 1326
2 1215 1224 1270
2 1215 1270 1254
2 1225 1216 1372
2 1216 1255 5548
2 1417 1372 1216
2 1216 5548 1417
2 3838 1306 1217
2 1217 5572 3838
2 1218 1273 1347
2 1218 1347 1279
2 1222 1368 1265
2 1340 1368 1222
2 1369 1223 1266
2 1369 1341 1223
2 1224 1399 1270
2 1279 1346 1224
2 1224 1346 1399
2 1225 1372 1323
2 1234 1254 1343
2 1234 1345 1342
2 1234 1343 1345
2 3825 1236 3907
2 3907 1236 5141
2 1236 3931 5141
2 1236 5544 3931
2 1379 1273 1242
2 1379 1242 1328
2 1243 1274 1380
2 1243 1380 1329
2 1245 1323 1414
2 1245 1414 1348
2 1246 1317 1295
2 1251 1427 1262
2 1251 1269 1427
2 1252 1263 1428
2 1252 1428 1269
2 1254 1270 1423
2 1430 1343 1254
2 1430 1254 1423
2 1255 3888 1344
2 1255 1344 5548
2 5372 3888 1255
2 1262 1433 1307
2 1262 1427 1433
2 1454 1263 1308
2 1263 1434 1428
2 1454 1434 1263
2 1265 1411 1328
2 1265 1368 1411
2 1412 1266 1329
2 1369 1266 1412
2 1269 1424 1427
2 1269 1428 1424
2 1270 1399 1423
2 1347 1273 1415
2 1415 1273 1379
2 1274 1348 1439
2 1274 1439 1380
2 1279 1413 1346
2 1347 1413 1279
2 3931 1280 5141
2 3931 5544 1280
2 4252 4149 1280
2 1280 4149 4501
2 4252 1280 5390
2 4501 5141 1280
2 1295 1314 1283
2 5535 1295 1283
2 5107 1283 1314
2 5107 5068 1283
2 1286 5318 1325
2 1286 1325 5401
2 5262 1386 1286
2 1286 1386 5318
2 5262 1286 5502
2 5502 1286 5401
2 1314 1295 5188
2 1295 1317 5188
2 3838 1311 1306
2 5450 1306 1311
2 5450 5398 1306
2 5398 5578 1306
2 1307 1453 1340
2 1307 1433 1453
2 1341 1454 1308
2 5398 3903 1309
2 3903 5502 1309
2 5398 1309 5578
2 1309 5477 5578
2 1406 1311 5171
2 5450 1311 1406
2 3838 5572 1311
2 5171 1311 5068
2 5572 5068 1311
2 4498 1314 4201
2 1314 5188 4201
2 5171 1314 4498
2 5171 5107 1314
2 1362 1339 1315
2 1342 1387 1315
2 1315 1387 1362
2 1316 4032 1382
2 1316 1382 5442
2 3907 5141 1316
2 5442 3907 1316
2 4501 4032 1316
2 4501 1316 5141
2 1383 5188 1317
2 5453 1383 1317
2 1323 1372 1452
2 1323 1452 1414
2 1353 1325 1400
2 1325 1353 3888
2 1400 1325 5318
2 1325 3888 5545
2 1326 1339 1405
2 1405 4252 1326
2 4252 5390 1326
2 1328 1447 1379
2 1411 1447 1328
2 1476 1329 1380
2 1448 1412 1329
2 1448 1329 1476
2 1409 1339 1362
2 1405 1339 1409
2 1340 1465 1368
2 1340 1453 1465
2 1369 1466 1341
2 1341 1466 1454
2 1342 1345 1387
2 1343 1418 1345
2 1343 1430 1418
2 3888 1353 1344
2 1344 1353 5534
2 1429 1344 1426
2 1344 5534 1426
2 5548 1344 1429
2 1345 1444 1387
2 1345 1418 1444
2 1399 1346 1480
2 1451 1346 1413
2 1346 1451 1480
2 1455 1413 1347
2 1455 1347 1415
2 1348 1414 1472
2 1348 1472 1439
2 1400 1404 1353
2 5534 1353 1404
2 1362 1387 1425
2 1409 1362 1425
2 1368 1508 1411
2 1508 1368 1465
2 1487 1369 1412
2 1487 1466 1369
2 1372 1417 1481
2 1452 1372 1481
2 1379 1475 1415
2 1475 1379 1447
2 1380 1439 1496
2 1476 1380 1496
2 1382 4032 1389
2 4276 1382 1389
2 3945 1382 4276
2 5442 1382 3945
2 1383 1388 1640
2 1383 1640 4367
2 1383 4367 5188
2 1386 1400 5318
2 1400 1386 5498
2 5262 5516 1386
2 5571 5498 1386
2 5516 5571 1386
2 1425 1387 1444
2 1388 1391 1640
2 1389 3954 1390
2 1389 4032 3954
2 1390 1519 1395
2 1395 4981 1390
2 1390 3954 1519
2 1391 1394 1650
2 1391 1650 1640
2 1530 1650 1394
2 5251 1530 1394
2 4998 5251 1394
2 1396 1395 1802
2 1395 1519 1802
2 1396 1802 1398
2 1398 5264 1396
2 1530 1397 1398
2 5332 1398 1397
2 1397 1530 5251
2 1397 5251 5090
2 5090 5332 1397
2 1398 1802 1530
2 1398 4966 5264
2 4966 1398 5332
2 1399 1497 1423
2 1399 1480 1497
2 1400 5498 1404
2 1510 1404 4620
2 1404 1510 5052
2 4620 1404 5498
2 5052 5534 1404
2 1409 1602 1405
2 1405 1602 1607
2 1405 1607 4149
2 1405 4149 4252
2 1406 4762 1416
2 1406 1416 5398
2 1406 4498 4762
2 1406 5171 4498
2 5398 5450 1406
2 1409 1425 4624
2 1409 4624 1602
2 1508 1447 1411
2 1509 1412 1448
2 1509 1487 1412
2 1451 1413 1494
2 1455 1494 1413
2 1414 1452 1514
2 1414 1514 1472
2 1455 1415 1495
2 1415 1475 1495
2 3903 5398 1416
2 1416 5516 3903
2 4762 5093 1416
2 5093 5516 1416
2 1429 1492 1417
2 1429 1417 5548
2 1417 1498 1481
2 1417 1492 1498
2 1418 1430 1471
2 1444 1418 1471
2 1423 1458 1430
2 1423 1497 1458
2 1535 1427 1424
2 1428 1536 1424
2 1535 1424 1619
2 1424 1536 1619
2 1582 1425 1444
2 4624 1425 1582
2 1426 1492 1429
2 1426 1517 1492
2 1517 1426 5052
2 5052 1426 5534
2 1427 1539 1433
2 1535 1539 1427
2 1428 1434 1540
2 1428 1540 1536
2 1430 1458 1484
2 1430 1484 1471
2 1550 1453 1433
2 1550 1433 1539
2 1454 1551 1434
2 1434 1551 1540
2 1439 1472 1528
2 1439 1528 1496
2 1471 1580 1444
2 1444 1580 1582
2 1447 1521 1475
2 1508 1521 1447
2 1448 1476 1522
2 1509 1448 1522
2 1451 1547 1480
2 1451 1494 1520
2 1520 1547 1451
2 1481 1537 1452
2 1514 1452 1537
2 1562 1465 1453
2 1562 1453 1550
2 1454 1466 1563
2 1454 1563 1551
2 1494 1455 1527
2 1527 1455 1495
2 1458 1584 1484
2 1458 1497 1555
2 1584 1458 1555
2 1573 1508 1465
2 1573 1465 1562
2 1487 1574 1466
2 1466 1574 1563
2 1581 1471 1484
2 1580 1471 1581
2 1472 1514 1557
2 1472 1557 1528
2 1495 1475 1548
2 1521 1548 1475
2 1476 1496 1549
2 1522 1476 1549
2 1480 1529 1497
2 1480 1547 1529
2 1498 1554 1481
2 1537 1481 1554
2 1484 1584 1581
2 1509 1593 1487
2 1487 1593 1574
2 1492 1552 1498
2 1492 1517 5386
2 5386 1552 1492
2 1520 1494 1570
2 1494 1527 1556
2 1494 1556 1570
2 1527 1495 1564
2 1564 1495 1548
2 1496 1528 1597
2 1496 1597 1549
2 1529 1555 1497
2 1498 1552 1554
2 1499 4624 1582
2 1499 1582 5320
2 1602 1499 1826
2 4624 1499 1602
2 4216 1826 1499
2 4216 1499 1891
2 1499 5320 1891
2 1508 1610 1521
2 1592 1508 1573
2 1508 1592 1610
2 1509 1522 1611
2 1509 1611 1593
2 1516 1517 1510
2 1690 1516 1510
2 5052 1510 1517
2 1583 1690 1510
2 1583 1510 4620
2 1513 1607 1870
2 4149 1607 1513
2 1513 1870 1760
2 1513 1760 4032
2 1513 4032 4501
2 4501 4149 1513
2 1601 1514 1537
2 1557 1514 1571
2 1571 1514 1601
2 1516 5386 1517
2 1663 1585 1516
2 1585 5386 1516
2 1516 1755 1663
2 1516 1690 1755
2 1519 1781 1788
2 3954 1781 1519
2 1519 1788 1798
2 1519 1798 1802
2 1520 1603 1547
2 1520 1570 1603
2 1521 1610 1548
2 1522 1549 1629
2 1522 1629 1611
2 1596 1556 1527
2 1527 1564 1596
2 1528 1557 1597
2 1529 1547 1600
2 1529 1600 1555
2 1650 1530 1803
2 1530 1802 1803
2 1645 1539 1535
2 1535 1619 1643
2 1645 1535 1643
2 1536 1540 1646
2 1536 1644 1619
2 1536 1646 1644
2 1537 1554 5415
2 1617 1601 1537
2 1537 5415 1617
2 1550 1539 1657
2 1657 1539 1645
2 1540 1551 1658
2 1540 1658 1646
2 1600 1547 1588
2 1588 1547 1603
2 1564 1548 1628
2 1628 1548 1610
2 1549 1597 1638
2 1549 1638 1629
2 1562 1550 1667
2 1667 1550 1657
2 1563 1668 1551
2 1551 1668 1658
2 1632 1554 1552
2 1552 1585 1632
2 1585 1552 5386
2 1632 5415 1554
2 1584 1555 1659
2 1600 1659 1555
2 1556 1620 1570
2 1596 1620 1556
2 1557 1571 1635
2 1597 1557 1621
2 1557 1635 1621
2 1562 1683 1573
2 1562 1667 1683
2 1574 1684 1563
2 1563 1684 1668
2 1564 1649 1596
2 1564 1628 1649
2 1570 1618 1603
2 1570 1620 1618
2 1571 1601 1635
2 1573 1693 1592
2 1693 1573 1683
2 1574 1593 1694
2 1574 1694 1684
2 1581 4828 1580
2 5320 1582 1580
2 4828 5320 1580
2 1581 1584 1662
2 1662 4828 1581
2 5299 1690 1583
2 1712 1583 4675
2 1712 5299 1583
2 4675 1583 4620
2 1584 1659 1662
2 1663 1632 1585
2 1600 1588 1671
2 1603 1653 1588
2 1588 1653 1671
2 1700 1610 1592
2 1700 1592 1693
2 1593 1611 1701
2 1593 1701 1694
2 1596 1676 1620
2 1596 1649 1676
2 1664 1597 1621
2 1638 1597 1664
2 1671 1659 1600
2 1617 1688 1601
2 1601 1654 1635
2 1601 1688 1654
2 1602 1855 1607
2 1826 1855 1602
2 1618 1631 1603
2 1603 1631 1653
2 1607 1855 1870
2 1716 1628 1610
2 1610 1700 1716
2 1611 1629 1717
2 1611 1717 1701
2 1727 1612 1856
2 1727 4498 1612
2 1612 1761 1871
2 4367 1761 1612
2 1856 1612 1871
2 4201 4367 1612
2 1612 4498 4201
2 1617 1630 1688
2 1617 5415 1630
2 1618 1620 1697
2 1618 1715 1631
2 1618 1697 1715
2 1722 1643 1619
2 1619 1644 1722
2 1620 1676 1697
2 1621 1635 1687
2 1621 1756 1664
2 1621 1687 1756
2 1628 1728 1649
2 1628 1716 1728
2 1629 1638 1724
2 1629 1724 1717
2 1632 1707 1630
2 1632 1630 5415
2 1630 1706 1688
2 1706 1630 1707
2 1653 1631 5568
2 1715 5568 1631
2 1632 1663 1707
2 1635 1654 1687
2 1744 1638 1664
2 1744 1724 1638
2 1640 1650 1793
2 1640 1782 1770
2 1640 1770 4367
2 1640 1793 1782
2 1643 1748 1645
2 1722 1748 1643
2 1644 1646 1752
2 1644 1749 1722
2 1644 1752 1749
2 1645 1753 1657
2 1645 1748 1753
2 1646 1658 1754
2 1646 1754 1752
2 1746 1676 1649
2 1728 1746 1649
2 1650 1803 1793
2 1743 1671 1653
2 1653 5568 1743
2 1687 1654 1723
2 1654 1688 1745
2 1654 1745 1723
2 1657 1759 1667
2 1657 1753 1759
2 1658 1668 1762
2 1754 1658 1762
2 1659 1711 1662
2 1671 1711 1659
2 1689 1662 1825
2 1662 1689 4828
2 1662 1711 1825
2 1736 1707 1663
2 1755 1736 1663
2 1664 1756 1744
2 1683 1667 1768
2 1667 1759 1768
2 1668 1684 1769
2 1668 1769 1762
2 1671 1733 1711
2 1743 1733 1671
2 1676 1764 1697
2 1676 1746 1764
2 1683 1778 1693
2 1778 1683 1768
2 1684 1694 1779
2 1684 1779 1769
2 1687 1723 1775
2 1687 1775 1756
2 1688 1706 1745
2 1689 1825 1905
2 1891 1689 1905
2 1689 1891 5320
2 1689 5320 4828
2 5341 1755 1690
2 5341 1690 5299
2 1693 1786 1700
2 1778 1786 1693
2 1694 1701 1787
2 1694 1787 1779
2 1697 1764 1715
2 1716 1700 1796
2 1796 1700 1786
2 1701 1717 1797
2 1701 1797 1787
2 1706 1707 1767
2 1706 1767 1745
2 1707 1736 1792
2 1707 1792 1767
2 1711 1733 1791
2 1711 1791 1825
2 1712 1727 1951
2 1712 4675 1727
2 1712 1892 5299
2 1712 5435 1892
2 1712 1951 5435
2 1743 1715 1785
2 1715 1743 5568
2 1764 1785 1715
2 1716 1811 1728
2 1716 1796 1811
2 1724 1804 1717
2 1717 1804 1797
2 1722 1830 1748
2 1722 1749 1806
2 1830 1722 1806
2 1723 1745 1763
2 1723 1763 1775
2 1814 1724 1744
2 1814 1804 1724
2 1856 1951 1727
2 4762 4498 1727
2 4675 4762 1727
2 1746 1728 1818
2 1728 1811 1818
2 1743 1813 1733
2 1733 1805 1791
2 1805 1733 1813
2 1736 1755 1872
2 1736 1872 1792
2 1813 1743 1785
2 1822 1744 1756
2 1814 1744 1822
2 1745 1767 1763
2 1746 1827 1764
2 1818 1827 1746
2 1748 1832 1753
2 1832 1748 1830
2 1749 1752 1833
2 1749 1831 1806
2 1749 1833 1831
2 1754 1839 1752
2 1752 1839 1833
2 1844 1759 1753
2 1753 1832 1838
2 1844 1753 1838
2 1754 1762 1845
2 1839 1754 1845
2 1755 5341 1872
2 1775 1849 1756
2 1822 1756 1849
2 1853 1768 1759
2 1844 1853 1759
2 1760 1899 1781
2 1781 4032 1760
2 1760 1870 1899
2 1770 1900 1761
2 4367 1770 1761
2 1871 1761 1900
2 1762 1769 1854
2 1762 1854 1845
2 1767 1819 1763
2 1775 1763 1849
2 1819 1867 1763
2 1763 1867 1849
2 1764 1827 1785
2 1767 1792 1819
2 1768 1859 1778
2 1768 1853 1859
2 1769 1779 1860
2 1769 1860 1854
2 1770 1782 1910
2 1900 1770 1910
2 1863 1786 1778
2 1863 1778 1859
2 1779 1787 1864
2 1779 1864 1860
2 1781 1914 1788
2 1781 1899 1909
2 1909 1914 1781
2 4032 1781 3954
2 1793 1915 1782
2 1782 1915 1910
2 1857 1813 1785
2 1857 1785 1827
2 1786 1876 1796
2 1786 1863 1876
2 1787 1797 1877
2 1787 1877 1864
2 1788 1932 1798
2 1788 1914 1932
2 1805 1850 1791
2 1791 1873 1825
2 1873 1791 1850
2 1819 1792 1817
2 1817 1792 1913
2 1792 1872 1913
2 1803 1933 1793
2 1793 1933 1915
2 1796 1883 1811
2 1883 1796 1876
2 1797 1804 1884
2 1797 1884 1877
2 1798 1938 1802
2 1798 1932 1938
2 1803 1802 1938
2 1803 1939 1933
2 1803 1938 1939
2 1814 1890 1804
2 1890 1884 1804
2 1813 1881 1805
2 1850 1805 1881
2 1806 1885 1830
2 1806 1831 1885
2 1811 1889 1818
2 1811 1883 1889
2 1813 1857 1881
2 1904 1814 1822
2 1904 1890 1814
2 1817 1880 1819
2 1817 1940 1880
2 1817 1913 1940
2 1818 1903 1827
2 1818 1889 1903
2 1867 1819 1880
2 1849 1920 1822
2 1822 1920 1904
2 1825 1873 1905
2 1826 1976 1855
2 1916 1826 4216
2 5215 1826 1916
2 1826 2159 1976
2 2159 1826 5215
2 1857 1827 1919
2 1919 1827 1903
2 1830 1917 1832
2 1917 1830 1885
2 1831 1833 1922
2 1831 1918 1885
2 1831 1922 1918
2 1832 1923 1838
2 1832 1917 1921
2 1832 1921 1923
2 1833 1839 1924
2 1833 1924 1922
2 1844 1838 1925
2 1925 1838 1923
2 1839 1845 1926
2 1839 1926 1924
2 1927 1853 1844
2 1925 1927 1844
2 1854 1928 1845
2 1845 1928 1926
2 1849 1867 1920
2 1850 1972 1873
2 1881 1912 1850
2 1850 1912 1972
2 1859 1853 1944
2 1927 1936 1853
2 1853 1936 1944
2 1854 1860 1945
2 1937 1928 1854
2 1937 1854 1945
2 1855 1976 1870
2 1856 1871 1977
2 1856 1977 1951
2 1857 1949 1881
2 1857 1919 1949
2 1863 1859 1944
2 1860 1864 1946
2 1945 1860 1946
2 1876 1863 1954
2 1863 1944 1954
2 1864 1877 1955
2 1864 1955 1946
2 1867 1880 1950
2 1867 1950 1920
2 1870 2020 1899
2 2020 1870 1976
2 1871 1900 2021
2 1871 1992 1977
2 1871 2021 1992
2 1872 1906 1913
2 5341 1906 1872
2 1873 1988 1905
2 1988 1873 1972
2 1965 1883 1876
2 1876 1954 1965
2 1877 1884 1966
2 1877 1966 1955
2 1880 1940 1979
2 1880 1979 1950
2 1912 1881 1978
2 1881 1949 1978
2 1883 1965 1889
2 1890 1966 1884
2 1885 1969 1917
2 1885 1918 1969
2 1985 1903 1889
2 1965 1985 1889
2 1890 1904 1980
2 1890 1980 1966
2 1891 1905 5105
2 1916 4216 1891
2 1891 5105 1916
2 1906 1892 2031
2 1892 1906 5299
2 2031 1892 4118
2 5435 4118 1892
2 1899 2032 1909
2 1899 2020 2032
2 1910 2043 1900
2 1900 2043 2021
2 1903 1997 1919
2 1985 1997 1903
2 1904 1920 1989
2 1904 1989 1980
2 1905 1988 2030
2 1905 2030 5105
2 1913 1906 1964
2 1964 1906 2031
2 5299 1906 5341
2 1909 2042 1914
2 1909 2032 2042
2 1910 1915 2053
2 1910 2053 2043
2 2017 1972 1912
2 2017 1912 1978
2 1913 1964 1940
2 1914 2058 1932
2 1914 2042 2058
2 1915 1933 2059
2 1915 2059 2053
2 5105 5215 1916
2 1917 1999 1921
2 1917 1969 1999
2 1918 1922 2000
2 1918 2080 1969
2 2000 2080 1918
2 1919 1997 1949
2 1920 1950 2010
2 1920 2010 1989
2 1921 2002 1923
2 1921 1999 2081
2 1921 2081 2002
2 1922 1924 2003
2 1922 2003 2000
2 1925 1923 2004
2 1923 2002 2004
2 1924 1926 2005
2 1924 2005 2003
2 2011 1927 1925
2 2004 2011 1925
2 1926 1928 2012
2 1926 2012 2005
2 2022 1936 1927
2 2011 2022 1927
2 1928 1937 2023
2 1928 2023 2012
2 1932 2066 1938
2 1932 2058 2066
2 1933 1939 2075
2 1933 2075 2059
2 1944 1936 2024
2 2024 1936 2022
2 1937 1945 2025
2 1937 2025 2023
2 1938 2075 1939
2 1938 2066 2074
2 1938 2074 2075
2 1940 1964 2019
2 1979 1940 2018
2 2018 1940 2019
2 1944 2028 1954
2 2024 2028 1944
2 1945 1946 2029
2 1945 2029 2025
2 1946 1955 2029
2 2026 1978 1949
2 2026 1949 1997
2 1950 1979 2034
2 2034 2010 1950
2 1977 2160 1951
2 5435 1951 2160
2 1954 2040 1965
2 1954 2028 2040
2 1955 1966 2041
2 1955 2041 2029
2 1964 2048 2019
2 2031 2048 1964
2 1965 2051 1985
2 2051 1965 2040
2 1966 1980 2052
2 1966 2052 2041
2 1969 2079 1999
2 1969 2080 2079
2 1988 1972 3981
2 1972 2017 3981
2 2020 1976 4798
2 2159 4557 1976
2 1976 4557 4798
2 2202 1977 1992
2 4038 2160 1977
2 2202 4038 1977
2 2017 1978 2049
2 2049 1978 2026
2 2018 2034 1979
2 1980 1989 2052
2 1985 2067 1997
2 1985 2051 2067
2 1988 3981 2030
2 1989 2010 2078
2 1989 2078 2052
2 1992 2021 2335
2 2335 2202 1992
2 2026 1997 2054
2 2067 2054 1997
2 1999 2079 2155
2 1999 2155 2081
2 2003 2083 2000
2 2000 2083 2080
2 2002 2084 2004
2 2002 2081 2082
2 2002 2082 2084
2 2003 2005 2085
2 2003 2085 2083
2 2004 2084 2011
2 2005 2012 2085
2 2010 2034 2055
2 2010 2055 2078
2 2011 2090 2022
2 2011 2084 2177
2 2011 2185 2090
2 2011 2177 2185
2 2012 2023 2091
2 2012 2178 2085
2 2091 2186 2012
2 2012 2186 2178
2 2017 2049 2118
2 2118 2062 2017
2 3981 2017 2062
2 2018 2019 2048
2 2034 2018 5328
2 2018 2048 2096
2 5328 2018 2096
2 2032 2020 2171
2 2020 4580 2171
2 2020 4798 4580
2 2021 2043 4300
2 2021 2394 2335
2 2394 2021 4300
2 2022 2092 2024
2 2022 2090 2092
2 2023 2025 2100
2 2023 2100 2091
2 2024 2099 2028
2 2024 2092 2099
2 2025 2029 2100
2 2026 2054 2049
2 2028 2116 2040
2 2028 2099 2116
2 2029 2041 2108
2 2029 2108 2100
2 2030 2060 2072
2 3981 2060 2030
2 5105 2030 2072
2 2048 2031 2061
2 2031 4118 2061
2 2032 2171 2042
2 2034 2065 2055
2 2034 5328 2065
2 2040 2135 2051
2 2040 2116 2135
2 2041 2052 2136
2 2041 2136 2108
2 2042 2201 2058
2 2042 2171 2201
2 2043 2053 4758
2 2043 4758 4300
2 2048 2061 2096
2 2054 2109 2049
2 2049 2109 2144
2 2049 2144 2118
2 2051 2145 2067
2 2051 2135 2145
2 2052 2078 2146
2 2052 2146 2136
2 2059 2216 2053
2 2053 2216 4758
2 2067 2192 2054
2 2054 2192 2109
2 2065 2173 2055
2 2078 2055 2187
2 2055 2173 2151
2 2187 2055 2151
2 2058 2215 2066
2 2058 2201 2215
2 2059 2075 2216
2 2060 2062 2111
2 3981 2062 2060
2 2060 2111 2072
2 2061 2073 2087
2 2061 4118 2073
2 2061 2087 2128
2 2128 2096 2061
2 2111 2062 2137
2 2062 2118 2137
2 2065 2101 2173
2 2065 5328 2101
2 2066 2225 2074
2 2215 2481 2066
2 2066 2481 2225
2 2067 2145 2192
2 4956 2072 2111
2 2112 2072 4956
2 2112 5215 2072
2 5105 2072 5215
2 2073 5394 2087
2 2073 2113 5394
2 5435 2113 2073
2 5435 2073 4118
2 2074 2225 2075
2 2075 2224 2216
2 2075 2225 2224
2 2078 2187 2146
2 2079 2080 2156
2 2079 2156 2155
2 2080 2083 2162
2 2080 2162 2156
2 2081 2161 2082
2 2081 2155 2161
2 2082 2244 2084
2 2082 2161 2244
2 2083 2085 2170
2 2083 2242 2162
2 2083 2170 2242
2 2244 2177 2084
2 2085 2178 2170
2 2181 2128 2087
2 2087 5394 2181
2 2090 2188 2092
2 2090 2185 2188
2 2091 2100 2189
2 2091 2189 2186
2 2092 2191 2099
2 2092 2188 2191
2 2096 2128 2101
2 5328 2096 2101
2 2099 2206 2116
2 2099 2191 2206
2 2100 2108 2197
2 2100 2197 2189
2 2101 2128 2167
2 2101 2167 2173
2 2108 2136 2207
2 2108 2207 2197
2 2109 2192 2144
2 2111 2137 2218
2 2111 2218 2214
2 2214 4956 2111
2 2159 5215 2112
2 2159 2112 5461
2 2112 4956 2214
2 2112 2214 5461
2 2113 2160 4178
2 5435 2160 2113
2 2113 2212 2213
2 2113 4178 2212
2 5394 2113 2213
2 2135 2116 2219
2 2116 2206 2219
2 2118 2144 2137
2 2128 2181 2167
2 2145 2135 2236
2 2135 2219 2236
2 2146 2237 2136
2 2136 2237 2207
2 2137 2144 2210
2 2210 2218 2137
2 2144 2192 2217
2 2144 2217 2210
2 2145 2253 2192
2 2145 2236 2253
2 2146 2187 2254
2 2237 2146 2254
2 2151 2173 2227
2 2187 2151 2254
2 2151 2227 2254
2 2155 2156 2239
2 2155 2239 2161
2 2156 2162 2240
2 2156 2240 2239
2 2159 5080 4557
2 2159 5461 5080
2 2160 4038 4178
2 2161 2239 2297
2 2161 2302 2244
2 2161 2297 2302
2 2162 2300 2240
2 2162 2242 2300
2 4921 2173 2167
2 2213 2167 2181
2 2249 2167 2213
2 2249 4921 2167
2 2170 2178 2247
2 2170 2303 2242
2 2247 2303 2170
2 2417 2201 2171
2 2171 4580 2417
2 2173 4921 2227
2 2177 4068 2185
2 2244 4068 2177
2 2178 2186 2247
2 5394 2213 2181
2 2185 2255 2188
2 4068 2255 2185
2 2186 2189 2256
2 2186 2256 2247
2 2188 2255 2191
2 2189 2197 2269
2 2189 2269 2256
2 2191 2268 2206
2 2191 2255 2268
2 2192 2273 2217
2 2192 2253 2273
2 2197 2207 2269
2 2201 2455 2215
2 2417 2455 2201
2 2202 2333 4366
2 2202 4827 2333
2 2202 2335 5566
2 2202 2368 4827
2 2202 5566 2368
2 4038 2202 4366
2 2214 2248 2203
2 2214 2203 2271
2 2203 2248 2281
2 2279 2271 2203
2 2279 2203 2281
2 2219 2206 2283
2 2206 2268 2283
2 2207 2237 2284
2 2207 2284 2269
2 2210 2217 2294
2 2210 2248 2218
2 2210 2294 2248
2 2213 2212 2265
2 2333 2265 2212
2 4366 2333 2212
2 4178 4366 2212
2 2213 2243 2249
2 2265 2243 2213
2 2218 2248 2214
2 5461 2214 2271
2 2467 2215 2455
2 2215 2467 2481
2 2216 2224 2482
2 2216 2470 2442
2 4758 2216 2442
2 2216 2482 2470
2 2217 2273 2294
2 2219 2283 2236
2 2224 2225 2489
2 2489 2482 2224
2 2481 2486 2225
2 2225 2486 2489
2 2227 2295 2254
2 4921 2272 2227
2 2227 2272 5383
2 2227 5383 2295
2 2236 2323 2253
2 2236 2283 2323
2 2237 2254 2324
2 2237 2324 2284
2 2239 2240 2298
2 2239 2298 2297
2 2298 2240 2300
2 2303 2300 2242
2 2249 2243 2285
2 2265 2270 2243
2 2243 2270 2285
2 2244 2302 2305
2 2244 2305 4068
2 2247 2256 2312
2 2247 2312 2303
2 2248 5260 2281
2 2248 2294 5260
2 2272 2249 2299
2 2272 4921 2249
2 2285 2299 2249
2 2253 2346 2273
2 2323 2346 2253
2 2254 2295 2347
2 2324 2254 2347
2 2268 2255 2334
2 2255 2321 2334
2 4068 2321 2255
2 2256 2269 2325
2 2256 2325 2312
2 2265 2333 2270
2 2268 2360 2283
2 2268 2334 2360
2 2269 2284 2348
2 2269 2348 2325
2 5459 2285 2270
2 5459 2270 2333
2 5224 2271 2279
2 5080 2271 5224
2 5461 2271 5080
2 2272 2299 5383
2 2273 2373 2294
2 2273 2346 2373
2 2281 5265 2279
2 2341 5224 2279
2 2341 2279 5457
2 5265 5457 2279
2 2281 5260 5440
2 5440 5265 2281
2 2283 2408 2323
2 2283 2360 2408
2 2284 2324 2379
2 2284 2379 2348
2 2299 2285 2385
2 2385 2285 5561
2 5514 2285 5459
2 2285 5514 5561
2 2287 2406 2330
2 4798 2287 2330
2 2406 2287 5034
2 2287 4557 4266
2 5034 2287 4266
2 4557 2287 4798
2 2294 2373 2315
2 5260 2294 2315
2 2295 2374 2347
2 2295 5383 2374
2 2297 2298 2372
2 2297 2376 2302
2 2297 2372 2376
2 2298 2300 2377
2 2372 2298 2444
2 2298 2377 2444
2 2299 2385 5383
2 2300 2303 2383
2 2300 2383 2377
2 2305 2302 2382
2 2302 2376 2382
2 2312 2396 2303
2 2396 2383 2303
2 2305 2395 2321
2 4068 2305 2321
2 2305 2382 2395
2 2312 2325 2410
2 2312 2410 2396
2 2373 4229 2315
2 2315 4229 5446
2 5440 5260 2315
2 2315 5286 5440
2 2315 5446 5286
2 2409 2334 2321
2 2409 2321 2395
2 2323 2430 2346
2 2408 2430 2323
2 2324 2347 2431
2 2324 2431 2379
2 2429 2325 2348
2 2429 2410 2325
2 2445 2330 2406
2 2330 2445 5595
2 4798 2330 4580
2 4580 2330 5595
2 2333 4827 2340
2 2340 5459 2333
2 2334 2428 2360
2 2428 2334 2409
2 2335 2394 5065
2 2335 5065 5566
2 2340 2407 5493
2 2407 2340 5537
2 5238 2340 4827
2 5238 5537 2340
2 2340 5514 5459
2 2340 5493 5514
2 5034 4266 2341
2 4266 5080 2341
2 2341 5343 5034
2 5080 5224 2341
2 5727 5343 2341
2 2341 5457 5727
2 2346 2430 2373
2 2347 2374 2431
2 2348 2379 2452
2 2348 2452 2429
2 2360 2451 2408
2 2360 2428 2451
2 2368 2427 5238
2 2427 2368 5529
2 2368 5238 4827
2 2368 5239 5529
2 2368 5566 5239
2 2392 2419 2371
2 2392 2371 5581
2 5343 2371 2419
2 5265 2371 5457
2 5265 5581 2371
2 5727 2371 5343
2 5457 2371 5727
2 2372 2443 2376
2 2372 2444 2443
2 2373 2430 2476
2 2373 2476 2446
2 2373 2446 4229
2 2374 2477 2431
2 2374 2447 2477
2 2374 5363 2447
2 5383 5363 2374
2 2382 2376 2448
2 2376 2443 2448
2 2377 2383 2449
2 2377 2449 2444
2 2431 2488 2379
2 2452 2379 2488
2 2382 2456 2395
2 2382 2448 2456
2 2396 2463 2383
2 2383 2463 2449
2 5383 2385 5363
2 5363 2385 5561
2 2390 4333 2406
2 5034 2390 2406
2 5343 2419 2390
2 5570 2390 2419
2 4333 2390 5570
2 5343 2390 5034
2 5400 2419 2392
2 4229 2446 2392
2 5400 2392 2446
2 5446 4229 2392
2 5446 2392 5581
2 2393 2465 2417
2 4580 2393 2417
2 2465 2393 2528
2 2393 2471 2528
2 5595 2471 2393
2 4580 5595 2393
2 2420 2511 2394
2 2394 4300 2420
2 2511 5311 2394
2 5311 5065 2394
2 2409 2395 2462
2 2395 2456 2462
2 2396 2410 2463
2 2406 4333 2445
2 5456 2411 2407
2 5493 2407 2411
2 2427 2434 2407
2 2407 5537 2427
2 5456 2407 2434
2 2408 2487 2430
2 2408 2451 2487
2 2409 2494 2428
2 2409 2462 2494
2 2429 2474 2410
2 2410 2474 2463
2 2447 2411 5156
2 2411 2447 5363
2 2411 5456 5156
2 2411 5363 5561
2 2411 5561 5493
2 2417 2465 2455
2 2419 5400 4911
2 4911 5570 2419
2 2420 4758 2442
2 5018 2420 2442
2 2511 2420 5018
2 4300 4758 2420
2 2434 2427 5549
2 5238 2427 5537
2 5549 2427 5529
2 2522 2451 2428
2 2522 2428 2494
2 2429 2452 2523
2 2429 2523 2474
2 2430 2487 2476
2 2431 2477 2488
2 2490 2434 2466
2 2434 5549 2466
2 2490 2500 2434
2 5156 2434 2500
2 5456 2434 5156
2 4923 2442 2470
2 2659 2442 4923
2 2659 5497 2442
2 5497 5018 2442
2 2443 2444 2513
2 2501 2448 2443
2 2443 2513 2501
2 2444 2449 2502
2 2513 2444 2502
2 2471 2445 2510
2 5595 2445 2471
2 2445 2478 2510
2 4333 2478 2445
2 2446 2476 4159
2 4159 2484 2446
2 2484 5400 2446
2 2447 2527 2477
2 2447 2500 2527
2 2447 5156 2500
2 2448 2529 2456
2 2448 2501 2529
2 2449 2463 2512
2 2449 2512 2502
2 2451 2522 2487
2 2452 2488 2523
2 2455 2465 2557
2 2455 2557 2467
2 2529 2462 2456
2 2546 2494 2462
2 2546 2462 2529
2 2463 2474 2530
2 2463 2530 2512
2 2615 2465 2528
2 2557 2465 2646
2 2615 2646 2465
2 5126 2490 2466
2 5126 2466 5587
2 2466 5529 5239
2 2466 5239 5587
2 2466 5549 5529
2 2467 2598 2481
2 2467 2557 2588
2 2467 2588 2598
2 2470 2482 2648
2 2648 4923 2470
2 2508 2471 2510
2 2508 2528 2471
2 2474 2523 2547
2 2474 2547 2530
2 2476 2487 2536
2 2476 2536 2519
2 4159 2476 2519
2 2477 2537 2488
2 2477 2527 2542
2 2477 2542 2537
2 4911 2484 2478
2 2478 2484 5464
2 2510 2478 5464
2 2478 4333 4911
2 2486 2481 2685
2 2481 2598 2685
2 2489 2540 2482
2 2482 2540 5526
2 2482 5526 2648
2 5464 2484 4159
2 5400 2484 4911
2 2486 2499 2489
2 2486 2685 2499
2 2487 2522 2569
2 2487 2569 2536
2 2488 2570 2523
2 2488 2537 2570
2 2489 2499 2689
2 2540 2489 2689
2 3918 2500 2490
2 3918 2490 5352
2 5352 2490 5126
2 2522 2494 2546
2 2725 2499 2685
2 2499 2725 2689
2 2500 2531 2527
2 2531 2500 3918
2 2501 2513 2560
2 2571 2529 2501
2 2571 2501 2560
2 2502 2512 2572
2 2502 2561 2513
2 2502 2572 2561
2 2508 2510 2565
2 2528 2508 2565
2 2565 2510 2564
2 2510 5464 2564
2 2511 5018 2526
2 5441 2511 2526
2 2511 5441 2566
2 2511 2566 5553
2 2511 5553 5311
2 2512 2530 2583
2 2512 2583 2572
2 2513 2561 2560
2 2536 2586 2519
2 2539 2519 2595
2 2519 2539 4159
2 2519 2586 2595
2 2546 2604 2522
2 2522 2604 2569
2 2605 2547 2523
2 2523 2570 2605
2 2526 5018 5497
2 2526 5631 5441
2 5497 5631 2526
2 2531 5412 2527
2 2527 2596 2542
2 2527 5409 2596
2 2527 5412 5409
2 2615 2528 2565
2 2529 2582 2546
2 2529 2571 2582
2 2609 2530 2547
2 2583 2530 2609
2 2531 3918 5162
2 2531 5162 5412
2 2569 2586 2536
2 2537 2542 2587
2 2537 2587 2570
2 2590 2564 2539
2 5464 2539 2564
2 2590 2539 2595
2 2539 5464 4159
2 2540 2689 2679
2 2540 2679 5634
2 5526 2540 5634
2 2542 2596 2587
2 2582 2635 2546
2 2604 2546 2635
2 2547 2605 2609
2 2557 2675 2588
2 2557 2646 2675
2 2560 2561 2603
2 2571 2560 2607
2 2560 2603 2607
2 2561 2572 2608
2 2561 2608 2603
2 2565 2564 2632
2 2590 2632 2564
2 2615 2565 2632
2 5274 2566 2579
2 5441 2579 2566
2 5553 2566 5274
2 2569 2612 2586
2 2569 2604 2612
2 2570 2587 2613
2 2570 2613 2605
2 2622 2582 2571
2 2607 2622 2571
2 2572 2583 2608
2 2606 5409 2579
2 2606 2579 5495
2 5409 5274 2579
2 5495 2579 5441
2 2642 2582 2622
2 2642 2635 2582
2 2583 2627 2608
2 2609 2627 2583
2 2586 2623 2595
2 2586 2612 2623
2 2587 2596 2634
2 2587 2650 2613
2 2587 2634 2650
2 2598 2588 2684
2 2684 2588 2675
2 2590 2595 2633
2 2590 2633 2632
2 5430 5525 2593
2 2593 5631 5430
2 2593 5495 5441
2 2593 5441 5631
2 5525 5495 2593
2 2595 2623 2633
2 2596 2606 2634
2 5409 2606 2596
2 2598 2684 2657
2 2657 2685 2598
2 2607 2603 2622
2 2608 2627 2603
2 2622 2603 2668
2 2627 2668 2603
2 2630 2612 2604
2 2630 2604 2635
2 2605 2631 2609
2 2605 2613 2631
2 5495 2634 2606
2 2609 2691 2627
2 2631 2691 2609
2 2612 2670 2623
2 2630 2670 2612
2 2613 2671 2631
2 2613 2650 2671
2 2645 2615 2632
2 2645 2646 2615
2 2622 2687 2642
2 2622 2668 2687
2 2670 2633 2623
2 2627 2688 2668
2 2627 2691 2688
2 2628 2659 5197
2 5497 2659 2628
2 5197 5565 2628
2 2628 5565 5430
2 5430 5631 2628
2 5631 5497 2628
2 2683 2630 2635
2 2683 2670 2630
2 2631 2671 2706
2 2631 2706 2691
2 2645 2632 2633
2 2666 2645 2633
2 2670 2666 2633
2 2667 2634 2647
2 2647 2634 5495
2 2650 2634 2667
2 2635 2642 2690
2 2635 2690 2683
2 2690 2642 2687
2 2646 2645 2677
2 2677 2645 2666
2 2646 2677 2675
2 2667 2647 5197
2 5197 2647 5565
2 2647 5495 5525
2 5565 2647 5525
2 2682 2659 2648
2 4923 2648 2659
2 2648 5526 2682
2 2650 2667 2671
2 2657 2684 2693
2 2657 2712 2685
2 2657 2693 2712
2 2659 2682 2676
2 5197 2659 2676
2 2666 2670 2707
2 2666 2707 2677
2 2671 2667 2708
2 2667 2700 2708
2 2667 5197 2700
2 2668 2688 2687
2 2670 2683 2705
2 2670 2705 2707
2 2671 2708 2706
2 2675 2677 2678
2 2678 2684 2675
2 5474 2676 2682
2 2676 2700 5197
2 2700 2676 5474
2 2678 2677 2716
2 2707 2716 2677
2 2693 2684 2678
2 2678 2716 2693
2 2679 2689 2714
2 2714 2709 2679
2 5634 2679 2709
2 2703 5474 2682
2 5600 2703 2682
2 5526 5600 2682
2 2683 2690 2705
2 2712 2725 2685
2 2687 2688 2731
2 2690 2687 2731
2 2688 2691 2713
2 2688 2713 2731
2 2714 2689 2725
2 2690 2739 2705
2 2690 2731 2739
2 2691 2706 2713
2 2716 2712 2693
2 2700 2729 2708
2 2700 5474 2729
2 2709 2729 2703
2 5634 2709 2703
2 5474 2703 2729
2 5634 2703 5600
2 2705 2742 2707
2 2705 2739 2742
2 2706 2708 2743
2 2706 2740 2713
2 2706 2743 2740
2 2716 2707 2742
2 2743 2708 2729
2 2714 2745 2709
2 2709 2745 2729
2 2716 2744 2712
2 2744 2725 2712
2 2713 2740 2731
2 2714 2725 2748
2 2714 2748 2745
2 2742 2744 2716
2 2725 2744 2748
2 2729 2745 2743
2 2731 2740 2739
2 2751 2739 2740
2 2739 2751 2742
2 2740 2743 2750
2 2740 2750 2751
2 2742 2751 2744
2 2743 2745 2750
2 2744 2751 2748
2 2748 2750 2745
2 2750 2748 2751
2 3972 3825 3907
2 3935 3825 3972
2 3935 4013 3825
2 5545 3888 5372
2 3903 5262 5502
2 3903 5516 5262
2 5442 3972 3907
2 5162 3918 5352
2 3935 3972 5442
2 5460 4013 3935
2 5254 3935 5442
2 5460 3935 5254
2 5442 3945 5254
2 4004 5352 5126
2 4004 5126 5587
2 5162 5352 4004
2 5162 4004 5412
2 5412 4004 5274
2 4004 5553 5274
2 5553 4004 5311
2 5587 5311 4004
2 5460 5447 4013
2 4038 4366 4178
2 5188 4367 4201
2 4266 4557 5080
2 4911 4333 5570
2 5093 4675 4620
2 5571 5093 4620
2 4620 5498 5571
2 4762 4675 5093
2 4998 5090 5251
2 5665 5090 4998
2 5065 5311 5587
2 5566 5065 5587
2 5107 5171 5068
2 5665 5332 5090
2 5571 5516 5093
2 5566 5587 5239
2 5440 5346 5265
2 5346 5581 5265
2 5409 5412 5274
2 5286 5346 5440
2 5286 5581 5346
2 5286 5446 5581
2 5665 5471 5332
2 5430 5565 5525
2 5665 5444 5471
2 5493 5561 5514
2 5526 5634 5600
1 3341 4184 4182
1 3348 4182 3350
1 3349 3351 4184
1 3350 4186 3352
1 4186 3350 4182
1 3351 3353 4184
1 3352 4186 3354
1 3355 4179 3353
1 4184 3353 4179
1 3354 4186 3356
1 3355 3357 4179
1 4186 3358 3356
1 3357 3359 4179
1 4186 4185 3358
1 3359 3361 4179
1 3360 4179 4174
1 3360 4174 4187
1 4179 3360 4184
1 4184 3360 4182
1 4182 3360 4186
1 4186 3360 4185
1 3360 4187 4185
1 4179 3361 3363
1 3362 4185 3364
1 4174 3363 3365
1 4179 3363 4174
1 4185 3366 3364
1 4174 3365 3367
1 3368 3366 4185
1 4174 3367 3369
1 3368 4185 3370
1 4174 3369 3371
1 4185 3372 3370
1 4174 3371 3373
1 4187 3374 3372
1 4187 3372 4185
1 4187 3373 3375
1 4187 4174 3373
1 3374 4187 3376
1 4187 3375 3377
1 4187 3377 3376
3 0 3 1
3 1 4 0
3 0 2 3
3 0 5 2
3 0 4 5
3 1 3 13
3 1 6 4
3 1 7 6
3 1 13 7
3 2 10 3
3 2 5 9
3 2 9 8
3 15 2 8
3 15 10 2
3 3 10 13
3 4 11 5
3 17 4 6
3 4 17 11
3 9 5 20
3 11 12 5
3 5 12 20
3 6 7 14
3 6 14 21
3 6 21 17
3 13 19 7
3 14 7 22
3 7 19 26
3 7 28 22
3 7 26 28
3 8 9 18
3 15 8 27
3 8 18 29
3 8 29 27
3 9 24 18
3 9 20 24
3 13 10 16
3 10 15 16
3 11 23 12
3 23 11 17
3 12 25 20
3 12 23 25
3 13 16 30
3 13 30 19
3 14 33 21
3 14 22 33
3 15 32 16
3 15 27 32
3 16 37 30
3 16 32 37
3 17 21 38
3 35 23 17
3 35 17 38
3 18 24 36
3 18 31 29
3 18 36 31
3 19 30 26
3 20 39 24
3 20 25 39
3 21 33 45
3 21 45 38
3 22 28 34
3 22 44 33
3 22 34 44
3 23 49 25
3 35 49 23
3 24 46 36
3 24 39 46
3 25 50 39
3 25 49 50
3 26 40 28
3 26 30 42
3 26 47 40
3 26 42 47
3 41 27 29
3 27 3748 32
3 41 48 27
3 27 48 3748
3 28 40 34
3 29 31 43
3 29 43 41
3 30 37 42
3 31 36 53
3 31 53 43
3 32 51 37
3 32 3748 51
3 33 44 58
3 33 58 45
3 34 40 54
3 34 60 44
3 34 54 60
3 63 35 38
3 35 61 49
3 63 61 35
3 36 46 59
3 36 59 53
3 37 51 42
3 38 45 67
3 38 67 63
3 39 69 46
3 39 50 64
3 39 64 69
3 40 47 55
3 54 40 55
3 41 43 62
3 41 56 48
3 56 41 62
3 42 65 47
3 42 51 57
3 42 57 65
3 43 53 70
3 43 70 62
3 44 74 58
3 44 60 74
3 45 58 79
3 45 79 67
3 46 80 59
3 46 69 80
3 55 47 72
3 47 65 72
3 56 73 48
3 48 73 66
3 48 66 3748
3 49 77 50
3 77 49 61
3 50 78 64
3 77 78 50
3 57 51 76
3 51 68 85
3 3748 68 51
3 51 85 76
3 53 59 75
3 53 88 70
3 53 75 88
3 54 55 71
3 54 83 60
3 54 71 83
3 55 72 71
3 84 56 62
3 56 84 73
3 57 81 65
3 57 76 99
3 57 99 81
3 58 74 86
3 58 86 79
3 59 92 75
3 80 92 59
3 60 87 74
3 60 83 97
3 60 97 87
3 89 61 63
3 61 89 77
3 96 62 70
3 96 84 62
3 63 67 93
3 89 63 93
3 64 98 69
3 64 78 94
3 64 94 98
3 90 72 65
3 90 65 81
3 66 73 91
3 66 91 82
3 3748 66 82
3 67 79 101
3 93 67 101
3 68 82 100
3 3748 82 68
3 68 124 85
3 68 100 121
3 68 121 124
3 69 108 80
3 69 98 108
3 110 70 88
3 110 96 70
3 71 72 95
3 71 105 83
3 71 95 105
3 72 90 95
3 104 73 84
3 91 73 104
3 74 102 86
3 74 87 102
3 75 103 88
3 92 103 75
3 76 85 127
3 76 120 99
3 76 127 120
3 77 109 78
3 77 89 109
3 94 78 111
3 109 111 78
3 79 86 107
3 79 107 101
3 92 80 117
3 80 108 117
3 90 81 112
3 81 99 135
3 81 135 112
3 82 91 113
3 82 136 100
3 82 113 136
3 83 122 97
3 83 105 122
3 96 106 84
3 84 106 104
3 85 124 127
3 86 102 125
3 86 116 107
3 86 125 116
3 87 97 114
3 87 114 102
3 103 115 88
3 129 110 88
3 88 115 129
3 131 89 93
3 89 130 109
3 131 130 89
3 90 118 95
3 112 147 90
3 147 118 90
3 91 104 119
3 91 148 113
3 91 119 148
3 92 126 103
3 117 126 92
3 93 101 133
3 93 133 131
3 94 134 98
3 94 111 132
3 94 132 134
3 95 139 105
3 139 95 118
3 96 123 106
3 110 123 96
3 97 128 114
3 97 122 145
3 97 145 128
3 108 98 144
3 98 134 144
3 99 120 153
3 99 153 135
3 100 166 121
3 100 136 154
3 100 154 166
3 107 143 101
3 101 143 133
3 102 114 137
3 102 137 125
3 103 138 115
3 103 126 138
3 104 106 140
3 104 140 119
3 105 141 122
3 139 162 105
3 141 105 162
3 106 123 142
3 106 163 140
3 142 163 106
3 116 149 107
3 107 149 143
3 117 108 150
3 108 144 150
3 109 151 111
3 109 130 151
3 110 146 123
3 129 146 110
3 111 152 132
3 111 151 152
3 135 182 112
3 112 161 147
3 161 112 182
3 113 171 136
3 148 171 113
3 114 128 155
3 114 155 137
3 129 115 156
3 156 115 138
3 116 125 159
3 116 159 149
3 117 160 126
3 117 150 160
3 118 157 139
3 118 147 189
3 118 189 157
3 119 140 158
3 119 190 148
3 119 158 190
3 120 127 176
3 120 172 153
3 120 176 172
3 121 166 124
3 122 141 164
3 122 164 145
3 123 165 142
3 123 146 165
3 127 124 177
3 177 124 166
3 125 137 169
3 125 169 159
3 126 170 138
3 126 160 170
3 127 177 176
3 128 145 167
3 128 167 155
3 168 146 129
3 168 129 156
3 130 131 173
3 130 173 151
3 131 133 178
3 131 178 173
3 132 179 134
3 132 152 179
3 185 133 143
3 133 185 178
3 144 134 186
3 134 179 186
3 153 200 135
3 200 182 135
3 136 193 154
3 136 171 193
3 137 155 183
3 137 183 169
3 156 138 184
3 138 170 184
3 198 139 157
3 139 174 162
3 198 174 139
3 140 199 158
3 175 140 163
3 140 175 199
3 141 162 180
3 141 180 164
3 142 181 163
3 142 165 181
3 143 149 191
3 143 191 185
3 144 192 150
3 192 144 186
3 145 164 187
3 145 187 167
3 146 188 165
3 168 188 146
3 147 161 205
3 147 205 189
3 148 222 171
3 148 190 206
3 148 206 222
3 149 159 194
3 149 194 191
3 160 150 210
3 150 192 195
3 150 195 210
3 151 201 152
3 173 201 151
3 152 204 179
3 152 201 204
3 153 172 217
3 200 153 217
3 154 223 166
3 154 193 212
3 154 212 223
3 155 167 196
3 155 196 183
3 168 156 197
3 197 156 184
3 157 189 218
3 198 157 218
3 219 190 158
3 219 158 199
3 159 169 209
3 159 209 194
3 160 210 170
3 161 182 233
3 161 233 205
3 162 174 202
3 162 202 180
3 163 203 175
3 163 181 203
3 164 180 207
3 187 164 207
3 165 208 181
3 165 188 208
3 177 166 228
3 228 166 223
3 167 187 215
3 167 215 196
3 216 188 168
3 216 168 197
3 169 183 220
3 169 220 209
3 221 184 170
3 221 170 210
3 171 250 193
3 222 250 171
3 172 176 235
3 217 172 224
3 172 235 224
3 173 178 227
3 173 227 201
3 174 198 236
3 174 213 202
3 174 236 213
3 175 237 199
3 175 203 214
3 175 214 237
3 243 176 177
3 176 243 235
3 177 228 238
3 243 177 238
3 178 185 231
3 178 231 227
3 179 232 186
3 179 204 232
3 180 202 244
3 180 225 207
3 180 244 225
3 181 245 203
3 226 181 208
3 226 245 181
3 182 200 259
3 233 182 259
3 183 196 229
3 220 183 229
3 184 230 197
3 221 230 184
3 185 191 239
3 185 239 231
3 186 240 192
3 186 232 240
3 187 207 211
3 187 211 215
3 188 234 208
3 188 216 234
3 189 205 241
3 189 241 218
3 190 258 206
3 219 242 190
3 190 242 258
3 191 194 248
3 191 248 239
3 192 249 195
3 192 240 249
3 193 269 212
3 193 250 269
3 194 209 254
3 194 254 248
3 255 210 195
3 195 249 255
3 196 215 246
3 196 252 229
3 246 252 196
3 197 247 216
3 197 230 253
3 247 197 253
3 198 218 260
3 198 260 236
3 199 261 219
3 199 237 261
3 200 217 273
3 200 273 259
3 201 262 204
3 201 227 262
3 202 213 267
3 202 267 244
3 214 203 268
3 203 245 268
3 204 263 232
3 204 262 263
3 205 233 287
3 205 270 241
3 205 287 270
3 206 271 222
3 206 258 271
3 207 256 211
3 207 225 256
3 226 208 257
3 208 234 257
3 209 220 265
3 209 265 254
3 221 210 251
3 210 266 251
3 255 266 210
3 211 264 215
3 211 256 281
3 211 281 264
3 212 280 223
3 212 269 280
3 213 236 274
3 267 213 274
3 214 275 237
3 214 268 275
3 215 264 246
3 216 247 234
3 217 224 273
3 218 241 278
3 218 278 260
3 219 279 242
3 219 261 279
3 220 229 272
3 220 272 265
3 221 251 230
3 222 288 250
3 222 271 288
3 223 292 228
3 223 280 292
3 224 235 284
3 273 224 284
3 225 244 290
3 225 276 256
3 225 290 276
3 226 291 245
3 226 257 277
3 226 277 291
3 227 231 289
3 227 289 262
3 238 228 300
3 228 292 300
3 229 252 285
3 229 285 272
3 230 251 286
3 230 286 253
3 231 239 293
3 231 293 289
3 232 294 240
3 232 263 294
3 233 259 304
3 233 304 287
3 234 247 283
3 234 282 257
3 234 283 282
3 235 243 303
3 284 235 297
3 235 303 297
3 236 260 301
3 236 301 274
3 237 302 261
3 237 275 302
3 243 238 303
3 238 300 303
3 239 248 298
3 239 298 293
3 240 299 249
3 240 294 299
3 241 270 311
3 241 311 278
3 258 242 312
3 242 279 312
3 244 267 290
3 245 291 268
3 246 295 252
3 246 264 295
3 247 253 296
3 247 296 283
3 248 254 305
3 248 305 298
3 306 255 249
3 306 249 299
3 250 326 269
3 250 288 316
3 250 316 326
3 251 266 307
3 251 307 286
3 252 308 285
3 252 295 308
3 253 286 309
3 253 309 296
3 254 265 313
3 254 313 305
3 255 314 266
3 306 314 255
3 256 276 281
3 257 282 277
3 258 328 271
3 312 328 258
3 259 273 332
3 259 325 304
3 259 332 325
3 278 323 260
3 260 323 301
3 261 324 279
3 261 302 324
3 262 319 263
3 262 289 319
3 263 320 294
3 263 319 320
3 264 281 333
3 264 315 295
3 264 333 315
3 265 272 321
3 265 321 313
3 266 322 307
3 266 314 322
3 317 267 274
3 267 317 290
3 268 318 275
3 268 291 318
3 269 339 280
3 269 326 339
3 270 287 344
3 327 311 270
3 327 270 344
3 271 345 288
3 271 328 345
3 272 285 331
3 272 331 321
3 273 284 348
3 273 348 332
3 336 274 301
3 317 274 336
3 275 337 302
3 275 318 337
3 276 329 281
3 276 290 329
3 277 282 330
3 277 330 291
3 278 311 357
3 278 342 323
3 278 357 342
3 279 335 312
3 279 324 343
3 279 343 335
3 280 354 292
3 280 339 354
3 281 329 333
3 334 282 283
3 334 330 282
3 283 296 338
3 353 334 283
3 283 338 353
3 284 297 360
3 284 360 348
3 285 308 346
3 285 346 331
3 286 307 347
3 286 347 309
3 287 304 364
3 287 364 344
3 288 382 316
3 288 345 365
3 288 365 382
3 289 293 351
3 289 351 319
3 290 317 340
3 290 340 329
3 291 377 318
3 291 330 341
3 291 341 377
3 292 363 300
3 292 354 363
3 293 298 355
3 293 355 351
3 294 356 299
3 294 320 356
3 295 349 308
3 315 378 295
3 378 349 295
3 296 309 350
3 338 296 350
3 297 303 369
3 297 369 360
3 298 305 361
3 298 361 355
3 362 306 299
3 299 356 362
3 300 369 303
3 300 363 369
3 301 323 373
3 301 373 336
3 302 374 324
3 302 337 374
3 304 325 390
3 304 390 364
3 305 313 371
3 305 371 361
3 306 372 314
3 362 372 306
3 322 368 307
3 347 307 368
3 308 366 346
3 308 349 366
3 309 347 367
3 309 367 350
3 311 327 358
3 311 358 357
3 312 359 328
3 312 335 359
3 313 321 380
3 313 380 371
3 314 381 322
3 372 381 314
3 315 333 352
3 315 352 378
3 316 391 326
3 316 382 391
3 402 317 336
3 317 376 340
3 402 376 317
3 318 388 337
3 318 377 388
3 319 387 320
3 319 351 387
3 320 389 356
3 320 387 389
3 321 331 385
3 321 385 380
3 322 386 368
3 322 381 386
3 323 342 397
3 323 397 373
3 324 406 343
3 324 374 398
3 324 398 406
3 325 332 400
3 390 325 400
3 326 401 339
3 326 391 401
3 327 344 407
3 327 407 358
3 328 383 345
3 328 359 383
3 329 384 333
3 329 340 394
3 329 394 384
3 334 395 330
3 330 395 341
3 331 346 399
3 331 399 385
3 416 332 348
3 332 416 400
3 333 384 352
3 370 334 353
3 334 370 395
3 335 343 375
3 335 393 359
3 335 375 393
3 336 373 412
3 336 412 402
3 337 413 374
3 337 388 413
3 338 350 379
3 338 379 353
3 339 420 354
3 339 401 417
3 339 417 420
3 340 376 418
3 340 418 394
3 404 377 341
3 341 395 404
3 432 342 357
3 405 397 342
3 432 405 342
3 343 406 375
3 364 396 344
3 407 344 396
3 345 425 365
3 345 383 425
3 346 366 408
3 399 346 408
3 347 409 367
3 347 368 409
3 348 360 419
3 416 348 419
3 349 410 366
3 349 378 403
3 349 403 410
3 350 367 411
3 350 411 379
3 351 355 421
3 351 421 387
3 352 414 378
3 352 384 414
3 353 415 370
3 353 379 415
3 354 426 363
3 354 420 426
3 355 361 422
3 355 422 421
3 356 423 362
3 356 389 423
3 357 358 392
3 432 357 392
3 358 407 392
3 359 393 383
3 360 369 430
3 360 430 419
3 361 371 429
3 361 429 422
3 362 3773 372
3 362 423 3773
3 435 369 363
3 435 363 426
3 460 364 390
3 364 445 396
3 364 460 445
3 365 446 382
3 365 425 446
3 366 427 408
3 366 410 427
3 367 409 428
3 428 411 367
3 368 386 431
3 368 431 409
3 369 434 430
3 369 435 434
3 442 395 370
3 442 370 415
3 371 380 439
3 371 439 429
3 372 440 381
3 372 3773 440
3 373 397 462
3 373 449 412
3 373 462 449
3 374 463 398
3 374 413 450
3 374 450 463
3 375 448 393
3 406 433 375
3 433 448 375
3 376 402 470
3 376 436 418
3 376 470 436
3 377 455 388
3 377 404 437
3 377 437 455
3 403 378 414
3 379 411 438
3 415 379 454
3 379 438 454
3 380 385 451
3 380 451 439
3 381 452 386
3 381 440 452
3 382 461 391
3 382 446 461
3 383 393 444
3 383 469 425
3 383 444 469
3 441 384 394
3 384 441 414
3 385 399 458
3 385 458 451
3 386 459 431
3 386 452 459
3 387 464 389
3 387 421 464
3 388 487 413
3 388 455 487
3 389 465 423
3 389 464 465
3 473 390 400
3 473 460 390
3 391 474 401
3 391 461 474
3 392 407 443
3 432 392 447
3 392 443 447
3 393 448 444
3 394 418 475
3 441 394 475
3 395 457 404
3 442 457 395
3 407 396 424
3 424 396 445
3 405 478 397
3 397 478 462
3 398 479 406
3 398 463 479
3 399 408 472
3 399 472 458
3 416 494 400
3 400 484 473
3 400 494 484
3 401 495 417
3 401 474 485
3 401 485 495
3 486 402 412
3 470 402 486
3 403 477 410
3 403 414 453
3 403 453 477
3 437 404 456
3 456 404 457
3 405 432 519
3 519 478 405
3 406 520 433
3 406 479 520
3 407 424 468
3 407 468 443
3 408 427 489
3 408 489 472
3 409 490 428
3 409 431 490
3 410 491 427
3 410 477 491
3 411 428 492
3 438 411 545
3 411 492 545
3 412 449 559
3 412 559 486
3 450 413 510
3 510 413 487
3 414 441 466
3 414 466 453
3 442 415 467
3 454 467 415
3 507 416 419
3 507 494 416
3 417 508 420
3 417 495 508
3 418 436 493
3 418 493 475
3 419 430 526
3 507 419 526
3 426 420 527
3 420 508 527
3 421 422 521
3 421 521 464
3 422 429 533
3 422 533 521
3 423 465 534
3 423 534 3773
3 424 445 482
3 424 482 468
3 425 483 446
3 425 469 483
3 435 426 550
3 426 527 550
3 427 524 489
3 427 491 524
3 428 490 525
3 428 525 492
3 429 439 552
3 429 552 533
3 430 434 549
3 538 526 430
3 538 430 549
3 431 459 546
3 431 546 490
3 498 432 447
3 498 519 432
3 433 520 448
3 434 435 549
3 549 435 550
3 470 517 436
3 436 575 493
3 436 517 575
3 437 488 455
3 437 456 471
3 437 471 488
3 438 545 454
3 439 451 565
3 439 565 552
3 440 566 452
3 440 553 566
3 3773 553 440
3 441 480 466
3 441 475 496
3 441 496 480
3 442 497 457
3 442 467 481
3 442 481 497
3 443 561 447
3 443 468 609
3 443 609 561
3 444 448 562
3 444 610 469
3 444 562 610
3 445 460 500
3 445 500 482
3 446 501 461
3 446 483 501
3 447 561 498
3 520 499 448
3 448 499 562
3 462 597 449
3 597 559 449
3 450 598 463
3 450 510 598
3 451 458 588
3 451 588 565
3 452 589 459
3 452 566 589
3 453 466 509
3 453 578 477
3 453 509 578
3 454 608 467
3 454 545 579
3 454 579 608
3 455 518 487
3 455 488 518
3 476 456 457
3 456 476 471
3 457 537 476
3 457 497 537
3 458 472 615
3 458 615 588
3 459 616 546
3 459 589 616
3 460 473 540
3 460 540 500
3 461 541 474
3 461 501 541
3 462 478 547
3 547 597 462
3 463 548 479
3 463 598 548
3 464 632 465
3 464 521 632
3 465 633 534
3 465 632 633
3 466 480 509
3 481 467 646
3 646 467 608
3 468 482 654
3 468 654 609
3 469 655 483
3 469 610 655
3 470 486 564
3 470 564 517
3 471 476 622
3 471 660 488
3 471 622 660
3 472 489 647
3 472 647 615
3 473 484 572
3 473 572 540
3 474 573 485
3 474 541 573
3 475 493 536
3 475 536 496
3 476 537 622
3 477 644 491
3 477 578 644
3 519 582 478
3 478 582 547
3 479 620 520
3 479 548 620
3 480 496 645
3 480 645 509
3 481 590 497
3 481 646 590
3 482 500 692
3 654 482 692
3 483 693 501
3 483 655 693
3 484 494 593
3 484 593 572
3 495 485 594
3 594 485 573
3 486 559 648
3 486 648 564
3 510 487 604
3 487 518 604
3 488 614 518
3 488 660 614
3 489 524 681
3 489 681 647
3 490 583 525
3 490 546 583
3 491 675 524
3 644 675 491
3 492 525 676
3 545 492 732
3 492 676 732
3 493 621 536
3 493 575 621
3 507 611 494
3 494 611 593
3 495 612 508
3 594 612 495
3 496 536 630
3 496 630 677
3 496 677 645
3 497 631 537
3 497 590 631
3 519 498 680
3 561 650 498
3 650 680 498
3 499 520 592
3 499 651 562
3 499 592 651
3 500 540 725
3 500 725 692
3 501 726 541
3 501 693 726
3 507 526 628
3 611 507 628
3 508 629 527
3 508 612 629
3 509 700 578
3 509 645 700
3 510 686 598
3 510 604 686
3 517 564 613
3 517 613 575
3 518 614 604
3 519 652 582
3 519 680 652
3 520 620 592
3 521 533 740
3 521 740 632
3 524 675 721
3 524 721 681
3 525 583 722
3 525 722 676
3 538 637 526
3 526 637 628
3 527 638 550
3 527 629 638
3 533 552 747
3 533 747 740
3 534 748 553
3 3773 534 553
3 534 633 748
3 536 621 667
3 536 667 630
3 537 706 622
3 537 631 668
3 537 668 706
3 637 538 549
3 540 572 759
3 540 759 725
3 541 760 573
3 541 726 760
3 545 766 579
3 545 732 766
3 546 751 583
3 616 751 546
3 547 582 670
3 547 719 597
3 547 670 719
3 548 598 636
3 548 709 620
3 548 636 709
3 549 550 741
3 637 549 736
3 736 549 741
3 550 638 737
3 550 737 741
3 552 565 757
3 552 757 747
3 553 758 566
3 553 748 758
3 597 685 559
3 559 685 648
3 561 609 698
3 561 698 650
3 562 699 610
3 562 651 699
3 564 691 613
3 691 564 648
3 565 588 778
3 565 778 757
3 566 779 589
3 566 758 779
3 572 593 689
3 572 689 759
3 594 573 690
3 573 760 690
3 575 613 659
3 575 659 621
3 644 578 806
3 578 700 806
3 579 701 608
3 701 579 766
3 582 652 670
3 583 789 722
3 583 751 789
3 615 824 588
3 588 798 778
3 798 588 824
3 589 799 616
3 589 779 799
3 590 816 631
3 590 646 777
3 590 777 816
3 592 620 742
3 592 848 651
3 592 742 813
3 592 813 848
3 593 611 707
3 593 707 689
3 594 708 612
3 594 690 708
3 597 719 685
3 598 720 636
3 598 686 720
3 614 786 604
3 686 604 734
3 604 829 734
3 786 829 604
3 735 646 608
3 701 735 608
3 609 654 754
3 609 754 698
3 610 755 655
3 610 699 755
3 611 628 707
3 612 708 629
3 613 743 659
3 743 613 691
3 660 696 614
3 786 614 696
3 615 647 866
3 615 866 824
3 616 825 751
3 616 799 825
3 620 709 742
3 752 621 659
3 621 705 667
3 621 752 705
3 660 622 706
3 628 637 832
3 628 821 707
3 628 832 821
3 638 629 833
3 629 708 822
3 822 833 629
3 630 667 756
3 630 815 677
3 815 630 756
3 631 864 668
3 631 816 864
3 632 860 633
3 632 740 860
3 633 861 748
3 633 860 861
3 636 803 709
3 636 720 803
3 637 736 832
3 638 833 737
3 644 731 675
3 644 806 731
3 645 677 776
3 645 776 700
3 646 735 777
3 647 681 906
3 647 906 866
3 648 685 780
3 828 691 648
3 780 879 648
3 828 648 879
3 650 847 680
3 650 698 901
3 650 901 847
3 651 902 699
3 651 848 902
3 652 839 670
3 680 775 652
3 652 775 878
3 839 652 878
3 654 692 792
3 654 792 754
3 693 655 793
3 655 755 793
3 659 743 794
3 794 752 659
3 660 795 696
3 753 660 706
3 660 753 795
3 705 804 667
3 804 756 667
3 668 805 706
3 668 864 805
3 670 802 719
3 670 839 802
3 675 781 721
3 675 731 843
3 781 675 843
3 722 782 676
3 676 844 732
3 676 782 844
3 815 776 677
3 680 847 775
3 721 948 681
3 681 948 906
3 685 719 780
3 686 819 720
3 686 734 819
3 689 707 914
3 689 893 759
3 689 914 893
3 690 915 708
3 690 760 894
3 690 894 915
3 785 743 691
3 785 691 828
3 692 725 826
3 692 826 792
3 693 827 726
3 693 793 827
3 842 786 696
3 696 795 842
3 754 952 698
3 698 952 901
3 755 699 953
3 699 902 953
3 700 776 845
3 700 845 806
3 701 846 735
3 701 766 807
3 701 807 846
3 858 705 752
3 804 705 858
3 706 805 753
3 707 821 931
3 707 931 914
3 708 932 822
3 708 915 932
3 709 840 742
3 709 803 840
3 780 719 865
3 719 802 865
3 803 720 904
3 819 904 720
3 721 781 1008
3 721 1008 948
3 782 722 1009
3 722 789 949
3 722 949 1009
3 725 759 868
3 725 868 826
3 726 869 760
3 726 827 869
3 731 806 876
3 843 731 876
3 766 732 877
3 732 844 877
3 734 917 819
3 734 829 880
3 734 880 917
3 735 884 777
3 735 846 884
3 736 741 855
3 736 851 832
3 736 855 851
3 737 855 741
3 737 833 852
3 737 852 855
3 740 747 989
3 740 983 860
3 740 989 983
3 742 910 813
3 742 840 910
3 743 785 841
3 743 841 794
3 747 757 1002
3 747 1002 989
3 748 1003 758
3 748 861 990
3 748 990 1003
3 751 867 789
3 751 825 867
3 752 794 896
3 752 896 858
3 753 897 795
3 753 805 951
3 753 951 897
3 754 792 1000
3 754 1000 952
3 755 1001 793
3 755 953 1001
3 3793 756 804
3 815 756 971
3 971 756 3793
3 757 778 1002
3 758 1003 779
3 759 893 868
3 894 760 869
3 766 877 807
3 775 847 942
3 775 942 878
3 815 925 776
3 776 883 845
3 776 925 883
3 777 926 816
3 777 884 926
3 1027 778 798
3 1027 1002 778
3 779 1028 799
3 779 1003 1028
3 780 865 916
3 780 916 879
3 781 843 1079
3 781 1079 1008
3 782 1080 844
3 782 1009 1080
3 785 828 933
3 785 991 841
3 785 933 991
3 934 829 786
3 890 786 842
3 934 786 890
3 789 867 1035
3 789 1035 949
3 792 826 1050
3 792 1050 1000
3 793 1051 827
3 793 1001 1051
3 841 896 794
3 795 941 842
3 941 795 897
3 798 824 1083
3 1027 798 1052
3 798 1083 1052
3 825 799 1084
3 799 1028 1053
3 1084 799 1053
3 802 839 935
3 802 903 865
3 802 935 903
3 803 936 840
3 803 904 936
3 804 858 1068
3 3793 804 1068
3 1023 805 864
3 1023 951 805
3 845 913 806
3 806 913 876
3 807 1071 846
3 807 877 1039
3 1039 1071 807
3 813 943 848
3 813 910 943
3 815 971 925
3 816 972 864
3 816 926 972
3 819 962 904
3 819 917 962
3 821 832 939
3 821 939 931
3 822 940 833
3 822 932 940
3 1129 824 866
3 1083 824 1129
3 825 1130 867
3 825 1084 1130
3 826 868 1089
3 826 1089 1050
3 827 1090 869
3 827 1051 1090
3 828 879 980
3 933 828 980
3 880 829 981
3 829 934 981
3 832 851 945
3 832 945 939
3 833 946 852
3 833 940 946
3 839 878 977
3 839 977 935
3 840 978 910
3 840 936 978
3 1211 896 841
3 841 991 1211
3 842 941 890
3 843 876 1126
3 1079 843 1126
3 877 844 1127
3 1080 1127 844
3 845 883 992
3 845 947 913
3 845 992 947
3 846 1128 884
3 1071 1128 846
3 901 1006 847
3 847 1006 942
3 848 1007 902
3 848 943 1007
3 851 855 950
3 851 950 945
3 852 950 855
3 852 946 950
3 896 1135 858
3 1068 858 1135
3 860 984 861
3 860 983 979
3 860 979 984
3 861 984 990
3 1023 864 972
3 865 903 961
3 865 961 916
3 866 906 1034
3 866 1034 1129
3 867 1130 1035
3 868 893 996
3 868 996 1089
3 869 997 894
3 869 1090 997
3 913 1171 876
3 876 1171 1126
3 877 1127 1039
3 878 942 1021
3 878 1021 977
3 879 916 1037
3 879 1037 980
3 917 880 1038
3 880 981 1038
3 883 925 992
3 884 1187 926
3 884 1128 1187
3 1184 934 890
3 1119 890 941
3 1119 1184 890
3 893 914 1030
3 893 1030 996
3 894 1031 915
3 894 997 1031
3 1211 1135 896
3 897 1212 941
3 897 951 1136
3 897 1136 1212
3 901 952 1066
3 901 1066 1006
3 902 1067 953
3 902 1007 1067
3 903 935 1198
3 961 903 1133
3 903 1198 1133
3 904 1005 936
3 1005 904 962
3 906 948 1034
3 910 1022 943
3 910 978 1022
3 913 947 1237
3 913 1237 1171
3 914 931 1046
3 914 1046 1030
3 915 1047 932
3 915 1031 1047
3 916 961 1037
3 917 1038 962
3 925 971 1097
3 925 1045 992
3 925 1097 1045
3 926 1098 972
3 926 1187 1098
3 931 939 1046
3 932 1047 940
3 933 980 1257
3 991 933 1183
3 1183 933 1257
3 934 1258 981
3 1184 1258 934
3 935 977 1198
3 936 1247 978
3 936 1005 1199
3 936 1199 1247
3 1220 939 945
3 939 1208 1046
3 1220 1208 939
3 940 1221 946
3 940 1047 1209
3 940 1209 1221
3 1119 941 1212
3 942 1006 1289
3 942 1055 1021
3 942 1289 1055
3 943 1290 1007
3 943 1022 1202
3 943 1202 1290
3 950 1227 945
3 1220 945 1227
3 946 1227 950
3 946 1221 1227
3 1293 947 992
3 947 1293 1237
3 948 1008 1151
3 948 1085 1034
3 948 1151 1085
3 949 1152 1009
3 949 1035 1086
3 949 1086 1152
3 1069 951 1023
3 951 1069 1136
3 952 1000 1131
3 952 1131 1066
3 953 1132 1001
3 953 1067 1132
3 961 1232 1037
3 961 1133 1232
3 962 1292 1005
3 962 1038 1233
3 962 1233 1292
3 3793 1097 971
3 1023 972 1154
3 972 1098 1154
3 977 1021 1304
3 977 1304 1198
3 978 1305 1022
3 978 1247 1305
3 979 983 1320
3 979 1321 984
3 979 1320 1313
3 979 1313 1321
3 980 1037 1335
3 980 1335 1257
3 981 1336 1038
3 981 1258 1336
3 983 989 1332
3 983 1332 1320
3 984 1333 990
3 984 1321 1333
3 1332 989 1002
3 990 1158 1003
3 990 1333 1158
3 1277 991 1183
3 991 1277 1211
3 1045 1363 992
3 1363 1293 992
3 996 1030 1330
3 996 1287 1089
3 996 1330 1287
3 997 1331 1031
3 997 1090 1288
3 997 1288 1331
3 1000 1050 1190
3 1000 1190 1131
3 1001 1191 1051
3 1132 1191 1001
3 1027 1178 1002
3 1002 1178 1157
3 1332 1002 1157
3 1003 1179 1028
3 1003 1158 1179
3 1005 1357 1199
3 1005 1292 1357
3 1006 1066 1370
3 1006 1370 1289
3 1007 1371 1067
3 1007 1290 1371
3 1008 1079 1248
3 1008 1248 1151
3 1009 1249 1080
3 1009 1152 1249
3 1021 1055 1358
3 1021 1358 1304
3 1022 1359 1202
3 1022 1305 1359
3 1023 1231 1069
3 1023 1154 1231
3 1027 1052 1178
3 1028 1179 1053
3 1350 1030 1046
3 1030 1350 1330
3 1031 1351 1047
3 1031 1331 1351
3 1034 1085 1181
3 1034 1181 1129
3 1035 1182 1086
3 1035 1130 1182
3 1037 1232 1335
3 1233 1038 1393
3 1038 1336 1393
3 1039 1172 1071
3 1172 1039 1127
3 1045 1097 1363
3 1046 1208 1366
3 1046 1366 1350
3 1047 1367 1209
3 1047 1351 1367
3 1050 1089 1240
3 1050 1240 1190
3 1051 1241 1090
3 1051 1191 1241
3 1052 1083 1260
3 1052 1402 1178
3 1052 1260 1402
3 1084 1053 1261
3 1053 1179 1403
3 1053 1403 1261
3 1055 1289 1358
3 1066 1131 1435
3 1066 1435 1370
3 1067 1436 1132
3 1067 1371 1436
3 1068 1135 1299
3 1068 1299 1230
3 3793 1068 1230
3 1069 1300 1136
3 1069 1231 1300
3 1071 1294 1128
3 1172 1238 1071
3 1071 1238 1294
3 1126 1301 1079
3 1079 1301 1248
3 1127 1080 1302
3 1249 1302 1080
3 1129 1318 1083
3 1083 1318 1260
3 1319 1130 1084
3 1319 1084 1261
3 1085 1151 1431
3 1085 1431 1181
3 1086 1432 1152
3 1086 1182 1432
3 1089 1287 1240
3 1090 1241 1288
3 1461 1097 1153
3 3793 1153 1097
3 1363 1097 1421
3 1421 1097 1461
3 1098 1462 1154
3 1098 1187 1422
3 1098 1422 1462
3 1278 1184 1119
3 1278 1119 1212
3 1126 1171 1360
3 1126 1360 1301
3 1172 1127 1361
3 1302 1361 1127
3 1128 1364 1187
3 1128 1294 1364
3 1129 1181 1318
3 1130 1319 1182
3 1190 1467 1131
3 1131 1467 1435
3 1132 1468 1191
3 1132 1436 1468
3 1133 1198 1356
3 1232 1133 1445
3 1133 1356 1445
3 1211 1373 1135
3 1373 1299 1135
3 1212 1136 1374
3 1374 1136 1300
3 1151 1248 1482
3 1431 1151 1482
3 1152 1483 1249
3 1152 1432 1483
3 1153 1230 1511
3 3793 1230 1153
3 1511 1461 1153
3 1154 1512 1231
3 1154 1462 1512
3 1157 1178 1500
3 1157 1488 1332
3 1157 1500 1488
3 1158 1501 1179
3 1333 1489 1158
3 1158 1489 1501
3 1171 1237 1410
3 1171 1410 1360
3 1172 1361 1238
3 1178 1402 1500
3 1179 1501 1403
3 1504 1318 1181
3 1181 1431 1504
3 1505 1182 1319
3 1182 1505 1432
3 1183 1257 1354
3 1183 1354 1277
3 1258 1184 1420
3 1278 1355 1184
3 1420 1184 1355
3 1187 1364 1422
3 1190 1240 1506
3 1190 1506 1467
3 1191 1507 1241
3 1191 1468 1507
3 1198 1304 1407
3 1198 1407 1356
3 1199 1408 1247
3 1199 1357 1408
3 1202 1443 1290
3 1202 1359 1443
3 1208 1220 1366
3 1209 1367 1221
3 1211 1277 1373
3 1212 1441 1278
3 1212 1374 1441
3 1220 1227 1381
3 1377 1366 1220
3 1377 1220 1381
3 1221 1381 1227
3 1378 1221 1367
3 1221 1378 1381
3 1545 1230 1299
3 1230 1545 1511
3 1231 1546 1300
3 1231 1512 1546
3 1335 1232 1392
3 1232 1445 1392
3 1233 1446 1292
3 1233 1393 1446
3 1237 1293 1450
3 1237 1450 1410
3 1238 1553 1294
3 1238 1361 1518
3 1238 1518 1553
3 1240 1287 1437
3 1240 1437 1506
3 1241 1438 1288
3 1241 1507 1438
3 1247 1449 1305
3 1247 1408 1449
3 1248 1301 1531
3 1482 1248 1531
3 1249 1561 1302
3 1483 1532 1249
3 1249 1532 1561
3 1257 1335 1459
3 1354 1257 1419
3 1257 1459 1419
3 1336 1258 1460
3 1258 1420 1460
3 1318 1463 1260
3 1260 1543 1402
3 1260 1463 1543
3 1319 1261 1464
3 1261 1403 1544
3 1261 1544 1464
3 1277 1354 1479
3 1373 1277 1440
3 1277 1479 1440
3 1278 1441 1355
3 1456 1287 1330
3 1287 1456 1437
3 1288 1457 1331
3 1288 1438 1457
3 1289 1401 1358
3 1289 1370 1490
3 1289 1442 1401
3 1289 1490 1442
3 1290 1491 1371
3 1290 1443 1491
3 1292 1478 1357
3 1292 1446 1478
3 1363 1493 1293
3 1493 1450 1293
3 1294 1591 1364
3 1294 1553 1591
3 1299 1373 1589
3 1299 1589 1545
3 1374 1300 1590
3 1300 1546 1590
3 1301 1360 1560
3 1531 1301 1560
3 1561 1361 1302
3 1304 1358 1473
3 1304 1473 1407
3 1305 1474 1359
3 1305 1449 1474
3 1313 1320 1568
3 1313 1569 1321
3 1313 1568 1567
3 1313 1567 1569
3 1504 1463 1318
3 1505 1319 1464
3 1320 1332 1575
3 1320 1575 1568
3 1333 1321 1576
3 1576 1321 1569
3 1330 1350 1469
3 1330 1469 1456
3 1331 1470 1351
3 1331 1457 1470
3 1332 1488 1575
3 1333 1576 1489
3 1335 1392 1502
3 1335 1502 1459
3 1336 1503 1393
3 1336 1460 1503
3 1350 1366 1485
3 1350 1485 1469
3 1351 1486 1367
3 1351 1470 1486
3 1354 1419 1479
3 1420 1355 1614
3 1355 1441 1572
3 1572 1614 1355
3 1356 1407 1477
3 1445 1356 1477
3 1357 1478 1408
3 1358 1401 1473
3 1359 1474 1443
3 1360 1410 1598
3 1360 1598 1560
3 1518 1361 1599
3 1599 1361 1561
3 1363 1421 1525
3 1363 1525 1493
3 1364 1526 1422
3 1364 1591 1526
3 1366 1377 1485
3 1367 1486 1378
3 1370 1435 1523
3 1370 1523 1490
3 1371 1524 1436
3 1371 1491 1524
3 1373 1440 1633
3 1373 1633 1589
3 1374 1634 1441
3 1374 1590 1634
3 1377 1381 1579
3 1577 1485 1377
3 1577 1377 1579
3 1378 1579 1381
3 1378 1486 1578
3 1378 1578 1579
3 1445 1533 1392
3 1392 1533 1502
3 1446 1393 1534
3 1393 1503 1534
3 1401 1442 1622
3 1401 1622 1473
3 1402 1624 1500
3 1402 1543 1624
3 1403 1501 1625
3 1403 1625 1544
3 1407 1473 1538
3 1407 1538 1477
3 1408 1604 1449
3 1478 1604 1408
3 1410 1450 1626
3 1410 1626 1598
3 1419 1459 1660
3 1419 1613 1479
3 1419 1660 1613
3 1420 1661 1460
3 1420 1614 1661
3 1421 1461 1565
3 1421 1565 1525
3 1462 1422 1566
3 1526 1566 1422
3 1431 1482 1541
3 1431 1541 1504
3 1432 1542 1483
3 1505 1542 1432
3 1435 1467 1558
3 1435 1558 1523
3 1436 1559 1468
3 1436 1524 1559
3 1437 1456 1636
3 1437 1615 1506
3 1437 1636 1615
3 1438 1637 1457
3 1438 1507 1616
3 1438 1616 1637
3 1686 1440 1479
3 1686 1633 1440
3 1441 1634 1572
3 1442 1490 1681
3 1622 1442 1681
3 1623 1443 1474
3 1491 1443 1682
3 1443 1623 1682
3 1445 1477 1674
3 1445 1674 1533
3 1446 1534 1478
3 1673 1474 1449
3 1449 1604 1738
3 1738 1673 1449
3 1450 1493 1665
3 1450 1665 1626
3 1456 1469 1655
3 1456 1655 1636
3 1457 1656 1470
3 1457 1637 1656
3 1459 1502 1660
3 1460 1699 1503
3 1460 1661 1699
3 1461 1511 1605
3 1461 1605 1565
3 1462 1606 1512
3 1462 1566 1606
3 1463 1504 1608
3 1463 1691 1543
3 1463 1608 1691
3 1464 1609 1505
3 1544 1692 1464
3 1464 1692 1609
3 1467 1506 1594
3 1467 1594 1558
3 1468 1595 1507
3 1468 1559 1595
3 1469 1485 1669
3 1469 1669 1655
3 1470 1670 1486
3 1470 1656 1670
3 1473 1672 1538
3 1473 1622 1725
3 1672 1473 1725
3 1474 1673 1623
3 1477 1538 1710
3 1477 1710 1674
3 1478 1534 1675
3 1478 1675 1604
3 1686 1479 1613
3 1482 1531 1586
3 1482 1586 1541
3 1483 1587 1532
3 1483 1542 1587
3 1485 1577 1669
3 1486 1670 1578
3 1488 1500 1718
3 1488 1704 1575
3 1488 1718 1704
3 1489 1719 1501
3 1489 1576 1705
3 1489 1705 1719
3 1490 1523 1720
3 1490 1720 1681
3 1491 1721 1524
3 1491 1682 1721
3 1493 1525 1702
3 1493 1702 1665
3 1624 1718 1500
3 1501 1719 1625
3 1533 1731 1502
3 1502 1698 1660
3 1502 1731 1698
3 1732 1534 1503
3 1503 1699 1732
3 1504 1541 1651
3 1504 1651 1608
3 1505 1652 1542
3 1505 1609 1652
3 1506 1615 1594
3 1507 1595 1616
3 1511 1545 1647
3 1511 1647 1605
3 1512 1648 1546
3 1512 1606 1648
3 1553 1518 1627
3 1599 1627 1518
3 1523 1558 1750
3 1523 1750 1720
3 1559 1524 1751
3 1524 1721 1751
3 1525 1565 1741
3 1525 1741 1702
3 1742 1566 1526
3 1742 1526 1591
3 1531 1560 1641
3 1531 1641 1586
3 1561 1532 1678
3 1532 1587 1642
3 1532 1642 1678
3 1533 1674 1731
3 1732 1675 1534
3 1538 1672 1710
3 1541 1586 1651
3 1542 1652 1587
3 1543 1757 1624
3 1543 1691 1757
3 1544 1625 1758
3 1544 1758 1692
3 1545 1589 1695
3 1545 1695 1647
3 1546 1696 1590
3 1546 1648 1696
3 1666 1591 1553
3 1666 1553 1627
3 1558 1594 1776
3 1558 1776 1750
3 1559 1777 1595
3 1559 1751 1777
3 1560 1598 1677
3 1560 1677 1641
3 1678 1599 1561
3 1565 1605 1773
3 1741 1565 1773
3 1774 1606 1566
3 1742 1774 1566
3 1567 1568 1783
3 1567 1784 1569
3 1567 1783 1780
3 1567 1780 1784
3 1568 1575 1789
3 1568 1789 1783
3 1790 1576 1569
3 1790 1569 1784
3 1810 1614 1572
3 1572 1634 1772
3 1810 1572 1772
3 1789 1575 1704
3 1576 1790 1705
3 1577 1579 1685
3 1669 1577 1679
3 1577 1685 1679
3 1578 1685 1579
3 1578 1670 1680
3 1578 1680 1685
3 1586 1641 1799
3 1586 1799 1651
3 1587 1800 1642
3 1587 1652 1800
3 1633 1734 1589
3 1589 1734 1695
3 1634 1590 1735
3 1590 1696 1735
3 1591 1666 1703
3 1742 1591 1703
3 1594 1615 1713
3 1594 1713 1776
3 1595 1714 1616
3 1595 1777 1714
3 1598 1626 1708
3 1598 1708 1677
3 1709 1627 1599
3 1678 1709 1599
3 1604 1675 1795
3 1738 1604 1795
3 1605 1647 1807
3 1605 1807 1773
3 1808 1648 1606
3 1808 1606 1774
3 1608 1651 1815
3 1608 1815 1691
3 1609 1816 1652
3 1609 1692 1816
3 1613 1660 1834
3 1613 1809 1686
3 1613 1834 1809
3 1614 1835 1661
3 1810 1835 1614
3 1615 1636 1729
3 1615 1729 1713
3 1616 1730 1637
3 1616 1714 1730
3 1622 1681 1725
3 1673 1812 1623
3 1682 1623 2016
3 1812 2016 1623
3 1624 1737 1718
3 1624 1757 1737
3 1625 1719 1820
3 1625 1820 1758
3 1626 1665 1739
3 1626 1739 1708
3 1627 1740 1666
3 1709 1740 1627
3 1633 1686 1771
3 1633 1771 1734
3 1634 1735 1772
3 1636 1655 1747
3 1636 1747 1729
3 1730 1656 1637
3 1641 1677 1840
3 1799 1641 1840
3 1642 1866 1678
3 1642 1800 1841
3 1642 1841 1866
3 1647 1695 1836
3 1647 1836 1807
3 1648 1837 1696
3 1808 1837 1648
3 1651 1799 1851
3 1815 1651 1851
3 1652 1852 1800
3 1652 1816 1852
3 1655 1669 1747
3 1656 1829 1670
3 1821 1656 1730
3 1821 1829 1656
3 1660 1698 1868
3 1660 1868 1834
3 1661 1869 1699
3 1661 1835 1869
3 1665 1702 1766
3 1665 1766 1739
3 1703 1666 1888
3 1666 1740 1858
3 1666 1858 1888
3 1669 1679 1842
3 1669 1828 1747
3 1669 1842 1828
3 1670 1843 1680
3 1670 1829 1843
3 1710 1672 1794
3 1672 1725 1973
3 1672 1847 1794
3 1672 1973 1847
3 1848 1673 1738
3 1673 1848 1812
3 1674 1710 1794
3 1674 1765 1731
3 1674 1794 1765
3 1675 1732 1931
3 1675 1931 1795
3 1677 1708 1865
3 1677 1865 1840
3 1678 1866 1709
3 1679 1685 1846
3 1679 1846 1842
3 1680 1846 1685
3 1680 1843 1846
3 1681 1720 2044
3 1725 1681 2015
3 1681 2044 2015
3 1682 2045 1721
3 2016 2045 1682
3 1686 1809 1771
3 1691 1874 1757
3 1691 1815 1874
3 1692 1758 1875
3 1692 1875 1816
3 1695 1734 1878
3 1695 1878 1836
3 1696 1879 1735
3 1696 1837 1879
3 1698 1731 1868
3 1699 1902 1732
3 1699 1869 1902
3 1702 1741 1801
3 1702 1801 1766
3 1824 1742 1703
3 1888 1824 1703
3 1704 1718 1897
3 1789 1704 1974
3 1704 1897 1974
3 1705 1898 1719
3 1705 1790 1975
3 1705 1975 1898
3 1739 1893 1708
3 1893 1865 1708
3 1894 1740 1709
3 1866 1894 1709
3 1713 1729 2138
3 1713 2114 1776
3 1713 2138 2114
3 1714 2139 1730
3 1714 1777 1963
3 1714 1963 2139
3 1737 1911 1718
3 1718 1911 1897
3 1719 1898 1820
3 1720 1750 2044
3 1721 2071 1751
3 1721 2045 2071
3 1725 2015 1973
3 1729 1747 2138
3 1821 1730 2139
3 1731 1765 1901
3 1868 1731 1901
3 1732 1902 1931
3 1734 1771 1907
3 1734 1907 1878
3 1735 1908 1772
3 1735 1879 1908
3 1737 1757 1941
3 1737 1941 1911
3 1961 1738 1795
3 1738 1961 1848
3 1739 1766 1952
3 1952 1893 1739
3 1858 1740 1953
3 1894 1953 1740
3 1741 1773 1823
3 1741 1823 1801
3 1824 1774 1742
3 1828 2168 1747
3 2138 1747 2147
3 1747 2168 2147
3 1750 1776 2094
3 2044 1750 2070
3 1750 2094 2070
3 1751 1943 1777
3 1751 2071 1943
3 1757 1874 1941
3 1758 1820 1942
3 1758 1942 1875
3 2097 1765 1794
3 1901 1765 2068
3 1765 2097 2068
3 1766 1801 1952
3 1771 1809 1947
3 1907 1771 1947
3 1810 1772 1948
3 1908 1948 1772
3 1773 1807 1861
3 1773 1861 1823
3 1862 1808 1774
3 1774 1824 1862
3 1776 2114 2094
3 1963 1777 1943
3 1780 1783 1957
3 1780 1958 1784
3 1780 1957 1956
3 1780 1956 1958
3 1783 1789 1967
3 1783 1967 1957
3 1790 1784 1968
3 1784 1958 1968
3 1789 1974 1967
3 1790 1968 1975
3 1847 2195 1794
3 2126 2097 1794
3 2126 1794 2195
3 1931 1961 1795
3 1799 1840 1934
3 1886 1851 1799
3 1799 1934 1886
3 1935 1841 1800
3 1800 1852 1887
3 1935 1800 1887
3 1801 1823 1983
3 1801 1983 1952
3 1807 1836 1895
3 1807 1895 1861
3 1896 1837 1808
3 1862 1896 1808
3 1809 1834 1981
3 1809 1981 1947
3 1810 1982 1835
3 1810 1948 1982
3 1812 1848 2050
3 1812 2050 2016
3 1815 1851 1990
3 1874 1815 1990
3 1816 3953 1852
3 1875 1991 1816
3 1816 1991 3953
3 1820 1898 1998
3 1820 1998 1942
3 1821 2169 1829
3 1821 2139 2148
3 1821 2148 2169
3 1823 1861 2008
3 1983 1823 2008
3 1824 2009 1862
3 1888 2009 1824
3 1828 1842 2179
3 1828 2179 2168
3 1829 2169 1843
3 1834 1868 2013
3 1834 2013 1981
3 1835 2014 1869
3 1835 1982 2014
3 1836 1878 1929
3 1836 1929 1895
3 1837 1930 1879
3 1896 1930 1837
3 1840 1865 1934
3 1841 1935 1866
3 1842 1846 2001
3 1842 2001 2179
3 1843 2001 1846
3 1843 2184 2001
3 2169 2180 1843
3 1843 2180 2184
3 2238 1847 1973
3 1847 2238 2195
3 1848 1961 2196
3 1848 2196 2050
3 1886 2056 1851
3 1990 1851 2027
3 2056 2027 1851
3 1887 1852 2057
3 2057 1852 3953
3 1858 1953 1888
3 1861 1895 2038
3 1861 2038 2008
3 2039 1896 1862
3 2009 2039 1862
3 1865 1893 1959
3 1865 1959 1934
3 1866 1987 1894
3 1935 1960 1866
3 1866 1960 1987
3 1868 1901 2036
3 1868 2036 2013
3 1869 2037 1902
3 1869 2014 2037
3 1874 2046 1941
3 1874 1990 2046
3 1875 1942 2047
3 1875 2047 1991
3 1878 1907 1970
3 1878 1970 1929
3 1879 1971 1908
3 1879 1930 1971
3 1934 2104 1886
3 2104 2056 1886
3 1935 1887 2105
3 1887 2057 2105
3 1953 1984 1888
3 1984 2009 1888
3 1952 2006 1893
3 1959 1893 1986
3 1893 2006 1986
3 1953 1894 2007
3 1894 1987 2007
3 1895 1929 2076
3 1895 2076 2038
3 1896 2077 1930
3 2039 2077 1896
3 1911 2086 1897
3 1974 1897 2157
3 1897 2086 2157
3 1898 1975 2158
3 1898 2158 1998
3 2036 1901 2068
3 2069 1931 1902
3 2037 2069 1902
3 1947 1995 1907
3 1970 1907 1995
3 1908 1996 1948
3 1908 1971 1996
3 1911 1941 2102
3 2086 1911 2102
3 1929 1970 2106
3 1929 2106 2076
3 1930 2107 1971
3 2107 1930 2077
3 1961 1931 2127
3 2069 2098 1931
3 1931 2098 2127
3 1934 1959 2104
3 1935 2105 1960
3 1941 2046 2102
3 1942 1998 2103
3 1942 2103 2047
3 1943 2115 1963
3 2071 2095 1943
3 1943 2095 2115
3 1947 1981 2117
3 1947 2117 1995
3 1948 2033 1982
3 1948 1996 2033
3 1952 1983 2035
3 1952 2035 2006
3 1953 2123 1984
3 1953 2007 2123
3 1956 1957 2124
3 1956 2125 1958
3 1956 2124 2121
3 1956 2121 2125
3 1957 1967 2133
3 1957 2133 2124
3 1958 2134 1968
3 1958 2125 2134
3 1959 1986 2131
3 2104 1959 2131
3 1960 2132 1987
3 1960 2105 2132
3 1961 2127 2152
3 1961 2152 2196
3 1963 2115 2139
3 1967 1974 2133
3 1968 2141 1975
3 1968 2134 2141
3 1970 1995 2142
3 2106 1970 2142
3 1971 2143 1996
3 1971 2107 2143
3 1973 2015 2088
3 1973 2088 2238
3 1974 2140 2133
3 1974 2157 2140
3 1975 2141 2158
3 1981 2013 2165
3 2117 1981 2165
3 1982 2166 2014
3 1982 2033 2166
3 1983 2008 2063
3 2035 1983 2063
3 1984 2064 2009
3 1984 2123 2064
3 1986 2006 2093
3 1986 2093 2131
3 1987 2198 2007
3 1987 2132 2198
3 1990 2027 2208
3 1990 2174 2046
3 1990 2208 2174
3 1991 2047 2175
3 1991 2175 2209
3 1991 2209 3953
3 1995 2117 2193
3 1995 2193 2142
3 1996 2194 2033
3 1996 2143 2194
3 1998 2190 2103
3 1998 2158 2190
3 2184 2179 2001
3 2006 2035 2093
3 2007 2223 2123
3 2198 2223 2007
3 2038 2129 2008
3 2063 2008 2129
3 2009 2130 2039
3 2009 2064 2130
3 2013 2036 2199
3 2013 2199 2165
3 2014 2200 2037
3 2014 2166 2200
3 2015 2044 2119
3 2088 2015 2119
3 2016 2120 2045
3 2050 2089 2016
3 2089 2120 2016
3 2027 2056 2149
3 2027 2149 2208
3 2166 2033 2221
3 2194 2221 2033
3 2035 2063 2163
3 2093 2035 2222
3 2035 2163 2222
3 2036 2068 2234
3 2036 2234 2199
3 2037 2235 2069
3 2037 2200 2235
3 2038 2076 2129
3 2039 2130 2077
3 2044 2070 2154
3 2044 2154 2119
3 2120 2071 2045
3 2046 2228 2102
3 2046 2174 2228
3 2047 2103 2229
3 2047 2229 2175
3 2050 2450 2089
3 2196 2401 2050
3 2050 2401 2450
3 2104 2204 2056
3 2204 2149 2056
3 2057 2205 2105
3 2057 2150 2205
3 2057 3953 2150
3 2063 2129 2163
3 2123 2164 2064
3 2064 2164 2130
3 2068 2097 2266
3 2068 2266 2234
3 2069 2267 2098
3 2069 2235 2267
3 2070 2094 2154
3 2071 2250 2095
3 2071 2120 2250
3 2076 2106 2182
3 2076 2182 2129
3 2107 2077 2183
3 2183 2077 2130
3 2086 2102 2399
3 2157 2086 2363
3 2086 2399 2363
3 2088 2119 2308
3 2238 2088 2274
3 2088 2308 2274
3 2120 2089 2309
3 2309 2089 2497
3 2089 2450 2497
3 2282 2131 2093
3 2282 2093 2222
3 2094 2114 2292
3 2154 2094 2275
3 2094 2292 2275
3 2095 2293 2115
3 2095 2250 2276
3 2095 2276 2293
3 2097 2126 2291
3 2097 2291 2266
3 2127 2098 2438
3 2098 2267 2412
3 2098 2412 2438
3 2102 2228 2399
3 2103 2190 2400
3 2103 2400 2229
3 2230 2104 2131
3 2230 2204 2104
3 2105 2231 2132
3 2105 2205 2231
3 2142 2211 2106
3 2106 2211 2182
3 2296 2143 2107
3 2296 2107 2183
3 2114 2138 2313
3 2114 2313 2292
3 2115 2314 2139
3 2314 2115 2293
3 2165 2220 2117
3 2117 2220 2193
3 2119 2154 2308
3 2120 2309 2250
3 2121 2124 2306
3 2121 2307 2125
3 2121 2306 2304
3 2121 2304 2307
3 2223 2164 2123
3 2124 2133 2317
3 2124 2317 2306
3 2125 2318 2134
3 2318 2125 2307
3 2195 2472 2126
3 2126 2437 2291
3 2126 2472 2437
3 2152 2127 2473
3 2127 2438 2473
3 2163 2129 2232
3 2129 2182 2232
3 2233 2130 2164
3 2233 2183 2130
3 2230 2131 2282
3 2132 2231 2198
3 2133 2140 2326
3 2317 2133 2326
3 2134 2327 2141
3 2134 2318 2327
3 2138 2147 2245
3 2138 2245 2313
3 2139 2246 2148
3 2139 2314 2246
3 2140 2157 2326
3 2141 2345 2158
3 2141 2327 2345
3 2142 2193 2387
3 2142 2338 2211
3 2142 2387 2338
3 2278 2194 2143
3 2143 2339 2278
3 2339 2143 2296
3 2147 2168 2251
3 2147 2251 2245
3 2148 2252 2169
3 2148 2246 2252
3 2149 2204 2336
3 2149 2336 2208
3 2150 2337 2205
3 2150 2209 2337
3 3953 2209 2150
3 2196 2152 2473
3 2154 2275 2464
3 2154 2464 2308
3 2326 2157 2344
3 2157 2363 2344
3 2158 2364 2190
3 2158 2345 2364
3 2163 2257 2222
3 2163 2232 2257
3 2223 2258 2164
3 2258 2233 2164
3 2165 2199 2262
3 2165 2262 2220
3 2200 2166 2289
3 2166 2221 2359
3 2289 2166 2359
3 2168 2179 2259
3 2168 2259 2251
3 2169 2260 2180
3 2169 2252 2260
3 2174 2208 2290
3 2174 2355 2228
3 2174 2290 2355
3 2175 2404 2209
3 2175 2229 2356
3 2175 2356 2404
3 2179 2184 2261
3 2179 2261 2259
3 2180 2261 2184
3 2180 2260 2261
3 2211 2361 2182
3 2182 2361 2232
3 2183 2233 2362
3 2183 2362 2296
3 2190 2364 2400
3 2193 2220 2387
3 2194 2278 2221
3 2195 2238 2503
3 2195 2503 2472
3 2401 2196 2473
3 2311 2223 2198
3 2231 2389 2198
3 2198 2423 2311
3 2198 2389 2423
3 2199 2234 2288
3 2199 2288 2262
3 2200 2289 2235
3 2230 2319 2204
3 2204 2319 2402
3 2336 2204 2402
3 2205 2320 2231
3 2205 2403 2320
3 2205 2337 2403
3 2208 2336 2290
3 2337 2209 2404
3 2211 2338 2413
3 2413 2361 2211
3 2262 2433 2220
3 2220 2433 2387
3 2221 2278 2316
3 2221 2316 2359
3 2310 2222 2257
3 2310 2282 2222
3 2354 2258 2223
3 2311 2354 2223
3 2425 2228 2355
3 2425 2399 2228
3 2229 2426 2356
3 2229 2400 2426
3 2319 2230 2282
3 2231 2320 2389
3 2232 2435 2257
3 2361 2435 2232
3 2233 2258 2436
3 2362 2233 2436
3 2234 2266 2439
3 2234 2439 2288
3 2267 2235 2367
3 2235 2289 2328
3 2235 2328 2367
3 2274 2573 2238
3 2238 2573 2503
3 2245 2251 2331
3 2245 2331 2313
3 2246 2332 2252
3 2246 2314 2332
3 2250 2702 2276
3 2309 2541 2250
3 2250 2541 2702
3 2251 2259 2342
3 2251 2342 2331
3 2252 2343 2260
3 2252 2332 2343
3 2310 2257 2353
3 2257 2435 2353
3 2354 2436 2258
3 2259 2261 2350
3 2259 2350 2342
3 2260 2351 2261
3 2260 2343 2351
3 2261 2357 2350
3 2261 2351 2357
3 2262 2288 2468
3 2262 2468 2433
3 2266 2291 2479
3 2266 2479 2439
3 2267 2367 2412
3 2274 2308 2660
3 2573 2274 2732
3 2274 2660 2732
3 2275 2292 2734
3 2275 2734 2464
3 2276 2735 2293
3 2276 2702 2735
3 2278 2388 2316
3 2388 2278 2339
3 2310 2422 2282
3 2319 2282 2457
3 2282 2422 2457
3 2288 2439 2505
3 2288 2505 2468
3 2289 2506 2328
3 2289 2359 2506
3 2290 2336 2440
3 2290 2496 2355
3 2290 2440 2496
3 2291 2437 2514
3 2291 2514 2479
3 2313 2543 2292
3 2292 2543 2760
3 2292 2760 2734
3 2314 2293 2761
3 2293 2735 2761
3 2509 2339 2296
3 2362 2509 2296
3 2304 2306 2517
3 2307 2304 2518
3 2304 2517 2516
3 2518 2304 2516
3 2306 2317 2517
3 2525 2318 2307
3 2525 2307 2518
3 2308 2464 2660
3 2309 2497 2541
3 2310 2353 2459
3 2422 2310 2459
3 2354 2311 2460
3 2311 2423 2460
3 2313 2331 2543
3 2314 2568 2332
3 2314 2827 2568
3 2314 2761 2827
3 2316 2581 2359
3 2388 2535 2316
3 2316 2535 2581
3 2317 2326 2524
3 2317 2524 2517
3 2318 2525 2327
3 2319 2457 2402
3 2320 2458 2389
3 2320 2403 2458
3 2326 2344 2549
3 2326 2549 2524
3 2327 2538 2345
3 2525 2538 2327
3 2328 2480 2367
3 2328 2548 2480
3 2506 2548 2328
3 2331 2342 2567
3 2331 2567 2543
3 2332 2568 2343
3 2336 2402 2492
3 2336 2492 2440
3 2493 2403 2337
3 2337 2404 2441
3 2441 2493 2337
3 2338 2387 2453
3 2338 2453 2413
3 2339 2454 2388
3 2339 2509 2454
3 2342 2350 2576
3 2567 2342 2576
3 2343 2577 2351
3 2343 2568 2577
3 2363 2574 2344
3 2549 2344 2574
3 2345 2575 2364
3 2345 2538 2575
3 2357 2584 2350
3 2350 2584 2576
3 2357 2351 2589
3 2351 2577 2585
3 2589 2351 2585
3 2353 2435 2459
3 2460 2436 2354
3 2651 2425 2355
3 2355 2496 2651
3 2356 2601 2404
3 2356 2426 2652
3 2356 2652 2601
3 2584 2357 2589
3 2359 2581 2506
3 2413 2469 2361
3 2361 2469 2435
3 2436 2509 2362
3 2363 2399 2599
3 2363 2599 2574
3 2400 2364 2600
3 2364 2575 2600
3 2367 2480 2412
3 2387 2433 2453
3 2388 2454 2535
3 2389 2520 2423
3 2389 2458 2520
3 2625 2399 2425
3 2399 2625 2599
3 2400 2626 2426
3 2400 2600 2626
3 2401 2621 2450
3 2401 2473 2621
3 2402 2457 2558
3 2402 2558 2492
3 2403 2559 2458
3 2403 2493 2559
3 2441 2404 2644
3 2404 2601 2644
3 2412 2515 2438
3 2412 2480 2515
3 2453 2553 2413
3 2413 2616 2469
3 2413 2553 2616
3 2421 3359 3357
3 3699 2421 3357
3 3359 2421 4755
3 5057 2421 3699
3 2421 4724 4755
3 4724 2421 5057
3 2422 2624 2457
3 2422 2459 2562
3 2624 2422 2562
3 2423 2563 2460
3 2423 2520 2563
3 2651 2625 2425
3 2426 2626 2652
3 2433 2534 2453
3 2433 2468 2534
3 2435 2533 2459
3 2435 2469 2533
3 2460 2638 2436
3 2509 2436 2578
3 2638 2578 2436
3 2437 2472 2551
3 2437 2551 2514
3 2438 2552 2473
3 2552 2438 2515
3 2439 2479 2597
3 2439 2597 2505
3 2440 2492 2694
3 2440 2643 2496
3 2440 2694 2643
3 2695 2493 2441
3 2695 2441 2644
3 2497 2450 2674
3 2450 2621 2674
3 2453 2534 2553
3 2454 2509 2554
3 2454 2554 2535
3 2558 2457 2624
3 2458 2594 2520
3 2458 2559 2594
3 2459 2533 2562
3 2460 2563 2638
3 2464 2701 2660
3 2464 2734 2701
3 2505 2580 2468
3 2534 2468 2580
3 2469 2672 2533
3 2616 2672 2469
3 2472 2503 2591
3 2472 2591 2551
3 2473 2552 2592
3 2473 2592 2621
3 2479 2514 2597
3 2480 2699 2515
3 2480 2548 2699
3 2558 2649 2492
3 2649 2754 2492
3 2492 2754 2694
3 2559 2493 2755
3 2493 2695 2755
3 2696 2496 2643
3 2696 2651 2496
3 2497 2733 2541
3 2497 2674 2733
3 2503 2573 2620
3 2503 2620 2591
3 2505 2618 2580
3 2505 2597 2618
3 2506 2619 2548
3 2506 2581 2619
3 2509 2617 2554
3 2509 2578 2617
3 2514 2551 2629
3 2514 2629 2597
3 2764 2552 2515
3 2515 2699 2764
3 2516 2517 2719
3 2518 2516 2720
3 2516 2719 2715
3 2516 2715 2720
3 2517 2524 2727
3 2517 2727 2719
3 2525 2518 2728
3 2728 2518 2720
3 2520 2656 2563
3 2520 2594 2656
3 2549 2752 2524
3 2727 2524 2752
3 2525 2741 2538
3 2525 2728 2741
3 2562 2533 2736
3 2533 2672 2736
3 2534 2640 2553
3 2580 2640 2534
3 2535 2554 2641
3 2535 2641 2581
3 2538 2753 2575
3 2538 2741 2753
3 2541 2769 2702
3 2541 2733 2769
3 2543 2567 3960
3 2543 2826 2760
3 2543 3960 2826
3 2548 2619 2699
3 2549 2574 2762
3 2549 2762 2752
3 2551 2591 2763
3 2551 2763 2629
3 2764 2592 2552
3 2616 2553 2653
3 2553 2640 2653
3 2617 2654 2554
3 2641 2554 2654
3 2717 2558 2624
3 2558 2717 2649
3 2559 2755 2594
3 2756 2624 2562
3 2756 2562 2736
3 2563 2737 2638
3 2563 2656 2737
3 2567 2576 2692
3 2567 2692 2812
3 2567 2812 3960
3 2568 2726 2577
3 2568 4614 2726
3 2827 2817 2568
3 2568 2817 4614
3 2573 2673 2620
3 2573 2732 2673
3 2574 2599 2776
3 2574 2776 2762
3 2575 2777 2600
3 2575 2753 2777
3 2637 2576 2584
3 2637 2692 2576
3 2577 2686 2585
3 2577 2726 2686
3 2617 2578 2711
3 2638 2766 2578
3 2578 2766 2711
3 2618 2680 2580
3 2580 2680 2640
3 2581 2681 2619
3 2641 2681 2581
3 2584 2589 2639
3 2584 2669 2637
3 2584 2639 2669
3 2610 2589 2585
3 2686 2610 2585
3 2589 2610 2639
3 2591 2620 2793
3 2591 2793 2763
3 2592 2730 2621
3 2592 2783 2730
3 2764 2783 2592
3 2718 2656 2594
3 2718 2594 2755
3 2597 2698 2618
3 2597 2629 2698
3 2599 2625 2776
3 2600 2787 2626
3 2600 2777 2787
3 2644 2601 2697
3 2601 2652 2697
3 2610 2704 2639
3 2724 2610 2686
3 2610 2724 2704
3 2616 2653 2710
3 2616 2710 2672
3 2617 2711 2654
3 2618 2721 2680
3 2618 2698 2721
3 2619 2681 2722
3 2619 2722 2699
3 2673 2793 2620
3 2621 2758 2674
3 2621 2730 2758
3 2717 2624 2756
3 2651 2805 2625
3 2776 2625 2805
3 2626 2806 2652
3 2626 2787 2806
3 2629 2780 2698
3 2629 2763 2794
3 2629 2794 2780
3 2637 2669 2759
3 2637 5255 2692
3 2637 2759 2790
3 2637 2790 5255
3 2638 2737 2766
3 2639 2723 2669
3 2639 2704 2723
3 2640 2746 2653
3 2640 2680 2746
3 2747 2641 2654
3 2747 2681 2641
3 2643 2694 2818
3 2696 2643 2838
3 2643 2818 2838
3 2775 2695 2644
3 2644 2697 2839
3 2644 2839 2775
3 2754 2649 2717
3 2819 2651 2696
3 2805 2651 2819
3 2652 2820 2697
3 2652 2806 2820
3 2653 2778 2710
3 2653 2746 2778
3 2654 2711 2779
3 2779 2747 2654
3 2757 2656 2718
3 2737 2656 2757
3 2660 2701 2768
3 2660 2768 2732
3 2723 5637 2669
3 5637 2759 2669
3 2672 2710 2765
3 2672 2765 2736
3 2673 2732 2823
3 2673 2811 2793
3 2673 2823 2811
3 2674 2774 2733
3 2674 2758 2774
3 2680 2721 2770
3 2680 2770 2746
3 2681 2771 2722
3 2681 2747 2771
3 2686 2773 2724
3 2726 2767 2686
3 2767 2773 2686
3 2692 2832 2812
3 5255 2832 2692
3 2694 2754 2800
3 2694 2800 2818
3 2695 2775 2755
3 2819 2696 2838
3 2697 2820 2839
3 2698 2780 2721
3 2699 2722 2781
3 2795 2764 2699
3 2699 2781 2795
3 2701 2734 2785
3 2701 2785 2768
3 2702 2786 2735
3 2702 2769 2786
3 4979 2723 2704
3 2704 2724 2772
3 5702 2704 2772
3 5702 4979 2704
3 2710 2808 2765
3 2710 2778 2808
3 2711 2766 2809
3 2711 2809 2779
3 2715 2719 2833
3 2715 2834 2720
3 2715 2833 2831
3 2715 2831 2834
3 2754 2717 2829
3 2717 2756 2829
3 2718 2755 2830
3 2757 2718 2851
3 2718 2830 2851
3 2719 2727 2833
3 2728 2720 2836
3 2720 2834 2836
3 2721 2788 2770
3 2721 2780 2788
3 2722 2771 2789
3 2722 2789 2781
3 4979 5637 2723
3 2724 2784 2772
3 2724 2773 2784
3 2726 4614 2767
3 2727 2752 2840
3 2727 2840 2833
3 2728 2836 2741
3 2730 2849 2758
3 2783 2849 2730
3 2732 2768 2798
3 2823 2732 2798
3 2733 2799 2769
3 2733 2774 2837
3 2733 2837 2799
3 2734 2760 2803
3 2734 2803 2785
3 2735 2804 2761
3 2735 2786 2804
3 2756 2736 2791
3 2736 2765 2810
3 2736 2810 2791
3 2737 2757 2792
3 2737 2792 2766
3 2741 2841 2753
3 2836 2841 2741
3 2746 2770 2796
3 2746 2796 2778
3 2779 2771 2747
3 2752 2762 2855
3 2752 2855 2840
3 2753 2856 2777
3 2753 2841 2856
3 2754 2829 2800
3 2755 2775 2801
3 2830 2755 2801
3 2850 2756 2791
3 2829 2756 2850
3 2757 2877 2792
3 2757 2851 2877
3 2774 2758 2873
3 2873 2758 2849
3 2797 2790 2759
3 5637 2797 2759
3 2760 2864 2803
3 2760 2826 2864
3 2761 2804 2865
3 2827 2761 2865
3 2762 2776 2855
3 2763 2793 2813
3 2763 2813 2794
3 2764 2814 2783
3 2795 2814 2764
3 2765 2808 2810
3 2766 2792 2828
3 2828 2809 2766
3 2821 2773 2767
3 2767 2807 2821
3 2807 2767 4614
3 2768 2785 2869
3 2768 2869 2798
3 2769 2870 2786
3 2769 2799 2870
3 2770 2788 2815
3 2770 2815 2796
3 2771 2779 2816
3 2771 2816 2789
3 2772 2784 3916
3 2772 3916 4420
3 4420 5702 2772
3 2822 2784 2773
3 2773 2821 2822
3 2837 2774 2873
3 2775 2885 2801
3 2775 2839 2861
3 2775 2861 2885
3 2776 2805 2874
3 2776 2874 2855
3 2777 2875 2787
3 2777 2856 2875
3 2778 2796 2808
3 2779 2809 2843
3 2779 2843 2816
3 2780 2824 2788
3 2780 2794 2824
3 2781 2789 2825
3 2781 2825 2795
3 2783 2814 2849
3 2784 2822 3916
3 2785 2803 2894
3 2785 2894 2869
3 2786 2895 2804
3 2786 2870 2895
3 2787 2893 2806
3 2787 2875 2893
3 2815 2788 2854
3 2788 2824 2854
3 2789 2816 2835
3 2789 2835 2825
3 2790 2797 2847
3 2790 2847 2832
3 5255 2790 2832
3 2791 2810 2876
3 2850 2791 2876
3 2792 2898 2828
3 2792 2877 2898
3 2811 2848 2793
3 2793 2848 2813
3 2794 2813 2844
3 2794 2844 2824
3 2795 2845 2814
3 2795 2825 2845
3 2796 2842 2808
3 2796 2815 2842
3 5574 2847 2797
3 4825 5574 2797
3 5637 4825 2797
3 2823 2798 2886
3 2798 2869 2899
3 2798 2899 2886
3 2799 2837 2900
3 2799 2900 2870
3 2818 2800 2884
3 2800 2829 2907
3 2800 2907 2884
3 2801 2885 2830
3 2803 2864 2904
3 2803 2904 2894
3 2804 2905 2865
3 2804 2895 2905
3 2805 2819 2892
3 2805 2892 2874
3 2806 2902 2820
3 2806 2893 2902
3 2937 2807 2817
3 4614 2817 2807
3 2911 2821 2807
3 2937 2911 2807
3 2808 2852 2810
3 2808 2842 2852
3 2853 2809 2828
3 2809 2853 2843
3 2810 2852 2890
3 2810 2906 2876
3 2810 2890 2906
3 2811 2823 2857
3 2811 2857 2848
3 2812 2832 2862
3 2812 2862 2863
3 2812 2863 3960
3 2813 2858 2844
3 2813 2848 2858
3 2814 2845 2859
3 2814 2859 2849
3 2815 2878 2842
3 2815 2854 2878
3 2835 2816 2879
3 2816 2843 2879
3 2817 2827 4176
3 2817 4884 2937
3 2817 4176 4884
3 2818 2860 2838
3 2818 2884 2860
3 2819 2838 2922
3 2819 2922 2892
3 2820 2902 2839
3 2822 2821 2881
3 2881 2821 2911
3 2822 2881 3934
3 2822 3934 3916
3 2823 2886 2857
3 2824 2844 2854
3 2868 2825 2835
3 2845 2825 2868
3 3960 2863 2826
3 2826 2863 4634
3 2826 2932 2864
3 2826 4634 2932
3 2827 2865 2880
3 2827 2880 4176
3 2853 2828 2891
3 2828 2898 2891
3 2829 2850 2927
3 2829 2927 2907
3 2851 2830 2928
3 2885 2908 2830
3 2830 2908 2928
3 2831 2833 2920
3 2831 2921 2834
3 2831 2920 2919
3 2831 2919 2921
3 2832 2847 5230
3 2832 5230 2862
3 2833 2840 2929
3 2833 2929 2920
3 2924 2836 2834
3 2924 2834 2921
3 2868 2835 2879
3 2924 2841 2836
3 2837 2873 2900
3 2838 2860 2942
3 2922 2838 2942
3 2839 2943 2861
3 2839 2902 2943
3 2840 2855 2938
3 2840 2938 2929
3 2841 2935 2856
3 2924 2935 2841
3 2842 2882 2852
3 2842 2878 2882
3 2843 2853 2883
3 2843 2883 2879
3 2844 2888 2854
3 2844 2858 2888
3 2845 2889 2859
3 2845 2868 2889
3 2847 4573 5230
3 5574 4573 2847
3 2848 2857 2896
3 2848 2896 2858
3 2849 2859 2897
3 2849 2897 2873
3 2850 2876 2953
3 2927 2850 2953
3 2851 2954 2877
3 2851 2928 2954
3 2852 2882 2890
3 2853 2891 2883
3 2878 2854 2909
3 2854 2888 2909
3 2855 2874 2955
3 2855 2955 2938
3 2856 2947 2875
3 2856 2935 2947
3 2857 2886 2912
3 2857 2912 2896
3 2858 2903 2888
3 2858 2896 2903
3 2859 2889 2918
3 2897 2859 2918
3 2860 2884 2962
3 2860 2962 2942
3 2861 2963 2885
3 2861 2943 2963
3 2862 2901 2863
3 2862 2866 2901
3 2862 5230 2866
3 2863 2901 5205
3 2863 5205 4634
3 2864 2951 2904
3 2968 2864 2932
3 2864 2968 2951
3 2969 2880 2865
3 2865 2905 2952
3 2865 2952 2969
3 2866 2923 2901
3 2866 5591 2923
3 5591 2866 5230
3 2868 2879 2910
3 2868 2910 2889
3 2869 2894 2916
3 2869 2916 2899
3 2870 2917 2895
3 2870 2900 2917
3 2873 2897 2913
3 2900 2873 2913
3 2874 2892 2955
3 2893 2875 2967
3 2875 2947 2967
3 2876 2906 2983
3 2876 2983 2953
3 2898 2877 2954
3 2878 2914 2882
3 2878 2909 2914
3 2879 2883 2915
3 2879 2915 2910
3 2880 2964 2948
3 4176 2880 2948
3 4488 2964 2880
3 2969 4488 2880
3 2881 2911 2941
3 2881 2941 5640
3 5639 3934 2881
3 5639 2881 5640
3 2882 2925 2890
3 2882 2914 2925
3 2883 2891 2926
3 2915 2883 2957
3 2883 2926 2957
3 2884 2907 2985
3 2884 2985 2962
3 2885 2986 2908
3 2885 2963 2986
3 2886 2899 2933
3 2886 2933 2912
3 2888 2903 2946
3 2888 2946 2909
3 2889 2910 2931
3 2889 2931 2918
3 2890 2945 2906
3 2890 2925 2945
3 2891 2898 2930
3 2891 2930 2926
3 2922 2978 2892
3 2955 2892 2978
3 2893 2967 2902
3 2894 2904 2939
3 2894 2939 2916
3 2895 2940 2905
3 2895 2917 2940
3 2896 2936 2903
3 2896 2912 2936
3 2913 2897 2961
3 2897 2918 2975
3 2897 2975 2961
3 2898 2984 2930
3 2898 2954 2984
3 2899 2916 2933
3 2900 2913 2934
3 2900 2934 2917
3 2901 2923 2981
3 2901 2981 5205
3 2902 2995 2943
3 2902 2967 2995
3 2903 2936 2946
3 2904 2951 2939
3 2905 2940 2952
3 2906 2945 2983
3 2907 2927 3012
3 2907 3012 2985
3 2908 3013 2928
3 2908 2986 3013
3 2909 2949 2914
3 2909 2946 2971
3 2909 2971 2949
3 2910 2915 2950
3 2910 2950 2931
3 2970 2911 2937
3 2970 2941 2911
3 2912 2933 2960
3 2912 2960 2936
3 2913 2961 2934
3 2925 2914 2956
3 2914 2949 2956
3 2957 2950 2915
3 2916 2965 2933
3 2916 2939 2965
3 2917 2934 2966
3 2917 2966 2940
3 2931 2975 2918
3 2999 2919 2920
3 2919 3000 2921
3 2919 2999 3000
3 2920 2929 3004
3 3004 2999 2920
3 2921 3000 2924
3 2942 3015 2922
3 2978 2922 3015
3 2923 2996 2981
3 2923 2989 2996
3 2923 5227 2989
3 2923 5591 5227
3 2924 3005 2935
3 2924 3000 3005
3 2945 2925 2976
3 2925 2956 2976
3 2926 2930 2959
3 2926 2959 2957
3 2927 2953 3012
3 2928 3013 2954
3 2929 2938 3010
3 2929 3010 3004
3 2930 3022 2959
3 2930 2984 3022
3 2931 2950 2972
3 2975 2931 2972
3 2944 2977 2932
3 4634 2944 2932
3 2932 2977 2968
3 2933 2987 2960
3 2933 2965 2987
3 2934 2961 2988
3 2966 2934 2988
3 2935 3020 2947
3 2935 3005 3020
3 2936 2974 2946
3 2936 2960 2974
3 2937 2948 2973
3 4884 2948 2937
3 2937 2973 2970
3 2938 2955 3025
3 2938 3025 3010
3 2979 2939 2951
3 2939 2979 2965
3 2940 2980 2952
3 2940 2966 2980
3 2941 2970 2994
3 3024 2941 2994
3 2941 3024 5680
3 5647 5640 2941
3 2941 5680 5647
3 2942 2962 3034
3 2942 3034 3015
3 2943 3035 2963
3 2943 2995 3035
3 2944 2958 4787
3 5205 2958 2944
3 2944 5027 2977
3 5205 2944 4634
3 2944 4787 5027
3 2945 2976 3021
3 2945 3021 2983
3 2946 2974 2971
3 2947 3033 2967
3 2947 3020 3033
3 2964 2982 2948
3 2973 2948 2982
3 4884 4176 2948
3 2956 2949 2990
3 2949 2971 2990
3 2957 2991 2950
3 2950 2991 2972
3 2951 2968 2997
3 2951 2997 2979
3 2952 2998 2969
3 2952 2980 2998
3 2953 2983 3038
3 2953 3038 3012
3 2954 3039 2984
3 2954 3013 3039
3 2955 2978 3043
3 2955 3043 3025
3 2956 2992 2976
3 2956 2990 2992
3 2959 2993 2957
3 2957 2993 2991
3 2958 5205 2981
3 2958 2981 5403
3 2958 5403 4787
3 2959 3048 2993
3 2959 3022 3048
3 2960 3002 2974
3 2960 2987 3002
3 2961 2975 3003
3 2988 2961 3003
3 2962 2985 3055
3 2962 3055 3034
3 2963 3056 2986
3 2963 3035 3056
3 2964 3032 2982
3 2964 3011 3032
3 2964 4488 3011
3 3008 2965 2979
3 2987 2965 3008
3 2966 3009 2980
3 2966 2988 3009
3 2967 3054 2995
3 2967 3033 3054
3 2968 2977 3016
3 2968 3016 2997
3 2969 2998 3017
3 2969 3017 3011
3 4488 2969 3011
3 2970 2973 2994
3 2971 2974 3018
3 2990 2971 3006
3 2971 3018 3006
3 2972 3019 2975
3 2991 3007 2972
3 2972 3007 3019
3 2973 2982 3036
3 2994 2973 3036
3 2974 3002 3018
3 2975 3019 3003
3 2976 2992 3047
3 2976 3047 3021
3 2977 3001 3023
3 5027 3001 2977
3 2977 3023 3016
3 2978 3015 3064
3 2978 3064 3043
3 2979 2997 3026
3 2979 3026 3008
3 2980 3027 2998
3 2980 3009 3027
3 2996 5403 2981
3 2982 3032 3036
3 2983 3021 3066
3 2983 3066 3038
3 3022 2984 3067
3 2984 3039 3067
3 2985 3012 3055
3 2986 3056 3013
3 2987 3028 3002
3 2987 3008 3028
3 2988 3003 3029
3 2988 3029 3009
3 3051 2996 2989
3 3051 2989 5280
3 4683 5191 2989
3 5227 4683 2989
3 5191 5280 2989
3 2990 3030 2992
3 2990 3006 3030
3 2991 2993 3031
3 2991 3031 3007
3 2992 3030 3047
3 2993 3048 3031
3 3024 2994 3060
3 2994 3036 3060
3 2995 3074 3035
3 2995 3054 3074
3 2996 3051 5316
3 2996 5316 5403
3 2997 3016 3044
3 2997 3044 3026
3 2998 3045 3017
3 2998 3027 3045
3 2999 3040 3000
3 2999 3004 3071
3 2999 3071 3040
3 3000 3072 3005
3 3000 3040 3072
3 3023 3001 5317
3 5027 4787 3001
3 3001 4787 5079
3 3001 5079 5523
3 5523 5317 3001
3 3002 3041 3018
3 3002 3028 3041
3 3003 3019 3042
3 3003 3042 3029
3 3004 3010 3078
3 3004 3078 3071
3 3005 3079 3020
3 3005 3072 3079
3 3006 3018 3052
3 3006 3058 3030
3 3006 3052 3058
3 3007 3053 3019
3 3007 3031 3059
3 3007 3059 3053
3 3008 3026 3049
3 3008 3049 3028
3 3009 3050 3027
3 3009 3029 3050
3 3010 3025 3089
3 3010 3089 3078
3 3011 3017 3046
3 3011 3046 3032
3 3012 3038 3094
3 3012 3094 3055
3 3095 3039 3013
3 3095 3013 3056
3 5079 3014 3037
3 5316 3037 3014
3 4787 3014 5079
3 5403 3014 4787
3 5316 3014 5403
3 3015 3034 3092
3 3064 3015 3092
3 3016 3023 3057
3 3016 3057 3044
3 3017 3045 4968
3 3046 3017 3093
3 3017 4968 3093
3 3018 3041 3052
3 3019 3053 3042
3 3020 3101 3033
3 3020 3079 3101
3 3090 3021 3047
3 3090 3066 3021
3 3022 3091 3048
3 3022 3067 3091
3 3057 3023 3081
3 3081 3023 3075
3 3023 5317 3075
3 3024 3060 3083
3 3024 3083 5646
3 5680 3024 5646
3 3043 3100 3025
3 3025 3100 3089
3 3026 3044 3068
3 3026 3068 3049
3 3027 3069 3045
3 3027 3050 3069
3 3028 3062 3041
3 3028 3049 3062
3 3029 3042 3063
3 3029 3063 3050
3 3030 3087 3047
3 3030 3058 3087
3 3031 3048 3088
3 3031 3088 3059
3 3036 3032 3073
3 3032 3046 3065
3 3032 3065 3073
3 3033 3101 3054
3 3034 3055 3092
3 3035 3105 3056
3 3035 3074 3105
3 3036 3080 3060
3 3073 3080 3036
3 3061 3107 3037
3 5316 3061 3037
3 3082 3037 3107
3 5079 3037 3082
3 3094 3038 3066
3 3067 3039 3095
3 3040 3071 3102
3 3040 3102 3072
3 3041 3103 3052
3 3041 3062 3103
3 3042 3053 3104
3 3042 3104 3063
3 3043 3064 3118
3 3043 3118 3100
3 3044 3057 3076
3 3044 3076 3068
3 3045 3069 3077
3 3045 3077 4968
3 3046 3093 3065
3 3114 3047 3087
3 3114 3090 3047
3 3115 3088 3048
3 3115 3048 3091
3 3049 3084 3062
3 3049 3068 3084
3 3050 3063 3085
3 3050 3085 3069
3 3051 3086 3061
3 5316 3051 3061
3 3086 3051 5050
3 5681 5050 3051
3 3051 5280 5681
3 3052 3108 3058
3 3052 3103 3108
3 3053 3059 3109
3 3053 3109 3104
3 3054 3119 3074
3 3054 3101 3119
3 3092 3055 3123
3 3055 3094 3123
3 3095 3056 3139
3 3056 3105 3139
3 3076 3057 3110
3 3057 3081 3110
3 3058 3112 3087
3 3058 3108 3112
3 3059 3088 3113
3 3059 3113 3109
3 3060 3080 3083
3 3061 3086 3122
3 3061 3122 3107
3 3062 3084 3125
3 3062 3125 3103
3 3063 3126 3085
3 3063 3104 3126
3 3092 3135 3064
3 3064 3135 3118
3 3065 3099 3073
3 3065 3093 3099
3 3090 3116 3066
3 3094 3066 3116
3 3067 3117 3091
3 3067 3095 3117
3 3068 3076 3097
3 3068 3097 3084
3 3069 3098 3077
3 3069 3085 3098
3 3070 3106 3075
3 5317 3070 3075
3 3082 3120 3070
3 3070 5079 3082
3 3070 3120 3106
3 5523 5079 3070
3 5523 3070 5317
3 3071 3078 3129
3 3071 3129 3102
3 3132 3079 3072
3 3132 3072 3102
3 3121 3080 3073
3 3073 3099 3121
3 3074 3136 3105
3 3074 3119 3136
3 3096 3081 3075
3 3106 3096 3075
3 3076 3110 3097
3 3077 3098 3111
3 4968 3077 3111
3 3078 3089 3146
3 3078 3146 3129
3 3079 3151 3101
3 3132 3151 3079
3 3083 3080 3140
3 3080 3121 3149
3 3080 3149 3140
3 3081 3096 3127
3 3081 3127 3110
3 3120 3082 3107
3 3140 4318 3083
3 4318 5646 3083
3 3084 3097 3141
3 3084 3141 3125
3 3085 3142 3098
3 3085 3126 3142
3 3086 4850 3122
3 4850 3086 5050
3 3087 3112 3133
3 3114 3087 3133
3 3088 3134 3113
3 3115 3134 3088
3 3089 3100 3150
3 3089 3150 3146
3 3114 3158 3090
3 3090 3158 3116
3 3115 3091 3159
3 3091 3117 3159
3 3092 3123 3135
3 3093 3143 3099
3 3093 3111 3143
3 4968 3111 3093
3 3094 3116 3138
3 3094 3138 3123
3 3095 3139 3117
3 3096 3106 3148
3 3096 3148 3127
3 3097 3110 3144
3 3097 3155 3141
3 3097 3144 3155
3 3098 3145 3111
3 3098 3142 3156
3 3098 3156 3145
3 3121 3099 3137
3 3137 3099 3160
3 3099 3143 3160
3 3100 3118 3150
3 3101 3151 3119
3 3102 3129 3161
3 3132 3102 3161
3 3108 3103 3130
3 3103 3125 3153
3 3103 3153 3130
3 3109 3131 3104
3 3104 3154 3126
3 3131 3154 3104
3 3105 3136 3177
3 3105 3177 3139
3 3120 3157 3106
3 3106 3157 3148
3 3147 3120 3107
3 3147 3107 3122
3 3108 3130 3112
3 3131 3109 3113
3 3127 4829 3110
3 4829 3144 3110
3 3143 3111 3145
3 3112 3130 3162
3 3112 3162 3133
3 3131 3113 3163
3 3113 3134 3163
3 3114 3133 3158
3 3115 3159 3134
3 3116 3174 3138
3 3116 3158 3174
3 3139 3175 3117
3 3175 3159 3117
3 3178 3118 3135
3 3178 3150 3118
3 3119 3179 3136
3 3119 3151 3179
3 3120 3147 3157
3 3121 3137 3152
3 3121 3152 3149
3 3164 3147 3122
3 3122 4493 3164
3 4850 4493 3122
3 3138 3135 3123
3 3125 3141 3190
3 3125 3172 3153
3 3125 3190 3172
3 3126 3173 3142
3 3126 3154 3173
3 3127 3148 5592
3 3127 3165 4829
3 3127 5592 3165
3 3187 3129 3146
3 3187 3161 3129
3 3130 3153 3183
3 3130 3183 3162
3 3131 3184 3154
3 3131 3163 3184
3 3132 3189 3151
3 3189 3132 3161
3 3133 3181 3158
3 3133 3162 3181
3 3134 3159 3182
3 3134 3182 3163
3 3138 3176 3135
3 3135 3176 3178
3 3136 3179 3177
3 3137 3169 3152
3 3137 3160 3169
3 3138 3174 3200
3 3138 3200 3176
3 3177 3175 3139
3 3149 3185 3140
3 5168 3140 3185
3 4318 3140 5168
3 3141 3155 3190
3 3156 3142 3191
3 3191 3142 3173
3 3143 3145 3166
3 3143 3166 3160
3 3144 3167 3155
3 3165 3167 3144
3 4829 3165 3144
3 3145 3156 3168
3 3145 3168 3166
3 3187 3146 3150
3 3170 3157 3147
3 3164 3170 3147
3 3157 5592 3148
3 3152 3198 3149
3 3198 3185 3149
3 3150 3178 3205
3 3187 3150 3205
3 3151 3206 3179
3 3151 3189 3206
3 3152 3169 3198
3 3153 3172 3183
3 3154 3184 3173
3 3167 3202 3155
3 3155 3202 3190
3 3168 3156 3203
3 3156 3191 3203
3 3157 3170 3188
3 3188 5592 3157
3 3158 3181 3174
3 3175 3192 3159
3 3159 3192 3182
3 3171 3160 3166
3 3160 5356 3169
3 3160 3171 5356
3 3186 3161 3187
3 3186 3189 3161
3 3162 3194 3181
3 3162 3183 3194
3 3163 3182 3195
3 3163 3195 3184
3 3164 3204 3170
3 4824 3204 3164
3 4493 5706 3164
3 4824 3164 4691
3 5706 4691 3164
3 3165 3196 3167
3 3193 3165 3180
3 5592 3180 3165
3 3165 3193 3196
3 3166 3168 3199
3 3166 5385 3171
3 3166 3199 3208
3 3166 3208 5385
3 3167 3196 3218
3 3167 3218 3202
3 3168 3219 3199
3 3168 3203 3219
3 3169 5543 3198
3 3169 5356 5344
3 3169 5344 5543
3 3170 3221 3188
3 3170 3204 3221
3 5356 3171 3197
3 3197 3171 5385
3 3183 3172 3216
3 3172 3190 3216
3 3217 3173 3184
3 3191 3173 3217
3 3174 3181 3207
3 3174 3207 3200
3 3177 3201 3175
3 3175 3201 3192
3 3176 3210 3178
3 3200 3210 3176
3 3177 3179 3211
3 3177 3211 3201
3 3178 3210 3205
3 3179 3206 3211
3 3180 3209 3193
3 5592 3209 3180
3 3181 3194 3207
3 3182 3192 3195
3 3232 3194 3183
3 3183 3216 3232
3 3195 3215 3184
3 3217 3184 3215
3 3185 3198 3941
3 3185 3941 5684
3 4657 5168 3185
3 3185 5684 4657
3 3187 3224 3186
3 3186 3224 3189
3 3187 3205 3224
3 3188 3223 3209
3 5592 3188 3209
3 3188 3221 3223
3 3189 3224 3206
3 3202 3226 3190
3 3216 3190 3226
3 3191 3227 3203
3 3191 3217 3227
3 3192 3222 3195
3 3192 3201 3229
3 3192 3229 3222
3 3193 3225 3196
3 3193 3209 3213
3 3193 3213 5379
3 3225 3193 3239
3 3193 5379 3239
3 3194 3240 3207
3 3232 3240 3194
3 3195 3222 3215
3 3196 3225 3218
3 5344 3197 3212
3 3197 5385 3212
3 5356 3197 5344
3 3198 3214 4336
3 5543 3214 3198
3 3198 4336 3941
3 3208 3199 5351
3 3238 3199 3219
3 3199 3238 5351
3 3200 3207 3228
3 3200 3234 3210
3 3200 3228 3234
3 3201 3211 3235
3 3201 3235 3229
3 3202 3218 3237
3 3202 3237 3226
3 3238 3219 3203
3 3238 3203 3227
3 3204 3256 3221
3 3204 5532 3256
3 4824 5532 3204
3 3205 3210 3230
3 3205 3230 3224
3 3206 3231 3211
3 3206 3224 3231
3 3207 3240 3228
3 3208 3236 3220
3 5385 3208 3220
3 3208 5351 3236
3 3209 3223 3213
3 3230 3210 3234
3 3211 3231 3235
3 3212 3241 3214
3 5344 3212 3214
3 3212 3220 3242
3 5385 3220 3212
3 3212 3261 3241
3 3212 3242 3261
3 3213 3223 5108
3 3213 5108 5243
3 3213 5243 5379
3 3214 3241 5345
3 4336 3214 5345
3 5543 5344 3214
3 3217 3215 3244
3 3215 3222 3249
3 3215 3249 3244
3 3216 3226 3232
3 3217 3244 3227
3 3218 3225 3237
3 3220 3236 3250
3 3220 3250 3242
3 3262 3223 3221
3 3262 3221 3256
3 3252 3222 3229
3 3252 3249 3222
3 3262 5108 3223
3 3230 3247 3224
3 3224 3248 3231
3 3247 3265 3224
3 3224 3265 3248
3 3225 3253 3237
3 3239 5313 3225
3 3225 3263 3253
3 3225 3257 3263
3 5313 3257 3225
3 3232 3226 3260
3 3226 3237 3253
3 3226 3253 3260
3 3238 3227 3254
3 3227 3244 3271
3 3227 3271 3254
3 3228 3251 3234
3 3228 3240 3251
3 3252 3229 3235
3 3230 3234 3258
3 3230 3258 3247
3 3231 3259 3235
3 3231 3248 3259
3 3232 3266 3240
3 3232 3260 3266
3 3236 3233 3245
3 5351 3233 3236
3 3233 3238 3254
3 5351 3238 3233
3 3233 3254 3243
3 3233 3243 3269
3 3245 3233 3269
3 3234 3251 3258
3 3252 3235 3259
3 3250 3236 3245
3 3239 5379 5313
3 3240 3266 3251
3 3241 3261 3294
3 5345 3241 3294
3 3250 3268 3242
3 3242 3268 3261
3 3243 3254 3287
3 3279 3269 3243
3 3279 3243 3287
3 3244 3249 3275
3 3244 3275 3271
3 3250 3245 3264
3 3245 3269 3264
3 3257 3246 3286
3 3257 5313 3246
3 3246 3277 3286
3 5243 3277 3246
3 5379 5243 3246
3 5313 5379 3246
3 3247 3258 3284
3 3247 3293 3265
3 3247 3284 3293
3 3248 3289 3259
3 3248 3265 3289
3 3252 3273 3249
3 3249 3273 3275
3 3250 3264 3268
3 3251 3272 3258
3 3251 3266 3272
3 3252 3259 3273
3 3253 3278 3260
3 3253 3263 3278
3 3254 3271 3287
3 3262 3290 3255
3 3262 3255 5108
3 3255 3296 3277
3 3255 3277 5243
3 3255 3290 3296
3 5108 3255 5243
3 3262 3256 3290
3 3256 4790 3290
3 5709 4790 3256
3 3256 5532 5709
3 3257 3270 3263
3 3257 3274 3270
3 3274 3257 3286
3 3258 3272 3284
3 3259 3288 3273
3 3259 3289 3288
3 3260 3285 3266
3 3278 3285 3260
3 3299 3261 3268
3 3261 3299 3294
3 3263 3270 3281
3 3263 3282 3278
3 3263 3281 3282
3 3264 3276 3268
3 3280 3264 3269
3 3264 3295 3276
3 3264 3280 3295
3 3265 3293 3289
3 3272 3266 3285
3 3267 3294 4736
3 3267 5345 3294
3 4336 3267 3941
3 3941 3267 5684
3 4336 5345 3267
3 5710 3267 4736
3 5684 3267 5710
3 3268 3276 3299
3 3269 3279 3283
3 3269 3283 3280
3 3291 3270 3274
3 3291 3281 3270
3 3271 3275 3292
3 3271 3292 3287
3 3272 3302 3284
3 3272 3285 3300
3 3272 3300 3302
3 3273 3292 3275
3 3273 3288 3292
3 3304 3274 3286
3 3304 3291 3274
3 3276 3295 3324
3 3276 3331 3299
3 3276 3324 3331
3 3286 3277 3319
3 3296 3319 3277
3 3300 3278 3282
3 3278 3300 3285
3 3279 3297 3283
3 4215 3279 3287
3 3279 3301 3297
3 3301 3279 4215
3 3280 3283 3298
3 3280 3298 3295
3 3281 3303 3282
3 3305 3281 3291
3 3305 3303 3281
3 3300 3282 3309
3 3309 3282 3303
3 3283 3297 3298
3 3284 3310 3293
3 3284 3302 3310
3 3286 3319 3304
3 3292 3307 3287
3 4215 3287 3307
3 3289 3311 3288
3 3288 3307 3292
3 3288 3311 3307
3 3289 3293 3311
3 3290 4469 3296
3 4469 3290 4790
3 3314 3291 3304
3 3291 3314 3305
3 3293 3310 3311
3 5547 3294 3299
3 4736 3294 5547
3 3295 3298 3318
3 3295 3318 3324
3 3296 4469 3319
3 3312 3298 3297
3 3297 3301 3308
3 3297 3308 3312
3 3312 3318 3298
3 5547 3299 3331
3 3300 3309 3302
3 3315 3301 3307
3 3301 4215 3307
3 5653 3308 3301
3 5653 3301 3315
3 3302 3309 3310
3 3305 3322 3303
3 3309 3303 3306
3 3322 3306 3303
3 3314 3304 3326
3 3319 3326 3304
3 3305 3314 3321
3 3305 3321 3322
3 3316 3309 3306
3 3316 3306 5303
3 3317 3306 3322
3 5303 3306 3317
3 3307 3311 3315
3 3312 3308 5542
3 3313 3320 3308
3 5653 3313 3308
3 5542 3308 3320
3 3309 3316 3310
3 3310 3316 3311
3 3311 3316 3315
3 3312 3329 3318
3 3333 3329 3312
3 3333 3312 5542
3 3313 3317 3323
3 3313 5303 3317
3 3320 3313 3323
3 5653 5303 3313
3 3321 3314 3330
3 3314 3326 3330
3 3315 3316 5303
3 3315 5303 5653
3 3317 3322 3327
3 3317 3327 3323
3 3318 3332 3324
3 3318 3329 3332
3 3319 5688 3326
3 4469 5686 3319
3 5686 5688 3319
3 3320 3323 3328
3 3333 3320 3328
3 3333 5542 3320
3 3321 3325 3322
3 3325 3321 3336
3 3321 3330 3336
3 3322 3325 3327
3 3327 3334 3323
3 3323 3334 3328
3 3324 5723 3331
3 5723 3324 3332
3 3325 3337 3327
3 3325 3336 3337
3 4756 3330 3326
3 3326 5688 4756
3 3337 3334 3327
3 3328 3340 3333
3 3334 3338 3328
3 3338 3340 3328
3 3329 3339 3332
3 3329 3333 3339
3 4756 3336 3330
3 5687 5547 3331
3 5687 3331 5723
3 3339 5723 3332
3 3333 3340 3339
3 3337 3338 3334
3 3336 5564 3337
3 5564 3336 4756
3 5689 3338 3337
3 5689 3337 5564
3 3340 3338 5376
3 5376 3338 5689
3 3339 3340 4474
3 4278 3339 4474
3 4278 5723 3339
3 3340 5376 4474
3 3341 4182 3342
3 3342 5655 3341
3 3341 3343 4184
3 3341 5654 3343
3 5654 3341 5690
3 3341 5655 5690
3 3342 4182 3344
3 3342 3344 5657
3 3342 5657 5655
3 3343 3345 4184
3 4774 3345 3343
3 5654 4774 3343
3 3344 4182 3346
3 5657 3344 3346
3 3347 4184 3345
3 3345 4774 3347
3 3346 4182 3348
3 5691 3346 3348
3 5657 3346 5691
3 3349 4184 3347
3 3349 3347 5490
3 4587 3347 4774
3 5490 3347 4587
3 3348 3350 4243
3 3348 4243 5725
3 5691 3348 5725
3 3349 5490 3351
3 3350 3352 5713
3 3350 5713 4243
3 3351 4889 3353
3 3351 4428 4889
3 3351 5490 4428
3 3352 3354 5713
3 4889 3355 3353
3 3356 5666 3354
3 5666 5713 3354
3 3357 3355 4451
3 4451 3355 4889
3 4480 3356 3358
3 5666 3356 4480
3 3357 4451 3699
3 3358 4185 4786
3 4480 3358 4460
3 3358 5658 4460
3 4786 5658 3358
3 3359 4755 3361
3 3361 4014 3363
3 3361 4755 4014
3 4073 3362 3364
3 4073 5659 3362
3 4786 4185 3362
3 4786 3362 5659
3 3363 4014 3365
3 3366 3768 3364
3 4073 3364 3768
3 3769 3367 3365
3 3769 3365 4014
3 3366 3368 3814
3 3366 3814 3768
3 3367 3610 3369
3 3610 3367 3868
3 3769 3868 3367
3 4396 3368 3370
3 3368 5660 3814
3 4396 5660 3368
3 3371 3369 5714
3 3610 5692 3369
3 5692 5714 3369
3 4396 3370 3372
3 3371 5661 3373
3 5714 5661 3371
3 5693 3372 3374
3 4396 3372 5693
3 5661 3375 3373
3 3374 3376 4165
3 4090 3374 4165
3 5693 3374 4090
3 3375 4255 3377
3 3375 5724 4255
3 5661 5724 3375
3 4255 3376 3377
3 3376 4255 4165
3 4428 3427 4433
3 5490 3427 4428
3 5642 4433 3427
3 3427 5490 4587
3 3427 4587 5712
3 5642 3427 5712
3 3610 3868 4747
3 5687 3610 4747
3 5687 5692 3610
3 4451 5185 3699
3 3699 5185 5057
3 3814 4745 3768
3 3768 4745 3853
3 5709 3768 3853
3 5709 4073 3768
3 3769 4747 3868
3 3769 4014 5710
3 4736 4747 3769
3 4736 3769 5710
3 3814 5660 4745
3 3853 4745 4790
3 5709 3853 4790
3 5639 3916 3934
3 5677 4420 3916
3 5639 5677 3916
3 4755 5652 4014
3 5710 4014 5652
3 5685 5659 4073
3 5709 5685 4073
3 5695 4090 4165
3 5693 4090 5695
3 4255 5711 4165
3 5689 5695 4165
3 4165 5711 5689
3 4428 4433 4206
3 4428 4206 4837
3 4433 5721 4206
3 4206 5185 4837
3 5683 5185 4206
3 5721 5683 4206
3 4243 5713 5648
3 5725 4243 5648
3 5724 5711 4255
3 4278 4474 5724
3 5661 5694 4278
3 5661 4278 5724
3 5723 4278 5694
3 5649 4318 5168
3 5649 5646 4318
3 4396 5688 5660
3 5693 5688 4396
3 5677 5678 4420
3 5702 4420 5678
3 4428 4837 4889
3 4781 4433 5642
3 5721 4433 4781
3 4451 4889 4837
3 5185 4451 4837
3 4480 4460 4720
3 4460 5658 4720
3 5191 4467 5280
3 5350 4467 5191
3 5280 4467 5681
3 5350 5645 4467
3 4467 5645 5644
3 4467 5644 5681
3 4469 4790 4745
3 5686 4469 4745
3 4474 5376 5711
3 4474 5711 5724
3 4480 4720 5726
3 5666 4480 5726
3 4701 4493 4850
3 4701 5706 4493
3 4573 5350 4683
3 5591 4573 4683
3 5230 4573 5591
3 5285 5350 4573
3 5574 5285 4573
3 5712 4587 4774
3 4724 5168 4657
3 4657 5652 4724
3 5684 5652 4657
3 5350 5191 4683
3 5591 4683 5227
3 4720 4824 4691
3 5706 4720 4691
3 4701 4850 5050
3 5050 5719 4701
3 5708 5706 4701
3 4701 5719 5708
3 4720 5685 4824
3 4720 5658 5685
3 4720 5706 5726
3 4724 5652 4755
3 4724 5057 5650
3 5650 5168 4724
3 4736 5547 4747
3 5686 4745 5660
3 5547 5687 4747
3 5695 5564 4756
3 5693 4756 5688
3 5693 5695 4756
3 4774 5656 4796
3 5712 4774 4796
3 5654 5656 4774
3 4781 5642 5647
3 5647 5718 4781
3 4781 5718 5722
3 5721 4781 5722
3 4786 5659 5658
3 5696 4795 4991
3 4991 4795 5698
3 5691 4795 5657
3 5696 5657 4795
3 4795 5691 5716
3 5698 4795 5716
3 5677 4800 4796
3 4800 5712 4796
3 5662 4796 5656
3 5662 5678 4796
3 4796 5678 5677
3 5640 4800 5639
3 5677 5639 4800
3 5642 4800 5640
3 5642 5712 4800
3 4824 5685 5532
3 4825 5637 4979
3 5638 4825 4979
3 5638 5574 4825
3 4979 5676 5638
3 5702 5676 4979
3 5638 5676 4991
3 5638 4991 5698
3 4991 5676 5696
3 5650 5004 5649
3 5004 5722 5649
3 5650 5683 5004
3 5721 5004 5683
3 5721 5722 5004
3 5681 5719 5050
3 5185 5683 5057
3 5057 5683 5650
3 5649 5168 5650
3 5285 5715 5350
3 5679 5285 5574
3 5679 5715 5285
3 5350 5715 5645
3 5711 5376 5689
3 5532 5685 5709
3 5689 5564 5695
3 5638 5679 5574
3 5679 5638 5698
3 5647 5642 5640
3 5644 5645 5648
3 5648 5719 5644
3 5681 5644 5719
3 5725 5648 5645
3 5715 5716 5645
3 5716 5725 5645
3 5649 5722 5646
3 5718 5680 5646
3 5646 5722 5718
3 5647 5680 5718
3 5648 5713 5707
3 5648 5707 5719
3 5684 5710 5652
3 5654 5690 5656
3 5696 5655 5657
3 5696 5690 5655
3 5662 5656 5697
3 5697 5656 5690
3 5685 5658 5659
3 5660 5688 5686
3 5694 5661 5714
3 5697 5678 5662
3 5708 5713 5666
3 5708 5666 5726
3 5676 5705 5696
3 5676 5702 5705
3 5697 5705 5678
3 5702 5678 5705
3 5715 5679 5698
3 5687 5723 5692
3 5696 5697 5690
3 5725 5716 5691
3 5692 5694 5714
3 5723 5694 5692
3 5696 5705 5697
3 5698 5716 5715
3 5726 5706 5708
3 5708 5707 5713
3 5708 5719 5707
