v 0.217410003396474 0.0942401492736789 0.14079011216689
v 0.217444766155769 0.0946692187809916 0.142847118380293
v 0.217481216262304 0.0932564100101149 0.141433673768971
v 0.217502622022232 0.0937341939089532 0.137860810188272
v 0.217510603778988 0.0927394488267067 0.139407732330487
v 0.217559392834119 0.0956600980224841 0.144586943419848
v 0.217562314695466 0.0958003168458117 0.142146694926825
v 0.217566476107818 0.0940576992788014 0.144684266880908
v 0.217573013600242 0.092338907790113 0.137371786460719
v 0.217577335171231 0.0952780294713836 0.139401796167086
v 0.21765373218038 0.0946590259877455 0.146305360392944
v 0.217659183945293 0.092820389451846 0.1429495219569
v 0.217707876540481 0.0919393579265313 0.14041679595621
v 0.217720460608646 0.0930290681697903 0.135442361647799
v 0.217791075616951 0.0911639168208292 0.138194570463968
v 0.217814210655851 0.0967946617105425 0.14428668435021
v 0.217830079331018 0.0932482321308013 0.146560578764254
v 0.217834067620651 0.0912903837579493 0.135504250785352
v 0.217870085161499 0.0968052671710624 0.141324219111254
v 0.217873159041657 0.0948398892871057 0.136283264185299
v 0.217886525519404 0.0957584378590792 0.147886433689687
v 0.217895256301095 0.0924096731070728 0.145069400629398
v 0.217911119399355 0.0942942265023699 0.148309732725338
v 0.217956266216849 0.0960171182749911 0.137802634846349
v 0.217987484147333 0.0914933828090584 0.141972859156428
v 0.218011756718066 0.0907541639980755 0.139851640641814
v 0.218018059850308 0.0920769371006986 0.133519550935991
v 0.218044774359926 0.097164250340736 0.146621074313306
v 0.218046163261017 0.0901944171984931 0.136354991361761
v 0.218059677625331 0.0969548672376342 0.139707200053249
v 0.218127122601582 0.0938950671591387 0.133972673021153
v 0.218164692590574 0.0928682908210915 0.148620160071469
v 0.218177723250532 0.0914134278070846 0.144282447274541
v 0.218200816869144 0.0977789532256902 0.144443546774034
v 0.218214167905844 0.0903216243528268 0.133603831069859
v 0.218229043665605 0.0917857046063956 0.146822956380551
v 0.21823703293982 0.0950691056632844 0.150302645536911
v 0.218240428736087 0.0967237486652675 0.149263741286319
v 0.218349563813644 0.0893235872437213 0.137751404010398
v 0.218393545269486 0.0963236913006212 0.136220957192831
v 0.218437991830398 0.091025436228883 0.131675109878897
v 0.218460922841097 0.0904277895938669 0.141979742918399
v 0.218462524812674 0.0934447740277047 0.150655347183106
v 0.218465909770953 0.095182084933778 0.134198225143205
v 0.218495296491584 0.0926860500592106 0.131664975507302
v 0.218514281178087 0.0983904352084432 0.143149390989297
v 0.218537897158765 0.0973364859847735 0.137764569103488
v 0.218546557961923 0.0913465057472697 0.148596520965642
v 0.218561831959313 0.0893161242760862 0.139668860679037
v 0.218580924669144 0.0983034632766878 0.141243394668974
v 0.218614061004261 0.0980305146294291 0.14883780467977
v 0.218616808696448 0.0905847969525645 0.146606432141199
v 0.218640180022614 0.0959300383680165 0.152005669677177
v 0.218654939212665 0.0885642410302007 0.134885584682763
v 0.218756029399622 0.0920354123875878 0.150634531389225
v 0.218757009807202 0.0972321240718122 0.151491141766897
v 0.218764556388679 0.0890642923096971 0.132365041917528
v 0.218781200635168 0.0987983614706163 0.145319030870466
v 0.218816582216556 0.0944880824996921 0.152658444621656
v 0.218820597239357 0.089994862547792 0.144943367772796
v 0.218825027445459 0.0987356369926496 0.147154749800985
v 0.218832595250825 0.0983782824444695 0.139486764001614
v 0.218881219044721 0.0981690904587122 0.15018005693284
v 0.21888145179576 0.0940165086902786 0.131558148589077
v 0.218882662680833 0.0900789284935806 0.13039507640446
v 0.218958319626937 0.0914819764335974 0.129653781325883
v 0.219006313475 0.0965189780048711 0.134422637311416
v 0.219060412100624 0.0875431535753499 0.137571475161782
v 0.219075403337397 0.087749940591357 0.139223766644915
v 0.219105670316218 0.089510555869458 0.148557782195273
v 0.219111518469935 0.0927472691645876 0.152598285334885
v 0.219131837456845 0.090368203081541 0.150308666766508
v 0.219148345164871 0.0968175307141728 0.153555459486161
v 0.21918314281716 0.089253550468534 0.143101186834491
v 0.21919386767021 0.0884561890963313 0.141424701546064
v 0.219197224369107 0.0993466700901152 0.143561772991084
v 0.219241504673583 0.0957448871293289 0.132679575650554
v 0.219251212816051 0.0977312439689402 0.135750406068625
v 0.219290684124069 0.0991436650764385 0.148977406355936
v 0.219324512433799 0.0927956312228009 0.129184568194739
v 0.219326215091127 0.0953037097172525 0.154566483590757
v 0.219332514905951 0.0891799342089674 0.129702179369204
v 0.219344184287275 0.0878600778511672 0.132177265887316
v 0.219347567466288 0.087115500409074 0.134828994069178
v 0.219383435305348 0.0883116419401869 0.14701497108582
v 0.219395366028992 0.0993985911514693 0.140840026938568
v 0.219469816686623 0.0882069703835631 0.144667896497123
v 0.219473408146234 0.0984818029983524 0.152457625865361
v 0.219508854216378 0.0937449780167572 0.154655849598066
v 0.219532570875606 0.0964456072228157 0.155054179094611
v 0.219587590248411 0.0989942946259926 0.137810466597726
v 0.219592655250027 0.0866473550188168 0.140813023643945
v 0.21959649263632 0.0905485042479863 0.127827300388302
v 0.219599352371451 0.0992614505304152 0.150713006286081
v 0.219611143275125 0.0997809874408819 0.145628430125201
v 0.219668715359641 0.0945569371830343 0.130203580896575
v 0.219694712526288 0.0876761403460465 0.148763982534068
v 0.219704797068692 0.0880676675151619 0.13012894277383
v 0.219707059046032 0.0887946815689105 0.150819777122141
v 0.219719374927182 0.0906435204335041 0.152559090173736
v 0.219737912673242 0.086760188672713 0.143297587476846
v 0.219766378665661 0.0868968531060298 0.146015815428726
v 0.219785228365001 0.0859820448529607 0.137092214831355
v 0.219854829640813 0.099943452852678 0.14765094332055
v 0.219867703796799 0.0857438037417723 0.139594329708301
v 0.219883435848008 0.0916251989611794 0.126945765847782
v 0.219904349175016 0.0921499092865789 0.154669995170806
v 0.219923676106321 0.0981854187989398 0.154744022803223
v 0.219986327604809 0.0869572067305865 0.131654447482532
v 0.220033325569226 0.089330389437544 0.127422920842635
v 0.220045539094392 0.0861296169754287 0.147615976581821
v 0.22005395094143 0.0860908172756592 0.134153707626117
v 0.220100313560997 0.085288350064056 0.142146412723964
v 0.220102506059088 0.0972097540345898 0.156289811861085
v 0.220128846134956 0.0957069579225976 0.156804572493755
v 0.220133022726378 0.0854969901038778 0.145397709516721
v 0.220135125094516 0.0871202282461413 0.1506990819611
v 0.22013614453253 0.0935907016181903 0.127767765280064
v 0.220146065570053 0.0988133534670481 0.135321776660569
v 0.220210055373657 0.0941007850863854 0.156623121562552
v 0.220214354586951 0.100119141729073 0.149913032462651
v 0.220240749433162 0.100394269507966 0.143007237766699
v 0.22024301487401 0.0961870894706864 0.131117134739336
v 0.220244811750601 0.0976655426636182 0.133019962835907
v 0.220252315781678 0.089336922535342 0.153393587837149
v 0.220270462441646 0.100084320659006 0.139052520553799
v 0.220322197300748 0.0926466061356849 0.12632063325768
v 0.220412779112762 0.0855655107895287 0.149623325774032
v 0.220446916454177 0.0995324189252432 0.153842741736641
v 0.220452322625082 0.0904262852096594 0.12570346922672
v 0.220453073958497 0.0907855266734331 0.155178402612784
v 0.220481326692731 0.0843632062742738 0.141207607060177
v 0.220487538586138 0.100103451687219 0.151916371216373
v 0.220506327195956 0.0981465508827417 0.156536823376201
v 0.220547867126235 0.0880822600589217 0.127645896573126
v 0.220555515621165 0.0880386619966489 0.15335947595266
v 0.220577021839105 0.0965169251157753 0.157791135443254
v 0.220614266414091 0.0866974173917938 0.152314669594091
v 0.220617907487875 0.083969379082736 0.143384318060392
v 0.220631803004884 0.100654120257618 0.145631029402073
v 0.220645643888438 0.0843462708497648 0.147875592902727
v 0.220649008428002 0.0849193852124077 0.13560255750331
v 0.220661562012401 0.0843182659886176 0.138465195081767
v 0.220696395655738 0.099834446472501 0.136104350490418
v 0.220720814168057 0.0916493645956973 0.124996012730205
v 0.220724567519028 0.0949770069891157 0.158111385484017
v 0.220727224155629 0.0869047212680672 0.129511137368418
v 0.220735638998185 0.0921052120062085 0.156723156367241
v 0.220774599022853 0.0837187729132772 0.145760811952411
v 0.220828203300076 0.0992425329100267 0.155804766097601
v 0.220856622653005 0.100824840777402 0.141145008735796
v 0.220881417733521 0.0950395889318776 0.128205900732989
v 0.22092568592292 0.100800317995775 0.148206143408773
v 0.220942921111682 0.0895792354116331 0.125192589753342
v 0.220970610673517 0.0840539944120236 0.149726116843469
v 0.220974681947533 0.0860222614924483 0.131020647687985
v 0.220984101403285 0.0976091471554771 0.158215934664732
v 0.220999108324817 0.0890599746821623 0.155273365605098
v 0.221039965932799 0.0851098772203046 0.152033827701108
v 0.221040012350905 0.0991372521373338 0.13360626069265
v 0.221059595418926 0.0852901146432556 0.132852910816715
v 0.221074401985527 0.0942139002979162 0.125918923226659
v 0.221152503828586 0.0907269676323642 0.124244155247294
v 0.22117315751862 0.0988748274198865 0.157305654441596
v 0.22121938219659 0.0932858246053685 0.124552111963057
v 0.221233871489073 0.100948900421014 0.150307008430967
v 0.221253318618999 0.0830664155250245 0.148343503637195
v 0.221284968090893 0.100896571027419 0.138144828660134
v 0.221294790236591 0.0971616565998646 0.130487212635748
v 0.221306916844894 0.0828047638670411 0.142184345900759
v 0.221339177054334 0.0826002117286778 0.144585741434604
v 0.221344011489522 0.0957305735276142 0.159614035482963
v 0.221352014882399 0.0830544815848061 0.139950358352409
v 0.221363192260366 0.0860702477875551 0.154204506160942
v 0.221396082371666 0.101247891726731 0.143227321093892
v 0.221406648033361 0.0931340796682565 0.158619319321893
v 0.221439113863173 0.100702600902627 0.153334330723827
v 0.221442752798045 0.0884012286690027 0.125352888622837
v 0.221451822736274 0.0841815646850417 0.135027484906567
v 0.221497754472021 0.100142832856112 0.155542877688995
v 0.22150126498416 0.0837371297465772 0.151747878960094
v 0.221512672491524 0.0868716893050555 0.127805399207038
v 0.221534934611453 0.0875794900002082 0.155667064614542
v 0.221562884763453 0.0986981173017501 0.131733286866461
v 0.221564325606609 0.0903784449627745 0.157209047996592
v 0.22157973355307 0.08227796482583 0.146945918689901
v 0.221586130774532 0.0832699583818825 0.137619886126253
v 0.221592189859206 0.0874796730801792 0.126397883227515
v 0.221592735559588 0.096843958106121 0.159960533264468
v 0.221605314634494 0.0829505738931623 0.150405126475577
v 0.221606632754813 0.100477587302399 0.135174581828682
v 0.221608633695744 0.0922854127405794 0.123391495764944
v 0.221692734586714 0.0861254361640835 0.129192953556685
v 0.221692865531698 0.0982045464042055 0.159252710108663
v 0.22172262760316 0.101319723814473 0.145482145880299
v 0.221742636175747 0.0853311934478019 0.131144848081026
v 0.221815173005415 0.0896491065500233 0.123639367329096
v 0.221816701612589 0.0939988892183082 0.160120697327161
v 0.221842284494464 0.0950046728789267 0.124778439893072
v 0.221850943938751 0.0957971007190391 0.126496158780616
v 0.22192013535176 0.0820848213906583 0.149080913521458
v 0.221944437172381 0.0839127722779391 0.153559690147168
v 0.221947163827486 0.0912532525642856 0.122868194535155
v 0.221961904717631 0.0995706344948134 0.157957893100538
v 0.221983590619205 0.101617412944625 0.140465587939201
v 0.222014944270445 0.0966573225651458 0.128671724321828
v 0.222035285601854 0.0816697748803897 0.143659562787072
v 0.222077296663752 0.0815397586672951 0.145845850085836
v 0.222091972455221 0.0827979297808989 0.152156748140459
v 0.222110989706931 0.0815869445033432 0.147395746560968
v 0.22212771949809 0.0851151465364834 0.155425902523231
v 0.222174144465624 0.0819217818341654 0.140821543039278
v 0.222185580147818 0.0824009297739358 0.13857991680858
v 0.222190332586115 0.0891674290155968 0.157738372182882
v 0.222198062290513 0.0883704850941385 0.124151006406754
v 0.222228870224299 0.0999832654290084 0.13230469612599
v 0.222253666634239 0.101581898909472 0.148242073981038
v 0.222274976183494 0.101519455052194 0.151579145666665
v 0.222331446246856 0.0839614856871096 0.133573157670682
v 0.222360827266189 0.094152479506811 0.12274651485187
v 0.222362003236729 0.0961239950809443 0.161711240752204
v 0.222383166782539 0.0830570916077071 0.135906963025907
v 0.222440989365156 0.101750297830042 0.137655922920122
v 0.222453038745356 0.0861363221321864 0.127746887127289
v 0.22245361803786 0.0866171086172107 0.126606653734952
v 0.22245429505683 0.100633553562932 0.156656534833349
v 0.222461933061559 0.0943571508572301 0.161714802975864
v 0.222470398783798 0.0811423473549337 0.144762298863416
v 0.222517801402756 0.0975828754644574 0.161342461964257
v 0.222537869187863 0.0875997867637401 0.157753991560063
v 0.222573766867325 0.086087424111311 0.157102366291234
v 0.222582538800118 0.101327417413492 0.154646139587673
v 0.222595281377512 0.101325095229142 0.134851954409085
v 0.222639178918442 0.0818442375006384 0.151695520611946
v 0.222650937605933 0.0909673535470777 0.121973480388669
v 0.222656248672783 0.0854879401963696 0.129176930890054
v 0.222676350261414 0.0913787517288399 0.159565941990881
v 0.222678312159196 0.0827219764344834 0.153867640058844
v 0.222683917435134 0.0926620016199037 0.121834318176069
v 0.222688162163161 0.0989278623792953 0.160292260927569
v 0.222697452779649 0.0978212134349691 0.128290211288278
v 0.222708486806236 0.0870084407898793 0.125345672537484
v 0.222711348116879 0.0849859759545388 0.130479931810294
v 0.222713598212457 0.0960904769849158 0.123896724575291
v 0.222720561813661 0.0811748539364294 0.149390417363516
v 0.222762014043873 0.0969215134963592 0.125199781501007
v 0.222774810930722 0.0993302982957069 0.129969987927164
v 0.222782155421819 0.0808747075076392 0.147407315387471
v 0.222798425305426 0.082141187373951 0.13765550903829
v 0.222854743236419 0.0808475654109724 0.145514575472791
v 0.222863455838772 0.0890975490008015 0.122610508437156
v 0.222894392789262 0.102069588240468 0.143099421320846
v 0.222902987790246 0.0815050340137983 0.139623869159141
v 0.222913540032778 0.0976514624867169 0.126565731469997
v 0.222928729826645 0.0810667070099721 0.141616247733958
v 0.222930006734071 0.0808269808968033 0.143616819927214
v 0.222953123993213 0.0835208389206216 0.155747993622072
v 0.222961983571239 0.0883065857550625 0.12320265249534
v 0.222964974125576 0.0900114248976258 0.121955303198512
v 0.222978852596263 0.0845023718306323 0.156840581906187
v 0.22297907420649 0.100378026715028 0.158281570041805
v 0.223022473557693 0.0922091755692515 0.161322409878568
v 0.223028152060686 0.0874872939071616 0.124134521269224
v 0.223082122180729 0.0955637911494347 0.122465505171062
v 0.223088488826717 0.0808797068779911 0.145432901457864
v 0.223148224894242 0.101048480842033 0.132350781136329
v 0.22315681411211 0.101925478868529 0.145853323957765
v 0.223195383121954 0.0843637157265706 0.131513734200241
v 0.223206542305589 0.0948344010320366 0.163390675019906
v 0.22323082218705 0.0962344937637191 0.163253656959555
v 0.223242375495375 0.0809391625983072 0.147241981371459
v 0.223266578684629 0.086344954694745 0.12593495026473
v 0.223270394403266 0.102384772615315 0.14008069029862
v 0.223307045125676 0.0809409971137031 0.148982915194237
v 0.223329182763999 0.0989033974079076 0.127821638633354
v 0.223330314467041 0.0811944776332348 0.151593478367543
v 0.223346131699719 0.0946216666256882 0.121516767833967
v 0.223389751858046 0.0920716813854408 0.121000185773309
v 0.223390688305152 0.0909117006416553 0.121183664662382
v 0.223416324756733 0.081637562215201 0.153366656790846
v 0.223434249412588 0.0865418684440089 0.158976851072869
v 0.223448452587946 0.0845789060638725 0.157867246907763
v 0.223460095377392 0.0814050968295041 0.140331107856275
v 0.223461769986454 0.0859227719486299 0.126894647686624
v 0.223466521644986 0.0829710506685425 0.134374275802439
v 0.223497903490246 0.097980715099416 0.162473326270794
v 0.223500653518259 0.0848950389314692 0.12992050940727
v 0.223505067113257 0.0823342215566153 0.135979585156694
v 0.223511437576723 0.0852105104999848 0.129091591566319
v 0.223513468580698 0.0854729837102916 0.128266276660802
v 0.223520751312913 0.10214591764925 0.148536952567243
v 0.223546512136853 0.0817641668628962 0.138028682516066
v 0.223550361440931 0.100482344119143 0.130079974017257
v 0.223554128014233 0.0928823891819623 0.163349324311024
v 0.223564261694124 0.0830947486487617 0.156520091757704
v 0.2235822250852 0.102226553751142 0.151830166735587
v 0.223588497778896 0.0881936706390554 0.159730103233831
v 0.223612387420167 0.0865945687449185 0.12499596080825
v 0.223622307703525 0.0876975981629269 0.1232092421645
v 0.223641480552097 0.0995410019542994 0.160744742546561
v 0.223644740706407 0.0824647056734163 0.155622450759294
v 0.223647409097611 0.0835611086633074 0.157267928888495
v 0.22365884171418 0.0893230828377386 0.121638304569119
v 0.223718589677297 0.10194729209091 0.154955332113343
v 0.223732353441869 0.102528586734661 0.136758860839612
v 0.223735899355666 0.0870939412760991 0.124041133853532
v 0.223737319057925 0.085100886399438 0.1305783461301
v 0.223748988721324 0.0901273077325326 0.160293064164544
v 0.223791379382393 0.0980263720301331 0.124091272475738
v 0.223795185807018 0.0972633813934508 0.122917308442337
v 0.223799881081096 0.0864736495679588 0.12580380023307
v 0.223827616805251 0.0817168948820792 0.15249267874069
v 0.223829949402833 0.0986400441393485 0.125266595655971
v 0.223834058425891 0.0950148223925654 0.164515012770686
v 0.223854349059835 0.0938992101793842 0.120694253801915
v 0.223861948505061 0.0853598675912714 0.129188768992291
v 0.22387535375499 0.0849150467388029 0.158938770510923
v 0.223875613186393 0.093695912007722 0.164464543100874
v 0.223877211468224 0.0884144553767912 0.122171416199175
v 0.223889121224264 0.101552221122958 0.156780363105844
v 0.223927422875376 0.102156304900825 0.133646774333553
v 0.223944576138239 0.0855198675904476 0.128836861532001
v 0.223977808188696 0.0963500113837353 0.121731972325117
v 0.223994614541224 0.0816762072585777 0.149577249297711
v 0.224007126677059 0.0855118332026658 0.129808994101795
v 0.224027664254944 0.0903243550623736 0.120824302076749
v 0.224038117905087 0.0970552750499087 0.163993883035978
v 0.224062135888949 0.0834782312507731 0.13437835683854
v 0.224074363496703 0.0856891818036823 0.12920980508883
v 0.224089866992153 0.0870253425280643 0.124688507916649
v 0.224091247734898 0.100795961530064 0.159014347809836
v 0.224098191425334 0.0828974650054267 0.157097375369841
v 0.224101840548937 0.0815798918808278 0.145265571347059
v 0.224111258843928 0.0914485313449802 0.163592644990345
v 0.224133140427914 0.0876815051752698 0.123480582293756
v 0.22413999979571 0.0858193525095131 0.128610225793099
v 0.224157708233393 0.0903305865908572 0.162371083423741
v 0.22417007497771 0.0816523390970203 0.143484807686919
v 0.224173261115663 0.0927217269392257 0.120260295899432
v 0.224196275672885 0.100040588947809 0.1273128939179
v 0.224205774658305 0.0817317235254967 0.148139612774806
v 0.224211550506791 0.0834366319350945 0.158071505325983
v 0.224216818791915 0.0988525046785453 0.162327430269631
v 0.224254748299404 0.0872876402727602 0.16091258660279
v 0.224255901901819 0.0857387143064423 0.160163007058175
v 0.224258014340515 0.0861471490397296 0.127171501295072
v 0.224265191478978 0.0843610565540694 0.132812913431813
v 0.22427020442246 0.0923111896455596 0.16463624876567
v 0.224309123740938 0.0822376132609181 0.139095625049439
v 0.224311187860818 0.0829796434491804 0.15647671072705
v 0.22431769465725 0.0822309635706563 0.153456731428981
v 0.224347116932592 0.0917708814932253 0.120200765574752
v 0.224395687001091 0.0886217621258606 0.16179557865851
v 0.224395976006703 0.101866327962613 0.131150019664419
v 0.224398879659345 0.0956800794443495 0.120816631645586
v 0.224414140417497 0.0892449401117921 0.121208939940693
v 0.224415437558288 0.0858320154947009 0.129079762329194
v 0.224418409436261 0.0838343314154915 0.158860800822669
v 0.224477519943468 0.0822275088574261 0.151511300318692
v 0.224487268071685 0.0818556249100461 0.146750914128604
v 0.224503024490767 0.0959230710572454 0.165279357814154
v 0.224535385151074 0.0993881753852465 0.124813272887404
v 0.224539833129464 0.0860841594012146 0.12811266227396
v 0.224553923101504 0.0832950771511875 0.157190424008492
v 0.224587540527211 0.098717382642706 0.123435484772943
v 0.224608943446983 0.0936518616837743 0.165773954061804
v 0.224611187444401 0.0885310636118988 0.122129900346023
v 0.224626992979184 0.0829640029231448 0.137034103289887
v 0.224636854968615 0.0903517608945035 0.164078735915179
v 0.224641585284235 0.0826330153540948 0.154615425570707
v 0.224648797287892 0.103085332105753 0.140322508177908
v 0.22466050764594 0.0873439692104431 0.161903887926494
v 0.224667380273602 0.0844509003884094 0.159923719322662
v 0.224685336625642 0.0887877829325802 0.162814578903298
v 0.22468543114719 0.0820096026914436 0.14206318876046
v 0.224700015569523 0.0864379865387269 0.161476471934139
v 0.224700486030644 0.101281765739708 0.128715700518205
v 0.224723152734101 0.0880864079582041 0.162428457699096
v 0.224724238682035 0.0979854246747267 0.163910861458819
v 0.224733525693333 0.0859049291324977 0.129680528133702
v 0.224736977098336 0.0998948665537319 0.161293344705509
v 0.224739274965709 0.0835741008740037 0.157958437814273
v 0.224773225802279 0.085734097563992 0.130494640317923
v 0.224775138057097 0.0910048523247849 0.120118091287545
v 0.224779972604206 0.0981849098749284 0.122412349951915
v 0.22480189019544 0.0830540182404039 0.156098364036801
v 0.224806179596499 0.0911631204854966 0.165143490219163
v 0.22482287050023 0.0862130650471141 0.127580767913185
v 0.224866931090798 0.102428354812256 0.146321151125065
v 0.22486936066471 0.0949027772866214 0.120109663103815
v 0.224871294732169 0.0937429701170655 0.119844867871556
v 0.224890020432716 0.0849745956324809 0.16070655974552
v 0.224890984767353 0.0947160861057521 0.166150556474572
v 0.224899565572192 0.0854050377717056 0.131571360123625
v 0.224930321348901 0.0875970150607781 0.12314454446342
v 0.224935338679364 0.0861201363492333 0.128827542447055
v 0.22495021577239 0.101778334552564 0.157583844375575
v 0.224960605545073 0.102973426818288 0.14317911893048
v 0.224985847342203 0.102814169593789 0.149427602768799
v 0.224997415379145 0.100923618627117 0.159598546743078
v 0.225001906245261 0.0899925788320338 0.120481119650794
v 0.225003481918773 0.086858044574966 0.162340803925781
v 0.225023800946309 0.0889269036827881 0.163858581696998
v 0.225026165898494 0.0869612292104194 0.124601902913108
v 0.225048549714718 0.0883886398525683 0.121968156940478
v 0.225051525706039 0.10327402064746 0.136752363333176
v 0.225053697023072 0.0925796494888859 0.166296715486467
v 0.225059799380796 0.0866283238118244 0.125818946192762
v 0.225070993204385 0.087507686785046 0.162946558316876
v 0.225072147909877 0.0975975468554278 0.121467139664781
v 0.225087900682342 0.0854909853805843 0.161505237173563
v 0.225099804827625 0.102549317951055 0.155111110940741
v 0.225100992608857 0.086319650523464 0.127053511083337
v 0.22510453245826 0.0972253793938793 0.165082417422903
v 0.22512141985244 0.102890573504452 0.152527722718099
v 0.22513671870753 0.0899597275406746 0.164999685275013
v 0.225153378251817 0.0891045699240437 0.12118355867563
v 0.225160408977538 0.100731569715158 0.126187540116229
v 0.225171120515932 0.0862627097269995 0.162259129446525
v 0.225200595416103 0.0834402821278853 0.156968425209308
v 0.225259996364324 0.0927465233935679 0.119572367363398
v 0.22526583770176 0.102958884650877 0.13287636721737
v 0.225279039740754 0.0999938526719663 0.124400802588652
v 0.225321096920159 0.0988607588104199 0.16331871071899
v 0.225322050773517 0.0879663782326452 0.163835709282749
v 0.225336299660052 0.0905024072924984 0.165793420731313
v 0.225352835859209 0.086650977915129 0.162881103063076
v 0.225353734701395 0.0966577647504743 0.120521173074733
v 0.225367015125176 0.0912110080853712 0.166247653965081
v 0.225386798431578 0.0839767495497142 0.158708712740083
v 0.225387744259308 0.0855370694579761 0.161387809723985
v 0.225425647465252 0.0848588461644279 0.16043751629777
v 0.225446966497423 0.102424432851264 0.130187333800289
v 0.225511516892341 0.0937248796295104 0.167052539061398
v 0.225546966978265 0.0890527667684222 0.165140147463612
v 0.22555195852696 0.0828602281147206 0.149478089466021
v 0.225553822315646 0.0960084221835624 0.166443409881908
v 0.225588155025847 0.0871720647584475 0.16352620923838
v 0.225605211622373 0.0864595350689389 0.128145329386097
v 0.225615116770376 0.0896945272309872 0.165728573448053
v 0.225631450266664 0.0862146725871492 0.16246043681228
v 0.225632680074728 0.0826712072770285 0.147505187979993
v 0.225663593464315 0.0918432250846838 0.16694626070129
v 0.225691443868541 0.091805284059009 0.119567858098964
v 0.225693129366655 0.0907968061774403 0.119992755248768
v 0.225706405348542 0.100497396095407 0.160902106165434
v 0.22570966790361 0.0877429933562271 0.164257577766643
v 0.22572163660464 0.0858446509466367 0.1619005655464
v 0.225732306314633 0.0996525778157875 0.123071617990124
v 0.225737211104317 0.0944957672471757 0.119493929813
v 0.225784275236863 0.0901478083319704 0.166280835460105
v 0.225809015314864 0.0881275258086251 0.164839455548534
v 0.225812260142866 0.0826151051070301 0.145976150600968
v 0.225818855167699 0.102050036215225 0.128053527293641
v 0.225835872434863 0.0833611095372075 0.152415948057273
v 0.225847281394633 0.0990162253199375 0.12209607889429
v 0.225852739514825 0.0833835619125441 0.154385973236192
v 0.225889277744071 0.0980536801047945 0.164827878762928
v 0.225901703952856 0.08622464197741 0.162462986820674
v 0.225923208308473 0.082642113557563 0.143941206578633
v 0.225953461049811 0.0957081694172624 0.119719804314611
v 0.225958699694805 0.0827854694412734 0.14162647821961
v 0.225970245347521 0.0865713234220267 0.129295895552148
v 0.225977640164016 0.0843411058934127 0.159593819148229
v 0.225987951117077 0.0981893558127071 0.121151926749263
v 0.225997301720267 0.0871352451014035 0.125808514187163
v 0.226005182282936 0.102058206813662 0.157786068878727
v 0.22600777925037 0.0866532423347821 0.163070198957491
v 0.22600980787913 0.0926866141654148 0.167550599093888
v 0.226025457061499 0.0885539459250129 0.165335507767283
v 0.226038151410667 0.0839869554431609 0.15788264183192
v 0.226050970120158 0.0872738036120054 0.163809251187239
v 0.2260510116645 0.0948322333437166 0.167437530618644
v 0.226069335563997 0.0898973550308734 0.120759063761138
v 0.226070917966406 0.0848574200806392 0.160758899918167
v 0.226072831827373 0.099487016917624 0.162793449251402
v 0.226091363013959 0.0936009777652354 0.119252096113264
v 0.226097874228381 0.0908124956335182 0.167009868303502
v 0.226110086525024 0.101544098086489 0.126088561921834
v 0.226112124965201 0.0837371940339692 0.156106639765127
v 0.22612925173112 0.0892124458012249 0.166014382699641
v 0.226174716275552 0.102750946265012 0.15584701647788
v 0.22619181771641 0.100983512156853 0.124691487222759
v 0.226193476186913 0.0834374273234434 0.138837349691708
v 0.22619426480402 0.0865186090932739 0.130848295956726
v 0.226205638670115 0.0970981649046913 0.166191023371272
v 0.226218481139108 0.0853906636477879 0.161611982195736
v 0.226221989263813 0.0876611307186947 0.16433486794404
v 0.226226114207378 0.103773510223309 0.140604083253841
v 0.226262073625089 0.103841735712135 0.136510490602112
v 0.226312535967634 0.0881661521582955 0.164910938551094
v 0.226321178047326 0.0859215250161563 0.162513597118632
v 0.226325419865753 0.0844751969893425 0.135933427093489
v 0.22633135580712 0.0985833551684367 0.164372786328304
v 0.226338314046289 0.103357078579751 0.15293458276254
v 0.226343710517436 0.0916252213563264 0.167614585526787
v 0.226352206891925 0.103430136864038 0.149617922513486
v 0.226357704583497 0.0897729876268383 0.166663498392298
v 0.226380596342717 0.0886601829171542 0.16549187678382
v 0.226386469823792 0.0973257975418622 0.120258096041403
v 0.226411742578567 0.0856680378972152 0.133148548212248
v 0.22641379798029 0.0863873495454853 0.163142306169719
v 0.226423488649955 0.0927269254425486 0.119271719046706
v 0.226457381660609 0.103639607079606 0.133002260295819
v 0.226462881825601 0.0868598130816226 0.163818115700739
v 0.226465404281971 0.0890089528210041 0.165927599928714
v 0.22646730367862 0.101598979658173 0.159242816401658
v 0.226472398214136 0.0874416151523343 0.164568417027321
v 0.226530475508794 0.0885668877619437 0.122887969838366
v 0.226547201517783 0.0880315750202164 0.16520181077683
v 0.226562097798812 0.10032217991249 0.123063155785327
v 0.226576344380192 0.0879173071998793 0.12442401247217
v 0.226583491302098 0.0913221149352976 0.11984605893594
v 0.226593982557163 0.0938084325694979 0.168117012798171
v 0.226704191656546 0.1030844443449 0.129645074618613
v 0.226720803054401 0.0886752733235349 0.165867161298201
v 0.226726596226859 0.0892804162084262 0.166423912064155
v 0.226729139682456 0.103468838952648 0.14624392883315
v 0.226738951643321 0.0903011684938504 0.16721125728954
v 0.226741836683039 0.0921310550619243 0.119482117329307
v 0.22674197442412 0.0893870410596177 0.121753807111447
v 0.226751927762744 0.0854914617023139 0.161170517961411
v 0.226752221557338 0.0978241645479264 0.165710914653165
v 0.226758155086971 0.0945459242642714 0.119150883414741
v 0.226788142386421 0.0996157498959123 0.121958839466594
v 0.226857662428601 0.096072271968987 0.167506655755659
v 0.226862818196184 0.0952989229459011 0.119256426572211
v 0.226864811778152 0.0909619623206351 0.167653557131471
v 0.226870045566703 0.0965240368064376 0.119649522725359
v 0.22689699876565 0.103781983185553 0.143340592592973
v 0.226899408734427 0.098797609756014 0.121094127431277
v 0.226920868338792 0.0929557086037414 0.168351854683358
v 0.226921722232296 0.0847872130204849 0.158314316605375
v 0.226954995595719 0.0874932146155791 0.126752567099732
v 0.226955407747127 0.100273874961046 0.161676815570193
v 0.227043041460821 0.0873058660441569 0.128253511007199
v 0.227052685934624 0.0853915132259493 0.160238487978992
v 0.227107331177517 0.102375022981393 0.126516579293229
v 0.227117954894706 0.0879675913990338 0.164945518223982
v 0.227152331969274 0.0920991369574193 0.168273756819376
v 0.227168170631761 0.0897634834197279 0.166831009628481
v 0.227187242712346 0.093786418228069 0.119101157391459
v 0.227215110171544 0.101540275884774 0.124530755792706
v 0.227219066298707 0.0948362755912468 0.168337262290912
v 0.227236956034976 0.0867307227391273 0.163009295430923
v 0.227297718728152 0.0861300470877718 0.161695585014461
v 0.227312617670702 0.0990464592818062 0.163902068605681
v 0.227365926744153 0.0891681208176063 0.166215958458216
v 0.227393532725287 0.0904769677795187 0.167358886731514
v 0.227424569542386 0.0874734850233148 0.164040099231887
v 0.227488093339107 0.0983081359007292 0.120437927910943
v 0.227491949812 0.0971454493258844 0.166943881128385
v 0.22750635869083 0.0975226673356184 0.119934270601866
v 0.2275143419428 0.104265463758981 0.14008801642046
v 0.227529792984257 0.104321749588693 0.136508257159271
v 0.227572718057585 0.0981978879051727 0.165526030236248
v 0.227577102542896 0.0845739916294648 0.14649912313026
v 0.227586005293498 0.103781258882078 0.152881058912698
v 0.227612130567603 0.102606898398546 0.157469376853874
v 0.227617679210171 0.0853149146358203 0.153893860994937
v 0.227646049408188 0.104117551494265 0.132972378283864
v 0.227649809972308 0.0938816646573331 0.168754417542439
v 0.227666017670202 0.0911413270980542 0.167860544229839
v 0.227693129166573 0.0886897473515875 0.165534078634317
v 0.227693610628629 0.103963753200674 0.149634487534983
v 0.227702901764115 0.0857702600760193 0.150490124162971
v 0.227705324775654 0.0930200468127665 0.119370156338201
v 0.227730184135185 0.101010312454017 0.123181741699166
v 0.227733422983461 0.0964353237062571 0.119413172550147
v 0.227761349330127 0.103309363441996 0.155479744825062
v 0.227762838828744 0.0946590443183606 0.119088891845368
v 0.227772991255453 0.0921682325725578 0.11977870785839
v 0.22777997245554 0.0927735701747737 0.168667259820009
v 0.227852862531623 0.0964682972619305 0.16775476539698
v 0.227877836937136 0.103756204265855 0.130285360432132
v 0.227894238940775 0.10194571469528 0.159022109801249
v 0.227901319576256 0.0858198902162145 0.159056885063948
v 0.227919413656098 0.0999048728847795 0.121703435148865
v 0.227927413580697 0.091825985474259 0.16825966897639
v 0.227940698742832 0.0913114485269004 0.120436471188343
v 0.227982656446995 0.0896040698024925 0.1224120230259
v 0.227984752207918 0.0955644618813679 0.119169318375163
v 0.227996400716977 0.103282320845693 0.12815823569718
v 0.228014063023947 0.0873855525180853 0.13102220972733
v 0.228056735307624 0.104075021250743 0.146647026592384
v 0.228066698882899 0.0958069118273339 0.168328858280116
v 0.228116243808143 0.0857148920504806 0.156933788615113
v 0.228119498134877 0.099252643105974 0.121033503004731
v 0.228179217358047 0.0865878692830703 0.1344865561728
v 0.228181848883693 0.0984223222992573 0.120371177987199
v 0.228194364091445 0.095004435851675 0.168744258314829
v 0.22820129061298 0.099476565837015 0.163016846908344
v 0.228228159626466 0.0884959138092637 0.164887094287536
v 0.228240840240246 0.0975677304326684 0.119836868194889
v 0.228249792770967 0.102850359538171 0.126509431504739
v 0.228291212293887 0.104311255029421 0.142874398566677
v 0.228336841174513 0.0906566765921458 0.121285863546849
v 0.228340684574976 0.100885131589665 0.160803201275587
v 0.228357146445099 0.0876630527047098 0.163350154250888
v 0.22835722028856 0.0941258447031084 0.16895229605522
v 0.228395049388488 0.102098981228057 0.124654666683737
v 0.22844692835528 0.0969345508025862 0.119543260119506
v 0.228470844584316 0.0868713963748444 0.161195667824954
v 0.228502850244474 0.092462709415286 0.168566681305527
v 0.228520527377414 0.0987609252489974 0.164617836482044
v 0.228533045286038 0.0904276859345412 0.167039583093812
v 0.22855014160339 0.0966756674194048 0.167808714449189
v 0.22863889296768 0.0940746405072774 0.119326985260965
v 0.228669908688898 0.0974115353416532 0.166988555369047
v 0.228684292127633 0.0961690081239517 0.119319643193393
v 0.228700764818159 0.0934777110391748 0.168928124713716
v 0.228731826913657 0.085948371355924 0.137845186542409
v 0.228732259566012 0.0885269907470114 0.126317199484255
v 0.228747453992805 0.0896118012104015 0.165998300346761
v 0.228801314787533 0.104498069122684 0.133598234710098
v 0.228838141409384 0.0915682026193756 0.167928930958398
v 0.22884196649479 0.0881791518578412 0.128311684611333
v 0.228848698998295 0.101007454545849 0.12270699508483
v 0.228867987013613 0.0980932122190271 0.165941391258314
v 0.22898209556796 0.092130923951294 0.120344973750294
v 0.229004269789721 0.0953615897945025 0.119287003862952
v 0.229006553247136 0.104228524951306 0.152364734690548
v 0.229020184932937 0.104773787293922 0.137387685237059
v 0.229033385391249 0.0982847282778345 0.120261292670817
v 0.229054993412024 0.104151973989726 0.130688645220402
v 0.229059328375815 0.0943746870749355 0.169031075584901
v 0.229074227872963 0.104734112213954 0.140084724023351
v 0.229079688807107 0.103100658625607 0.156959371786927
v 0.229083049689215 0.0959538484868507 0.168477559336963
v 0.229089792651785 0.0967520160034218 0.11959985274313
v 0.229100457281055 0.100144176973436 0.121703330404372
v 0.229109395164736 0.09520619590793 0.168871623332711
v 0.229141137758506 0.104465650473601 0.149541037583682
v 0.229179927448538 0.104529970123467 0.145954724667468
v 0.229213437136302 0.09917678931124 0.120903712282854
v 0.229215473752215 0.0889800098032139 0.164643814589581
v 0.229229493544658 0.103909725961645 0.154399880629507
v 0.229274873062147 0.103741843291053 0.12864013149895
v 0.229372777767337 0.0928132736344799 0.168605684248057
v 0.229378774610329 0.103232369857002 0.126816876185993
v 0.229386681179246 0.0990309065293676 0.164015191027928
v 0.229387573918359 0.0895360603032939 0.12399357830097
v 0.229397402202524 0.102231210909011 0.158825287803689
v 0.229404915772301 0.0931959669135044 0.119911379209879
v 0.229440739619524 0.097610481600349 0.119930545324937
v 0.229474056553862 0.0996895978713608 0.162355843241404
v 0.229506139585936 0.0873572146527442 0.160004279229355
v 0.229559063264392 0.102578064997099 0.125110285106234
v 0.22955934189759 0.0967346618938477 0.16781314323874
v 0.229599363925633 0.0914550499721785 0.121234414829828
v 0.229646396567909 0.0903906667662523 0.122583056295481
v 0.229696642806101 0.101224111617266 0.160442044771233
v 0.229714893344411 0.0883869851670918 0.162683239094699
v 0.229775488635367 0.0964832723367134 0.119635868569534
v 0.22978575025705 0.094789314508038 0.168970412722463
v 0.229831765255623 0.0944775144375746 0.119645752091375
v 0.229832589939968 0.0869463722895309 0.155333175678732
v 0.22986000621774 0.0882298760906373 0.130535806031833
v 0.229948382774325 0.0939891867934809 0.168931542138532
v 0.229974656211679 0.0861663381936643 0.141740624331307
v 0.229977749619617 0.0983576532682082 0.165468662062571
v 0.229985729795404 0.0953683139286653 0.168781266148758
v 0.229988231628378 0.0862644656889952 0.146272989249137
v 0.229991151939119 0.101517153434637 0.123241651213827
v 0.230020214812942 0.0877946575620382 0.133236888394781
v 0.230042547259836 0.0868993843712732 0.150118574894294
v 0.2300641711687 0.0973627072981813 0.167053211409367
v 0.230074633351467 0.0960565632517058 0.168369157202398
v 0.230091115316147 0.104859659858651 0.135116230342505
v 0.230168154816866 0.0914231908431359 0.16721040123129
v 0.230175658506085 0.104794876633502 0.143146429254716
v 0.230219475738025 0.0904873622975961 0.166004799601539
v 0.23022587754301 0.100601730750276 0.122147509496228
v 0.230242138556152 0.103967088053744 0.12921882491123
v 0.230272907835412 0.0986436212073357 0.120622334893934
v 0.230278313056585 0.104540213484437 0.132223311462371
v 0.230316446308586 0.0923984353608622 0.168036720992803
v 0.230327116519173 0.104850539565657 0.148291644195663
v 0.230331418759985 0.10465720272594 0.15120520252807
v 0.230336730953251 0.0875588768577517 0.157607429962212
v 0.230413158429819 0.103360446303486 0.126987483038495
v 0.230414764320084 0.0957088352574983 0.119752767424619
v 0.230421660489745 0.099698708326603 0.121376360844336
v 0.230433429068771 0.103609255253269 0.156067110888264
v 0.230437510712584 0.105072150602235 0.139003538981493
v 0.230495810716745 0.0966347218617026 0.167820699239837
v 0.230514851809138 0.0946993190190703 0.168861919626636
v 0.230522808610285 0.0871693262969078 0.152761875788154
v 0.230532392341433 0.100289681905822 0.161806046716129
v 0.230533784407549 0.0925091087439158 0.120780312087624
v 0.230556962778696 0.0933214806563926 0.168524202738192
v 0.23056701589897 0.0975095378133079 0.120179095523721
v 0.230587760522318 0.0993415089187359 0.163486959682362
v 0.230644588150657 0.104959102205638 0.146202236183108
v 0.230667934423187 0.102438658501068 0.158684324369677
v 0.230736968653251 0.101445189841912 0.160283515452445
v 0.230780285884447 0.102817402765621 0.125519002346643
v 0.23081683926883 0.104386603126258 0.15348460986148
v 0.230849119376034 0.0873579264532321 0.136753139067269
v 0.230882537459045 0.0987300069993656 0.164770899337415
v 0.230887192033411 0.0956677839937024 0.168457289520322
v 0.230894257031399 0.102035763470072 0.124026931294232
v 0.231010628737863 0.0967522083552113 0.120123908056035
v 0.23103437899619 0.10105843481749 0.122706592546528
v 0.231083910216655 0.0978714636301394 0.166192615398896
v 0.231086548572048 0.086997961742887 0.139383126581526
v 0.231129279685038 0.100246254152098 0.12191514335644
v 0.231246530270453 0.093688555551412 0.120391108081684
v 0.231268968821986 0.0969710698095778 0.167287054010104
v 0.2312766368436 0.0896427738396294 0.125803015508143
v 0.231284138385034 0.104596346983958 0.132584003357684
v 0.231312627403522 0.0949707362278769 0.12007515673439
v 0.231368908418414 0.0891224597655546 0.161408379742929
v 0.231392023287297 0.0903647988946012 0.164564734574931
v 0.231423728136007 0.104102741318847 0.130026890487597
v 0.231459470623393 0.0941070937740245 0.168547225000355
v 0.231503492360667 0.0960602784568921 0.120197972303725
v 0.231513856276359 0.0922667256732002 0.167347515859334
v 0.231523232087916 0.105121101742304 0.143975380568434
v 0.231563267012184 0.0991404875538419 0.121154004097202
v 0.231582959325272 0.0950668814189376 0.168485422115366
v 0.231584326786522 0.10512693886531 0.147646389363366
v 0.23165533968942 0.104985157231877 0.150384861056557
v 0.231685832174899 0.104970475953274 0.135208906761149
v 0.231707982607153 0.103556821041718 0.127853698121541
v 0.231713962439155 0.105233164445981 0.138385667950922
v 0.231717320747227 0.0909977749568577 0.122975424789173
v 0.231732718147682 0.0916297838880818 0.166425227468695
v 0.23174178902994 0.105232823797487 0.141271648362227
v 0.231798408071077 0.0998412405468059 0.16283706472895
v 0.231868338325921 0.10169799473306 0.160039594920888
v 0.231892089572453 0.10069392258269 0.161549760142173
v 0.231935282986019 0.0932298155552334 0.167952161574436
v 0.231949492745861 0.0978060476005568 0.120592748619377
v 0.231958520059502 0.102866165542457 0.158080520517733
v 0.231960591597612 0.102946858892689 0.126098420911202
v 0.231964244260427 0.104662572100924 0.152872918004924
v 0.231974655331582 0.103996800053595 0.155370210078545
v 0.232062385222665 0.101354232362029 0.12329443088159
v 0.232078383425267 0.0889368114683482 0.159068464722283
v 0.232097985891408 0.0920367229899512 0.121808016699414
v 0.23210182938981 0.0962798074844698 0.16767052555179
v 0.232115066671307 0.0873370457002342 0.148397383341284
v 0.232122944549332 0.0991534255527392 0.164047694319544
v 0.232143580943043 0.0894035018646433 0.127817683237467
v 0.232165469629088 0.102213264981004 0.124614723123043
v 0.232171338980424 0.105259962801641 0.145809731376298
v 0.232303435274718 0.0984414999862451 0.165140104098516
v 0.232323194805247 0.0880533514736065 0.154104874881457
v 0.232373556783351 0.0871683717409755 0.142561142804575
v 0.232381830425639 0.0871825412149401 0.145925459444547
v 0.232386101517888 0.0884810951427532 0.156451043631159
v 0.232469023682411 0.100434543481224 0.122387988014535
v 0.232486893345217 0.0880798830962371 0.135460229614225
v 0.232522783366255 0.0949080230100603 0.168179420581145
v 0.232537546493218 0.0885477370246851 0.132885831486597
v 0.232538421140897 0.0877288521869247 0.151209972243161
v 0.232576714744772 0.0889963257984276 0.13032765063978
v 0.232671628067083 0.0997339479728085 0.121840761691843
v 0.232696139044234 0.0904809267576861 0.163013821249781
v 0.232740472519543 0.104669772586666 0.133716010538801
v 0.232743069585936 0.0956060079487931 0.167827137162517
v 0.232759740125463 0.0905447349633045 0.124531551178648
v 0.232780902059148 0.0954541296714604 0.120262554604522
v 0.232797607900583 0.10429999137624 0.131902533833066
v 0.232804915226037 0.0941381166196971 0.168013872633422
v 0.232845570667114 0.0966222656576771 0.120445876483894
v 0.232896838256042 0.103852172478499 0.129905829662119
v 0.232898627956674 0.0975212038351023 0.166179959120734
v 0.232943791832458 0.094328278570786 0.120499254695066
v 0.232998232223386 0.10536617885142 0.143594991973395
v 0.233039964642355 0.098756665595944 0.121298688295745
v 0.233047703387676 0.0931793686861451 0.121114156960539
v 0.233071390293167 0.0876404513071839 0.138951197881652
v 0.233071723826451 0.105187253804098 0.149532025583351
v 0.23309673510962 0.0931402442403668 0.167245081632685
v 0.233112715101597 0.103348288078236 0.128027242016954
v 0.233173843146832 0.092215901794804 0.166098768672105
v 0.233246288919269 0.105003437504263 0.136238919480425
v 0.23326413981895 0.103288315349038 0.157142694540488
v 0.233268610473595 0.105351789231341 0.140704163300776
v 0.233287039270293 0.105344080942093 0.147309475291168
v 0.233292779216827 0.100061350589689 0.162566859193983
v 0.233298054499373 0.0962377253209312 0.167201425643309
v 0.233306477159287 0.104923052865762 0.151785324882124
v 0.233364205088772 0.102245145804402 0.159200661789725
v 0.233413084210125 0.0990764899619519 0.163994375548505
v 0.233439419055145 0.104429780739656 0.153972078530985
v 0.233469841828833 0.102384479623793 0.125586455323446
v 0.233504286093375 0.103884997167418 0.155688509142484
v 0.233520114306327 0.101178945222533 0.16087814084191
v 0.233563761245844 0.0948283018972476 0.16769578245237
v 0.233601873715391 0.101128813886279 0.123575947024411
v 0.233657205719103 0.0975593219557272 0.120891564454748
v 0.23371022687048 0.0916522838587067 0.164561011801726
v 0.233715337367504 0.0917483336293443 0.122689937188254
v 0.233718737408232 0.0903341392251384 0.16088610758467
v 0.233851388089776 0.105196840412799 0.138600248367203
v 0.23390108080899 0.0954591438434518 0.167295091633339
v 0.23390792636746 0.0930814730250955 0.166647490300476
v 0.233913623873676 0.0957941302237672 0.120462755822105
v 0.233959229050607 0.0939098976262979 0.167302307194482
v 0.234149885375412 0.0983436896236243 0.164686253354166
v 0.234157863737602 0.105376032415892 0.145792565220337
v 0.234213054973098 0.0925652533067623 0.165733898361602
v 0.234221472647295 0.0944459042318084 0.167305332402399
v 0.234298738115571 0.104582509849256 0.134890940051549
v 0.234303870873551 0.103573411121336 0.131039748782701
v 0.234319065740556 0.0986707623393503 0.121695863496352
v 0.234323168790661 0.0939960286646822 0.120813471600926
v 0.23435333580158 0.0997488014154508 0.122474037739747
v 0.234386207424215 0.0970371453787111 0.16593751858203
v 0.234410224676196 0.0891065438747319 0.131101972442246
v 0.234429139168675 0.0925152093706789 0.121972565635563
v 0.23446029842366 0.103142093647242 0.128937377055288
v 0.234492339442997 0.104968754807999 0.150997107591448
v 0.234520878954603 0.103323413137086 0.156805252114086
v 0.234533832498752 0.0913601644013012 0.162718205280293
v 0.234553842468809 0.0901185525135039 0.15897724344822
v 0.2345587893845 0.0877911586105841 0.149161533009202
v 0.234595163389424 0.094886819036192 0.12054083450455
v 0.234599302964186 0.0964931182012298 0.120784225691803
v 0.234606196434213 0.0947662512466206 0.167013949389136
v 0.234610067476054 0.105373585923439 0.143265045400319
v 0.23461105008952 0.093888623818159 0.166849933015053
v 0.234615083921248 0.0960210055924683 0.166525842329341
v 0.234703148146504 0.0894312604280723 0.156733209346072
v 0.234704612779019 0.0995606388217865 0.162892657056625
v 0.234754655384133 0.0886550872807854 0.13365056808387
v 0.234760782922109 0.0902907097671384 0.126253038685531
v 0.234762496509882 0.100649933219761 0.161367234233393
v 0.234778868436881 0.103818954926337 0.155413717695652
v 0.234790405523857 0.0881619323474469 0.136595941329582
v 0.234812730628299 0.105135175153708 0.149467633847263
v 0.234826535766087 0.102334343116708 0.126632518077998
v 0.234840714861775 0.102154804789265 0.158950133635906
v 0.23488655545493 0.105284143363953 0.147296636839725
v 0.234898233965056 0.0933915218046796 0.166236994323413
v 0.234933792343082 0.0882047407373413 0.151836630289301
v 0.234934165293927 0.097356561031927 0.121240530979167
v 0.234935719727988 0.103949916875141 0.133225692842467
v 0.234969592757543 0.105242439386495 0.141104435587253
v 0.235039603078824 0.104838554563183 0.137265387599946
v 0.235053702483062 0.101318105729155 0.124753918345764
v 0.235071457158455 0.088817963142654 0.154441602336956
v 0.235082550007995 0.104443132148914 0.153174429250436
v 0.235095242148324 0.0875183141729236 0.145916862054029
v 0.235107770117309 0.0933795870031883 0.121329409556613
v 0.235114700634111 0.0927542670516353 0.165175081416256
v 0.235178721185472 0.0912498615657918 0.161467130091953
v 0.235230804592287 0.0941390750510318 0.166473086782734
v 0.235242754146716 0.0875253233771729 0.142610559433478
v 0.235282190510884 0.0982332007522868 0.164184203556839
v 0.235305740635148 0.100136802421517 0.123408859780582
v 0.235335943306505 0.0949237018167586 0.166393767205864
v 0.23537016942217 0.0954833048335379 0.120775729872448
v 0.235424208249464 0.0923353068357218 0.164053553687422
v 0.235426243144217 0.0896763929823352 0.128659844465161
v 0.235478376458998 0.103205178037875 0.131570713328219
v 0.235486427598713 0.105013971391143 0.13932854050357
v 0.235517150535014 0.0877729535245491 0.13935507311718
v 0.235564331878028 0.0918272842279481 0.162595834289835
v 0.235678908370347 0.096868865650976 0.165104921365683
v 0.235717134682448 0.0934354093049098 0.165541431214769
v 0.235747613201693 0.0943786364442405 0.12084893005872
v 0.235750900444665 0.104825227093641 0.15060489567303
v 0.235769661530581 0.0957913869526027 0.165666355525791
v 0.235775825173263 0.0989121099516053 0.122591334178797
v 0.235781518678631 0.0947550060259211 0.165999089752664
v 0.235809312153863 0.0919008487880237 0.123049521892402
v 0.235876429985513 0.105174413729647 0.143476835963502
v 0.235881070873 0.0930755545190125 0.164909453797936
v 0.235892399830842 0.0940479087893126 0.165813697995685
v 0.235919969364745 0.105141947307455 0.146055362660898
v 0.235922326295999 0.10365895873166 0.155116207578703
v 0.235946443302167 0.097766502763791 0.121909643698875
v 0.235955924855965 0.102682509325788 0.129587907909405
v 0.235992547829367 0.102676452237276 0.157416570816245
v 0.236028768207928 0.10013297609438 0.161403866416465
v 0.236036424490721 0.101374191055619 0.159634506741741
v 0.236132407177336 0.104198965432276 0.135584457263618
v 0.236244341124645 0.104931922359332 0.148372386987654
v 0.236260722460397 0.0962439494730202 0.121348283769504
v 0.236273784338047 0.104606549880355 0.138053444049312
v 0.236287966800279 0.0990102855073937 0.162585223587806
v 0.236314525900787 0.102030858194773 0.127689577156724
v 0.236330741557071 0.092734747059758 0.122127649189644
v 0.236350431343496 0.0923784805129923 0.162915198856099
v 0.236356341434616 0.0977626456073368 0.163718231684975
v 0.236371157151972 0.0936096288702494 0.121399363855806
v 0.236386237224141 0.104403337829374 0.151837729370234
v 0.236393119285186 0.0920029620625192 0.161828008167736
v 0.236397035506653 0.093693321014837 0.165058737360515
v 0.236449692287464 0.09144366906069 0.160176438057533
v 0.23646893236464 0.101288245079278 0.126033330624174
v 0.236576227400449 0.0945090983336402 0.12116474940074
v 0.236622016251583 0.0933480439817959 0.164462639019439
v 0.23666464158397 0.104857301391894 0.141436694728494
v 0.236689852889232 0.100274364445536 0.12463980411259
v 0.236749361920079 0.0958121787736576 0.164556014480931
v 0.236778560972515 0.103669808409785 0.134416598146293
v 0.236787737935232 0.0946343354949078 0.164753298018349
v 0.236797349391171 0.0890869537375457 0.131565157649185
v 0.23684902333985 0.0953005062367186 0.121375035511533
v 0.236862960601029 0.104882530509687 0.144291895807103
v 0.236872313916649 0.103102528646126 0.132719586678923
v 0.236917899856464 0.0969398112492755 0.163754950608506
v 0.236918891585614 0.0904712037356054 0.157783385064639
v 0.236987953091568 0.102528819739205 0.130729480823872
v 0.237004864973463 0.0968036949414037 0.12204464660664
v 0.237062293287664 0.089948852002161 0.128109971484331
v 0.237077177703087 0.099050379073274 0.123652679984134
v 0.237080215586907 0.092151928865457 0.122982987500707
v 0.237102030687675 0.103037649406343 0.155499834677491
v 0.237105631516853 0.103763220121545 0.153392399274155
v 0.237139745764542 0.104742399420657 0.146417728478908
v 0.237158987744651 0.0907862939232682 0.125562218874589
v 0.237161717451277 0.093024131465172 0.163259597214629
v 0.237177990988789 0.0914770876882737 0.124080738969846
v 0.237211007075301 0.104420517919014 0.149916880811469
v 0.237215227381174 0.102009831562489 0.157590616669808
v 0.237220755194818 0.089209947347935 0.154854783054812
v 0.237239070171849 0.104447495719861 0.139585640859403
v 0.237305661963624 0.0937235113119682 0.163408981059117
v 0.237314077889512 0.095392872571483 0.163875506197603
v 0.237314529714909 0.0927102123824918 0.122380951699313
v 0.237335336123101 0.0884512088885586 0.134436753116433
v 0.237385621201096 0.0885031391378976 0.15267450042542
v 0.237416232096591 0.0935292262794262 0.121773504969534
v 0.237447974670815 0.100506678876065 0.1596711568735
v 0.237459721543547 0.0943486377067931 0.163741717176065
v 0.237465045069439 0.103948328070234 0.137035235651435
v 0.237496847315201 0.0934088207252163 0.162534143469778
v 0.237501023357532 0.0947367198598076 0.121670641552844
v 0.237527216826885 0.101790323722734 0.128922096978739
v 0.237529418188149 0.0979162479024966 0.162265420167734
v 0.237548682442765 0.0962920065408789 0.163238611490122
v 0.237564200124281 0.0926446011484585 0.161806535044249
v 0.237568910185545 0.0895570635315687 0.129798901224732
v 0.237610522498528 0.0977237592170531 0.123042909945467
v 0.237709838844372 0.0993795829143394 0.160704524652186
v 0.237735414895454 0.0951877110956256 0.163213534564294
v 0.237796751691046 0.100399558125822 0.126077440839715
v 0.237810827512656 0.0959758759693345 0.122255338458195
v 0.237828419461467 0.092414459200758 0.160733062529713
v 0.237838295098092 0.0873498348784808 0.145584986021533
v 0.237844035073665 0.104322339568464 0.148085576510477
v 0.237845372129656 0.0935035830012033 0.161820286599841
v 0.237856632646445 0.1043743502342 0.142436603081085
v 0.237859425295865 0.0879061324804784 0.137244737844041
v 0.237907168400907 0.09448168739697 0.162909367284448
v 0.237948906200702 0.0921350983362865 0.123267179542082
v 0.23796367476439 0.103745837169855 0.151527351407745
v 0.237964776079752 0.093841440720383 0.16261492284978
v 0.237967622870655 0.104380242968509 0.145027091873219
v 0.238000208792142 0.0913125038121356 0.158620583394339
v 0.238031076238797 0.100919775492406 0.127397199390629
v 0.238072971729217 0.102956339749487 0.134083487137266
v 0.238091378532344 0.0876556281801676 0.148914372859845
v 0.238106765981123 0.0928121753670579 0.122553957265196
v 0.238135724187024 0.0927856168700524 0.160365229373525
v 0.238151638837044 0.0934097790998135 0.161071622740123
v 0.23816965213327 0.0921015662838306 0.159650706403997
v 0.238171385856838 0.0873447815186546 0.142114861234433
v 0.238172185654534 0.102790559951999 0.154393463430154
v 0.238213659448479 0.0941240383009558 0.122213672004863
v 0.23821481548743 0.0936963253787663 0.161924702961315
v 0.238222405860178 0.0916233352437752 0.124126812363715
v 0.23822743026328 0.0966947754778424 0.161977742999773
v 0.238258784974844 0.0956764706154507 0.162210966765387
v 0.238299618858245 0.0898312451016288 0.156016404032426
v 0.238315556178723 0.0995451805606417 0.125485805103749
v 0.238355769283898 0.101952604570845 0.131047403821186
v 0.238381288574831 0.0906565650931265 0.126262394280981
v 0.238406035025867 0.101649373637687 0.156517213520536
v 0.238422993618289 0.0932569011025955 0.16038854291966
v 0.238443741294055 0.0949401665316898 0.161866681732178
v 0.238466840256839 0.0904943037020329 0.157182687571771
v 0.238481366790763 0.0935351146924686 0.161233649591818
v 0.238500448437316 0.0911833307930767 0.125090168733911
v 0.238522196253977 0.094256411633758 0.161582345412946
v 0.238571067117613 0.0950911344296411 0.122628625096763
v 0.238583965653637 0.09630366034901 0.123154124823658
v 0.238648216924456 0.0916399219481983 0.158790558761601
v 0.238651363455152 0.0979381084773744 0.160562357401815
v 0.238676101710377 0.103811111215916 0.14116592160537
v 0.238683565620934 0.0902179420974078 0.127708808538979
v 0.238694684575764 0.0985301215882608 0.1248252689858
v 0.23870952050597 0.0922190397328677 0.159082225030604
v 0.238715877379394 0.103853307923044 0.146409774926849
v 0.238716432742304 0.101077841230872 0.129006823915485
v 0.238719605856422 0.100424557054418 0.157925375367051
v 0.238727866677024 0.0990908015286735 0.159490240870672
v 0.238747170156279 0.0889862627861768 0.154026587267429
v 0.238753317570802 0.093023549511594 0.159720437129225
v 0.238782494358398 0.0931783868582602 0.160385974295705
v 0.238793796977421 0.103510257392661 0.138855455759281
v 0.238828773878704 0.0923516864995466 0.123328142696968
v 0.238839474167341 0.103479870793812 0.149448381388739
v 0.238868159816132 0.102963016486174 0.136052631205885
v 0.238906000674091 0.0937616424835063 0.122784651648117
v 0.238937061845244 0.102816011732304 0.152326957721381
v 0.238975003986121 0.092653785830828 0.159063012712699
v 0.238978400740289 0.0953243872088043 0.160818105733642
v 0.239002310485728 0.0940480699733202 0.160503801833974
v 0.239008679949005 0.0929760152176659 0.123325452872019
v 0.23908025654362 0.0899585444154149 0.128722105842317
v 0.239096899529688 0.0910922840816064 0.15791797627697
v 0.239099347952041 0.0889227381518886 0.132369775782759
v 0.239128332580897 0.0920110417031309 0.123893550711761
v 0.239149685716538 0.103551425470763 0.144460822528257
v 0.239158493033781 0.0969476059138014 0.124146526883373
v 0.239167009503636 0.0935219642251975 0.15986801031997
v 0.239234086691425 0.101730249114241 0.154555158946178
v 0.239249941037623 0.0922273047353527 0.158443908640672
v 0.239256398315015 0.0997426117810633 0.127199141107845
v 0.239386138114463 0.0964550885778512 0.159863552309017
v 0.239386574863864 0.0928887177623394 0.159266942119939
v 0.239397780621086 0.0925793319755648 0.123936877034493
v 0.239432007033281 0.0916422076842715 0.124582274815574
v 0.239444239555678 0.0952712490520706 0.123671659631978
v 0.23946798423713 0.10175927510981 0.133014574477026
v 0.239468168564575 0.100635850192084 0.156054867379782
v 0.239520775879248 0.0895868563983122 0.130406319996274
v 0.239523670105922 0.093951863837948 0.159422852005513
v 0.239558602039064 0.0995066566508065 0.157413297155255
v 0.239588069314368 0.0940678492106375 0.123550399199282
v 0.239597507943752 0.102910706363165 0.148253470824827
v 0.239601885383543 0.0932208457377115 0.123565639895454
v 0.239662511418198 0.0912915504062061 0.125374609568859
v 0.239683284404207 0.0881682786839156 0.151669297911254
v 0.23969574348076 0.103048646374748 0.142959956210884
v 0.239715874404884 0.102944640649706 0.14622594219357
v 0.239728775855466 0.102594144915015 0.137745323521078
v 0.239730107471481 0.0924185691927549 0.124414968907945
v 0.239730653336225 0.094986557239502 0.159237158132871
v 0.239732887378648 0.0903222661486849 0.156547822232157
v 0.239743722025751 0.100848986886457 0.130755316584097
v 0.239746235786743 0.0922474377290627 0.15843793844517
v 0.239755146266798 0.0882169628995424 0.134822704799943
v 0.239785866650853 0.0986912696207517 0.126675361032091
v 0.239825803298548 0.102791713333707 0.140287397473508
v 0.239837915718409 0.102209827339469 0.150687651973159
v 0.239900236662869 0.0937603570502434 0.12406120612867
v 0.2399032495345 0.090934207557199 0.12618852741617
v 0.239904827512704 0.0921290114586981 0.124880697685123
v 0.239908053068917 0.0973989913652323 0.125568043591619
v 0.239909004842145 0.0918190768321427 0.157643157665546
v 0.239939849522706 0.0936289658525981 0.158562511508562
v 0.239957786590786 0.0980274126458283 0.157779936382711
v 0.239991761624651 0.0927919756488071 0.124215194075803
v 0.240034453479061 0.101282746761398 0.152892097604727
v 0.24005808594243 0.0875309538868036 0.149147429248787
v 0.240061968959687 0.0918733673892355 0.125344056117095
v 0.240067290671905 0.0926743800105819 0.158035642222939
v 0.240071641356813 0.0891719085568816 0.154024877259021
v 0.240137944166158 0.0945338119755099 0.124472004585394
v 0.240150990636032 0.0918289389273891 0.157638187276292
v 0.240154874800066 0.093473650922276 0.12444758089764
v 0.240186028259922 0.0997569361795215 0.12919775614041
v 0.240200416373263 0.100426775078305 0.154182829623498
v 0.240218414678408 0.0916150509126874 0.125810878208637
v 0.240233843612361 0.0904721867858566 0.127559820560765
v 0.240258101270328 0.0897635764274813 0.155420536206362
v 0.240277766183395 0.0937975730068637 0.12464448420273
v 0.240278552319479 0.101583636233881 0.135185727241682
v 0.24029173855565 0.0900833488491374 0.128853784423054
v 0.240295262177577 0.0994882743661783 0.155374022475714
v 0.240301360019349 0.0871478546129901 0.146616375165864
v 0.240306412965658 0.0966535857557806 0.157666520621836
v 0.24031755491599 0.0916316819991741 0.15727304528831
v 0.240363682448088 0.0924470517743001 0.124847357029943
v 0.240378264707978 0.101986384680435 0.147135471091482
v 0.240389076657848 0.0930884586458312 0.157641521253837
v 0.240389319542364 0.0877094559421225 0.137057838158616
v 0.240391684239499 0.102151857965864 0.144659583342565
v 0.240416131671345 0.0931864495744519 0.12477581064437
v 0.240436302714969 0.0869997106627793 0.144133812966174
v 0.240474405504444 0.0923286898485953 0.157290670978089
v 0.240526658318155 0.101330604658072 0.149666569398631
v 0.240557794884549 0.0873468705583443 0.139127056779452
v 0.240560885891129 0.0958443451289135 0.125624331726432
v 0.240567247770087 0.0946912067699832 0.157349953647845
v 0.240580298036463 0.101955543137799 0.141490530671439
v 0.240594096249012 0.0987561048082577 0.128441015747267
v 0.240595547654935 0.0938351126554195 0.125113454046556
v 0.240604060420632 0.0870826477628914 0.141208298151801
v 0.24060849985908 0.0913924924215685 0.126724053057587
v 0.240609900593985 0.0917503846487835 0.126113176881717
v 0.240651598099064 0.100636974987215 0.133139450628309
v 0.240741820848133 0.0979937585744997 0.155417552632166
v 0.240743197685827 0.0921518781347011 0.12570064658031
v 0.240747960472032 0.101424832071816 0.13718218663534
v 0.240770157012674 0.100169283455898 0.15190086926564
v 0.240770631138454 0.0945126931331677 0.125563938615918
v 0.240787253458622 0.0999614501512882 0.131464454566197
v 0.240808104510356 0.0922888678351225 0.156618529372728
v 0.240832109296307 0.0909849074136374 0.156245061174727
v 0.240847495984603 0.0893902980104635 0.15426098659988
v 0.240853431304439 0.101441379952238 0.138980991199475
v 0.240855449813121 0.0932567109480641 0.125637458640957
v 0.240907199872472 0.0956326378446931 0.156274467464508
v 0.240921800417483 0.101133481164563 0.145360704489527
v 0.240929801056812 0.0973029505586827 0.127440985105649
v 0.240967143322972 0.0890524480483306 0.132866724028131
v 0.240977868940833 0.100721094953992 0.147588946295168
v 0.240979541671038 0.0969352533197672 0.155445809099229
v 0.240993888195673 0.0879381264062846 0.14988024173779
v 0.241012174432629 0.0915107147342039 0.156070112499646
v 0.241012256800636 0.0917799179364717 0.126572296724905
v 0.241027677546455 0.0988211751413436 0.15315571630282
v 0.241039756649038 0.10116525586062 0.14307143663403
v 0.241078905187565 0.089827634324552 0.130849009409734
v 0.241111507630933 0.0926651954229383 0.126302492265679
v 0.241123390174361 0.0904909098130377 0.12929893057408
v 0.241148180405803 0.0906415953522103 0.155594121218094
v 0.241152988007945 0.0999612867598371 0.148840836229692
v 0.241154400773996 0.0927017386497437 0.155856039151771
v 0.241236490592061 0.0989798917827774 0.130794091028568
v 0.241248201687799 0.100168313992374 0.146262577616924
v 0.241250044224519 0.100347120521929 0.135230893721309
v 0.241294744639574 0.0914003145437952 0.127464135827914
v 0.241305538267731 0.0990010045983443 0.150609425487227
v 0.24130942065384 0.0939817274799296 0.155387624772485
v 0.241320088443966 0.0940702184173061 0.126647041953974
v 0.241348568400499 0.100117019601113 0.144614738811221
v 0.241356635084493 0.0969534182392432 0.153671980050838
v 0.241373008202029 0.100575681225243 0.140279224007237
v 0.241389956873298 0.0913709896379462 0.155167572230919
v 0.24140518725151 0.0902433802206311 0.154855754764865
v 0.241422160490632 0.0992831021479025 0.147154930189591
v 0.24143672252769 0.0926150476616174 0.127124983579805
v 0.241464223294274 0.0996406962802366 0.133637939774686
v 0.241469169852841 0.0953009571436101 0.154340916274004
v 0.241481451458567 0.100325536428338 0.137542275620542
v 0.24151640275049 0.099114324278999 0.145629806740587
v 0.241517839815781 0.0976188344054698 0.151524332641264
v 0.241526774170837 0.0955151609975061 0.127603713044603
v 0.241537093255336 0.0891279597384426 0.153039646156124
v 0.241564701914109 0.0884193615322566 0.135261134547363
v 0.241568362394435 0.0911485719359653 0.128403521384202
v 0.241589742497245 0.0921543025440729 0.154691301259911
v 0.241601671197865 0.0896093901652411 0.153814337196512
v 0.241601716419357 0.0998288231383919 0.142029702167578
v 0.241618607776202 0.0975512460691646 0.129666156568279
v 0.241666749581363 0.0976586330018056 0.148379247432926
v 0.241701024183132 0.0974445040165721 0.146076577083025
v 0.241728484831523 0.0986345340905452 0.143500183996816
v 0.241728680677869 0.093729956962371 0.127727314964197
v 0.241741737566549 0.0921817268008725 0.128123652467774
v 0.241742685180581 0.0874241130344845 0.145746883960757
v 0.241744968326045 0.0910273506072831 0.154168279907212
v 0.241769725712862 0.0900679549667928 0.154003043886528
v 0.241786908636972 0.0955314812719908 0.152330765540936
v 0.241824604944663 0.0948611981212738 0.144691459366428
v 0.241828607525876 0.0878217892974831 0.14870356083648
v 0.241838958681781 0.0995771640642138 0.139270304613281
v 0.241892930514 0.0905005406781949 0.129982842684381
v 0.241895314594291 0.0985204116308796 0.132797458978918
v 0.241902323474099 0.0966906728641746 0.143468805532402
v 0.241902688315326 0.0957339348457717 0.149720908207697
v 0.241908557270145 0.0926516321893475 0.153449898410231
v 0.241937233949445 0.0904228425616599 0.153537035891669
v 0.241944426908572 0.0950376694303255 0.14705344846932
v 0.241965987846057 0.0939567555051651 0.152405782421857
v 0.241990018858611 0.0897995674709689 0.153313768992034
v 0.242000102776322 0.0987771479385544 0.141010579446535
v 0.242054883877559 0.0947364958172133 0.128831309445616
v 0.242093451674457 0.0910074165407304 0.153049747409049
v 0.242111590652011 0.0931926009300993 0.128875220458337
v 0.242112506814672 0.0918762387044694 0.129444290969712
v 0.24211283032007 0.087509451249269 0.142236116074594
v 0.242115601724389 0.0986844951557795 0.135528426682717
v 0.242157730579474 0.0901311887778191 0.152774238378978
v 0.242163364661939 0.0938402576657725 0.150164113772343
v 0.242186964539389 0.0960965854562547 0.13010710050801
v 0.242201857734252 0.0892483388276921 0.152493235859864
v 0.242210470821191 0.0984944811659971 0.138295711291461
v 0.242233142608131 0.0935911660391034 0.145315047680376
v 0.242291460683779 0.0975127186689782 0.140415357476577
v 0.242309493145753 0.0880615674814282 0.137519780689164
v 0.242352686697081 0.0918281798944346 0.151248861363914
v 0.242367766980723 0.087754541587679 0.147706437213913
v 0.242376943441399 0.0929077774263484 0.147232888215119
v 0.242383228183625 0.0878586288811628 0.139025114351539
v 0.24245074623326 0.0900062594190817 0.151554146232929
v 0.242453782611627 0.0967184110959387 0.132258852670973
v 0.242479162957312 0.0953876699218974 0.14158853278594
v 0.242529487955204 0.0924104523365315 0.13051783663434
v 0.242533337693218 0.09158029876843 0.148547162101098
v 0.242545602344821 0.0884307354942359 0.150842643851418
v 0.242578206648256 0.0937936441322912 0.130500165347358
v 0.242582701010192 0.0950490096750052 0.131009493591486
v 0.24259744992556 0.0911588347505522 0.131441328319581
v 0.242623512071006 0.0895200321734536 0.132788515935797
v 0.242624212078773 0.0938413103636916 0.142519413668209
v 0.242658476712443 0.0968849171248295 0.134520508006445
v 0.24267335254493 0.0964171469146333 0.139092223845673
v 0.242710725235652 0.0902965310899167 0.14969008167599
v 0.242801957197698 0.0964884702233563 0.136830664854241
v 0.242806367804393 0.0889890369635694 0.149829075146058
v 0.242849032846409 0.0919928975320026 0.144711645894429
v 0.242859568243339 0.0876144929203461 0.14406017271967
v 0.242927741058066 0.0879362382356686 0.14868531385048
v 0.242992271397845 0.0877202596519296 0.147620269151554
v 0.243008921107096 0.0937288295226632 0.132603050273398
v 0.243009933921269 0.0949032927978294 0.133598855353849
v 0.243012640398327 0.0876706108571212 0.146640344655274
v 0.243019097809629 0.0946201138930807 0.139328072599346
v 0.243024973903372 0.0921795660070649 0.132564363649334
v 0.243041504117239 0.0904215317314848 0.146494051794707
v 0.243057093220438 0.0901848781767702 0.133690171013924
v 0.243057966514192 0.0886846230968189 0.148402188989285
v 0.243085074541902 0.095136637173424 0.135374515042823
v 0.243098364680111 0.0876107662999559 0.145602188416163
v 0.243115148439537 0.0885912838101238 0.135189097117257
v 0.243122563815725 0.0894621831214575 0.147401122566501
v 0.243216249919792 0.0944479179202149 0.136982591944469
v 0.243218253620827 0.0881319908651024 0.14732590944643
v 0.243248863239335 0.092465092698274 0.141029338569635
v 0.243260075047675 0.08823217165257 0.136363317308031
v 0.243283700806484 0.0879296839787587 0.139380245164827
v 0.243285932730632 0.0879104968074205 0.140473293770841
v 0.243329165112803 0.0900599708099279 0.144753110723249
v 0.243338902510204 0.0880180992428498 0.13797761186225
v 0.24334403811227 0.0913255305360746 0.134600264362145
v 0.243364163016394 0.0931096243171661 0.135259915529802
v 0.243424923375474 0.092818204522412 0.138474827482607
v 0.243456974355242 0.0880619171272712 0.145823208363134
v 0.243468336270549 0.0899157623843642 0.135902329352382
v 0.243481843983059 0.0887588335667184 0.145285579122005
v 0.24349778731225 0.0906328637296821 0.142230793311616
v 0.243544423876033 0.0878638378104829 0.144654644758545
v 0.24356918298378 0.0888624171222684 0.137215896266074
v 0.24362109368667 0.0911062497997909 0.137239623046178
v 0.243640173599205 0.0909286706891621 0.139732697293479
v 0.243646161069179 0.0884172986918349 0.138487369488885
v 0.243660219643772 0.0890029971908209 0.14304949624356
v 0.243734090905544 0.0891973576827181 0.138737718288291
v 0.243734121633034 0.0882507948978266 0.139762385502273
v 0.243744972452501 0.0879976586217935 0.14169260806567
v 0.243753186513448 0.0892850498889469 0.140555847789017
f 401 384 445
f 944 982 934
f 508 510 491
f 862 888 857
f 835 777 815
f 238 257 202
f 774 706 699
f 770 773 708
f 714 795 778
f 351 280 312
f 485 380 463
f 241 254 200
f 753 739 793
f 281 345 344
f 1100 1093 1034
f 935 957 886
f 37 38 21
f 146 115 120
f 556 609 619
f 1128 1157 1135
f 367 335 319
f 889 863 907
f 915 953 891
f 104 61 79
f 1061 1014 1023
f 631 673 683
f 1224 1238 1232
f 451 498 478
f 554 627 623
f 526 574 552
f 411 376 345
f 431 475 487
f 1039 1048 1058
f 337 262 308
f 680 657 752
f 176 148 237
f 1101 1114 1092
f 524 527 571
f 1091 1026 1050
f 251 303 319
f 477 542 503
f 1203 1215 1151
f 1242 1238 1241
f 270 314 361
f 815 808 877
f 92 75 69
f 338 460 333
f 446 535 507
f 973 1038 991
f 781 771 824
f 740 797 713
f 970 1004 1017
f 767 794 822
f 1144 1112 1126
f 199 220 165
f 707 704 753
f 1027 1021 1057
f 275 247 293
f 452 488 491
f 897 924 931
f 112 142 103
f 551 553 500
f 1182 1162 1169
f 73 81 90
f 221 227 269
f 260 282 231
f 77 67 124
f 732 730 783
f 1203 1078 1172
f 573 611 562
f 46 76 50
f 413 466 534
f 577 533 587
f 72 99 100
f 447 488 452
f 918 924 897
f 884 860 923
f 610 569 602
f 1020 1035 1046
f 813 829 756
f 307 268 287
f 63 79 51
f 632 662 629
f 845 827 752
f 1080 1117 1106
f 1020 968 1010
f 568 543 601
f 101 92 113
f 231 211 260
f 333 460 453
f 564 516 539
f 352 326 279
f 1114 1110 1092
f 139 171 149
f 1211 1224 1202
f 173 170 132
f 1143 1177 1166
f 739 702 746
f 556 547 494
f 399 389 291
f 390 391 315
f 1080 1106 1073
f 542 477 524
f 451 478 429
f 28 16 6
f 458 494 424
f 467 507 576
f 942 931 951
f 549 563 528
f 586 629 607
f 1159 1133 1173
f 767 822 801
f 521 581 509
f 1161 1154 1175
f 695 684 628
f 1018 996 995
f 1178 1200 1173
f 1032 1011 1076
f 165 192 145
f 947 999 990
f 1143 1153 1130
f 1044 1065 1059
f 768 815 777
f 928 1031 994
f 760 795 714
f 568 511 543
f 414 458 379
f 429 478 443
f 742 709 701
f 762 721 755
f 1143 1139 1177
f 642 512 509
f 170 173 212
f 808 859 877
f 692 645 675
f 463 584 485
f 579 616 604
f 165 220 192
f 869 900 867
f 628 559 643
f 342 282 302
f 778 776 728
f 654 630 645
f 498 519 478
f 56 88 63
f 391 450 477
f 1191 1139 1031
f 530 398 518
f 1147 1148 1136
f 327 414 379
f 919 870 913
f 679 678 633
f 1117 1131 1106
f 1106 1103 1073
f 270 361 327
f 960 998 952
f 542 571 608
f 383 325 380
f 1119 1085 1060
f 168 205 223
f 316 287 289
f 587 480 560
f 1134 1162 1165
f 348 387 407
f 362 340 418
f 243 236 287
f 931 925 902
f 594 553 590
f 48 55 32
f 739 753 704
f 309 310 244
f 280 276 312
f 844 835 895
f 1039 1015 1048
f 902 900 869
f 68 105 69
f 1128 1100 1084
f 1068 1061 1023
f 1211 1217 1231
f 1217 1219 1229
f 559 482 467
f 1069 959 946
f 970 969 937
f 70 99 72
f 424 476 381
f 163 197 154
f 848 887 814
f 974 1045 987
f 387 429 407
f 835 815 886
f 614 548 564
f 150 129 108
f 334 337 369
f 816 834 775
f 809 759 811
f 663 660 750
f 738 780 790
f 526 552 486
f 1066 1034 1093
f 459 468 441
f 660 557 460
f 1036 1070 1017
f 226 180 204
f 837 874 804
f 977 981 1004
f 162 165 127
f 837 834 882
f 797 740 819
f 839 845 749
f 1072 1035 1051
f 82 83 57
f 473 544 526
f 596 627 554
f 392 373 432
f 754 699 665
f 37 43 59
f 1206 1192 1193
f 172 189 137
f 482 559 570
f 681 697 640
f 148 185 237
f 467 400 507
f 415 399 296
f 789 793 746
f 697 648 640
f 536 534 617
f 479 538 483
f 1242 1241 1240
f 695 735 684
f 65 82 57
f 759 753 811
f 168 223 191
f 557 436 442
f 59 53 37
f 209 181 190
f 495 412 482
f 78 91 119
f 850 862 818
f 892 938 888
f 682 712 656
f 1019 1020 1010
f 121 104 79
f 954 977 951
f 80 118 127
f 598 535 592
f 984 956 1008
f 814 796 741
f 426 440 451
f 736 697 681
f 150 108 134
f 416 440 426
f 934 904 944
f 591 586 544
f 510 499 491
f 497 565 518
f 718 728 776
f 863 889 853
f 96 118 80
f 936 985 993
f 795 760 818
f 1148 1126 1136
f 941 936 993
f 1111 1127 1137
f 474 417 401
f 806 825 823
f 28 38 51
f 443 478 496
f 281 317 345
f 1186 1201 1199
f 200 199 162
f 571 542 524
f 1139 1191 1177
f 996 962 976
f 1055 1079 1074
f 523 494 458
f 1058 1055 1039
f 993 1026 992
f 1174 1177 1186
f 334 294 262
f 277 264 323
f 127 145 106
f 934 966 929
f 852 847 750
f 244 220 199
f 469 407 443
f 258 319 299
f 1235 1230 1226
f 874 824 804
f 186 149 171
f 928 959 1031
f 192 239 203
f 252 371 273
f 205 175 252
f 98 82 110
f 941 992 930
f 845 922 827
f 140 104 153
f 845 752 749
f 555 554 623
f 126 151 168
f 370 386 301
f 475 432 464
f 967 979 981
f 1092 1062 1054
f 177 218 166
f 438 425 409
f 705 700 661
f 1026 1068 1023
f 332 301 350
f 293 247 216
f 669 676 615
f 495 497 399
f 1113 1158 1195
f 924 954 931
f 1034 1066 1000
f 690 708 773
f 669 623 685
f 518 398 389
f 998 1006 1019
f 937 900 925
f 981 979 1005
f 1200 1178 1198
f 375 462 460
f 766 755 716
f 637 698 622
f 1135 1157 1178
f 715 676 711
f 80 106 66
f 169 206 152
f 1083 1049 1074
f 122 151 86
f 30 24 10
f 284 272 311
f 675 720 692
f 1214 1200 1218
f 15 39 26
f 580 513 572
f 127 118 162
f 733 766 716
f 133 94 88
f 404 330 335
f 882 916 874
f 491 499 470
f 454 479 418
f 1019 1035 1020
f 163 145 192
f 32 23 17
f 823 855 826
f 1000 1066 1022
f 483 449 423
f 625 615 676
f 486 523 458
f 1135 1093 1100
f 230 183 231
f 579 604 573
f 904 934 896
f 710 830 745
f 78 67 40
f 955 916 990
f 1069 1156 1053
f 45 31 64
f 203 239 235
f 1043 999 1002
f 324 359 276
f 421 391 477
f 824 842 781
f 634 596 585
f 622 698 679
f 723 737 785
f 289 290 322
f 983 1021 982
f 484 612 660
f 211 174 202
f 207 256 228
f 527 524 450
f 32 36 48
f 645 692 654
f 696 695 643
f 1090 1038 1022
f 8 22 17
f 744 730 693
f 578 618 631
f 764 821 770
f 735 738 684
f 79 63 94
f 544 562 600
f 750 660 706
f 483 538 543
f 1039 1018 1015
f 240 300 261
f 217 267 195
f 921 878 880
f 858 903 813
f 504 561 575
f 584 501 485
f 550 593 539
f 471 533 464
f 609 667 619
f 1164 1179 1155
f 207 228 208
f 580 597 474
f 314 269 318
f 842 860 798
f 286 379 343
f 566 436 557
f 1 3 2
f 533 577 537
f 32 43 23
f 32 55 43
f 85 102 111
f 239 192 220
f 649 667 609
f 117 128 159
f 667 649 686
f 662 668 629
f 1113 1067 1115
f 1223 1087 1081
f 474 513 580
f 879 930 880
f 731 786 735
f 480 533 471
f 763 727 796
f 147 156 109
f 407 434 366
f 1056 1031 1139
f 775 723 785
f 850 797 894
f 386 480 420
f 224 236 193
f 534 536 413
f 886 877 935
f 866 816 846
f 857 849 795
f 641 693 646
f 882 874 837
f 447 438 472
f 26 39 49
f 232 218 177
f 1143 1166 1153
f 240 286 300
f 1189 1192 1210
f 935 909 973
f 196 161 156
f 642 581 651
f 1107 1127 1091
f 187 142 179
f 1038 1060 991
f 628 684 637
f 449 511 456
f 1076 1103 1112
f 836 817 780
f 1084 1032 1076
f 222 285 288
f 346 290 284
f 1216 1230 1221
f 15 5 9
f 517 516 548
f 348 366 318
f 497 495 558
f 309 362 365
f 348 294 334
f 31 27 14
f 249 253 213
f 807 761 779
f 911 939 858
f 957 935 991
f 416 435 440
f 733 718 776
f 1057 1044 1027
f 616 639 604
f 202 181 209
f 1004 970 977
f 858 813 758
f 1155 1147 1164
f 56 53 73
f 555 623 615
f 89 71 107
f 1146 1117 1123
f 611 659 626
f 1059 1077 1051
f 1208 1183 1151
f 722 782 747
f 405 521 509
f 1122 1088 1110
f 817 878 832
f 1137 1127 1154
f 480 471 420
f 265 333 271
f 659 716 687
f 498 451 481
f 1152 1129 1130
f 857 795 818
f 993 992 941
f 720 759 772
f 1142 1162 1124
f 693 689 646
f 61 51 79
f 366 314 318
f 653 760 714
f 980 968 1020
f 788 785 737
f 1069 1078 1151
f 1024 1113 1105
f 290 346 363
f 30 10 19
f 266 354 293
f 207 212 255
f 1027 1001 1021
f 854 793 844
f 907 936 889
f 1210 1194 1189
f 393 361 314
f 1047 1012 988
f 382 358 342
f 761 724 779
f 1072 1077 1101
f 579 540 563
f 804 747 782
f 887 870 814
f 1056 994 1031
f 366 393 314
f 793 811 753
f 266 293 216
f 370 457 480
f 149 186 167
f 89 59 71
f 1035 1019 1051
f 237 308 262
f 788 790 832
f 128 155 159
f 18 29 15
f 276 274 324
f 528 563 540
f 520 503 567
f 88 73 108
f 595 640 648
f 938 894 945
f 286 270 327
f 3 12 2
f 485 383 380
f 862 850 892
f 543 511 483
f 792 806 823
f 657 587 560
f 136 174 183
f 1045 1030 1062
f 367 405 395
f 409 402 427
f 774 750 706
f 1084 1076 1112
f 1072 1054 1046
f 188 135 178
f 789 777 835
f 1018 1049 1025
f 249 292 253
f 530 489 398
f 774 754 833
f 106 80 127
f 135 182 147
f 666 757 688
f 486 437 526
f 665 658 758
f 1084 1100 1042
f 31 20 44
f 814 870 796
f 830 763 919
f 937 925 942
f 1099 1143 1130
f 158 214 185
f 77 96 64
f 1113 1024 1067
f 763 796 870
f 649 668 686
f 827 908 819
f 531 500 465
f 395 405 509
f 1238 1242 1232
f 1128 1084 1112
f 422 433 354
f 545 502 492
f 162 152 200
f 211 257 260
f 480 386 370
f 1128 1112 1144
f 488 508 491
f 699 706 612
f 19 46 50
f 954 951 931
f 95 76 58
f 855 823 851
f 98 135 147
f 209 238 202
f 888 918 897
f 78 47 91
f 750 751 663
f 226 204 261
f 535 446 476
f 1017 1050 985
f 597 521 474
f 258 251 319
f 35 18 27
f 1081 861 950
f 247 275 241
f 302 282 260
f 428 465 500
f 1198 1209 1200
f 448 492 459
f 1174 1169 1163
f 1165 1175 1154
f 413 346 311
f 68 103 105
f 915 846 875
f 69 49 39
f 164 180 150
f 1111 1123 1094
f 167 186 201
f 211 183 174
f 294 318 269
f 115 90 81
f 256 250 228
f 161 196 219
f 399 291 296
f 561 625 575
f 895 943 899
f 10 7 19
f 825 806 802
f 1110 1088 1089
f 106 93 66
f 871 824 874
f 921 880 930
f 1012 1021 983
f 183 211 231
f 768 715 765
f 342 358 282
f 323 385 410
f 611 604 639
f 1110 1132 1122
f 1191 1204 1201
f 246 199 200
f 147 109 98
f 415 495 399
f 833 861 774
f 747 719 694
f 606 549 541
f 849 864 838
f 670 616 606
f 762 784 742
f 656 708 644
f 546 603 545
f 1060 1085 1016
f 1047 1082 1012
f 36 33 52
f 248 210 208
f 863 826 867
f 1174 1186 1169
f 353 337 308
f 1212 1230 1216
f 351 455 370
f 761 841 765
f 52 48 36
f 571 621 608
f 205 168 151
f 1018 1003 1015
f 1068 1111 1061
f 1229 1215 1233
f 322 316 289
f 682 717 712
f 652 598 646
f 1015 1003 989
f 585 596 530
f 984 989 963
f 180 164 204
f 1040 927 1009
f 560 457 455
f 23 21 11
f 197 251 215
f 599 550 545
f 914 878 921
f 643 695 628
f 721 701 687
f 117 97 128
f 867 855 869
f 881 807 843
f 1059 1051 1044
f 258 299 263
f 632 626 655
f 394 307 383
f 246 254 313
f 574 586 607
f 729 671 719
f 1117 1094 1123
f 701 662 687
f 462 375 283
f 959 847 946
f 769 748 705
f 255 338 256
f 616 579 563
f 419 441 427
f 883 840 876
f 291 389 267
f 877 886 815
f 71 55 100
f 765 711 761
f 1101 1095 1125
f 222 187 179
f 342 302 332
f 510 508 539
f 728 672 714
f 781 729 771
f 839 959 928
f 300 343 381
f 741 727 651
f 251 258 215
f 73 88 56
f 21 23 37
f 198 262 227
f 1227 1207 1214
f 71 100 107
f 891 846 915
f 394 485 501
f 1117 1146 1131
f 858 939 903
f 661 605 619
f 913 960 952
f 64 80 45
f 125 99 136
f 818 862 857
f 256 265 250
f 1148 1167 1144
f 141 167 155
f 711 676 669
f 649 609 607
f 704 673 664
f 828 879 831
f 1005 1025 1036
f 681 725 736
f 1104 1082 1047
f 49 75 42
f 869 851 873
f 864 873 838
f 54 29 35
f 553 569 529
f 288 292 249
f 451 440 481
f 514 469 532
f 909 906 973
f 754 665 756
f 28 61 58
f 819 740 827
f 601 595 648
f 757 839 749
f 204 240 261
f 1131 1136 1120
f 965 1002 953
f 148 176 120
f 560 666 688
f 312 276 359
f 771 729 719
f 214 183 230
f 213 222 249
f 1101 1092 1072
f 183 214 158
f 916 955 905
f 1050 1026 993
f 193 182 224
f 305 273 371
f 775 782 722
f 164 194 204
f 830 858 745
f 468 427 441
f 901 881 932
f 667 661 619
f 257 211 202
f 1118 1109 1129
f 606 563 549
f 438 447 425
f 220 244 264
f 603 647 653
f 1008 1015 984
f 259 279 326
f 720 707 759
f 187 222 213
f 413 439 388
f 1053 959 1069
f 1053 1031 959
f 838 805 849
f 485 394 383
f 352 384 326
f 810 848 773
f 428 390 355
f 876 868 940
f 1237 1225 1234
f 545 492 546
f 679 723 678
f 385 365 449
f 344 297 281
f 164 157 194
f 952 998 968
f 373 392 345
f 449 456 385
f 1181 1075 1140
f 134 108 114
f 776 800 802
f 1054 1072 1092
f 662 655 687
f 698 637 684
f 841 807 881
f 323 410 355
f 410 428 355
f 87 75 101
f 872 893 864
f 736 746 697
f 847 852 964
f 568 525 511
f 1055 1058 1079
f 92 101 75
f 376 344 345
f 856 865 821
f 589 612 493
f 232 180 226
f 57 41 65
f 1197 1207 1187
f 1126 1148 1144
f 419 376 411
f 1009 1024 1105
f 1135 1100 1128
f 1098 1116 1109
f 979 967 962
f 838 873 851
f 825 802 800
f 1170 1192 1189
f 465 410 456
f 114 108 90
f 958 901 932
f 587 657 680
f 411 392 431
f 131 100 125
f 960 926 929
f 527 569 582
f 80 66 45
f 597 580 650
f 86 126 91
f 1226 1210 1227
f 640 583 638
f 971 994 1064
f 52 70 48
f 43 37 23
f 879 941 930
f 13 25 12
f 526 586 574
f 778 805 800
f 301 295 257
f 630 602 645
f 135 98 110
f 136 117 138
f 217 140 153
f 1229 1231 1217
f 362 309 313
f 728 714 778
f 1221 1225 1181
f 899 854 844
f 842 798 781
f 375 255 283
f 58 76 46
f 213 173 187
f 979 962 996
f 569 610 582
f 163 203 197
f 1120 1136 1126
f 939 1024 1009
f 1216 1221 1140
f 937 936 907
f 1148 1147 1160
f 1204 1191 1156
f 448 411 431
f 368 292 288
f 225 242 272
f 1027 1029 1001
f 631 635 588
f 385 456 410
f 657 560 688
f 1118 1129 1142
f 943 1016 972
f 13 12 3
f 800 805 838
f 1203 1233 1215
f 1011 1032 986
f 926 960 913
f 217 195 140
f 341 274 271
f 59 43 71
f 1015 1008 1048
f 102 85 87
f 1014 1002 965
f 877 859 909
f 390 315 355
f 1124 1162 1134
f 652 643 576
f 516 499 510
f 967 981 954
f 652 696 643
f 365 423 449
f 362 423 365
f 1173 1200 1197
f 690 773 741
f 739 746 793
f 696 731 695
f 1147 1146 1164
f 1129 1152 1142
f 24 20 10
f 360 442 341
f 119 91 144
f 801 821 764
f 519 549 528
f 51 61 28
f 874 905 871
f 427 402 419
f 130 154 110
f 547 535 476
f 743 757 666
f 241 184 247
f 7 10 1
f 111 128 97
f 370 280 351
f 237 214 308
f 1221 1181 1140
f 370 301 280
f 524 477 450
f 576 559 467
f 656 644 608
f 594 569 553
f 242 263 298
f 490 422 406
f 400 397 331
f 1183 1205 1204
f 1013 1005 996
f 738 735 780
f 1049 1055 1074
f 144 126 168
f 1073 1076 1033
f 519 541 549
f 28 58 34
f 42 60 33
f 89 120 81
f 101 113 116
f 1235 1226 1227
f 434 393 366
f 906 901 958
f 515 575 583
f 50 30 19
f 973 991 935
f 1225 1221 1234
f 827 971 908
f 763 651 727
f 999 953 1002
f 181 155 190
f 1118 1083 1097
f 997 923 986
f 799 784 762
f 148 131 185
f 1185 1181 1225
f 957 1016 943
f 858 758 745
f 418 340 377
f 61 95 58
f 618 578 568
f 763 710 642
f 335 330 306
f 917 919 968
f 1058 1071 1079
f 1079 1097 1074
f 554 489 530
f 1070 1091 1050
f 786 731 791
f 1086 1077 1065
f 1175 1182 1190
f 1188 1160 1155
f 581 521 597
f 45 41 27
f 501 493 328
f 417 474 521
f 947 916 882
f 138 174 136
f 208 186 171
f 1141 1158 1115
f 337 353 374
f 761 711 724
f 64 44 77
f 6 16 7
f 829 813 903
f 1238 1224 1231
f 1065 1057 1086
f 358 430 373
f 1236 1242 1239
f 764 712 717
f 812 784 826
f 641 646 592
f 710 745 613
f 729 781 726
f 1122 1150 1141
f 106 145 130
f 732 791 731
f 1200 1214 1197
f 754 774 699
f 291 267 217
f 722 678 723
f 431 432 475
f 519 498 541
f 45 27 31
f 948 962 967
f 1006 1029 1019
f 144 191 160
f 1107 1134 1127
f 791 836 786
f 124 78 119
f 290 224 284
f 821 865 810
f 194 157 189
f 694 634 678
f 901 906 841
f 881 901 841
f 115 114 90
f 985 1050 993
f 35 57 54
f 747 771 719
f 1081 1075 1185
f 1132 1114 1125
f 844 793 789
f 1101 1077 1086
f 464 533 537
f 264 277 220
f 997 1000 932
f 70 97 99
f 770 821 810
f 327 379 286
f 378 374 353
f 1022 958 1000
f 536 617 584
f 621 610 654
f 1024 1007 1067
f 232 177 180
f 1208 1229 1219
f 261 320 226
f 989 984 1015
f 422 321 406
f 675 645 624
f 411 441 419
f 574 607 552
f 902 873 893
f 587 680 647
f 726 779 724
f 772 809 794
f 775 834 782
f 95 104 140
f 832 875 846
f 728 670 672
f 1105 1216 1140
f 461 428 500
f 17 36 32
f 246 244 199
f 898 871 905
f 210 201 186
f 718 670 728
f 565 585 518
f 733 677 718
f 1195 1158 1194
f 677 670 718
f 235 239 278
f 163 192 203
f 1128 1144 1157
f 973 1022 1038
f 858 830 911
f 507 400 446
f 752 827 740
f 276 234 245
f 337 334 262
f 782 837 804
f 1145 1138 1104
f 206 200 152
f 914 965 915
f 867 826 855
f 1146 1147 1131
f 913 952 919
f 101 116 102
f 1049 1083 1036
f 452 403 425
f 290 236 224
f 339 315 391
f 1185 1075 1181
f 1095 1057 1082
f 1240 1237 1239
f 1169 1162 1152
f 1038 1096 1060
f 825 800 838
f 642 651 763
f 903 927 829
f 150 180 129
f 20 31 14
f 176 237 262
f 841 808 765
f 897 931 902
f 297 308 214
f 1170 1171 1150
f 927 1040 950
f 1094 1052 1061
f 842 824 871
f 155 181 159
f 849 872 864
f 756 758 813
f 803 769 812
f 898 842 871
f 878 817 836
f 484 368 493
f 174 159 202
f 925 931 942
f 273 305 223
f 1075 1081 950
f 895 886 957
f 505 468 502
f 129 180 177
f 1052 1014 1061
f 437 393 473
f 785 788 846
f 1025 1049 1036
f 669 685 726
f 538 454 515
f 696 689 732
f 5 15 13
f 434 473 393
f 503 444 421
f 787 828 783
f 1216 1105 1195
f 946 847 964
f 992 975 930
f 769 803 748
f 283 292 349
f 1096 1159 1119
f 457 560 480
f 838 851 825
f 1219 1204 1205
f 1141 1150 1171
f 539 593 564
f 642 613 512
f 915 875 914
f 809 811 868
f 505 488 472
f 525 456 511
f 548 614 541
f 114 137 134
f 267 389 252
f 349 368 484
f 1208 1219 1205
f 552 607 609
f 1138 1125 1082
f 426 429 387
f 769 705 709
f 185 131 158
f 24 30 47
f 951 970 942
f 613 534 512
f 1216 1195 1212
f 900 937 907
f 638 681 640
f 1220 1236 1228
f 522 537 546
f 358 382 430
f 208 228 250
f 387 348 334
f 26 25 13
f 413 408 466
f 744 693 700
f 969 985 936
f 1199 1213 1217
f 743 820 757
f 912 899 972
f 347 394 501
f 756 665 758
f 807 841 761
f 429 426 451
f 1091 1070 1107
f 333 256 338
f 1145 1187 1176
f 1102 1107 1070
f 770 712 764
f 117 99 97
f 528 540 496
f 974 917 980
f 732 731 696
f 1122 1132 1150
f 930 975 921
f 757 820 839
f 375 460 338
f 693 641 700
f 534 466 512
f 606 541 614
f 62 91 47
f 112 103 84
f 907 863 900
f 677 733 691
f 965 953 915
f 1029 1027 1044
f 974 1030 1045
f 706 660 612
f 650 580 620
f 651 650 741
f 738 737 698
f 208 210 186
f 22 12 33
f 598 652 576
f 1078 1069 946
f 137 115 146
f 732 783 791
f 1209 1228 1218
f 436 566 455
f 185 214 237
f 944 910 940
f 594 602 569
f 82 98 83
f 990 1033 1011
f 123 124 169
f 853 803 812
f 1028 1073 1033
f 4 10 20
f 961 945 963
f 179 219 222
f 381 343 424
f 998 1010 968
f 230 297 214
f 21 28 6
f 119 160 124
f 86 62 50
f 1111 1091 1127
f 1028 999 1043
f 647 740 713
f 888 897 857
f 909 935 877
f 557 453 460
f 35 27 41
f 716 659 691
f 116 111 102
f 988 940 912
f 99 125 100
f 999 1028 990
f 658 745 758
f 428 410 465
f 1140 1075 1040
f 982 1021 1001
f 403 435 416
f 525 568 578
f 218 296 291
f 617 613 745
f 802 806 792
f 452 435 403
f 357 396 380
f 356 367 319
f 444 513 445
f 189 172 221
f 811 793 854
f 966 960 929
f 57 83 54
f 734 772 794
f 890 848 865
f 717 767 764
f 299 319 335
f 191 233 216
f 160 191 216
f 573 562 532
f 1209 1188 1196
f 837 782 834
f 515 454 433
f 390 450 391
f 584 589 501
f 512 466 404
f 956 963 894
f 173 213 212
f 922 971 827
f 445 513 474
f 849 857 872
f 27 18 14
f 1043 1080 1028
f 1218 1200 1209
f 188 178 242
f 134 157 164
f 311 346 284
f 212 213 253
f 232 296 218
f 1105 1140 1040
f 1175 1165 1182
f 1186 1199 1182
f 245 274 276
f 187 173 143
f 939 1009 903
f 139 149 116
f 11 17 23
f 1134 1154 1127
f 271 248 250
f 470 481 435
f 257 238 301
f 1156 1108 1053
f 498 517 541
f 158 136 183
f 40 44 20
f 1158 1113 1115
f 873 902 869
f 548 541 517
f 714 636 653
f 856 896 865
f 30 50 62
f 136 158 125
f 352 444 384
f 954 948 967
f 196 268 219
f 639 659 611
f 980 917 968
f 1179 1196 1155
f 1211 1190 1217
f 1157 1180 1178
f 1105 1113 1195
f 994 971 922
f 429 443 407
f 473 514 544
f 688 749 657
f 1026 1023 992
f 957 943 895
f 81 59 89
f 120 115 81
f 1175 1184 1161
f 333 265 256
f 457 370 455
f 361 414 327
f 603 653 599
f 15 29 39
f 654 692 703
f 1139 1099 1056
f 240 229 286
f 1187 1207 1193
f 1073 1103 1076
f 359 455 351
f 252 273 205
f 301 386 350
f 357 336 396
f 797 819 894
f 735 695 731
f 1092 1089 1062
f 447 452 425
f 16 19 7
f 175 140 195
f 1148 1180 1167
f 590 588 635
f 682 621 654
f 511 449 483
f 899 912 854
f 1063 1067 1007
f 610 630 654
f 80 64 96
f 617 534 613
f 973 906 958
f 1083 1074 1097
f 891 953 920
f 920 866 891
f 1108 1031 1053
f 34 46 19
f 16 34 19
f 369 387 334
f 11 6 8
f 490 504 422
f 676 674 625
f 114 115 137
f 1179 1184 1202
f 1233 1231 1229
f 109 112 84
f 816 866 834
f 610 621 582
f 166 133 177
f 368 349 292
f 42 74 60
f 88 129 133
f 1042 1100 1034
f 760 653 713
f 1085 1104 1041
f 628 637 570
f 453 557 442
f 663 743 666
f 503 421 477
f 895 899 844
f 218 291 217
f 991 1016 957
f 1085 1145 1104
f 726 724 669
f 634 671 596
f 669 615 623
f 996 1018 1013
f 463 439 536
f 762 755 792
f 1135 1121 1093
f 1173 1121 1135
f 932 1000 958
f 861 852 750
f 750 774 861
f 109 83 98
f 235 259 197
f 1171 1170 1189
f 618 568 601
f 319 303 356
f 223 205 273
f 736 725 777
f 456 525 465
f 21 6 11
f 69 39 68
f 684 738 698
f 1037 1071 1008
f 1093 1121 1066
f 1070 1036 1083
f 1234 1239 1237
f 251 259 303
f 666 560 566
f 184 241 169
f 674 725 681
f 399 518 389
f 1201 1204 1213
f 182 225 224
f 1014 975 1023
f 566 560 455
f 182 193 147
f 503 520 444
f 556 605 547
f 1097 1079 1071
f 1193 1176 1187
f 341 324 274
f 625 561 615
f 1101 1086 1095
f 974 980 1030
f 1136 1131 1147
f 290 363 336
f 1217 1190 1199
f 400 381 446
f 1119 1145 1085
f 980 1020 1030
f 218 217 166
f 170 171 139
f 1064 1056 1099
f 1240 1223 1222
f 1149 1132 1125
f 398 371 252
f 108 129 88
f 340 362 313
f 551 500 531
f 144 160 119
f 516 506 499
f 16 28 34
f 235 197 203
f 690 620 644
f 702 648 697
f 1231 1224 1211
f 107 148 89
f 7 2 6
f 120 89 148
f 379 424 343
f 337 403 369
f 73 90 108
f 1014 1052 1002
f 1202 1184 1211
f 1208 1151 1215
f 633 678 634
f 886 895 835
f 1151 1078 1203
f 1094 1080 1052
f 1190 1211 1184
f 1063 1088 1122
f 321 354 266
f 25 42 33
f 975 965 914
f 921 975 914
f 459 441 448
f 1155 1196 1188
f 847 959 820
f 480 587 533
f 605 556 619
f 771 747 804
f 826 863 812
f 527 582 571
f 885 889 936
f 454 377 433
f 628 570 559
f 1075 950 1040
f 954 981 977
f 949 905 955
f 1154 1161 1137
f 507 598 576
f 527 461 529
f 1210 1206 1227
f 1101 1125 1114
f 911 974 987
f 996 1005 979
f 368 328 493
f 1220 1228 1209
f 96 77 123
f 420 364 350
f 44 64 31
f 412 495 415
f 67 77 44
f 53 81 73
f 593 614 564
f 444 520 513
f 1108 1156 1191
f 835 844 789
f 843 860 884
f 1222 1185 1225
f 1081 1185 1223
f 1029 1044 1051
f 269 270 221
f 1240 1222 1237
f 906 909 859
f 20 24 40
f 347 285 268
f 716 691 733
f 639 616 677
f 56 63 38
f 716 721 687
f 1094 1061 1111
f 1123 1111 1137
f 38 37 53
f 1159 1197 1187
f 38 28 21
f 905 874 916
f 1155 1160 1147
f 1150 1132 1149
f 76 86 50
f 156 147 193
f 531 578 588
f 1206 1207 1227
f 1060 1096 1119
f 317 373 345
f 987 1063 1007
f 1045 1063 987
f 962 945 961
f 1068 1026 1091
f 1037 978 971
f 231 281 230
f 278 352 279
f 184 160 216
f 1148 1160 1180
f 225 272 284
f 326 356 303
f 259 326 303
f 1054 1020 1046
f 55 72 100
f 515 583 538
f 461 527 450
f 452 491 470
f 505 472 468
f 296 304 412
f 67 78 124
f 472 438 468
f 17 11 8
f 938 892 894
f 569 527 529
f 236 289 287
f 1041 1104 1047
f 417 367 356
f 387 369 416
f 593 550 599
f 507 535 598
f 846 816 785
f 622 558 637
f 570 558 495
f 506 481 499
f 646 689 652
f 866 882 834
f 1193 1168 1176
f 1214 1207 1197
f 1048 1008 1071
f 878 875 832
f 919 917 830
f 329 336 357
f 963 989 995
f 702 697 746
f 1129 1116 1130
f 798 860 843
f 1046 1035 1072
f 1030 1020 1054
f 284 224 225
f 1091 1111 1068
f 972 988 912
f 254 246 200
f 830 917 911
f 917 974 911
f 269 314 270
f 674 638 625
f 389 398 252
f 943 972 899
f 496 478 528
f 142 161 179
f 888 938 918
f 1 5 3
f 890 929 887
f 612 484 493
f 143 132 105
f 923 932 884
f 280 301 238
f 947 920 999
f 563 606 616
f 1241 1203 1172
f 195 267 252
f 304 296 232
f 750 847 751
f 1036 1017 1004
f 804 824 771
f 1230 1234 1221
f 1006 960 1001
f 616 670 677
f 995 1003 1018
f 976 962 961
f 936 937 969
f 121 79 94
f 992 1023 975
f 997 1034 1000
f 152 162 118
f 1110 1089 1092
f 928 994 922
f 664 648 702
f 739 704 702
f 586 591 632
f 1175 1190 1184
f 1223 1185 1222
f 1184 1179 1164
f 1239 1235 1236
f 589 493 501
f 933 938 948
f 377 454 418
f 535 547 592
f 1099 1139 1143
f 1033 1076 1011
f 482 570 495
f 811 854 868
f 876 809 868
f 1170 1149 1168
f 587 647 577
f 1132 1110 1114
f 1090 1022 1066
f 727 741 796
f 689 696 652
f 52 33 60
f 53 56 38
f 1207 1206 1193
f 296 412 415
f 354 377 293
f 182 135 188
f 853 812 863
f 194 240 204
f 1145 1119 1159
f 1196 1179 1202
f 169 152 123
f 788 737 738
f 1044 1057 1065
f 321 233 305
f 223 233 191
f 305 233 223
f 647 713 653
f 579 573 540
f 632 591 626
f 600 591 544
f 700 705 748
f 883 822 840
f 673 631 618
f 484 660 462
f 1008 978 1037
f 245 201 210
f 439 363 388
f 670 606 672
f 1022 973 958
f 798 779 726
f 707 720 683
f 290 289 236
f 517 481 506
f 498 481 517
f 198 172 146
f 767 734 794
f 4 20 14
f 894 908 956
f 1094 1117 1080
f 487 448 431
f 779 798 843
f 326 384 401
f 558 622 565
f 44 40 67
f 532 540 573
f 1016 1041 972
f 134 164 150
f 29 18 35
f 523 486 552
f 898 923 860
f 655 662 632
f 397 400 467
f 543 538 601
f 257 302 260
f 757 749 688
f 595 601 538
f 700 641 661
f 395 335 367
f 301 332 295
f 617 745 658
f 635 683 675
f 453 360 333
f 464 373 430
f 1238 1231 1233
f 997 932 923
f 167 190 155
f 720 675 683
f 590 551 588
f 570 637 558
f 271 274 248
f 1063 1045 1088
f 283 255 253
f 671 627 596
f 1084 1042 1032
f 861 1081 964
f 1152 1163 1169
f 872 857 897
f 396 439 463
f 1223 1241 1172
f 352 339 421
f 663 666 566
f 313 254 275
f 540 469 496
f 12 25 33
f 1085 1041 1016
f 1060 1016 991
f 784 812 769
f 300 381 331
f 400 331 381
f 592 605 641
f 261 300 331
f 751 847 743
f 646 598 592
f 847 820 743
f 1174 1166 1177
f 1229 1208 1215
f 815 768 808
f 591 600 626
f 1133 1096 1090
f 1096 1133 1159
f 809 876 840
f 581 642 509
f 866 846 891
f 794 809 840
f 582 621 571
f 111 97 85
f 610 602 630
f 365 385 310
f 794 840 822
f 332 302 295
f 3 5 13
f 411 345 392
f 173 132 143
f 245 248 274
f 282 358 317
f 721 716 755
f 766 792 755
f 308 297 353
f 309 365 310
f 856 904 896
f 1180 1157 1167
f 244 310 264
f 1118 1097 1109
f 927 950 833
f 542 608 567
f 631 588 578
f 448 487 492
f 43 55 71
f 447 472 488
f 792 799 762
f 117 136 99
f 777 789 736
f 1067 1141 1115
f 268 307 394
f 780 817 790
f 692 720 734
f 832 790 817
f 1203 1241 1233
f 611 600 562
f 458 424 379
f 169 124 184
f 623 627 685
f 1082 1125 1095
f 648 664 601
f 426 387 416
f 93 82 65
f 843 884 881
f 174 138 159
f 881 884 932
f 843 807 779
f 138 117 159
f 919 952 968
f 514 562 544
f 776 778 800
f 538 479 454
f 674 676 715
f 773 814 741
f 678 722 694
f 633 634 585
f 229 189 221
f 69 75 49
f 855 851 869
f 277 355 315
f 963 956 984
f 504 515 433
f 433 422 504
f 589 584 665
f 122 140 175
f 156 161 109
f 276 280 234
f 593 599 636
f 620 572 644
f 567 644 572
f 780 735 786
f 414 361 437
f 188 225 182
f 850 818 797
f 178 135 110
f 503 542 567
f 141 149 167
f 1194 1171 1189
f 1118 1124 1083
f 1054 1062 1030
f 191 144 168
f 852 861 964
f 763 830 710
f 190 201 234
f 468 438 427
f 151 122 175
f 1183 1156 1069
f 87 85 60
f 12 22 8
f 802 766 776
f 401 356 326
f 401 417 356
f 1220 1196 1202
f 505 550 508
f 1240 1239 1242
f 947 990 916
f 14 18 9
f 805 778 795
f 1087 1078 964
f 829 833 754
f 517 506 516
f 476 494 547
f 216 247 184
f 469 514 434
f 892 850 894
f 175 205 151
f 321 266 233
f 271 333 360
f 551 531 588
f 1162 1142 1152
f 177 133 129
f 1198 1180 1188
f 1168 1192 1170
f 1193 1192 1168
f 898 860 842
f 775 722 723
f 318 294 348
f 352 421 444
f 469 540 532
f 281 231 317
f 754 756 829
f 627 671 685
f 154 178 110
f 655 659 687
f 876 940 910
f 910 944 883
f 944 904 883
f 913 870 887
f 1052 1080 1043
f 1151 1183 1069
f 122 76 95
f 828 787 803
f 225 188 242
f 953 999 920
f 997 1042 1034
f 246 313 309
f 283 349 462
f 458 414 486
f 525 531 465
f 466 408 404
f 976 961 995
f 919 763 870
f 97 70 85
f 1033 990 1028
f 939 1007 1024
f 939 911 987
f 987 1007 939
f 966 1001 960
f 349 484 462
f 398 489 371
f 1004 981 1005
f 617 658 584
f 372 378 353
f 669 724 711
f 382 471 430
f 1087 1223 1172
f 753 759 707
f 1130 1064 1099
f 234 201 245
f 970 951 977
f 116 149 141
f 808 841 859
f 47 30 62
f 584 463 536
f 873 864 893
f 584 658 665
f 741 650 690
f 302 257 295
f 1052 1043 1002
f 896 934 929
f 896 929 890
f 572 520 567
f 1223 1240 1241
f 949 923 898
f 1239 1234 1230
f 335 395 404
f 954 933 948
f 1083 1124 1102
f 81 53 59
f 206 169 241
f 944 983 982
f 1107 1102 1134
f 321 305 406
f 902 893 897
f 537 577 603
f 1182 1169 1186
f 103 142 143
f 810 773 770
f 412 304 320
f 964 1081 1087
f 1041 988 972
f 1191 1201 1186
f 140 122 95
f 492 487 546
f 116 113 139
f 890 887 848
f 537 475 464
f 522 475 537
f 970 1017 969
f 772 734 720
f 799 823 826
f 556 552 609
f 1161 1146 1137
f 1123 1137 1146
f 344 372 353
f 528 478 519
f 853 885 828
f 422 354 321
f 585 530 518
f 307 325 383
f 638 583 575
f 1063 1141 1067
f 575 625 638
f 404 408 311
f 922 845 928
f 139 132 170
f 659 639 691
f 207 171 170
f 1086 1057 1095
f 851 823 825
f 1077 1072 1051
f 522 487 475
f 821 801 856
f 849 805 795
f 880 878 836
f 606 614 672
f 92 69 105
f 715 725 674
f 344 376 372
f 41 57 35
f 590 553 551
f 894 963 945
f 227 221 172
f 694 719 671
f 297 344 353
f 490 555 561
f 420 471 382
f 660 663 557
f 460 462 660
f 1191 1186 1177
f 219 285 222
f 603 577 647
f 592 547 605
f 448 441 411
f 421 339 391
f 548 516 564
f 586 632 629
f 352 278 339
f 1088 1045 1062
f 24 47 40
f 227 172 198
f 552 556 523
f 1 4 5
f 196 193 236
f 468 492 502
f 499 481 470
f 77 124 123
f 212 253 255
f 55 48 72
f 600 611 626
f 83 109 84
f 481 440 435
f 165 145 127
f 199 165 162
f 1152 1130 1153
f 1062 1089 1088
f 1166 1163 1153
f 1152 1153 1163
f 378 409 374
f 338 255 375
f 512 404 395
f 546 537 603
f 635 631 683
f 83 84 54
f 473 434 514
f 209 190 234
f 1057 1021 1082
f 938 933 918
f 1199 1201 1213
f 1213 1204 1219
f 1213 1219 1217
f 1198 1178 1180
f 868 854 912
f 565 633 585
f 1018 1039 1049
f 924 933 954
f 298 263 306
f 461 390 428
f 546 487 522
f 713 797 760
f 112 109 161
f 126 144 91
f 176 198 146
f 1178 1173 1135
f 664 673 618
f 708 712 770
f 1116 1064 1130
f 641 605 661
f 1220 1209 1196
f 1222 1225 1237
f 8 2 12
f 1013 1018 1025
f 153 166 217
f 516 510 539
f 36 17 22
f 1218 1227 1214
f 88 94 63
f 106 130 93
f 4 9 5
f 714 672 636
f 672 614 636
f 691 639 677
f 332 350 364
f 364 382 332
f 1036 1004 1005
f 1174 1163 1166
f 599 653 636
f 427 438 409
f 944 940 983
f 1098 1071 1037
f 1082 1021 1012
f 195 252 175
f 142 187 143
f 1157 1144 1167
f 93 110 82
f 1236 1220 1232
f 130 110 93
f 9 18 15
f 65 41 66
f 1134 1165 1154
f 1001 1029 1006
f 105 132 113
f 1005 1013 1025
f 52 85 70
f 550 539 508
f 461 450 390
f 1064 1098 1037
f 996 976 995
f 1124 1134 1102
f 323 310 385
f 197 178 154
f 1242 1236 1232
f 60 85 52
f 22 33 36
f 624 645 594
f 594 590 624
f 635 624 590
f 523 556 494
f 526 437 473
f 181 202 159
f 374 409 403
f 526 544 586
f 84 103 68
f 393 437 361
f 896 890 865
f 905 949 898
f 408 413 311
f 611 573 604
f 1197 1159 1173
f 146 120 176
f 469 434 407
f 116 141 111
f 612 589 665
f 883 904 856
f 557 663 566
f 121 94 133
f 369 403 416
f 1009 927 903
f 133 166 121
f 1235 1227 1228
f 1218 1228 1227
f 783 744 787
f 783 730 744
f 768 765 808
f 845 839 928
f 575 515 504
f 277 239 220
f 397 320 331
f 158 131 125
f 531 525 578
f 1184 1164 1161
f 673 707 683
f 839 820 959
f 264 310 323
f 75 74 42
f 682 703 717
f 405 417 521
f 814 773 848
f 865 848 810
f 846 788 832
f 942 970 937
f 769 709 742
f 685 671 729
f 402 376 419
f 66 93 65
f 509 512 395
f 1122 1141 1063
f 642 710 613
f 784 769 742
f 933 924 918
f 74 87 60
f 799 826 784
f 444 445 384
f 46 34 58
f 404 311 330
f 49 42 26
f 367 417 405
f 132 139 113
f 801 764 767
f 63 51 38
f 1188 1209 1198
f 72 48 70
f 962 938 945
f 831 836 791
f 831 880 836
f 1194 1210 1212
f 662 701 668
f 997 986 1042
f 828 803 853
f 595 538 583
f 15 26 13
f 629 668 649
f 1126 1112 1103
f 1138 1149 1125
f 686 668 701
f 894 819 908
f 1141 1171 1158
f 250 265 271
f 222 288 249
f 1011 955 990
f 747 694 722
f 978 1008 956
f 882 866 920
f 248 208 250
f 207 208 171
f 661 667 705
f 1055 1049 1039
f 469 443 496
f 1146 1161 1164
f 152 118 96
f 320 261 331
f 822 883 856
f 242 298 272
f 1133 1121 1173
f 1121 1133 1090
f 1066 1121 1090
f 298 311 272
f 452 470 435
f 667 709 705
f 751 743 663
f 78 40 47
f 141 155 128
f 982 1001 966
f 597 650 651
f 1199 1190 1182
f 229 270 286
f 221 270 229
f 190 167 201
f 601 664 618
f 285 219 268
f 593 636 614
f 998 960 1006
f 226 304 232
f 207 255 256
f 263 299 306
f 381 476 446
f 665 699 612
f 702 704 664
f 704 707 673
f 530 596 554
f 95 61 104
f 243 196 236
f 1150 1149 1170
f 624 635 675
f 137 157 134
f 926 887 929
f 562 514 532
f 87 101 102
f 1009 1105 1040
f 1017 1070 1050
f 913 887 926
f 536 439 413
f 1160 1188 1180
f 373 317 358
f 1064 1116 1098
f 196 243 268
f 294 227 262
f 1029 1051 1019
f 644 708 690
f 351 312 359
f 359 436 455
f 324 436 359
f 1194 1212 1195
f 581 597 651
f 621 656 608
f 788 738 790
f 1230 1212 1226
f 1233 1241 1238
f 715 711 765
f 336 329 322
f 982 966 934
f 726 685 729
f 1138 1168 1149
f 437 486 414
f 347 268 394
f 1159 1187 1145
f 746 736 789
f 700 748 744
f 234 280 238
f 234 238 209
f 309 244 246
f 160 184 124
f 781 798 726
f 75 87 74
f 867 900 863
f 105 113 92
f 193 196 156
f 988 1012 940
f 176 262 198
f 396 363 439
f 1102 1070 1083
f 128 111 141
f 157 137 189
f 1032 1042 986
f 709 686 701
f 463 380 396
f 1064 1037 971
f 396 336 363
f 608 644 567
f 293 340 275
f 442 436 341
f 324 341 436
f 307 287 325
f 1096 1038 1090
f 878 914 875
f 872 897 893
f 29 54 39
f 123 152 96
f 471 464 430
f 275 340 313
f 1192 1206 1210
f 500 553 529
f 500 529 461
f 100 131 107
f 1183 1204 1156
f 885 853 889
f 885 936 941
f 269 227 294
f 166 153 121
f 1165 1162 1182
f 86 91 62
f 229 194 189
f 712 708 656
f 266 216 233
f 107 131 148
f 442 360 453
f 682 654 703
f 229 240 194
f 818 760 797
f 406 305 371
f 1065 1077 1059
f 215 263 242
f 258 263 215
f 964 1078 946
f 104 121 153
f 374 403 337
f 103 143 105
f 508 488 505
f 626 659 655
f 620 690 650
f 679 737 723
f 489 490 406
f 783 831 791
f 4 14 9
f 1047 988 1041
f 145 163 130
f 885 941 879
f 163 154 130
f 1031 1108 1191
f 210 248 245
f 298 330 311
f 320 304 226
f 412 320 397
f 482 412 397
f 397 467 482
f 1012 983 940
f 76 122 86
f 151 126 86
f 112 161 142
f 1003 995 989
f 197 215 178
f 561 504 490
f 253 292 283
f 833 950 861
f 792 823 799
f 1158 1171 1194
f 492 468 459
f 828 885 879
f 1116 1129 1109
f 1071 1109 1097
f 1071 1098 1109
f 671 634 694
f 555 489 554
f 607 629 649
f 281 297 230
f 948 938 962
f 643 559 576
f 1183 1208 1205
f 802 792 766
f 407 366 348
f 490 489 555
f 25 26 42
f 406 371 489
f 603 599 545
f 594 645 602
f 565 497 558
f 368 288 328
f 328 288 285
f 328 347 501
f 740 680 752
f 657 749 752
f 647 680 740
f 268 243 287
f 432 373 464
f 68 39 54
f 54 84 68
f 776 766 733
f 787 748 803
f 343 300 286
f 1176 1168 1138
f 1145 1176 1138
f 1210 1226 1212
f 748 787 744
f 1058 1048 1071
f 622 633 565
f 622 679 633
f 402 372 376
f 306 330 298
f 701 721 742
f 785 816 775
f 759 809 772
f 518 399 497
f 341 271 360
f 703 692 734
f 329 325 316
f 698 737 679
f 1131 1120 1106
f 1106 1120 1103
f 242 178 215
f 615 561 555
f 420 350 386
f 382 342 332
f 638 674 681
f 520 572 513
f 254 241 275
f 831 783 828
f 45 66 41
f 709 667 686
f 424 494 476
f 146 172 137
f 402 409 372
f 372 409 378
f 742 721 762
f 363 346 388
f 413 388 346
f 1235 1239 1230
f 1236 1235 1228
f 925 900 902
f 801 822 856
f 879 880 831
f 920 947 882
f 1118 1142 1124
f 1220 1202 1232
f 1224 1232 1202
f 888 862 892
f 583 640 595
f 833 829 927
f 219 179 161
f 1073 1028 1080
f 1120 1126 1103
f 336 322 290
f 433 377 354
f 10 4 1
f 994 1056 1064
f 328 285 347
f 445 474 401
f 207 170 212
f 364 420 382
f 315 339 278
f 682 656 621
f 380 329 357
f 322 329 316
f 975 1014 965
f 277 315 239
f 278 239 315
f 703 734 767
f 620 580 572
f 841 906 859
f 1172 1078 1087
f 423 362 418
f 479 423 418
f 479 483 423
f 206 241 200
f 231 282 317
f 703 767 717
f 786 836 780
f 998 1019 1010
f 689 693 730
f 277 323 355
f 969 1017 985
f 955 1011 949
f 986 949 1011
f 912 940 868
f 910 883 876
f 971 978 908
f 978 956 908
f 325 329 380
f 340 293 377
f 1104 1138 1082
f 431 392 432
f 502 545 505
f 545 550 505
f 403 409 425
f 335 306 299
f 949 986 923
f 279 235 278
f 251 197 259
f 235 279 259
f 715 777 725
f 715 768 777
f 730 732 689
f 1 2 7
f 2 8 6
f 961 963 995
f 287 316 325
