# Created by meshio v5.3.5, 2025-04-24T15:56:34.471573
v 0.06468959152698517 0.030268067494034767 0.06847500801086426
v 0.06468166410923004 0.02984962798655033 0.0745193287730217
v 0.06201191619038582 0.03234843909740448 0.07452381402254105
v 0.07685703039169312 0.025406494736671448 0.1332322061061859
v 0.07555543631315231 0.026186928153038025 0.13350942730903625
v 0.07554478943347931 0.024481644853949547 0.12780658900737762
v 0.07684816420078278 0.023677006363868713 0.12756964564323425
v 0.07553517818450928 0.023046905174851418 0.12203149497509003
v 0.07684016972780228 0.02222198061645031 0.12183225899934769
v 0.07552672922611237 0.021861441433429718 0.11620192229747772
v 0.07683313637971878 0.021019870415329933 0.11603844165802002
v 0.07686666399240494 0.027439137920737267 0.13879476487636566
v 0.07551955431699753 0.02090945467352867 0.11033143103122711
v 0.07811719179153442 0.019337670877575874 0.11005544662475586
v 0.07551377266645432 0.020179256796836853 0.10443077236413956
v 0.07811331748962402 0.018589692190289497 0.1042255237698555
v 0.07550951093435287 0.019662827253341675 0.09850884228944778
v 0.07811044901609421 0.018060892820358276 0.09837279468774796
v 0.07550685107707977 0.01935460977256298 0.09257335215806961
v 0.07810866832733154 0.017745383083820343 0.0925055667757988
v 0.07556701451539993 0.02819117344915867 0.13911566138267517
v 0.07687173783779144 0.02858060412108898 0.14152802526950836
v 0.07557311654090881 0.02931678481400013 0.14187239110469818
v 0.07431324571371078 0.040871135890483856 0.16005124151706696
v 0.07430489361286163 0.03895207867026329 0.15776069462299347
v 0.07561671733856201 0.0391947403550148 0.15843099355697632
v 0.07561317831277847 0.038242407143116 0.15728724002838135
v 0.07690508663654327 0.037623330950737 0.1567656695842743
v 0.07560615986585617 0.03644915670156479 0.15491096675395966
v 0.07689924538135529 0.03580855578184128 0.1544247567653656
v 0.07559926062822342 0.03479311615228653 0.15243683755397797
v 0.07689350843429565 0.03413147106766701 0.15198318660259247
v 0.07559249550104141 0.033261965960264206 0.14988288283348083
v 0.07688786834478378 0.03258011117577553 0.1494593769311905
v 0.07558587193489075 0.031844768673181534 0.14726392924785614
v 0.07688235491514206 0.03114370070397854 0.146868497133255
v 0.07557941228151321 0.030532395467162132 0.14459076523780823
v 0.07687698304653168 0.02981320582330227 0.14422161877155304
v 0.07550594955682755 0.019252175465226173 0.08663122355937958
v 0.07298186421394348 0.03974242880940437 0.158187136054039
v 0.0781080573797226 0.01764056831598282 0.08663122355937958
v 0.07810866832733154 0.017745383083820343 0.08075687289237976
v 0.07938233017921448 0.017050571739673615 0.08663122355937958
v 0.09398122876882553 0.02139844000339508 0.06732920557260513
v 0.09397686272859573 0.02228373847901821 0.06257157772779465
v 0.09585705399513245 0.023796560242772102 0.06367629021406174
v 0.09585189074277878 0.024863561615347862 0.05918842926621437
v 0.09763024002313614 0.026552166789770126 0.060603849589824677
v 0.09762457013130188 0.027795543894171715 0.056413888931274414
v 0.09929957985877991 0.02962374873459339 0.05815964937210083
v 0.09929375350475311 0.031037835404276848 0.05429642274975777
v 0.09200051426887512 0.020096341148018837 0.06651075929403305
v 0.10086379945278168 0.03296622261404991 0.05638684332370758
v 0.10085812956094742 0.034544553607702255 0.052880775183439255
v 0.10232134908437729 0.036530740559101105 0.05532410740852356
v 0.10231608897447586 0.038265127688646317 0.05220833793282509
v 0.10367012023925781 0.0402650386095047 0.05500568822026253
v 0.10366546362638474 0.042143892496824265 0.052318185567855835
v 0.10603443533182144 0.04617856815457344 0.058696236461400986
v 0.1060313954949379 0.04798879474401474 0.05671796202659607
v 0.09200382232666016 0.01939784176647663 0.0715101882815361
v 0.08992332965135574 0.018345611169934273 0.07094922661781311
v 0.08992543816566467 0.017839619889855385 0.07616240531206131
v 0.07938279956579208 0.017156051471829414 0.08079758286476135
v 0.08063837140798569 0.016605451703071594 0.08663122355937958
v 0.08063870668411255 0.01671125926077366 0.08084306865930557
v 0.08187590539455414 0.016305968165397644 0.08663122355937958
v 0.08187609910964966 0.016411766409873962 0.08089352399110794
v 0.08309464156627655 0.016152871772646904 0.08663122355937958
v 0.08309470862150192 0.016258345916867256 0.08094911277294159
v 0.08429349958896637 0.0161378663033247 0.08663122355937958
v 0.08429344743490219 0.016242731362581253 0.08101003617048264
v 0.08546902239322662 0.016224807128310204 0.08663122355937958
v 0.08546885848045349 0.016328886151313782 0.08107633143663406
v 0.08774679154157639 0.016767702996730804 0.08122450858354568
v 0.08774583041667938 0.017075926065444946 0.07582610100507736
v 0.10792746394872665 0.05199434608221054 0.06390126049518585
v 0.07299145311117172 0.04163273796439171 0.16051369905471802
v 0.07165689766407013 0.04245910421013832 0.16092878580093384
v 0.07164612412452698 0.04060050845146179 0.1585676670074463
v 0.07812200486660004 0.020313169807195663 0.057409342378377914
v 0.0781276747584343 0.021528324112296104 0.05165550112724304
v 0.07939304411411285 0.01974225603044033 0.05761740729212761
v 0.07939740270376205 0.02096688561141491 0.051907919347286224
v 0.08064597845077515 0.01930803619325161 0.057849060744047165
v 0.08064907044172287 0.020538607612252235 0.05218842998147011
v 0.08188048750162125 0.019011421129107475 0.05810514837503433
v 0.08188235014677048 0.02024444378912449 0.052498042583465576
v 0.07684016972780228 0.02222198061645031 0.05143017694354057
v 0.08309629559516907 0.018853317946195602 0.05838653817772865
v 0.08309696614742279 0.020085344091057777 0.052837759256362915
v 0.08429234474897385 0.018826181069016457 0.05869406834244728
v 0.08429188281297684 0.020054033026099205 0.05320855975151062
v 0.08546539396047592 0.01889631897211075 0.05902794003486633
v 0.08546392619609833 0.020117811858654022 0.0536106638610363
v 0.07553517818450928 0.023046905174851418 0.05123094841837883
v 0.07554478943347931 0.024481644853949547 0.04545585438609123
v 0.07684816420078278 0.023677006363868713 0.045692797750234604
v 0.07683313637971878 0.021019870415329933 0.05722399801015854
v 0.07552672922611237 0.021861441433429718 0.05706051364541054
v 0.07555543631315231 0.026186928153038025 0.0397530272603035
v 0.07685703039169312 0.025406494736671448 0.04003024473786354
v 0.07813411951065063 0.02299942821264267 0.0459599606692791
v 0.07814127206802368 0.0247483067214489 0.040341705083847046
v 0.0794023647904396 0.022449884563684464 0.04625847563147545
v 0.07940785586833954 0.024213362485170364 0.04068862646818161
v 0.08065258711576462 0.02202935330569744 0.04658947139978409
v 0.08065648376941681 0.02380264550447464 0.04107225313782692
v 0.0818844735622406 0.0217388067394495 0.04695408418774605
v 0.08188682794570923 0.023517141118645668 0.04149380326271057
v 0.08309773355722427 0.021579226478934288 0.047353435307741165
v 0.08309858292341232 0.02335783839225769 0.04195450246334076
v 0.08429135382175446 0.02154364064335823 0.04778863117098808
v 0.0842907652258873 0.023318083956837654 0.04245557263493538
v 0.08546224981546402 0.021600477397441864 0.048259906470775604
v 0.08546038717031479 0.02336752787232399 0.042997248470783234
v 0.08429274708032608 0.01784258708357811 0.06422888487577438
v 0.0830957219004631 0.0178658626973629 0.06398376822471619
v 0.0818789005279541 0.018022675067186356 0.06375972181558609
v 0.08064335584640503 0.018320826813578606 0.06355603784322739
v 0.07938934862613678 0.01875944621860981 0.06337203085422516
v 0.07811719179153442 0.019337670877575874 0.0632069930434227
v 0.07551955431699753 0.02090945467352867 0.06293100863695145
v 0.07031217962503433 0.04333319887518883 0.16129745543003082
v 0.07030034065246582 0.04150860756635666 0.1589033603668213
v 0.0854666456580162 0.017918318510055542 0.06449522823095322
v 0.08661451935768127 0.019052650779485703 0.05938755348324776
v 0.08660952746868134 0.02173929661512375 0.048766449093818665
v 0.08661217987537384 0.020265912637114525 0.054043371230363846
v 0.10792575776576996 0.053608544170856476 0.06263024359941483
v 0.10931888967752457 0.05739714577794075 0.07048732787370682
v 0.10931814461946487 0.05864431709051132 0.06985843181610107
v 0.07691100984811783 0.03958908095955849 0.014282033778727055
v 0.07562028616666794 0.040186747908592224 0.013721965253353119
v 0.0769139975309372 0.04063309729099274 0.013231323100626469
v 0.07562388479709625 0.04122038185596466 0.012650781311094761
v 0.07691700011491776 0.041720129549503326 0.01222523394972086
v 0.07562749087810516 0.042297497391700745 0.01162338349968195
v 0.0769200250506401 0.04285186156630516 0.011269786395132542
v 0.07563111931085587 0.04341999441385269 0.010645807720720768
v 0.07561671733856201 0.0391947403550148 0.01483144611120224
v 0.07692304998636246 0.04403017833828926 0.010371618904173374
v 0.07563477009534836 0.04459002614021301 0.009724834002554417
v 0.0769261047244072 0.045256663113832474 0.009538009762763977
v 0.07563842833042145 0.04580948129296303 0.008867942728102207
v 0.07692916691303253 0.04653141647577286 0.008778117597103119
v 0.07564210146665573 0.047078926116228104 0.008084692060947418
v 0.07564578950405121 0.0483984537422657 0.007385686039924622
v 0.07434316724538803 0.04901508986949921 0.006721228826791048
v 0.07690803706645966 0.038586437702178955 0.015371852554380894
v 0.07165689766407013 0.04245910421013832 0.012333661317825317
v 0.07298186421394348 0.03974242880940437 0.015075304545462132
v 0.07164612412452698 0.04060050845146179 0.014694773592054844
v 0.07299145311117172 0.04163273796439171 0.012748748064041138
v 0.07171791046857834 0.05615939944982529 0.0036653506103903055
v 0.07171230018138885 0.05465861037373543 0.003921583294868469
v 0.07037920504808426 0.05691708251833916 0.0030923038721084595
v 0.07038538157939911 0.05844014883041382 0.0030009376350790262
v 0.06903856247663498 0.05921599641442299 0.0024773108307272196
v 0.0743216946721077 0.04295758157968521 0.011071830987930298
v 0.07300115376710892 0.043691277503967285 0.010569789446890354
v 0.07432596385478973 0.04406879097223282 0.010072560049593449
v 0.0730060487985611 0.044789351522922516 0.009549343027174473
v 0.07433024048805237 0.04522845149040222 0.009129159152507782
v 0.07431746274232864 0.0418924055993557 0.012120061554014683
v 0.07431324571371078 0.040871135890483856 0.013211198151111603
v 0.07430489361286163 0.03895207867026329 0.01550175342708826
v 0.07299629598855972 0.04263985902070999 0.011638276278972626
v 0.07166779786348343 0.044486649334430695 0.010116443037986755
v 0.07434749603271484 0.050381582230329514 0.006097711622714996
v 0.07304076105356216 0.05393524467945099 0.004537463188171387
v 0.07303077727556229 0.05105767399072647 0.00546368258073926
v 0.07303576916456223 0.05247306078672409 0.004934065043926239
v 0.07170668989419937 0.05319718271493912 0.0043331533670425415
v 0.06901872903108597 0.05473741143941879 0.003287539118900895
v 0.0690121278166771 0.05333702266216278 0.0038717391435056925
v 0.06766463071107864 0.05552332103252411 0.0028427913784980774
v 0.06765773147344589 0.05413016304373741 0.003444046014919877
v 0.06630698591470718 0.056299638003110886 0.0024500563740730286
v 0.06629998981952667 0.05491432920098305 0.003067620098590851
v 0.0649482011795044 0.05705126374959946 0.002109318971633911
v 0.06495163589715958 0.057763874530792236 0.0018485711188986897
v 0.06631398946046829 0.05774523317813873 0.001982755959033966
v 0.06495507061481476 0.05849110335111618 0.0016295762034133077
v 0.0676715299487114 0.05697423592209816 0.0023886191193014383
v 0.06767843663692474 0.058471839874982834 0.0021045433823019266
v 0.06902533024549484 0.05619291961193085 0.0028470903635025024
v 0.06632100045681 0.05923980847001076 0.001690089819021523
v 0.06495851278305054 0.05923151597380638 0.001455552875995636
v 0.06496195495128632 0.05998210608959198 0.0013287515612319112
v 0.07036687433719635 0.053957000374794006 0.003784321481361985
v 0.07036072015762329 0.0525503009557724 0.004350826609879732
v 0.07035458087921143 0.05120271071791649 0.005036734510213137
v 0.06900554150342941 0.051998451352119446 0.004577361512929201
v 0.06768189370632172 0.059231456369161606 0.002031430834904313
v 0.06768535077571869 0.059994157403707504 0.0020066574215888977
v 0.07037303596735 0.055416107177734375 0.003358103334903717
v 0.06903193891048431 0.0576927475631237 0.0025719928089529276
v 0.06763716042041779 0.05033557116985321 0.005910508334636688
v 0.06764399260282516 0.05153719335794449 0.004996724892407656
v 0.06899897009134293 0.05072203278541565 0.005385555326938629
v 0.06765086203813553 0.05280143395066261 0.004168637562543154
v 0.06360992789268494 0.06220060959458351 0.0009140894399024546
v 0.06496883928775787 0.061500247567892075 0.00122489791829139
v 0.0649653971195221 0.06073947995901108 0.0012511983513832092
v 0.0663280189037323 0.060760341584682465 0.001589141902513802
v 0.07435183972120285 0.05179876089096069 0.005587064195424318
v 0.07686666399240494 0.027439137920737267 0.0344676710665226
v 0.07556701451539993 0.02819117344915867 0.034146763384342194
v 0.074250727891922 0.029056819155812263 0.0338626429438591
v 0.0794563740491867 0.04835225269198418 0.009154216386377811
v 0.07820438593626022 0.04875188320875168 0.00831177830696106
v 0.078206866979599 0.05016211047768593 0.007858827710151672
v 0.07693838328123093 0.05063844844698906 0.007049426902085543
v 0.07694146037101746 0.05209135264158249 0.00669879512861371
v 0.07565688341856003 0.05264268070459366 0.005926140118390322
v 0.0756605938076973 0.05413243919610977 0.005699612200260162
v 0.07436054944992065 0.05475526675581932 0.0049691349267959595
v 0.07566431164741516 0.05563874915242195 0.005622208584100008
v 0.07305075973272324 0.05695259943604469 0.004206523764878511
v 0.07820190489292145 0.047383785247802734 0.008870519697666168
v 0.0769352987408638 0.049223773181438446 0.007521629799157381
v 0.07814904302358627 0.02680395171046257 0.034826673567295074
v 0.07941383123397827 0.026286587119102478 0.035225048661231995
v 0.11017695814371109 0.062039732933044434 0.07820229232311249
v 0.11017678678035736 0.06272294372320175 0.07803526520729065
v 0.1104700043797493 0.06558956950902939 0.08663122355937958
v 0.08660336583852768 0.02556672878563404 0.038509551435709
v 0.08660656958818436 0.023496132344007492 0.043578606098890305
v 0.08545836061239243 0.025449233129620552 0.03785208240151405
v 0.08429012447595596 0.02540750242769718 0.03723839297890663
v 0.08309950679540634 0.025451160967350006 0.03666950389742851
v 0.08188938349485397 0.025609221309423447 0.03614516928792
v 0.08066071569919586 0.025888022035360336 0.03566411882638931
v 0.07565318048000336 0.051184605807065964 0.006292179226875305
v 0.07435619086027145 0.05325988680124283 0.0052056685090065
v 0.07818720489740372 0.0401327945291996 0.01386257354170084
v 0.07818963378667831 0.04122764989733696 0.01287818793207407
v 0.07819206267595291 0.04236649349331856 0.011945211328566074
v 0.0781945139169693 0.04355095326900482 0.011070124804973602
v 0.07819697260856628 0.04478229582309723 0.010259986855089664
v 0.07819943875074387 0.04606018587946892 0.009523593820631504
v 0.07693222165107727 0.04785406216979027 0.008102037943899632
v 0.07564947754144669 0.049767617136240005 0.0067836567759513855
v 0.07818479835987091 0.03908047452569008 0.014892340637743473
v 0.0781823992729187 0.0380692183971405 0.01596199721097946
v 0.0730457603931427 0.055434249341487885 0.004291005898267031
v 0.07945447415113449 0.046987906098365784 0.009691394865512848
v 0.07945257425308228 0.04566553980112076 0.010321506299078465
v 0.07034845650196075 0.049914877861738205 0.005824216175824404
v 0.08545507490634918 0.0292507354170084 0.14281192421913147
v 0.08659631013870239 0.030817372724413872 0.14434696733951569
v 0.08545391261577606 0.030725257471203804 0.14516225457191467
v 0.08545620739459991 0.027884848415851593 0.14039650559425354
v 0.08659815043210983 0.02934969961643219 0.14203695952892303
v 0.0888279527425766 0.023978734388947487 0.04485642910003662
v 0.08990806341171265 0.022616395726799965 0.05048886686563492
v 0.08883258700370789 0.022250380367040634 0.04988181218504906
v 0.10082494467496872 0.04735949635505676 0.0390353724360466
v 0.10082851350307465 0.045639943331480026 0.03990516439080238
v 0.09925434738397598 0.0444730781018734 0.03659268096089363
v 0.09925828129053116 0.042753104120492935 0.03772475942969322
v 0.09758003801107407 0.0416056253015995 0.03463951125741005
v 0.09758423268795013 0.039914000779390335 0.036017876118421555
v 0.0958041176199913 0.03882001340389252 0.03317651152610779
v 0.08990281820297241 0.024326693266630173 0.04555089771747589
v 0.09580841660499573 0.037176378071308136 0.03478479012846947
v 0.09392853826284409 0.03616989403963089 0.032199375331401825
v 0.09393685311079025 0.033121902495622635 0.035929903388023376
v 0.09195498377084732 0.03370371088385582 0.03169579058885574
v 0.09195885062217712 0.032192956656217575 0.033704955130815506
v 0.08988457173109055 0.03147006779909134 0.03165161982178688
v 0.0898878276348114 0.030036814510822296 0.03383233770728111
v 0.08771809935569763 0.029515482485294342 0.03204825147986412
v 0.09198002517223358 0.025220848619937897 0.0470460020005703
v 0.09197340905666351 0.027189483866095543 0.042415257543325424
v 0.09395235031843185 0.028267698362469673 0.04424568638205528
v 0.07942697405815125 0.031529877334833145 0.024786513298749924
v 0.08067004382610321 0.031163176521658897 0.02534903958439827
v 0.07942355424165726 0.03006526082754135 0.027316400781273842
v 0.07816169410943985 0.030550235882401466 0.02683280035853386
v 0.07815735787153244 0.02920485846698284 0.029451677575707436
v 0.07688235491514206 0.03114370070397854 0.026393946260213852
v 0.07687698304653168 0.02981320582330227 0.029040822759270668
v 0.07558587193489075 0.031844768673181534 0.025998512282967567
v 0.10083203762769699 0.044019006192684174 0.04094966873526573
v 0.10083552449941635 0.042503077536821365 0.0421382412314415
v 0.09926217794418335 0.041145507246255875 0.03900868073105812
v 0.09926602244377136 0.03964928165078163 0.04041922464966774
v 0.09758836776018143 0.03834018483757973 0.037528254091739655
v 0.0975964292883873 0.03552538529038429 0.040854260325431824
v 0.09581677615642548 0.03423748537898064 0.03831636533141136
v 0.09582479298114777 0.03171570226550102 0.04215722903609276
v 0.09394481778144836 0.03050643391907215 0.03997645154595375
v 0.0888175368309021 0.02840541861951351 0.03520926460623741
v 0.08067251741886139 0.032753631472587585 0.022924557328224182
v 0.08772044628858566 0.02816472388803959 0.03438270464539528
v 0.08882292360067368 0.026017455384135246 0.03995143994688988
v 0.0877249464392662 0.02575710229575634 0.039209701120853424
v 0.09395939856767654 0.02635919116437435 0.04867604747414589
v 0.09198610484600067 0.02355373650789261 0.05179731175303459
v 0.0899127945303917 0.02118389867246151 0.05551742762327194
v 0.08773650974035263 0.0204950999468565 0.054505906999111176
v 0.09583238512277603 0.029557818546891212 0.0462162122130394
v 0.08773302286863327 0.021956972777843475 0.04930737987160683
v 0.10083895921707153 0.041091643273830414 0.04344717413187027
v 0.10230474174022675 0.04265579581260681 0.046601552516222
v 0.10084565728902817 0.03856592997908592 0.04634394496679306
v 0.09927348792552948 0.03697254881262779 0.04353348910808563
v 0.09928064793348312 0.03467559814453125 0.04693615064024925
v 0.09760414808988571 0.03311006352305412 0.04448028653860092
v 0.0976114571094513 0.031043766066432 0.04831806942820549
v 0.10365559160709381 0.046866804361343384 0.04777546972036362
v 0.08772915601730347 0.023700876161456108 0.044198669493198395
v 0.10365044325590134 0.04975232109427452 0.046188127249479294
v 0.10365302860736847 0.0482681468129158 0.04690578579902649
v 0.0958394780755043 0.027719052508473396 0.05043308809399605
v 0.08189649879932404 0.032499294728040695 0.023571953177452087
v 0.08189801871776581 0.03422269970178604 0.021273896098136902
v 0.08310262858867645 0.03407389298081398 0.02201169915497303
v 0.08659631013870239 0.030817372724413872 0.02891548164188862
v 0.08659815043210983 0.02934969961643219 0.031225470826029778
v 0.08545391261577606 0.030725257471203804 0.028100183233618736
v 0.08545507490634918 0.0292507354170084 0.03045050986111164
v 0.08428872376680374 0.03070017695426941 0.027335355058312416
v 0.08428908884525299 0.02922125719487667 0.029724592342972755
v 0.0831015333533287 0.030750783160328865 0.02662217989563942
v 0.08310101181268692 0.029270166531205177 0.029048854485154152
v 0.08066295087337494 0.027059415355324745 0.03301239386200905
v 0.08189354091882706 0.02942434512078762 0.028423110023140907
v 0.08189211785793304 0.028054120019078255 0.03094780445098877
v 0.08066524565219879 0.028324389830231667 0.030403846874833107
v 0.07941698282957077 0.027450965717434883 0.032544270157814026
v 0.07942022383213043 0.028708279132843018 0.02990557812154293
v 0.08189072459936142 0.026784643530845642 0.03352441266179085
v 0.08310049027204514 0.027898387983441353 0.031538791954517365
v 0.08428944647312164 0.0278511643409729 0.03217809274792671
v 0.08309999108314514 0.026627609506249428 0.03408163785934448
v 0.0865999311208725 0.02799028344452381 0.033601194620132446
v 0.08545620739459991 0.027884848415851593 0.03286592662334442
v 0.08066761493682861 0.029689671471714973 0.027846060693264008
v 0.08189500868320465 0.030903199687600136 0.025960497558116913
v 0.09193885326385498 0.04101379215717316 0.02484527789056301
v 0.09391555935144424 0.04167625680565834 0.02753528021275997
v 0.09194297343492508 0.038983508944511414 0.02632910944521427
v 0.0898708775639534 0.038426220417022705 0.023909898474812508
v 0.08987438678741455 0.03648711368441582 0.025655794888734818
v 0.08770818263292313 0.03607989847660065 0.023518921807408333
v 0.08771073073148727 0.034247033298015594 0.025496777147054672
v 0.08659058809280396 0.03595603257417679 0.022525878623127937
v 0.09391113370656967 0.04377201572060585 0.02634633332490921
v 0.08659252524375916 0.034111183136701584 0.024547163397073746
v 0.08545030653476715 0.03588840737938881 0.02158486284315586
v 0.08545153588056564 0.03403449431061745 0.02364891953766346
v 0.08428757637739182 0.035879313945770264 0.020697223022580147
v 0.08428797125816345 0.034019362181425095 0.022803351283073425
v 0.08310318738222122 0.03593657910823822 0.01986420899629593
v 0.09579089283943176 0.04449606314301491 0.02928994782269001
v 0.09578640758991241 0.0466192364692688 0.028416873887181282
v 0.09756716340780258 0.04736647754907608 0.03159051015973091
v 0.08310207724571228 0.03234872594475746 0.024270910769701004
v 0.0842883512377739 0.0322963111102581 0.025022657588124275
v 0.08545274287462234 0.0323166660964489 0.0258273147046566
v 0.08659444004297256 0.032401423901319504 0.026683678850531578
v 0.10363730788230896 0.05764198303222656 0.045101311057806015
v 0.10363995283842087 0.05606529116630554 0.04504869505763054
v 0.1008104756474495 0.05473530292510986 0.0376029796898365
v 0.10081411153078079 0.05288199707865715 0.03767452389001846
v 0.09923826903104782 0.052187006920576096 0.03413597494363785
v 0.09924232214689255 0.050192009657621384 0.03440917655825615
v 0.09756281971931458 0.04945622757077217 0.031035607680678368
v 0.09396588057279587 0.02474399469792843 0.053225670009851456
v 0.08428944647312164 0.0278511643409729 0.14108434319496155
v 0.08428908884525299 0.02922125719487667 0.14353784918785095
v 0.08428872376680374 0.03070017695426941 0.1459270864725113
v 0.10855717211961746 0.05150945112109184 0.0695137307047844
v 0.1083163470029831 0.050305917859077454 0.06907189637422562
v 0.10793069005012512 0.0493968240916729 0.0670488104224205
v 0.10799679905176163 0.04878735542297363 0.06864950805902481
v 0.10603734850883484 0.0446237213909626 0.06087547913193703
v 0.1060401201248169 0.043293483555316925 0.06319697201251984
v 0.10367451608181 0.03865809738636017 0.0578637570142746
v 0.1036786288022995 0.037290167063474655 0.06084548681974411
v 0.10232625901699066 0.0350542776286602 0.05857251212000847
v 0.102330781519413 0.03380688279867172 0.0619191937148571
v 0.10086902230978012 0.031632550060749054 0.05999710038304329
v 0.10087372362613678 0.03051898255944252 0.0636855959892273
v 0.09930483996868134 0.028442705050110817 0.06210494413971901
v 0.0842897891998291 0.026582125574350357 0.13857707381248474
v 0.08545730262994766 0.02661987766623497 0.1379266232252121
v 0.08429012447595596 0.02540750242769718 0.13602404296398163
v 0.08546765893697739 0.01717035099864006 0.10326305776834488
v 0.08774428069591522 0.01759404130280018 0.10281786322593689
v 0.08774218708276749 0.0183294378221035 0.10817281901836395
v 0.0854666456580162 0.017918318510055542 0.10876721143722534
v 0.08661451935768127 0.019052650779485703 0.1138748899102211
v 0.08546539396047592 0.01889631897211075 0.11423449963331223
v 0.08661217987537384 0.020265912637114525 0.11921907216310501
v 0.08546392619609833 0.020117811858654022 0.11965177953243256
v 0.08660952746868134 0.02173929661512375 0.1244959905743599
v 0.08546224981546402 0.021600477397441864 0.12500253319740295
v 0.08660656958818436 0.023496132344007492 0.12968382239341736
v 0.08546038717031479 0.02336752787232399 0.13026519119739532
v 0.08772708475589752 0.024687716737389565 0.1315755397081375
v 0.0854593962430954 0.02436681278049946 0.13285474479198456
v 0.08545836061239243 0.025449233129620552 0.1354103684425354
v 0.09930945187807083 0.027474291622638702 0.06611227244138718
v 0.08546840399503708 0.01664290763437748 0.09773287177085876
v 0.09763521701097488 0.025532247498631477 0.06485824286937714
v 0.09763944894075394 0.024719180539250374 0.06916109472513199
v 0.09586144983768463 0.02294553816318512 0.06821402907371521
v 0.08773957192897797 0.01929188333451748 0.11349017918109894
v 0.0899127945303917 0.02118389867246151 0.11774501949548721
v 0.08773650974035263 0.0204950999468565 0.11875654011964798
v 0.08883258700370789 0.022250380367040634 0.1233806312084198
v 0.08773302286863327 0.021956972777843475 0.12395506352186203
v 0.0888279527425766 0.023978734388947487 0.12840601801872253
v 0.08772915601730347 0.023700876161456108 0.12906377017498016
v 0.08990002423524857 0.02529510296881199 0.1301375776529312
v 0.08991695195436478 0.02000587247312069 0.11264803260564804
v 0.0877249464392662 0.02575710229575634 0.13405273854732513
v 0.08660167455673218 0.026731472462415695 0.1372305005788803
v 0.0865999311208725 0.02799028344452381 0.1396612524986267
v 0.08992048352956772 0.019064389169216156 0.10749959200620651
v 0.09586498886346817 0.022297104820609093 0.0727885439991951
v 0.09398474544286728 0.020723508670926094 0.07212433964014053
v 0.0939873456954956 0.02024904638528824 0.07694597542285919
v 0.09200625866651535 0.01890648901462555 0.0765363872051239
v 0.09200777113437653 0.018614578992128372 0.08157961815595627
v 0.08992674201726913 0.017538821324706078 0.08139262348413467
v 0.08992718905210495 0.017439275979995728 0.08663122355937958
v 0.08774711936712265 0.0166656281799078 0.08663122355937958
v 0.08992674201726913 0.017538821324706078 0.09186981618404388
v 0.08774679154157639 0.016767702996730804 0.09203793108463287
v 0.08992543816566467 0.017839619889855385 0.09710003435611725
v 0.08774583041667938 0.017075926065444946 0.0974363461136818
v 0.08992332965135574 0.018345611169934273 0.10231321305036545
v 0.08546885848045349 0.016328886151313782 0.09218611568212509
v 0.09586760401725769 0.02184152789413929 0.07738904654979706
v 0.09398895502090454 0.019967330619692802 0.0817844495177269
v 0.09200829267501831 0.01851804181933403 0.08663122355937958
v 0.09200777113437653 0.018614578992128372 0.09168282151222229
v 0.09764285385608673 0.024099957197904587 0.07349967956542969
v 0.09200625866651535 0.01890648901462555 0.09672604501247406
v 0.09200382232666016 0.01939784176647663 0.10175225138664246
v 0.09200051426887512 0.020096341148018837 0.10675168037414551
v 0.09199641644954681 0.021011942997574806 0.11171320825815201
v 0.09931337088346481 0.026702595874667168 0.07016623765230179
v 0.09199158847332001 0.022158464416861534 0.05663909763097763
v 0.08991695195436478 0.02000587247312069 0.060614414513111115
v 0.08773957192897797 0.01929188333451748 0.05977226421236992
v 0.08774218708276749 0.0183294378221035 0.0650896281003952
v 0.10765717923641205 0.04726162180304527 0.06837016344070435
v 0.1072971522808075 0.045732952654361725 0.0682319849729538
v 0.10604269802570343 0.042160894721746445 0.06562163680791855
v 0.10368241369724274 0.03613455966114998 0.06391887366771698
v 0.10233485698699951 0.03276555985212326 0.06533968448638916
v 0.10087786614894867 0.029606180265545845 0.06743322312831879
v 0.09199158847332001 0.022158464416861534 0.11662334203720093
v 0.09198610484600067 0.02355373650789261 0.12146512418985367
v 0.08990806341171265 0.022616395726799965 0.12277357280254364
v 0.09198002517223358 0.025220848619937897 0.12621644139289856
v 0.08990281820297241 0.024326693266630173 0.12771154940128326
v 0.10946469008922577 0.05658268928527832 0.07262493669986725
v 0.10931607335805893 0.05568775534629822 0.07190179824829102
v 0.10931961983442307 0.05629613250494003 0.07133743166923523
v 0.10908544063568115 0.05435078963637352 0.070976123213768
v 0.10792911052703857 0.05059751123189926 0.06539732217788696
v 0.06899242103099823 0.049506280571222305 0.006279319990426302
v 0.05952940881252289 0.055773500353097916 0.0036897212266921997
v 0.06221826747059822 0.05456646531820297 0.0039324392564594746
v 0.06221254914999008 0.05342153459787369 0.004915386438369751
v 0.059522777795791626 0.05360015109181404 0.005778156686574221
v 0.062206853181123734 0.052341487258672714 0.005968899000436068
v 0.059516191482543945 0.05167226120829582 0.008095771074295044
v 0.06219553202390671 0.05035628005862236 0.00823939684778452
v 0.059509675949811935 0.04994886741042137 0.010570340789854527
v 0.062224000692367554 0.05578090623021126 0.003035292262211442
v 0.062184322625398636 0.04857326298952103 0.010673337616026402
v 0.05950324237346649 0.04839663580060005 0.013156644999980927
v 0.06217324733734131 0.04696143791079521 0.013225317932665348
v 0.05949689447879791 0.04698958992958069 0.015825703740119934
v 0.062162332236766815 0.045496176928281784 0.015865877270698547
v 0.05948453024029732 0.04453473538160324 0.021339217200875282
v 0.062141064554452896 0.04293178394436836 0.02133680321276188
v 0.059472694993019104 0.04246906191110611 0.027012860402464867
v 0.06493448466062546 0.054366305470466614 0.003502153092995286
v 0.06494133174419403 0.05567411705851555 0.0027423205319792032
v 0.08771569281816483 0.03097393549978733 0.02977999858558178
v 0.08771324157714844 0.03254806995391846 0.027590451762080193
v 0.06470031291246414 0.03086068667471409 0.06244535744190216
v 0.06202755868434906 0.033299610018730164 0.06245041266083717
v 0.06471361964941025 0.03163490071892738 0.05643650144338608
v 0.06203871965408325 0.034028735011816025 0.056438930332660675
v 0.06472928822040558 0.03260127082467079 0.05045590549707413
v 0.062120694667100906 0.04076746851205826 0.026982733979821205
v 0.05946148559451103 0.040718529373407364 0.03279343247413635
v 0.06210141256451607 0.03892954811453819 0.032746437937021255
v 0.05945101007819176 0.039233166724443436 0.0386490561068058
v 0.05687342956662178 0.035849932581186295 0.08663122355937958
v 0.05940624698996544 0.03417723625898361 0.08663122355937958
v 0.05940946191549301 0.0344725102186203 0.098714679479599
v 0.05687318742275238 0.036132268607616425 0.09867416322231293
v 0.059413325041532516 0.034845005720853806 0.10474704951047897
v 0.05687250196933746 0.036993786692619324 0.11068950593471527
v 0.05941855534911156 0.03537314012646675 0.11076763272285461
v 0.05942504480481148 0.03606405854225159 0.11677146703004837
v 0.05687318742275238 0.036132268607616425 0.07458827644586563
v 0.06201856583356857 0.03274194523692131 0.06848054379224777
v 0.05940946191549301 0.0344725102186203 0.07454776018857956
v 0.062006380409002304 0.032036345452070236 0.08663122355937958
v 0.06201191619038582 0.03234843909740448 0.09873861819505692
v 0.06201856583356857 0.03274194523692131 0.10478190332651138
v 0.05687250196933746 0.036993786692619324 0.06257293373346329
v 0.05941855534911156 0.03537314012646675 0.06249481067061424
v 0.06208339333534241 0.03736766427755356 0.03859320282936096
v 0.059441376477479935 0.03797798603773117 0.04455922916531563
v 0.06206681579351425 0.03604627028107643 0.04450048506259918
v 0.05943268537521362 0.03692778944969177 0.05050991103053093
v 0.06467675417661667 0.029600312933325768 0.08057298511266708
v 0.06467507034540176 0.029517507180571556 0.08663122355937958
v 0.06474711000919342 0.033774133771657944 0.044512975960969925
v 0.062051866203546524 0.03493962064385414 0.05045279860496521
v 0.05942504480481148 0.03606405854225159 0.056490976363420486
v 0.0701446533203125 0.02550441399216652 0.11068667471408844
v 0.07285572588443756 0.02300775796175003 0.11053996533155441
v 0.07286538928747177 0.023924583569169044 0.11646674573421478
v 0.07015658169984818 0.02637694776058197 0.11665443331003189
v 0.07287677377462387 0.02506636083126068 0.12235570698976517
v 0.07017063349485397 0.0274641215801239 0.12258759886026382
v 0.07288972288370132 0.026448465883731842 0.12819431722164154
v 0.07018660753965378 0.028780939057469368 0.12847468256950378
v 0.07013504207134247 0.024835489690303802 0.10469342023134232
v 0.072904072701931 0.02809165045619011 0.13396607339382172
v 0.07020432502031326 0.030347680673003197 0.13430052995681763
v 0.07291967421770096 0.030023762956261635 0.1396484375
v 0.07022358477115631 0.032191671431064606 0.1400444507598877
v 0.07284218072891235 0.02180723287165165 0.07465143501758575
v 0.0701279416680336 0.024362552911043167 0.07458025217056274
v 0.07284794002771378 0.022304566577076912 0.06867711991071701
v 0.07013504207134247 0.024835489690303802 0.06856901943683624
v 0.07285572588443756 0.02300775796175003 0.06272247433662415
v 0.0701446533203125 0.02550441399216652 0.06257577240467072
v 0.07284794002771378 0.022304566577076912 0.10458531975746155
v 0.0701279416680336 0.024362552911043167 0.09868218749761581
v 0.07284218072891235 0.02180723287165165 0.0986110121011734
v 0.08187762647867203 0.01726537197828293 0.0694492757320404
v 0.08187668025493622 0.016730571165680885 0.07516354322433472
v 0.0806412398815155 0.017564374953508377 0.0692971870303154
v 0.08063967525959015 0.01702995039522648 0.07506245374679565
v 0.07938636839389801 0.018006091937422752 0.06915991008281708
v 0.07938416302204132 0.017473654821515083 0.0749712735414505
v 0.07811331748962402 0.018589692190289497 0.06903692334890366
v 0.07811044901609421 0.018060892820358276 0.0748896449804306
v 0.07550951093435287 0.019662827253341675 0.07475359737873077
v 0.07550685107707977 0.01935460977256298 0.08068908751010895
v 0.07283861935138702 0.021510418504476547 0.08063825964927673
v 0.07283739000558853 0.02141176350414753 0.08663122355937958
v 0.07012202590703964 0.02398662641644478 0.08663122355937958
v 0.07283861935138702 0.021510418504476547 0.09262418001890182
v 0.07012353837490082 0.024080399423837662 0.09265951067209244
v 0.07286538928747177 0.023924583569169044 0.056795693933963776
v 0.07015658169984818 0.02637694776058197 0.05660800263285637
v 0.07287677377462387 0.02506636083126068 0.05090673640370369
v 0.07017063349485397 0.0274641215801239 0.050674840807914734
v 0.08309526741504669 0.017109906300902367 0.06961672008037567
v 0.08429306745529175 0.017089970409870148 0.06980004906654358
v 0.08546765893697739 0.01717035099864006 0.06999937444925308
v 0.07288972288370132 0.026448465883731842 0.04506813734769821
v 0.07018660753965378 0.028780939057469368 0.04478777199983597
v 0.072904072701931 0.02809165045619011 0.03929637745022774
v 0.07020432502031326 0.030347680673003197 0.03896190971136093
v 0.07291967421770096 0.030023762956261635 0.03361400216817856
v 0.07012353837490082 0.024080399423837662 0.08060292899608612
v 0.07551377266645432 0.020179256796836853 0.0688316598534584
v 0.06202755868434906 0.033299610018730164 0.11081203073263168
v 0.06203871965408325 0.034028735011816025 0.11682350933551788
v 0.028209788724780083 0.04125473275780678 0.055470701307058334
v 0.03309137001633644 0.04143175855278969 0.05400443822145462
v 0.03310275077819824 0.04011023789644241 0.06483671814203262
v 0.028212770819664 0.03994065150618553 0.06581205874681473
v 0.03311007469892502 0.039345934987068176 0.07572208344936371
v 0.02821469120681286 0.0391802117228508 0.076209157705307
v 0.0282151959836483 0.038993172347545624 0.08141869306564331
v 0.02587893418967724 0.03916163370013237 0.07649131119251251
v 0.03308436647057533 0.042325910180807114 0.04862094298005104
v 0.02362963929772377 0.03910546749830246 0.08171408623456955
v 0.02363024838268757 0.03929044306278229 0.07680001854896545
v 0.021473733708262444 0.03959653154015541 0.07713422179222107
v 0.02147737145423889 0.04033703729510307 0.0676627904176712
v 0.019414808601140976 0.04079246148467064 0.06837939471006393
v 0.019421793520450592 0.04204293340444565 0.05932275578379631
v 0.017453569918870926 0.04261283203959465 0.06046512722969055
v 0.01745830662548542 0.043433815240859985 0.056161049753427505
v 0.0382240004837513 0.042532626539468765 0.047242678701877594
v 0.0382099412381649 0.04360780119895935 0.041690219193696976
v 0.04352709650993347 0.04360707849264145 0.04046637937426567
v 0.05686841905117035 0.0437961108982563 0.027140865102410316
v 0.0568692609667778 0.04211528226733208 0.032925184816122055
v 0.054268352687358856 0.04315967485308647 0.03313436359167099
v 0.054279930889606476 0.04178165644407272 0.038972802460193634
v 0.05160500109195709 0.04391935467720032 0.03342282399535179
v 0.051622916013002396 0.04257666692137718 0.03923562914133072
v 0.04890897497534752 0.04443305358290672 0.033794112503528595
v 0.04892989248037338 0.0431160107254982 0.03956984356045723
v 0.04620390757918358 0.044743139296770096 0.03425178676843643
v 0.046225473284721375 0.04344385117292404 0.039978932589292526
v 0.04350660741329193 0.044894587248563766 0.034799400717020035
v 0.015584343113005161 0.04410598799586296 0.05756748095154762
v 0.015589733608067036 0.04505374655127525 0.05349558964371681
v 0.013810664415359497 0.045802704989910126 0.05518072098493576
v 0.013816394843161106 0.046878717839717865 0.051359623670578
v 0.1060282438993454 0.05008292570710182 0.05503097549080849
v 0.10366061329841614 0.04433250054717064 0.049871839582920074
v 0.10231053829193115 0.040293075144290924 0.04927554726600647
v 0.10085206478834152 0.03639838099479675 0.04951532930135727
v 0.10602663457393646 0.05123944208025932 0.054335709661245346
v 0.09928742051124573 0.03271089866757393 0.05054251104593277
v 0.09761828184127808 0.029283689334988594 0.052309196442365646
v 0.09584599733352661 0.026163697242736816 0.054766882210969925
v 0.09397172927856445 0.023393064737319946 0.05786480754613876
v 0.10792400687932968 0.05543980374932289 0.0616847425699234
v 0.10602500289678574 0.05246268957853317 0.05376627668738365
v 0.10602337121963501 0.05373984947800636 0.05333966761827469
v 0.012133163399994373 0.04767811298370361 0.053335271775722504
v 0.012138930149376392 0.048885785043239594 0.049785785377025604
v 0.010553237050771713 0.04971043020486832 0.05206049978733063
v 0.010558773763477802 0.05105622112751007 0.048807743936777115
v 0.009072605520486832 0.05187848582863808 0.051386184990406036
v 0.009077668190002441 0.05337377265095711 0.04846353456377983
v 0.006409962195903063 0.05371622368693352 0.0567747987806797
v 0.0064134192653000355 0.05500505119562149 0.054304879158735275
v 0.0975714921951294 0.04534173011779785 0.03239307925105095
v 0.09924636036157608 0.0482172854244709 0.03491049259901047
v 0.09925036877393723 0.04629940912127495 0.035645097494125366
v 0.100821353495121 0.049162667244672775 0.03836636617779732
v 0.10364784300327301 0.05130491033196449 0.04564395919442177
v 0.05421506613492966 0.051798347383737564 0.16245104372501373
v 0.0568656250834465 0.05101262032985687 0.1626441776752472
v 0.05420786142349243 0.05343442037701607 0.1649705171585083
v 0.05151142179965973 0.053965773433446884 0.16463603079319
v 0.051500167697668076 0.05577854439616203 0.16701559722423553
v 0.04878659173846245 0.05609843507409096 0.1665182113647461
v 0.04877334460616112 0.058140743523836136 0.16867651045322418
v 0.04606406018137932 0.05828838422894478 0.1679951399564743
v 0.0568661130964756 0.04950891435146332 0.16003437340259552
v 0.04605719447135925 0.05941025912761688 0.16895009577274323
v 0.04336720332503319 0.05942951887845993 0.16807761788368225
v 0.043360669165849686 0.060620684176683426 0.168914794921875
v 0.040702782571315765 0.060538262128829956 0.1678449660539627
v 0.040696945041418076 0.06179722771048546 0.16853629052639008
v 0.03808087483048439 0.061630453914403915 0.16726621985435486
v 0.03807597979903221 0.06294538080692291 0.16778124868869781
v 0.035510431975126266 0.06270784884691238 0.16631217300891876
v 0.05950324237346649 0.04839663580060005 0.16010579466819763
v 0.05949689447879791 0.04698958992958069 0.15743672847747803
v 0.062162332236766815 0.045496176928281784 0.1573965698480606
v 0.062051866203546524 0.03493962064385414 0.12280963361263275
v 0.05943268537521362 0.03692778944969177 0.12275253236293793
v 0.06206681579351425 0.03604627028107643 0.12876194715499878
v 0.059441376477479935 0.03797798603773117 0.12870320677757263
v 0.06208339333534241 0.03736766427755356 0.1346692442893982
v 0.05945101007819176 0.039233166724443436 0.13461337983608246
v 0.06210141256451607 0.03892954811453819 0.140515998005867
v 0.05946148559451103 0.040718529373407364 0.1404690146446228
v 0.062120694667100906 0.04076746851205826 0.1462797075510025
v 0.059472694993019104 0.04246906191110611 0.14624957740306854
v 0.062141064554452896 0.04293178394436836 0.15192563831806183
v 0.05948453024029732 0.04453473538160324 0.15192322432994843
v 0.03550662100315094 0.06405989080667496 0.16662684082984924
v 0.032999977469444275 0.06376388669013977 0.1649644523859024
v 0.03299727290868759 0.06512036174535751 0.165069580078125
v 0.030556758865714073 0.06477659940719604 0.16322346031665802
v 0.06470031291246414 0.03086068667471409 0.1108170822262764
v 0.06468959152698517 0.030268067494034767 0.1047874316573143
v 0.06468166410923004 0.02984962798655033 0.09874311834573746
v 0.06467675417661667 0.029600312933325768 0.09268944710493088
v 0.06471361964941025 0.03163490071892738 0.11682593822479248
v 0.08309492468833923 0.01657630316913128 0.07527489960193634
v 0.06472928822040558 0.03260127082467079 0.12280654162168503
v 0.03055509552359581 0.06610462814569473 0.16312244534492493
v 0.028184423223137856 0.06571801751852036 0.16110475361347198
v 0.056872010231018066 0.03765496984124184 0.05658576264977455
v 0.05431581661105156 0.038209475576877594 0.06268087774515152
v 0.0568714365363121 0.03848184272646904 0.05061919987201691
v 0.05430019646883011 0.039646804332733154 0.05077506601810455
v 0.056870780885219574 0.03948770835995674 0.04468017444014549
v 0.054290588945150375 0.04061878100037575 0.04485699534416199
v 0.056870054453611374 0.040690623223781586 0.038777898997068405
v 0.0647883489727974 0.03682389855384827 0.1404678374528885
v 0.06476686894893646 0.03517291322350502 0.13464227318763733
v 0.06474711000919342 0.033774133771657944 0.12874947488307953
v 0.08429329842329025 0.016558991745114326 0.07539688050746918
v 0.08544906228780746 0.0378878228366375 0.019662322476506233
v 0.08428718894720078 0.037886086851358414 0.018731355667114258
v 0.08310375362634659 0.03794722259044647 0.017855368554592133
v 0.08189956843852997 0.03608404099941254 0.019085802137851715
v 0.08067504316568375 0.03447127714753151 0.020588770508766174
v 0.0794304683804512 0.03311096131801605 0.022327475249767303
v 0.07816614210605621 0.03200247138738632 0.02427162230014801
v 0.07688786834478378 0.03258011117577553 0.023803072050213814
v 0.08658862113952637 0.03794490173459053 0.02064700610935688
v 0.08770560473203659 0.03805512934923172 0.021684058010578156
v 0.0975496917963028 0.055798765271902084 0.030727306380867958
v 0.10080684721469879 0.05658860504627228 0.03767452389001846
v 0.0992342084646225 0.05417226254940033 0.03405328094959259
v 0.09755845367908478 0.051573723554611206 0.030727306380867958
v 0.09578187763690948 0.048816416412591934 0.027805035933852196
v 0.09390667080879211 0.04598456248641014 0.025400029495358467
v 0.0919346958398819 0.04318024218082428 0.023572884500026703
v 0.08986733108758926 0.040509238839149475 0.022337734699249268
v 0.07559249550104141 0.033261965960264206 0.023379558697342873
v 0.10080321878194809 0.05845528095960617 0.037915535271167755
v 0.07428062707185745 0.034045152366161346 0.022999795153737068
v 0.07427285611629486 0.03265045955777168 0.02564518339931965
v 0.0648113340139389 0.03876316919922829 0.02706109546124935
v 0.06752722710371017 0.036569252610206604 0.027258558198809624
v 0.0647883489727974 0.03682389855384827 0.03279460221529007
v 0.07027720659971237 0.03829381987452507 0.019451575353741646
v 0.06755159795284271 0.03897034749388695 0.02171185053884983
v 0.0675770491361618 0.0417960062623024 0.016374744474887848
v 0.06486096978187561 0.04373173043131828 0.01604573428630829
v 0.06759011745452881 0.04339936375617981 0.013817816972732544
v 0.06487397849559784 0.045263659209012985 0.013442807830870152
v 0.06760337203741074 0.04515191540122032 0.011362955905497074
v 0.06483561545610428 0.04104141145944595 0.02145756036043167
v 0.06488718837499619 0.04694351926445961 0.010934978723526001
v 0.0676167830824852 0.047074902802705765 0.009040609933435917
v 0.06490054726600647 0.04879434406757355 0.008552209474146366
v 0.067630335688591 0.0491936169564724 0.006896406412124634
v 0.0649140402674675 0.05084442347288132 0.006340049672871828
v 0.0649208351969719 0.051954664289951324 0.005317904055118561
v 0.07028867304325104 0.039834242314100266 0.016862384974956512
v 0.07295399904251099 0.03491862863302231 0.022662485018372536
v 0.07294507324695587 0.03354938328266144 0.02533263899385929
v 0.07026594877243042 0.03687368705868721 0.02211003750562668
v 0.0702441930770874 0.034349966794252396 0.02758573181927204
v 0.0743345394730568 0.046438783407211304 0.00824931263923645
v 0.07301095873117447 0.04593677073717117 0.008583993650972843
v 0.07167329639196396 0.04556999355554581 0.009075448848307133
v 0.07032416015863419 0.04532735049724579 0.009710998274385929
v 0.07031217962503433 0.04333319887518883 0.011964977718889713
v 0.07030034065246582 0.04150860756635666 0.014359080232679844
v 0.10363467782735825 0.059236228466033936 0.04528576508164406
v 0.10363206267356873 0.06082567200064659 0.04564395919442177
v 0.07293636351823807 0.03228233754634857 0.02805323712527752
v 0.06898589432239532 0.04834870249032974 0.007245541084557772
v 0.06897939741611481 0.047246403992176056 0.008272812701761723
v 0.07302580773830414 0.04969582334160805 0.006108418107032776
v 0.07433883845806122 0.047700803726911545 0.007442966569215059
v 0.07302083820104599 0.04838872700929642 0.0068525527603924274
v 0.07301589846611023 0.04713606461882591 0.007681623566895723
v 0.07168436050415039 0.04789014533162117 0.00716438889503479
v 0.07167880982160568 0.04670354723930359 0.008088730275630951
v 0.07033625990152359 0.04751310124993324 0.007642783690243959
v 0.0703301951289177 0.0463947094976902 0.008650176227092743
v 0.06897292286157608 0.04619591310620308 0.00935265514999628
v 0.06896007806062698 0.044236864894628525 0.011641733348369598
v 0.07034233957529068 0.04868567734956741 0.006697110831737518
v 0.0716899111866951 0.049131762236356735 0.006313093472272158
v 0.07170108705759048 0.05178538337349892 0.0048814271576702595
v 0.07169549912214279 0.05042993277311325 0.005547001957893372
v 0.07296311855316162 0.03639942407608032 0.020052984356880188
v 0.07428856939077377 0.03555265814065933 0.020417265594005585
v 0.07559926062822342 0.03479311615228653 0.02082560956478119
v 0.07689350843429565 0.03413147106766701 0.02127925492823124
v 0.07817067950963974 0.03357049822807312 0.021779464557766914
v 0.07943402230739594 0.03481891378760338 0.01995515078306198
v 0.07557941228151321 0.030532395467162132 0.02867168001830578
v 0.07426527142524719 0.031359344720840454 0.028342925012111664
v 0.06492764502763748 0.05312734469771385 0.0043671210296452045
v 0.07817531377077103 0.03526490554213524 0.01937185414135456
v 0.07818002253770828 0.03709733858704567 0.01706751435995102
v 0.07881101965904236 0.036869440227746964 0.017371678724884987
v 0.07689924538135529 0.03580855578184128 0.018837682902812958
v 0.07690508663654327 0.037623330950737 0.016496771946549416
v 0.07297241687774658 0.03800302371382713 0.01751813478767872
v 0.07429666817188263 0.03718407824635506 0.017912009730935097
v 0.07560615986585617 0.03644915670156479 0.018351465463638306
v 0.07561317831277847 0.038242407143116 0.015975208953022957
v 0.07881950587034225 0.041013382375240326 0.013224081136286259
v 0.07022358477115631 0.032191671431064606 0.03321798890829086
v 0.06476686894893646 0.03517291322350502 0.03862016275525093
v 0.054200585931539536 0.055277399718761444 0.005919590592384338
v 0.05686463788151741 0.05456797033548355 0.005763009190559387
v 0.05420786142349243 0.05343442037701607 0.008291930891573429
v 0.056865133345127106 0.052687257528305054 0.008114912547171116
v 0.05421506613492966 0.051798347383737564 0.010811395943164825
v 0.0568656250834465 0.05101262032985687 0.010618269443511963
v 0.05422218516469002 0.05033273994922638 0.013433203101158142
v 0.0568661130964756 0.04950891435146332 0.013228067196905613
v 0.05422919988632202 0.049009811133146286 0.016129108145833015
v 0.056866589933633804 0.04814908653497696 0.015915730968117714
v 0.05424286797642708 0.046712107956409454 0.021675052121281624
v 0.05686752498149872 0.04578264802694321 0.021454432979226112
v 0.05425595864653587 0.044786784797906876 0.02735922485589981
v 0.056864138692617416 0.05669843405485153 0.0036360251251608133
v 0.09199641644954681 0.021011942997574806 0.06154923141002655
v 0.08992048352956772 0.019064389169216156 0.06576284766197205
v 0.08774428069591522 0.01759404130280018 0.07044458389282227
v 0.08546840399503708 0.01664290763437748 0.07552957534790039
v 0.054193250834941864 0.05737286061048508 0.0037686603609472513
v 0.05686388537287712 0.0578722208738327 0.002692475914955139
v 0.054189566522836685 0.05853104591369629 0.002812512218952179
v 0.06224127486348152 0.05985686555504799 0.0010815189452841878
v 0.05954110622406006 0.06027980148792267 0.0009830743074417114
v 0.059542782604694366 0.06099634990096092 0.0007450134144164622
v 0.06224415823817253 0.060592904686927795 0.0008990467176772654
v 0.05686262249946594 0.0648297518491745 0.0001667440083110705
v 0.058205023407936096 0.06443698704242706 0.00020814688468817621
v 0.05820338800549507 0.06293407827615738 0.00032342973281629384
v 0.059549495577812195 0.06397733837366104 0.0003037378191947937
v 0.05954781547188759 0.06322237104177475 0.00033250453998334706
v 0.060898881405591965 0.0634472519159317 0.00045335295726545155
v 0.06223839148879051 0.059135038405656815 0.0013109222054481506
v 0.06224993243813515 0.06209428980946541 0.0006844997988082469
v 0.062252823263406754 0.06285230815410614 0.0006568581447936594
v 0.05686312913894653 0.0618630051612854 0.000620618520770222
v 0.056863002479076385 0.06259046494960785 0.0004257932596374303
v 0.059544458985328674 0.06172798573970795 0.0005555152893066406
v 0.06224704533815384 0.061339933425188065 0.0007659718976356089
v 0.05954613909125328 0.062471285462379456 0.000417217641370371
v 0.05953942611813545 0.05957988277077675 0.0012659206986427307
v 0.0622355081140995 0.05842892825603485 0.0015837551327422261
v 0.059536080807447433 0.05823419988155365 0.0019498617621138692
v 0.06222974509000778 0.05706807225942612 0.002244606614112854
v 0.05953273922204971 0.05696586146950722 0.0027660580817610025
v 0.05686287581920624 0.06333012133836746 0.0002835392951965332
v 0.0555216409265995 0.06366460025310516 0.00029750168323516846
v 0.05281500145792961 0.06566278636455536 0.00036552551318891346
v 0.054171040654182434 0.06543666124343872 0.00024591386318206787
v 0.05417289957404137 0.06468848884105682 0.00027608126401901245
v 0.055519528687000275 0.06516068428754807 0.00017948450113181025
v 0.05417475476861 0.0639444962143898 0.00036486241151578724
v 0.054176609963178635 0.06320886313915253 0.0005096793174743652
v 0.05417846515774727 0.06248577684164047 0.0007079542265273631
v 0.05418216809630394 0.06108982488512993 0.0012521520256996155
v 0.05686338245868683 0.060456935316324234 0.0011556744575500488
v 0.05418587476015091 0.0597694031894207 0.0019648002926260233
v 0.056863635778427124 0.05912449210882187 0.0018570722313597798
v 0.07881523668766022 0.03885973244905472 0.015216648578643799
v 0.07944130897521973 0.038661450147628784 0.015553870238363743
v 0.07943765074014664 0.036665044724941254 0.01768854446709156
v 0.0807071253657341 0.064663365483284 0.012624659575521946
v 0.07822924107313156 0.06307180225849152 0.009523593820631504
v 0.07823416590690613 0.06558103859424591 0.011070124804973602
v 0.0807097926735878 0.06700001657009125 0.014340617693960667
v 0.07823904603719711 0.06790433824062347 0.01287818793207407
v 0.08071243017911911 0.06916660815477371 0.016267577186226845
v 0.07824387401342392 0.07005151361227036 0.014892340637743473
v 0.08071503043174744 0.0711720809340477 0.018360944464802742
v 0.0807044506072998 0.06215136870741844 0.011172213591635227
v 0.07824864983558655 0.07203464955091476 0.01706751435995102
v 0.08071760088205338 0.07302787154912949 0.020588770508766174
v 0.0782533586025238 0.0738670751452446 0.01937185414135456
v 0.08072260022163391 0.07633597403764725 0.02534903958439827
v 0.07826253771781921 0.07712952047586441 0.02427162230014801
v 0.08072739094495773 0.07917476445436478 0.030403846874833107
v 0.07827132195234299 0.07992713153362274 0.029451677575707436
v 0.08073192089796066 0.08161113411188126 0.03566411882638931
v 0.0782242938876152 0.060380104929208755 0.00831177830696106
v 0.08070174604654312 0.059473972767591476 0.010049083270132542
v 0.07821931689977646 0.057524241507053375 0.007523574400693178
v 0.08543495833873749 0.06569861620664597 0.017912931740283966
v 0.0876736268401146 0.06734767556190491 0.021684058010578156
v 0.08767624199390411 0.06522347778081894 0.020023370161652565
v 0.08543623238801956 0.06338860094547272 0.01637980341911316
v 0.08767887949943542 0.06294901669025421 0.01857898384332657
v 0.08543751388788223 0.06092404946684837 0.01510965172201395
v 0.08768154680728912 0.060529958456754684 0.017394790425896645
v 0.0854387953877449 0.05832577496767044 0.014154710806906223
v 0.08768422156572342 0.05799127742648125 0.01651705801486969
v 0.08544009178876877 0.05562395229935646 0.013562277890741825
v 0.0876869186758995 0.05536583811044693 0.015981854870915413
v 0.08544138073921204 0.05286969989538193 0.013361439108848572
v 0.087689608335495 0.052701402455568314 0.015802860260009766
v 0.0854426771402359 0.05011545121669769 0.013562277890741825
v 0.08069632202386856 0.05374957621097565 0.00907909870147705
v 0.07821682840585709 0.056052014231681824 0.007317089010030031
v 0.08069904148578644 0.056653983891010284 0.009329208172857761
v 0.07827963680028915 0.08232803642749786 0.034826673567295074
v 0.0854337066411972 0.06785158067941666 0.019662322476506233
v 0.08073616772890091 0.08369650691747665 0.04107225313782692
v 0.07828740775585175 0.08438368141651154 0.040341705083847046
v 0.0807400569319725 0.0854697972536087 0.04658947139978409
v 0.07063571363687515 0.09204481542110443 0.10469342023134232
v 0.06524808704853058 0.09273242950439453 0.1047874316573143
v 0.07062610238790512 0.09137587994337082 0.11068667471408844
v 0.06523735821247101 0.09213980287313461 0.1108170822262764
v 0.07061416655778885 0.09050334990024567 0.11665443331003189
v 0.0652240589261055 0.09136559069156647 0.11682593822479248
v 0.07060012221336365 0.08941618353128433 0.12258759886026382
v 0.06520839035511017 0.09039922058582306 0.12280654162168503
v 0.06525600701570511 0.09315086901187897 0.09874311834573746
v 0.06790795177221298 0.08869829028844833 0.12865671515464783
v 0.06519056111574173 0.08922635763883591 0.12874947488307953
v 0.06517080962657928 0.08782757818698883 0.13464227318763733
v 0.0624222531914711 0.08833695203065872 0.1346692442893982
v 0.06240423023700714 0.08677506446838379 0.140515998005867
v 0.05963750183582306 0.08723615109920502 0.1404690146446228
v 0.059626296162605286 0.08548562228679657 0.14624957740306854
v 0.056856829673051834 0.085863396525383 0.1461215764284134
v 0.07064282149076462 0.09251774847507477 0.09868218749761581
v 0.06797859817743301 0.09313582628965378 0.09268078207969666
v 0.0706472173333168 0.09279990196228027 0.09265951067209244
v 0.07578383386135101 0.0867958590388298 0.04545585438609123
v 0.07579343765974045 0.08823059499263763 0.05123094841837883
v 0.07060012221336365 0.08941618353128433 0.050674840807914734
v 0.07580188661813736 0.08941605687141418 0.05706051364541054
v 0.07061416655778885 0.09050334990024567 0.05660800263285637
v 0.0758090540766716 0.09036804735660553 0.06293100863695145
v 0.07062610238790512 0.09137587994337082 0.06257577240467072
v 0.07581483572721481 0.09109824150800705 0.0688316598534584
v 0.07063571363687515 0.09204481542110443 0.06856901943683624
v 0.07581911236047745 0.09161467105150223 0.07475359737873077
v 0.07064282149076462 0.09251774847507477 0.07458025217056274
v 0.07582175731658936 0.09192289412021637 0.08068908751010895
v 0.0706472173333168 0.09279990196228027 0.08060292899608612
v 0.07326412200927734 0.0924934446811676 0.08663122355937958
v 0.07064872980117798 0.09289367496967316 0.08663122355937958
v 0.056857723742723465 0.08387685567140579 0.1518080085515976
v 0.08767104148864746 0.06932290643453598 0.023518921807408333
v 0.08543246239423752 0.06985100358724594 0.02158486284315586
v 0.08766849339008331 0.07115577161312103 0.025496777147054672
v 0.09189680218696594 0.06452075392007828 0.02484527789056301
v 0.08983107656240463 0.0648338571190834 0.022337734699249268
v 0.09189268201589584 0.06655103713274002 0.02632910944521427
v 0.0898275300860405 0.06691687554121017 0.023909898474812508
v 0.09188861399888992 0.0684429183602333 0.027984799817204475
v 0.08982402831315994 0.06885598599910736 0.025655794888734818
v 0.09188461303710938 0.07020058482885361 0.029782546684145927
v 0.08982057124376297 0.07065650075674057 0.027544835582375526
v 0.08983466029167175 0.0626075491309166 0.020980218425393105
v 0.0918768048286438 0.07334158569574356 0.033704955130815506
v 0.08981383591890335 0.07387302815914154 0.03165161982178688
v 0.09186932444572449 0.07603702694177628 0.03794744610786438
v 0.08980739116668701 0.07663348317146301 0.03607970103621483
v 0.09186224639415741 0.07834506779909134 0.042415257543325424
v 0.08980128914117813 0.07899819314479828 0.04073368012905121
v 0.09185563027858734 0.08031369745731354 0.0470460020005703
v 0.08979558944702148 0.08101639896631241 0.04555089771747589
v 0.09190095961093903 0.062354303896427155 0.023572884500026703
v 0.08983826637268066 0.06024622544646263 0.019878529012203217
v 0.0919051393866539 0.06006210297346115 0.0225504282861948
v 0.09384946525096893 0.07282950729131699 0.035929903388023376
v 0.0938577875494957 0.06978151947259903 0.032199375331401825
v 0.09386204928159714 0.06807639449834824 0.030495265498757362
v 0.09386638551950455 0.06624200940132141 0.028930941596627235
v 0.09387075901031494 0.06427516043186188 0.02753528021275997
v 0.09387518465518951 0.06217939779162407 0.02634633332490921
v 0.09387964755296707 0.05996685475111008 0.025400029495358467
v 0.09190935641527176 0.057675134390592575 0.021813757717609406
v 0.08984190225601196 0.0577782467007637 0.019073478877544403
v 0.08979034423828125 0.08272670209407806 0.05048886686563492
v 0.08764620870351791 0.08344582468271255 0.04930737987160683
v 0.08765006810426712 0.08170193433761597 0.044198669493198395
v 0.08765427768230438 0.07964570075273514 0.039209701120853424
v 0.08984554558992386 0.0552385076880455 0.01859125681221485
v 0.08542051911354065 0.08413892984390259 0.048259906470775604
v 0.08542238175868988 0.08237187564373016 0.042997248470783234
v 0.08542440086603165 0.08029017597436905 0.03785208240151405
v 0.08542656153440475 0.07785455882549286 0.03286592662334442
v 0.08765877783298492 0.07723807543516159 0.03438270464539528
v 0.08542884886264801 0.0750141516327858 0.028100183233618736
v 0.08766353130340576 0.07442886382341385 0.02977999858558178
v 0.08543123304843903 0.0717049166560173 0.02364891953766346
v 0.05409921705722809 0.08416121453046799 0.15158739686012268
v 0.054112888872623444 0.08186350762844086 0.1571333408355713
v 0.05134335160255432 0.08429919928312302 0.15125992894172668
v 0.03291017934679985 0.08791482448577881 0.04862094298005104
v 0.032917942851781845 0.08684463053941727 0.043269187211990356
v 0.028164343908429146 0.08563564717769623 0.045231107622385025
v 0.028166554868221283 0.08437640964984894 0.04017283767461777
v 0.023688258603215218 0.08301695436239243 0.042842041701078415
v 0.023685408756136894 0.08155819028615952 0.03814579173922539
v 0.019517509266734123 0.08018120378255844 0.04160255938768387
v 0.01951165683567524 0.07853035628795624 0.037339117377996445
v 0.03790835663676262 0.08891665190458298 0.047242678701877594
v 0.0156811885535717 0.07721149921417236 0.04161537066102028
v 0.017545852810144424 0.07597359269857407 0.03547314554452896
v 0.015674274414777756 0.07537810504436493 0.03785852715373039
v 0.07567913085222244 0.0615098774433136 0.0067836567759513855
v 0.07307073473930359 0.06284753233194351 0.00546368258073926
v 0.075686514377594 0.0641985759139061 0.008084692060947418
v 0.07308067381381989 0.06551647186279297 0.0068525527603924274
v 0.07569384574890137 0.06668747216463089 0.009724834002554417
v 0.07306075841188431 0.059969961643218994 0.004537463188171387
v 0.07305575907230377 0.0584709569811821 0.004291005898267031
v 0.07039155066013336 0.05996321886777878 0.0030923038721084595
v 0.07570112496614456 0.06898000091314316 0.01162338349968195
v 0.0730905532836914 0.06796843558549881 0.008583993650972843
v 0.037895672023296356 0.08981476724147797 0.052825361490249634
v 0.04310590773820877 0.09057629853487015 0.05190984532237053
v 0.04309095814824104 0.09132108837366104 0.05766841396689415
v 0.03792242333292961 0.0878414735198021 0.041690219193696976
v 0.0379377119243145 0.08656638860702515 0.036178670823574066
v 0.03292638063430786 0.08557590842247009 0.03796033561229706
v 0.032935407012701035 0.08407720923423767 0.03271085396409035
v 0.028168922290205956 0.08289038389921188 0.03517653048038483
v 0.030524544417858124 0.08174010366201401 0.028840450569987297
v 0.028171420097351074 0.08113379031419754 0.030268898233771324
v 0.030530676245689392 0.07963312417268753 0.02393081970512867
v 0.028174029663205147 0.07904121279716492 0.02549518644809723
v 0.06526093184947968 0.09340017288923264 0.08057298511266708
v 0.06525600701570511 0.09315086901187897 0.0745193287730217
v 0.05968952551484108 0.09348217397928238 0.07454776018857956
v 0.059685658663511276 0.09310967475175858 0.06851538270711899
v 0.054020486772060394 0.09315171837806702 0.06865720450878143
v 0.05402626842260361 0.09266384690999985 0.06268087774515152
v 0.04847177863121033 0.0924319252371788 0.06299178302288055
v 0.04848473146557808 0.09182276576757431 0.05710452049970627
v 0.04314175993204117 0.08858401328325272 0.04046637937426567
v 0.07042230665683746 0.06696542352437973 0.005824216175824404
v 0.07041003555059433 0.06433000415563583 0.004350826609879732
v 0.06771984696388245 0.0671868845820427 0.004168637562543154
v 0.06508950144052505 0.08067122101783752 0.018722334876656532
v 0.06235405057668686 0.08154653757810593 0.018574485555291176
v 0.06510206311941147 0.0819590762257576 0.02145756036043167
v 0.06781910359859467 0.08101797103881836 0.02171185053884983
v 0.0678434744477272 0.0834190621972084 0.027258558198809624
v 0.07052657008171082 0.08253034204244614 0.02758573181927204
v 0.059647977352142334 0.08872151374816895 0.0386490561068058
v 0.0624222531914711 0.08833695203065872 0.03859320282936096
v 0.05963750183582306 0.08723615109920502 0.03279343247413635
v 0.06240423023700714 0.08677506446838379 0.032746437937021255
v 0.06234331429004669 0.0802084356546402 0.015865877270698547
v 0.059626296162605286 0.08548562228679657 0.027012860402464867
v 0.05685598403215408 0.08754423260688782 0.032925184816122055
v 0.056856829673051834 0.085863396525383 0.027140865102410316
v 0.056857723742723465 0.08387685567140579 0.021454432979226112
v 0.07319744676351547 0.08581355214118958 0.03929637745022774
v 0.07318185269832611 0.0838814452290535 0.03361400216817856
v 0.07056643068790436 0.08653262257575989 0.03896190971136093
v 0.0705471783876419 0.08468863368034363 0.03321798890829086
v 0.05685519427061081 0.08896888047456741 0.038777898997068405
v 0.05960209667682648 0.08096509426832199 0.015825703740119934
v 0.0595957487821579 0.07955804467201233 0.013156644999980927
v 0.06500319391489029 0.06863418966531754 0.003502153092995286
v 0.06499633938074112 0.0673263743519783 0.0027423205319792032
v 0.06227589771151543 0.06863653659820557 0.002244606614112854
v 0.06771296262741089 0.0658581480383873 0.003444046014919877
v 0.07039771974086761 0.06146419420838356 0.003358103334903717
v 0.06769226491451263 0.06151647865772247 0.0021045433823019266
v 0.06769917160272598 0.06301408261060715 0.0023886191193014383
v 0.066335029900074 0.06228087097406387 0.001690089819021523
v 0.06498260796070099 0.06450938433408737 0.0016295762034133077
v 0.07570832222700119 0.07109075784683228 0.013721965253353119
v 0.07310035824775696 0.0702139213681221 0.010569789446890354
v 0.07043449580669403 0.06936720013618469 0.007642783690243959
v 0.06772670149803162 0.06845112890005112 0.004996724892407656
v 0.04312290996313095 0.08966955542564392 0.046173345297575
v 0.048517342656850815 0.0901326835155487 0.04538683220744133
v 0.04849999025464058 0.09106054157018661 0.05123428627848625
v 0.05969274416565895 0.09377744048833847 0.08663122355937958
v 0.05685187876224518 0.09373921155929565 0.09265434741973877
v 0.05969192087650299 0.09370385110378265 0.09267478436231613
v 0.06524808704853058 0.09273242950439453 0.06847500801086426
v 0.05968043580651283 0.09258154034614563 0.06249481067061424
v 0.054033443331718445 0.0920252874493599 0.05671848729252815
v 0.056851815432310104 0.0938095822930336 0.08663122355937958
v 0.05969192087650299 0.09370385110378265 0.08058765530586243
v 0.05401621386408806 0.0934956967830658 0.07464335113763809
v 0.05136449635028839 0.08205410838127136 0.1567956656217575
v 0.04860352352261543 0.08430378884077072 0.1508225053548813
v 0.04862820729613304 0.0820976123213768 0.15633130073547363
v 0.04588894918560982 0.08418910950422287 0.15027204155921936
v 0.04591440409421921 0.08201073110103607 0.15573784708976746
v 0.04320734366774559 0.08397018164396286 0.14960543811321259
v 0.043231528252363205 0.08181124925613403 0.15501289069652557
v 0.0405876487493515 0.08151606470346451 0.15415404736995697
v 0.04325653240084648 0.07918022572994232 0.16021279990673065
v 0.0406099408864975 0.07890297472476959 0.15928064286708832
v 0.04326928034424782 0.07762967795133591 0.16268347203731537
v 0.040621306747198105 0.07736390829086304 0.1617148220539093
v 0.062499262392520905 0.09366826713085175 0.08663122355937958
v 0.023682396858930588 0.07983706146478653 0.03353958576917648
v 0.04853658005595207 0.08902204036712646 0.03956984356045723
v 0.04316225275397301 0.0872965082526207 0.034799400717020035
v 0.037954073399305344 0.08505929261445999 0.030723879113793373
v 0.03542901948094368 0.08281742036342621 0.026384597644209862
v 0.0329449437558651 0.08230312913656235 0.02754671312868595
v 0.03544306382536888 0.08069067448377609 0.021237405017018318
v 0.032954905182123184 0.080185167491436 0.022512363269925117
v 0.06523735821247101 0.09213980287313461 0.06244535744190216
v 0.05967394635081291 0.0918906182050705 0.056490976363420486
v 0.054041892290115356 0.09122651070356369 0.05077506601810455
v 0.05405149608850479 0.09025454521179199 0.04485699534416199
v 0.09384150058031082 0.07544498145580292 0.03997645154595375
v 0.05966630578041077 0.09102688729763031 0.05050991103053093
v 0.05685446411371231 0.09017180651426315 0.04468017444014549
v 0.021550843492150307 0.07717810571193695 0.031071074306964874
v 0.019505541771650314 0.07657279074192047 0.033208299428224564
v 0.0652240589261055 0.09136559069156647 0.05643650144338608
v 0.06520839035511017 0.09039922058582306 0.05045590549707413
v 0.06519056111574173 0.08922635763883591 0.044512975960969925
v 0.062453776597976685 0.09076499938964844 0.05045279860496521
v 0.06243882700800896 0.08965834230184555 0.04450048506259918
v 0.07058414816856384 0.08809936046600342 0.04478777199983597
v 0.06790795177221298 0.08869829028844833 0.04460572823882103
v 0.0679258480668068 0.08994319289922714 0.050527241080999374
v 0.059657614678144455 0.08997669816017151 0.04455922916531563
v 0.09383396804332733 0.0776837095618248 0.04424568638205528
v 0.07578383386135101 0.0867958590388298 0.12780658900737762
v 0.0807400569319725 0.0854697972536087 0.12667296826839447
v 0.07579343765974045 0.08823059499263763 0.12203149497509003
v 0.08074357360601425 0.08696054667234421 0.12107401341199875
v 0.07580188661813736 0.08941605687141418 0.11620192229747772
v 0.08074666559696198 0.08819111436605453 0.11541338264942169
v 0.0758090540766716 0.09036804735660553 0.11033143103122711
v 0.08074928820133209 0.08917832374572754 0.10970640182495117
v 0.07828740775585175 0.08438368141651154 0.1329207420349121
v 0.07581483572721481 0.09109824150800705 0.10443077236413956
v 0.08075140416622162 0.08993477374315262 0.10396526008844376
v 0.07581911236047745 0.09161467105150223 0.09850884228944778
v 0.08075296133756638 0.09046920388936996 0.0981999933719635
v 0.07832001149654388 0.09138660132884979 0.0925055667757988
v 0.08075393736362457 0.09078789502382278 0.09241937845945358
v 0.08075426518917084 0.0908936932682991 0.08663122355937958
v 0.08311988413333893 0.09023410826921463 0.08663122355937958
v 0.07577317953109741 0.08509056270122528 0.13350942730903625
v 0.07576160132884979 0.08308633416891098 0.13911566138267517
v 0.07318185269832611 0.0838814452290535 0.1396484375
v 0.10484558343887329 0.07722333818674088 0.07468471676111221
v 0.10485006123781204 0.07592260837554932 0.06884368509054184
v 0.10359106957912445 0.07775107026100159 0.0702553316950798
v 0.1035885214805603 0.0783805400133133 0.07348871976137161
v 0.10074309259653091 0.07986442744731903 0.06743322312831879
v 0.10073958337306976 0.0805915892124176 0.07122533023357391
v 0.09747292846441269 0.08184024691581726 0.06485824286937714
v 0.09746870398521423 0.08265330642461777 0.06916109472513199
v 0.09380945563316345 0.08366767317056656 0.06257157772779465
v 0.09380509704351425 0.08455297350883484 0.06732920557260513
v 0.08978144824504852 0.08533722162246704 0.060614414513111115
v 0.08977791666984558 0.08627870678901672 0.06576284766197205
v 0.08541736751794815 0.0868430808186531 0.05902794003486633
v 0.06781910359859467 0.08101797103881836 0.15155059099197388
v 0.0705048069357872 0.08000661432743073 0.15115240216255188
v 0.07052657008171082 0.08253034204244614 0.14567670226097107
v 0.07316514849662781 0.08162286877632141 0.1452092081308365
v 0.08075393736362457 0.09078789502382278 0.08084306865930557
v 0.10598962754011154 0.07485813647508621 0.0706813707947731
v 0.08541390299797058 0.08941052109003067 0.08107633143663406
v 0.06506369262933731 0.07773683220148087 0.15981963276863098
v 0.06778058409690857 0.0765889510512352 0.15944461524486542
v 0.06507670879364014 0.07926876097917557 0.15721671283245087
v 0.07326290756464005 0.09239478409290314 0.09262418001890182
v 0.07582175731658936 0.09192289412021637 0.09257335215806961
v 0.07582266628742218 0.09202532470226288 0.08663122355937958
v 0.07832062244415283 0.09149142354726791 0.08663122355937958
v 0.08075296133756638 0.09046920388936996 0.07506245374679565
v 0.08074928820133209 0.08917832374572754 0.06355603784322739
v 0.06779364496469498 0.07819230854511261 0.1568877100944519
v 0.06508950144052505 0.08067122101783752 0.15454010665416718
v 0.06780648976564407 0.07966388016939163 0.1542510688304901
v 0.06510206311941147 0.0819590762257576 0.1518048793077469
v 0.0678434744477272 0.0834190621972084 0.14600388705730438
v 0.0705471783876419 0.08468863368034363 0.1400444507598877
v 0.07056643068790436 0.08653262257575989 0.13430052995681763
v 0.07058414816856384 0.08809936046600342 0.12847468256950378
v 0.08541374653577805 0.0895145907998085 0.08663122355937958
v 0.08763209730386734 0.08873717486858368 0.08663122355937958
v 0.08541390299797058 0.08941052109003067 0.09218611568212509
v 0.08311981707811356 0.09012863039970398 0.09231331944465637
v 0.09194297343492508 0.038983508944511414 0.14693333208560944
v 0.09193885326385498 0.04101379215717316 0.1484171599149704
v 0.08986733108758926 0.040509238839149475 0.1509247124195099
v 0.08986374735832214 0.042735546827316284 0.1522822231054306
v 0.08770033717155457 0.04245378449559212 0.154683455824852
v 0.08769767731428146 0.044872842729091644 0.15586765110492706
v 0.08544525504112244 0.04481535404920578 0.15815278887748718
v 0.08544397354125977 0.04741362854838371 0.1591077297925949
v 0.09391994029283524 0.03970940411090851 0.14433149993419647
v 0.08428598195314407 0.04485374689102173 0.15921761095523834
v 0.08428557962179184 0.04747740551829338 0.1602129340171814
v 0.08310548961162567 0.0449441559612751 0.1602289229631424
v 0.08310608565807343 0.04758993163704872 0.16126583516597748
v 0.0819067731499672 0.04642055928707123 0.16177114844322205
v 0.08190759271383286 0.04777097329497337 0.16226594150066376
v 0.0806908905506134 0.048025183379650116 0.1632133573293686
v 0.0831063762307167 0.048961542546749115 0.1616440713405609
v 0.09392427653074265 0.037875015288591385 0.14276717603206635
v 0.0958041176199913 0.03882001340389252 0.14008593559265137
v 0.09580841660499573 0.037176378071308136 0.1384776532649994
v 0.09585705399513245 0.023796560242772102 0.10958614945411682
v 0.09763521701097488 0.025532247498631477 0.10840420424938202
v 0.09763024002313614 0.026552166789770126 0.11265859007835388
v 0.09585189074277878 0.024863561615347862 0.11407401412725449
v 0.09762457013130188 0.027795543894171715 0.11684854328632355
v 0.09584599733352661 0.026163697242736816 0.11849556118249893
v 0.09761828184127808 0.029283689334988594 0.12095324695110321
v 0.0958394780755043 0.027719052508473396 0.12282934784889221
v 0.0976114571094513 0.031043766066432 0.12494437396526337
v 0.09583238512277603 0.029557818546891212 0.12704622745513916
v 0.09760414808988571 0.03311006352305412 0.12878215312957764
v 0.09582479298114777 0.03171570226550102 0.1311052143573761
v 0.0975964292883873 0.03552538529038429 0.13240817189216614
v 0.09581677615642548 0.03423748537898064 0.1349460631608963
v 0.09758836776018143 0.03834018483757973 0.1357341855764389
v 0.08069224655628204 0.04942022264003754 0.16362828016281128
v 0.08069361001253128 0.05084516853094101 0.16393323242664337
v 0.07820936292409897 0.05160774290561676 0.16573886573314667
v 0.07821185141801834 0.05307997018098831 0.16594535112380981
v 0.07827963680028915 0.08232803642749786 0.13843576610088348
v 0.08073616772890091 0.08369650691747665 0.13219019770622253
v 0.08311678469181061 0.08480775356292725 0.1259090155363083
v 0.08541884273290634 0.08562158793210983 0.11965177953243256
v 0.08541736751794815 0.0868430808186531 0.11423449963331223
v 0.08541611582040787 0.08782108128070831 0.10876721143722534
v 0.08541510999202728 0.08856905251741409 0.10326305776834488
v 0.08541436493396759 0.08909649401903152 0.09773287177085876
v 0.08075140416622162 0.08993477374315262 0.0692971870303154
v 0.07574921101331711 0.08074510842561722 0.14459076523780823
v 0.07314752042293549 0.07898657768964767 0.15059995651245117
v 0.07694146037101746 0.05209135264158249 0.16656364500522614
v 0.07565688341856003 0.05264268070459366 0.16733630001544952
v 0.07565318048000336 0.051184605807065964 0.16697025299072266
v 0.07435183972120285 0.05179876089096069 0.16767537593841553
v 0.07434749603271484 0.050381582230329514 0.16716472804546356
v 0.07303077727556229 0.05105767399072647 0.16779875755310059
v 0.07302580773830414 0.04969582334160805 0.16715401411056519
v 0.07169549912214279 0.05042993277311325 0.1677154302597046
v 0.0716899111866951 0.049131762236356735 0.1669493466615677
v 0.08977166563272476 0.08780428022146225 0.08139262348413467
v 0.08977121114730835 0.08790381997823715 0.08663122355937958
v 0.09182736277580261 0.0870165079832077 0.08663122355937958
v 0.08977166563272476 0.08780428022146225 0.09186981618404388
v 0.0918278843164444 0.08691996335983276 0.09168282151222229
v 0.07048208266496658 0.07704605907201767 0.15640003979206085
v 0.06788811832666397 0.08721546828746796 0.03873978182673454
v 0.08541510999202728 0.08856905251741409 0.06999937444925308
v 0.08541436493396759 0.08909649401903152 0.07552957534790039
v 0.08977296948432922 0.08750347793102264 0.07616240531206131
v 0.1035974845290184 0.0759960189461708 0.10934356600046158
v 0.10075193643569946 0.07783805578947067 0.11326534301042557
v 0.10360126942396164 0.07484041899442673 0.11241695284843445
v 0.10075715184211731 0.07650437951087952 0.11687560379505157
v 0.10360538214445114 0.07347248494625092 0.11539869010448456
v 0.10076282918453217 0.07492604851722717 0.1203816682100296
v 0.10360978543758392 0.07186554372310638 0.11825674772262573
v 0.10076889395713806 0.07307222485542297 0.12374711036682129
v 0.1007472351193428 0.0789516270160675 0.10957685112953186
v 0.1036144345998764 0.06998669356107712 0.12094424664974213
v 0.10077530145645142 0.0709046721458435 0.1269184947013855
v 0.1036192923784256 0.06779808551073074 0.12339060008525848
v 0.10078199207782745 0.06837896257638931 0.1298152655363083
v 0.10362431406974792 0.0652637854218483 0.12548696994781494
v 0.10078543424606323 0.06696753203868866 0.13112419843673706
v 0.100788913667202 0.06545159220695496 0.13231277465820312
v 0.09752391278743744 0.06745848804712296 0.1372445523738861
v 0.10359407216310501 0.07696063071489334 0.10620135068893433
v 0.10074309259653091 0.07986442744731903 0.10582922399044037
v 0.10359106957912445 0.07775107026100159 0.10300710797309875
v 0.09567582607269287 0.08508788049221039 0.08663122355937958
v 0.09567637741565704 0.08499856293201447 0.09125636518001556
v 0.09746066480875015 0.08405052870512009 0.08663122355937958
v 0.09746120870113373 0.08396534621715546 0.0822434276342392
v 0.09914761036634445 0.08296710252761841 0.08663122355937958
v 0.10073335468769073 0.0817636176943779 0.08276115357875824
v 0.10073291510343552 0.08183959871530533 0.08663122355937958
v 0.10221285372972488 0.08066996932029724 0.08663122355937958
v 0.10073335468769073 0.0817636176943779 0.09050129354000092
v 0.10221324115991592 0.08059900999069214 0.090223029255867
v 0.1007346585392952 0.08153335750102997 0.09436411410570145
v 0.10358495265245438 0.07919540256261826 0.09322882443666458
v 0.10073675215244293 0.08114500343799591 0.09821219742298126
v 0.1035885214805603 0.0783805400133133 0.09977372735738754
v 0.10073958337306976 0.0805915892124176 0.10203711688518524
v 0.0975281149148941 0.06576686352491379 0.1386229246854782
v 0.09379737079143524 0.08598408102989197 0.09147798269987106
v 0.09574148803949356 0.06774970889091492 0.14008593559265137
v 0.09574584662914276 0.06598228216171265 0.14155778288841248
v 0.09386204928159714 0.06807639449834824 0.14276717603206635
v 0.07311006635427475 0.07227246463298798 0.16051369905471802
v 0.07311965525150299 0.07416277378797531 0.158187136054039
v 0.0704704150557518 0.07537169009447098 0.1589033603668213
v 0.07045857608318329 0.07354710251092911 0.16129745543003082
v 0.06776732951402664 0.07483639568090439 0.16189947724342346
v 0.06505049765110016 0.07605697214603424 0.16232746839523315
v 0.07570832222700119 0.07109075784683228 0.15954047441482544
v 0.0623323954641819 0.07874317467212677 0.1600371152162552
v 0.06232132390141487 0.07713135331869125 0.16258910298347473
v 0.0595957487821579 0.07955804467201233 0.16010579466819763
v 0.059589311480522156 0.0780058205127716 0.1626920998096466
v 0.09382043778896332 0.08120741695165634 0.053225670009851456
v 0.09382692724466324 0.07959222048521042 0.04867604747414589
v 0.07571544498205185 0.0730350986123085 0.15728724002838135
v 0.07824387401342392 0.07005151361227036 0.15837009251117706
v 0.07824864983558655 0.07203464955091476 0.15619492530822754
v 0.09386638551950455 0.06624200940132141 0.14433149993419647
v 0.09188861399888992 0.0684429183602333 0.14527763426303864
v 0.09189268201589584 0.06655103713274002 0.14693333208560944
v 0.08982402831315994 0.06885598599910736 0.14760665595531464
v 0.0898275300860405 0.06691687554121017 0.1493525505065918
v 0.08767104148864746 0.06932290643453598 0.14974352717399597
v 0.0876736268401146 0.06734767556190491 0.1515783816576004
v 0.08543246239423752 0.06985100358724594 0.15167757868766785
v 0.0854337066411972 0.06785158067941666 0.15360012650489807
v 0.08311133831739426 0.07045039534568787 0.15339823067188263
v 0.08311077207326889 0.06843975186347961 0.15540707111358643
v 0.08071503043174744 0.0711720809340477 0.15490148961544037
v 0.08071243017911911 0.06916660815477371 0.15699486434459686
v 0.09379898011684418 0.08570236712694168 0.09631647169589996
v 0.08977296948432922 0.08750347793102264 0.09710003435611725
v 0.10700483620166779 0.0754147320985794 0.08188832551240921
v 0.10790175199508667 0.07408928126096725 0.0825386717915535
v 0.10790297389030457 0.07356642186641693 0.07848018407821655
v 0.10700652003288269 0.07481443136930466 0.07718460261821747
v 0.10790485888719559 0.07265598326921463 0.07449747622013092
v 0.10700912773609161 0.07376869767904282 0.07256800681352615
v 0.10790602117776871 0.07203787565231323 0.0725523978471756
v 0.10700424015522003 0.07560984790325165 0.08663122355937958
v 0.10599177330732346 0.07405933737754822 0.06812278181314468
v 0.10359407216310501 0.07696063071489334 0.06706108897924423
v 0.1007472351193428 0.0789516270160675 0.0636855959892273
v 0.09747791290283203 0.08082032203674316 0.060603849589824677
v 0.10790132731199265 0.07425929605960846 0.08663122355937958
v 0.10700483620166779 0.0754147320985794 0.09137411415576935
v 0.10790175199508667 0.07408928126096725 0.09072377532720566
v 0.09379737079143524 0.08598408102989197 0.0817844495177269
v 0.09379681199789047 0.08607719838619232 0.08663122355937958
v 0.10599177330732346 0.07405933737754822 0.10513965785503387
v 0.10598962754011154 0.07485813647508621 0.10258107632398605
v 0.10790602117776871 0.07203787565231323 0.10071004182100296
v 0.10790485888719559 0.07265598326921463 0.09876495599746704
v 0.10867305099964142 0.07152175903320312 0.09679877012968063
v 0.10790383815765381 0.07316271960735321 0.0967862606048584
v 0.10790297389030457 0.07356642186641693 0.0947822630405426
v 0.10700652003288269 0.07481443136930466 0.09607783704996109
v 0.09381459653377533 0.08255834877490997 0.05786480754613876
v 0.0897856131196022 0.08415919542312622 0.05551742762327194
v 0.08541611582040787 0.08782108128070831 0.06449522823095322
v 0.08074666559696198 0.08819111436605453 0.057849060744047165
v 0.0876324251294136 0.08863509446382523 0.09203793108463287
v 0.08977507799863815 0.08699748665094376 0.07094922661781311
v 0.09379898011684418 0.08570236712694168 0.07694597542285919
v 0.08764271438121796 0.08490770310163498 0.054505906999111176
v 0.08541884273290634 0.08562158793210983 0.0536106638610363
v 0.08311755955219269 0.08630163222551346 0.052837759256362915
v 0.09746276587247849 0.08370737731456757 0.07786352932453156
v 0.0938015803694725 0.08522789925336838 0.07212433964014053
v 0.08074357360601425 0.08696054667234421 0.05218842998147011
v 0.06786654889583588 0.08546791225671768 0.032948318868875504
v 0.06517080962657928 0.08782757818698883 0.03862016275525093
v 0.06514932215213776 0.08617659658193588 0.03279460221529007
v 0.0957997664809227 0.04058744013309479 0.03170465677976608
v 0.09757578372955322 0.04341668263077736 0.03341970965266228
v 0.08988123387098312 0.033017080277204514 0.02955005317926407
v 0.08987783640623093 0.03468659892678261 0.027544835582375526
v 0.09195104986429214 0.03533395752310753 0.029782546684145927
v 0.091947041451931 0.03709162771701813 0.027984799817204475
v 0.09392427653074265 0.037875015288591385 0.030495265498757362
v 0.09391994029283524 0.03970940411090851 0.028930941596627235
v 0.09579534828662872 0.04248099774122238 0.030397003516554832
v 0.09576372057199478 0.0577533021569252 0.027805035933852196
v 0.09576825797557831 0.05551958829164505 0.02745850570499897
v 0.09388864785432816 0.05532721430063248 0.024339571595191956
v 0.09389316290616989 0.05297570675611496 0.024215614423155785
v 0.09191782772541046 0.05276727303862572 0.02123984880745411
v 0.09192206710577011 0.050304826349020004 0.02138049155473709
v 0.08985285460948944 0.05010458454489708 0.01859125681221485
v 0.08985650539398193 0.04756484925746918 0.019073478877544403
v 0.08769499510526657 0.04741152375936508 0.01651705801486969
v 0.08769767731428146 0.044872842729091644 0.017394790425896645
v 0.08544525504112244 0.04481535404920578 0.01510965172201395
v 0.08544653654098511 0.042350806295871735 0.01637980341911316
v 0.097545325756073 0.05791626125574112 0.031035607680678368
v 0.09196263551712036 0.030793359503149986 0.03579297289252281
v 0.08989100903272629 0.028709612786769867 0.03607970103621483
v 0.10076889395713806 0.07307222485542297 0.04951532930135727
v 0.10360978543758392 0.07186554372310638 0.05500568822026253
v 0.10077530145645142 0.0709046721458435 0.04634394496679306
v 0.1036144345998764 0.06998669356107712 0.052318185567855835
v 0.10078199207782745 0.06837896257638931 0.04344717413187027
v 0.1036192923784256 0.06779808551073074 0.049871839582920074
v 0.10078543424606323 0.06696753203868866 0.0421382412314415
v 0.10362431406974792 0.0652637854218483 0.04777546972036362
v 0.10360538214445114 0.07347248494625092 0.0578637570142746
v 0.100788913667202 0.06545159220695496 0.04094966873526573
v 0.10079244524240494 0.0638306587934494 0.03990516439080238
v 0.09753236174583435 0.06395580619573593 0.03341970965266228
v 0.09753664582967758 0.06203076243400574 0.03239307925105095
v 0.0957547128200531 0.06207365170121193 0.02928994782269001
v 0.09575920552015305 0.05995048210024834 0.028416873887181282
v 0.09388414770364761 0.05767040699720383 0.024727681651711464
v 0.10076282918453217 0.07492604851722717 0.052880775183439255
v 0.10360126942396164 0.07484041899442673 0.06084548681974411
v 0.10075715184211731 0.07650437951087952 0.05638684332370758
v 0.08989711105823517 0.026344899088144302 0.04073368012905121
v 0.09196633100509644 0.02949751541018486 0.03794744610786438
v 0.10075193643569946 0.07783805578947067 0.05999710038304329
v 0.1035974845290184 0.0759960189461708 0.06391887366771698
v 0.0975409746170044 0.06000601500272751 0.03159051015973091
v 0.10079600661993027 0.062111109495162964 0.0390353724360466
v 0.10079960525035858 0.06030793488025665 0.03836636617779732
v 0.09755407273769379 0.053686246275901794 0.030632227659225464
v 0.09577734768390656 0.05105012655258179 0.02745850570499897
v 0.09390217810869217 0.04828100651502609 0.024727681651711464
v 0.07306575030088425 0.06143214553594589 0.004934065043926239
v 0.0756717249751091 0.05863482132554054 0.005926140118390322
v 0.09193051606416702 0.04547244310379028 0.0225504282861948
v 0.08986374735832214 0.042735546827316284 0.020980218425393105
v 0.09577280282974243 0.05328485742211342 0.02734970860183239
v 0.09389767050743103 0.05062419921159744 0.024339571595191956
v 0.09192629903554916 0.04785940796136856 0.021813757717609406
v 0.07040388137102127 0.06292329728603363 0.003784321481361985
v 0.048713140189647675 0.07035312801599503 0.0020533131901174784
v 0.051431525498628616 0.07146812230348587 0.0022704973816871643
v 0.05143725126981735 0.07015927135944366 0.001552462694235146
v 0.054156213998794556 0.07110391557216644 0.0019648002926260233
v 0.05415991321206093 0.06978349387645721 0.0012521520256996155
v 0.05686160922050476 0.07053501904010773 0.0018570722313597798
v 0.056861866265535355 0.06920257955789566 0.0011556744575500488
v 0.05956290662288666 0.06972048431634903 0.0019498617621138692
v 0.05955955758690834 0.06837479770183563 0.0012659206986427307
v 0.062270138412714005 0.06727568805217743 0.0015837551327422261
v 0.06498948484659195 0.06594923138618469 0.002109318971633911
v 0.06770607084035873 0.0644649937748909 0.0028427913784980774
v 0.08986013382673264 0.04509687423706055 0.019878529012203217
v 0.08770033717155457 0.04245378449559212 0.01857898384332657
v 0.10362687706947327 0.06386244297027588 0.04690578579902649
v 0.1036294549703598 0.06237826123833656 0.046188127249479294
v 0.08544397354125977 0.04741362854838371 0.014154710806906223
v 0.09191358834505081 0.05522971972823143 0.02138049155473709
v 0.08984920382499695 0.05267154797911644 0.018432296812534332
v 0.08769230544567108 0.0500369668006897 0.015981854870915413
v 0.08770298212766647 0.04017932713031769 0.020023370161652565
v 0.0865866169333458 0.0400850884616375 0.01894199289381504
v 0.08544781059026718 0.04004078358411789 0.017912931740283966
v 0.0842863917350769 0.04237131401896477 0.015359313227236271
v 0.08428679406642914 0.0400485023856163 0.016937533393502235
v 0.08310490846633911 0.04244741424918175 0.01439326349645853
v 0.08310432732105255 0.04011547565460205 0.016017073765397072
v 0.08190353214740753 0.04141097143292427 0.014287167228758335
v 0.08068153262138367 0.039395108819007874 0.015280731953680515
v 0.08190193772315979 0.039158694446086884 0.016069412231445312
v 0.08068022131919861 0.03833254426717758 0.016267577186226845
v 0.08190114051103592 0.03809429332613945 0.017034418880939484
v 0.08067760616540909 0.036327071487903595 0.018360944464802742
v 0.08068417757749557 0.04164564982056618 0.013453193008899689
v 0.081904336810112 0.04260057210922241 0.01348190102726221
v 0.08310726284980774 0.05319348722696304 0.011117883026599884
v 0.08310666680335999 0.05035790055990219 0.011342480778694153
v 0.0831063762307167 0.048961542546749115 0.011618368327617645
v 0.08428557962179184 0.04747740551829338 0.013049505650997162
v 0.08310608565807343 0.04758993163704872 0.011996605433523655
v 0.08428598195314407 0.04485374689102173 0.01404482126235962
v 0.08310548961162567 0.0449441559612751 0.013033517636358738
v 0.08068551123142242 0.042835790663957596 0.012624659575521946
v 0.08190514892339706 0.043833184987306595 0.012742326594889164
v 0.08068684488534927 0.044070228934288025 0.01186166051775217
v 0.08190595358610153 0.045107219368219376 0.01207609474658966
v 0.07944503426551819 0.04082050547003746 0.013583049178123474
v 0.07944878935813904 0.04315270110964775 0.01182093471288681
v 0.08006615936756134 0.04064906761050224 0.013955199159681797
v 0.08006299287080765 0.038485702127218246 0.015904143452644348
v 0.08068285137414932 0.04049913212656975 0.014340617693960667
v 0.08190272748470306 0.04026397690176964 0.01515168696641922
v 0.07882381975650787 0.043341685086488724 0.011438950896263123
v 0.08005985617637634 0.03648422658443451 0.01801825501024723
v 0.07945067435503006 0.04438671097159386 0.011034377850592136
v 0.08068820089101791 0.045347779989242554 0.011172213591635227
v 0.0819067731499672 0.04642055928707123 0.011491307057440281
v 0.08068954199552536 0.04666673392057419 0.010564908385276794
v 0.08190759271383286 0.04777097329497337 0.010996506549417973
v 0.0806908905506134 0.048025183379650116 0.010049083270132542
v 0.08069224655628204 0.04942022264003754 0.009634174406528473
v 0.07821433991193771 0.05456599220633507 0.007246807217597961
v 0.07821185141801834 0.05307997018098831 0.007317089010030031
v 0.07820936292409897 0.05160774290561676 0.007523574400693178
v 0.08006936311721802 0.04298405721783638 0.012216144241392612
v 0.0831078514456749 0.056029073894023895 0.011342480778694153
v 0.08310844004154205 0.058797046542167664 0.011996605433523655
v 0.08311189711093903 0.0723130851984024 0.02201169915497303
v 0.08311133831739426 0.07045039534568787 0.01986420899629593
v 0.08311077207326889 0.06843975186347961 0.017855368554592133
v 0.08311019837856293 0.06627149879932404 0.016017073765397072
v 0.08311298489570618 0.07563619315624237 0.02662217989563942
v 0.08310961723327637 0.06393955647945404 0.01439326349645853
v 0.08310903608798981 0.061442818492650986 0.013033517636358738
v 0.08311403542757034 0.07848858833312988 0.031538791954517365
v 0.08311678469181061 0.08480775356292725 0.047353435307741165
v 0.08311594277620316 0.0830291360616684 0.04195450246334076
v 0.08311501890420914 0.08093581348657608 0.03666950389742851
v 0.08069496601819992 0.05229180306196213 0.009142398834228516
v 0.048706453293561935 0.07165046781301498 0.0027713850140571594
v 0.08069361001253128 0.05084516853094101 0.009329208172857761
v 0.04600198194384575 0.07039029151201248 0.0027514027897268534
v 0.045995090156793594 0.07167579233646393 0.00346469902433455
v 0.04331473633646965 0.07029755413532257 0.0036434384528547525
v 0.05685865134000778 0.08151042461395264 0.015915730968117714
v 0.0596083328127861 0.08224713057279587 0.018557779490947723
v 0.056859131902456284 0.08015059679746628 0.013228067196905613
v 0.056859616190195084 0.07864688336849213 0.010618269443511963
v 0.059589311480522156 0.0780058205127716 0.010570340789854527
v 0.05686011165380478 0.07697225362062454 0.008114912547171116
v 0.059614453464746475 0.08341994881629944 0.021339217200875282
v 0.056861355900764465 0.0717872902750969 0.002692475914955139
v 0.05686110630631447 0.07296107709407806 0.0036360251251608133
v 0.05821480602025986 0.07260354608297348 0.0036394300404936075
v 0.056860607117414474 0.07509154081344604 0.005763009190559387
v 0.058218032121658325 0.07475436478853226 0.005748935509473085
v 0.05958279222249985 0.07628241926431656 0.008095771074295044
v 0.06232132390141487 0.07713135331869125 0.010673337616026402
v 0.0623323954641819 0.07874317467212677 0.013225317932665348
v 0.06236458197236061 0.08277282863855362 0.02133680321276188
v 0.0623849481344223 0.08493714779615402 0.026982733979821205
v 0.06512633711099625 0.08423732221126556 0.02706109546124935
v 0.06775391101837158 0.07291340827941895 0.009040609933435917
v 0.07044659554958344 0.07155295461416245 0.009710998274385929
v 0.06774035841226578 0.07079470157623291 0.006896406412124634
v 0.06502363085746765 0.07215607166290283 0.006340049672871828
v 0.06501002609729767 0.06987314671278 0.0043671210296452045
v 0.06228737533092499 0.07113815099000931 0.0039324392564594746
v 0.062281642109155655 0.06992370635271072 0.003035292262211442
v 0.05956624820828438 0.07098881900310516 0.0027660580817610025
v 0.07316514849662781 0.08162286877632141 0.02805323712527752
v 0.06506369262933731 0.07773683220148087 0.013442807830870152
v 0.07045857608318329 0.07354710251092911 0.011964977718889713
v 0.06507670879364014 0.07926876097917557 0.01604573428630829
v 0.06779364496469498 0.07819230854511261 0.016374744474887848
v 0.06780648976564407 0.07966388016939163 0.019011365249753
v 0.07048208266496658 0.07704605907201767 0.016862384974956512
v 0.06778058409690857 0.0765889510512352 0.013817816972732544
v 0.06505049765110016 0.07605697214603424 0.010934978723526001
v 0.0623101107776165 0.07534833997488022 0.00823939684778452
v 0.07049354910850525 0.07858648151159286 0.019451575353741646
v 0.059576213359832764 0.07435453683137894 0.005778156686574221
v 0.0595695786178112 0.07218118011951447 0.0036897212266921997
v 0.054167330265045166 0.06692882627248764 0.00036486241151578724
v 0.054163623601198196 0.06838753819465637 0.0007079542265273631
v 0.055517420172691345 0.06665676832199097 0.00029750168323516846
v 0.07312910258769989 0.07590218633413315 0.01751813478767872
v 0.07314752042293549 0.07898657768964767 0.022662485018372536
v 0.07573612779378891 0.07801553606987 0.023379558697342873
v 0.0705048069357872 0.08000661432743073 0.02211003750562668
v 0.07574921101331711 0.08074510842561722 0.02867168001830578
v 0.07576160132884979 0.08308633416891098 0.034146763384342194
v 0.07577317953109741 0.08509056270122528 0.0397530272603035
v 0.06225859746336937 0.06436467915773392 0.0007659718976356089
v 0.060903627425432205 0.06495647877454758 0.0005647763609886169
v 0.06090836599469185 0.06643544882535934 0.0008867905125953257
v 0.05955620855093002 0.06695833057165146 0.0007450134144164622
v 0.058208294212818146 0.0674109235405922 0.0006562695489265025
v 0.07311006635427475 0.07227246463298798 0.012748748064041138
v 0.07311965525150299 0.07416277378797531 0.015075304545462132
v 0.07571544498205185 0.0730350986123085 0.015975208953022957
v 0.062298789620399475 0.07336312532424927 0.005968899000436068
v 0.06503713876008987 0.0742061510682106 0.008552209474146366
v 0.06776732951402664 0.07483639568090439 0.011362955905497074
v 0.0704704150557518 0.07537169009447098 0.014359080232679844
v 0.06497572362422943 0.06301838904619217 0.0013287515612319112
v 0.06361640989780426 0.06371598690748215 0.001020669937133789
v 0.06226436793804169 0.06584775447845459 0.0010815189452841878
v 0.07572245597839355 0.07482834160327911 0.018351465463638306
v 0.07566801458597183 0.05714506283402443 0.005699612200260162
v 0.055515311658382416 0.06811981648206711 0.0006379932747222483
v 0.05686236917972565 0.06632938981056213 0.0002835392951965332
v 0.05686211585998535 0.0677965059876442 0.000620618520770222
v 0.05820665508508682 0.06593988835811615 0.00032342973281629384
v 0.03296520188450813 0.07761450111865997 0.01769229769706726
v 0.030537012964487076 0.07707995921373367 0.019237913191318512
v 0.028176728636026382 0.07651004195213318 0.020939985290169716
v 0.025888262316584587 0.07841672003269196 0.02720784582197666
v 0.02588764578104019 0.07591352611780167 0.02279973216354847
v 0.023679250851273537 0.07779195159673691 0.029068561270833015
v 0.023676002398133278 0.07532744854688644 0.024815956130623817
v 0.02154572866857052 0.07476428896188736 0.02698194421827793
v 0.019499225541949272 0.07422088086605072 0.029290204867720604
v 0.01753889210522175 0.07369409501552582 0.03173324838280678
v 0.03545758128166199 0.07810556143522263 0.016301894560456276
v 0.038008060306310654 0.0785399079322815 0.015065469779074192
v 0.048557497560977936 0.08770499378442764 0.033794112503528595
v 0.05132310092449188 0.08617790788412094 0.027669670060276985
v 0.04857988283038139 0.08614835888147354 0.028075652197003365
v 0.05134335160255432 0.08429919928312302 0.02200251817703247
v 0.04860352352261543 0.08430378884077072 0.02243993431329727
v 0.05136449635028839 0.08205410838127136 0.01646677404642105
v 0.04862820729613304 0.0820976123213768 0.016931138932704926
v 0.048653729259967804 0.07941079139709473 0.011634893715381622
v 0.04591440409421921 0.08201073110103607 0.01752459444105625
v 0.04594072327017784 0.07935607433319092 0.012267746962606907
v 0.043231528252363205 0.08181124925613403 0.018249550834298134
v 0.04325653240084648 0.07918022572994232 0.01304963231086731
v 0.0405876487493515 0.08151606470346451 0.019108401611447334
v 0.0406099408864975 0.07890297472476959 0.013981797732412815
v 0.03798940032720566 0.08113842457532883 0.02010355331003666
v 0.01566712185740471 0.07318076491355896 0.03430359065532684
v 0.051303930580616 0.08776424080133438 0.03342282399535179
v 0.01389330718666315 0.07478393614292145 0.04035734385251999
v 0.013886313885450363 0.07267774641513824 0.03699374571442604
v 0.012205519713461399 0.07418902218341827 0.04296250641345978
v 0.025886202231049538 0.06776028126478195 0.015042007900774479
v 0.02818230167031288 0.06937312334775925 0.013472579419612885
v 0.02818300761282444 0.0682111456990242 0.012884438037872314
v 0.03055010922253132 0.06983982026576996 0.011510007083415985
v 0.030551768839359283 0.06865409016609192 0.01089777797460556
v 0.03298646956682205 0.07028494030237198 0.009720437228679657
v 0.03298916667699814 0.0690777450799942 0.009085327386856079
v 0.035487573593854904 0.0706980898976326 0.00810664240270853
v 0.02588636614382267 0.06889614462852478 0.015605383552610874
v 0.035491377115249634 0.06947169452905655 0.0074503798969089985
v 0.03804660215973854 0.07106239348649979 0.0066713918931782246
v 0.03805148974061012 0.06981881707906723 0.0059962198138237
v 0.04065599665045738 0.07135934382677078 0.005417474079877138
v 0.04066183418035507 0.07010036706924438 0.004726149141788483
v 0.04330819100141525 0.07157040387392044 0.004347652662545443
v 0.023668430745601654 0.06734892725944519 0.01736590266227722
v 0.023669281974434853 0.0684552937746048 0.017904192209243774
v 0.021535156294703484 0.06806543469429016 0.02036155015230179
v 0.012198940850794315 0.07218225300312042 0.039796218276023865
v 0.00911551434546709 0.07120928168296814 0.045708172023296356
v 0.009112843312323093 0.07018069922924042 0.04442717507481575
v 0.00772055285051465 0.06871265172958374 0.046529870480298996
v 0.009110149927437305 0.06904186308383942 0.0432422049343586
v 0.009107434190809727 0.067775659263134 0.042192090302705765
v 0.012192200869321823 0.06973865628242493 0.03695475682616234
v 0.012188784778118134 0.0683068037033081 0.0357409305870533
v 0.015659790486097336 0.07049636542797089 0.031103018671274185
v 0.015656080096960068 0.06891784071922302 0.029730696231126785
v 0.019492749124765396 0.07133650779724121 0.025749245658516884
v 0.0194894690066576 0.06963322311639786 0.02422439493238926
v 0.02153782919049263 0.07004090398550034 0.021679894998669624
v 0.05406215041875839 0.08909166604280472 0.038972802460193634
v 0.05412701889872551 0.07907497137784958 0.010811395943164825
v 0.05411990359425545 0.08054058253765106 0.013433203101158142
v 0.054112888872623444 0.08186350762844086 0.016129108145833015
v 0.05409921705722809 0.08416121453046799 0.021675052121281624
v 0.054134223610162735 0.07743889838457108 0.008291930891573429
v 0.05408612638711929 0.08608653396368027 0.02735922485589981
v 0.05407373234629631 0.08771364390850067 0.03313436359167099
v 0.05414150282740593 0.075595922768116 0.005919590592384338
v 0.05955285206437111 0.06548339128494263 0.000417217641370371
v 0.05280520021915436 0.06860466301441193 0.0008300543413497508
v 0.052810098975896835 0.06715060025453568 0.0004851296835113317
v 0.05415251851081848 0.07234227657318115 0.002812512218952179
v 0.0541488379240036 0.07350046187639236 0.0037686603609472513
v 0.11181332170963287 0.05955646187067032 0.08728868514299393
v 0.11181019246578217 0.05951434746384621 0.0878908559679985
v 0.1122928336262703 0.05907179415225983 0.08785707503557205
v 0.11229199171066284 0.05905749276280403 0.08800316601991653
v 0.1128288060426712 0.05868193879723549 0.08797264844179153
v 0.11282777786254883 0.058658383786678314 0.08818390220403671
v 0.11045092344284058 0.062383294105529785 0.08857549726963043
v 0.11042451858520508 0.06303467601537704 0.08864952623844147
v 0.1104213297367096 0.06300918757915497 0.08886051923036575
v 0.110341377556324 0.062405962496995926 0.08156823366880417
v 0.11038760095834732 0.06274832040071487 0.08289038389921188
v 0.11037244647741318 0.06177302822470665 0.0817541778087616
v 0.11139360815286636 0.06005913391709328 0.08730947226285934
v 0.11041606217622757 0.062105268239974976 0.08302760124206543
v 0.11053059995174408 0.06147092953324318 0.08316046744585037
v 0.11056078225374222 0.061722349375486374 0.08460678905248642
v 0.11075666546821594 0.06110036000609398 0.08468063175678253
v 0.11076852679252625 0.061208225786685944 0.08594252914190292
v 0.11104343831539154 0.06061401590704918 0.08596692979335785
v 0.11104327440261841 0.06061229854822159 0.08733295649290085
v 0.1113937497138977 0.060060810297727585 0.08598916232585907
v 0.1110328882932663 0.06050904095172882 0.08474941551685333
v 0.11138468980789185 0.0599585697054863 0.0848119854927063
v 0.11181344091892242 0.05955809727311134 0.08600885421037674
v 0.1122952252626419 0.05911291018128395 0.08727093786001205
v 0.11282940208911896 0.05869590491056442 0.08782973885536194
v 0.1102680191397667 0.061879534274339676 0.08005465567111969
v 0.11033297330141068 0.06234491243958473 0.08136865496635437
v 0.11030276864767075 0.06126196309924126 0.08029697090387344
v 0.11049014329910278 0.06114857271313667 0.08193405717611313
v 0.11072923988103867 0.06085630878806114 0.08328667283058167
v 0.11138977855443954 0.0600159615278244 0.08793050795793533
v 0.11100852489471436 0.060272034257650375 0.083404041826725
v 0.11180910468101501 0.05949968844652176 0.08804089576005936
v 0.11282707750797272 0.058642640709877014 0.0849522054195404
v 0.11283109337091446 0.05873766168951988 0.08603928238153458
v 0.11341157555580139 0.058434031903743744 0.08604949712753296
v 0.11283102631568909 0.05873610079288483 0.08725655823945999
v 0.113411545753479 0.058432500809431076 0.08724576979875565
v 0.11341066658496857 0.05839315801858902 0.08780932426452637
v 0.11228957772254944 0.05901726335287094 0.08491426706314087
v 0.11341032385826111 0.058379482477903366 0.08794988691806793
v 0.11340969055891037 0.058356430381536484 0.08815770596265793
v 0.11281789839267731 0.05845719948410988 0.08938892185688019
v 0.11340291798114777 0.05815957859158516 0.08934392035007477
v 0.11339469999074936 0.05796291306614876 0.09014289826154709
v 0.11338980495929718 0.057853925973176956 0.09051227569580078
v 0.11280015856027603 0.0581449531018734 0.09057477861642838
v 0.11227548122406006 0.05879892036318779 0.08368375897407532
v 0.11178841441869736 0.05923435091972351 0.08360432088375092
v 0.11176413297653198 0.058947306126356125 0.08253292739391327
v 0.11229054629802704 0.059033382683992386 0.08821908384561539
v 0.10982129722833633 0.05884042754769325 0.07492562383413315
v 0.10996942222118378 0.05982280522584915 0.07622107118368149
v 0.1098710149526596 0.058310169726610184 0.07536996155977249
v 0.1100149154663086 0.059264082461595535 0.07661207765340805
v 0.11015264689922333 0.05871111527085304 0.07698940485715866
v 0.11023933440446854 0.05931274965405464 0.07789410650730133
v 0.11046074330806732 0.058759383857250214 0.07821540534496307
v 0.11055552214384079 0.059465911239385605 0.07945633679628372
v 0.11085230857133865 0.05892082676291466 0.07970833778381348
v 0.11092200875282288 0.059500303119421005 0.08095909655094147
v 0.11128793656826019 0.058978013694286346 0.08114520460367203
v 0.11133497208356857 0.05943318083882332 0.08240680396556854
v 0.11227739602327347 0.05882730707526207 0.08944997936487198
v 0.11069237440824509 0.060543499886989594 0.08210474252700806
v 0.11167135089635849 0.05795413255691528 0.08013425022363663
v 0.11172399669885635 0.05850410833954811 0.08130825310945511
v 0.11222249269485474 0.05808693915605545 0.0814453661441803
v 0.11225561052560806 0.05851921811699867 0.08263939619064331
v 0.11280084401369095 0.05815637484192848 0.08272435516119003
v 0.11281641572713852 0.05842948704957962 0.08374746888875961
v 0.1134018525481224 0.058132465928792953 0.08379436284303665
v 0.11122649163007736 0.05841386690735817 0.07993566989898682
v 0.11341065168380737 0.058392804116010666 0.08544931560754776
v 0.11340924352407455 0.05834103003144264 0.08498043566942215
v 0.11043034493923187 0.06308186054229736 0.08508098125457764
v 0.11043533682823181 0.06312308460474014 0.08566819131374359
v 0.11046240478754044 0.06247828155755997 0.08588893711566925
v 0.11043644696474075 0.06313233077526093 0.08586066961288452
v 0.11043768376111984 0.06314265727996826 0.08616247773170471
v 0.11043767631053925 0.06314262002706528 0.08710101991891861
v 0.11046218872070312 0.06247642636299133 0.08741534501314163
v 0.11043839156627655 0.06314869225025177 0.08663131296634674
v 0.1100635752081871 0.06046010181307793 0.07720261067152023
v 0.11115039885044098 0.05774381756782532 0.07877974212169647
v 0.11076629906892776 0.05823318660259247 0.07851243019104004
v 0.11069285124540329 0.05766347795724869 0.07767525315284729
v 0.10965356975793839 0.05775928124785423 0.07372632622718811
v 0.10952410101890564 0.05612051486968994 0.07317007333040237
v 0.10970786213874817 0.05726109445095062 0.07422206550836563
v 0.10985985398292542 0.05676555633544922 0.07469980418682098
v 0.11001554876565933 0.057784270495176315 0.07579847425222397
v 0.11025209724903107 0.05727285146713257 0.07620291411876678
v 0.11038003861904144 0.05817423760890961 0.07734601944684982
v 0.11010613292455673 0.05988314375281334 0.07755443453788757
v 0.11034147441387177 0.06003933772444725 0.07918417453765869
v 0.11097563803195953 0.05996835604310036 0.08226323872804642
v 0.11136363446712494 0.059728242456912994 0.08351054042577744
v 0.1118059977889061 0.05945844203233719 0.08486725389957428
v 0.11229531466960907 0.05911450833082199 0.0860256552696228
v 0.11063267290592194 0.060061752796173096 0.08075322210788727
v 0.11017537117004395 0.06122972071170807 0.0785992443561554
v 0.11017721146345139 0.0612424835562706 0.07862494140863419
v 0.1102139949798584 0.060630813241004944 0.07889676094055176
v 0.11042504012584686 0.06065244600176811 0.08053120225667953
v 0.11043083667755127 0.06308590620756149 0.0881342962384224
v 0.11045641452074051 0.06242843717336655 0.08813288807868958
v 0.11043540388345718 0.0631236582994461 0.08758348226547241
v 0.11180724948644638 0.059474971145391464 0.0882626324892044
v 0.11092229932546616 0.05950276553630829 0.09229734539985657
v 0.11097422242164612 0.059955671429634094 0.09104010462760925
v 0.11069079488515854 0.06053043529391289 0.0912000834941864
v 0.11073287576436996 0.06088807433843613 0.08983007818460464
v 0.11053460091352463 0.06150367483496666 0.0899508073925972
v 0.11056295037269592 0.06174081191420555 0.08850371092557907
v 0.11045438051223755 0.062411658465862274 0.08831155300140381
v 0.11128818988800049 0.05898040905594826 0.09211143106222153
v 0.11317171156406403 0.05396539717912674 0.09659706801176071
v 0.11319424211978912 0.054305512458086014 0.09627383947372437
v 0.11251392960548401 0.05419100821018219 0.09672573953866959
v 0.11258657276630402 0.05508771538734436 0.09583383798599243
v 0.11198672652244568 0.055388059467077255 0.09601839631795883
v 0.11206000298261642 0.05617895722389221 0.09508632868528366
v 0.11152821034193039 0.05655261129140854 0.09530558437108994
v 0.11160685867071152 0.05730874463915825 0.09423679858446121
v 0.11042813211679459 0.0630638599395752 0.0883755311369896
v 0.11122717708349228 0.0584200844168663 0.09331484884023666
v 0.11167194694280624 0.05796019732952118 0.09311661124229431
v 0.11133374273777008 0.05942085012793541 0.09089520573616028
v 0.11101175844669342 0.06030287593603134 0.08971776813268661
v 0.11075863987207413 0.06111830472946167 0.08843538910150528
v 0.11056617647409439 0.061768386512994766 0.08824948221445084
v 0.11043024808168411 0.06308110803365707 0.08819007128477097
v 0.11322859674692154 0.05484991893172264 0.09570994973182678
v 0.11327371001243591 0.05561482161283493 0.09480036795139313
v 0.11264550685882568 0.05586438626050949 0.09491685777902603
v 0.1121254488825798 0.0569189190864563 0.0940433070063591
v 0.11115140467882156 0.05775252357125282 0.0944690853357315
v 0.11085308343172073 0.05892721191048622 0.09354177117347717
v 0.11055639386177063 0.059472471475601196 0.09379331767559052
v 0.1106329932808876 0.06006428599357605 0.09250300377607346
v 0.11042539030313492 0.06065504997968674 0.09272478520870209
v 0.1104884147644043 0.06113512068986893 0.09137237071990967
v 0.11037059873342514 0.061759162694215775 0.0915539413690567
v 0.11042038351297379 0.06213901937007904 0.09007789939641953
v 0.11033940315246582 0.062391676008701324 0.091741643846035
v 0.1107674390077591 0.05824211984872818 0.09473592042922974
v 0.11039219796657562 0.06278309226036072 0.09020912647247314
v 0.11232804507017136 0.0521654337644577 0.09827613830566406
v 0.11305814236402512 0.05242542549967766 0.09783515334129333
v 0.11242853105068207 0.05321616306900978 0.09754081070423126
v 0.11179459095001221 0.053485848009586334 0.09774855524301529
v 0.11189761757850647 0.05447603389620781 0.09692338109016418
v 0.11133511364459991 0.054814767092466354 0.09718602895736694
v 0.11144068092107773 0.05574514716863632 0.09626007825136185
v 0.1109590008854866 0.05615205317735672 0.09655416756868362
v 0.11301984637975693 0.05196165665984154 0.09814725071191788
v 0.11106014996767044 0.056978315114974976 0.09557048231363297
v 0.11040036380290985 0.06284550577402115 0.08989549428224564
v 0.11310302466154099 0.05300205200910568 0.09741047769784927
v 0.11172422021627426 0.05850643664598465 0.09194855391979218
v 0.11217942088842392 0.05755579471588135 0.09295063465833664
v 0.11138618737459183 0.05997554585337639 0.08831381052732468
v 0.1113884374499321 0.06000092253088951 0.08808521181344986
v 0.11103726178407669 0.06055255979299545 0.08813533186912537
v 0.11103881150484085 0.060568004846572876 0.08797533810138702
v 0.11076333373785019 0.06116098165512085 0.08802458643913269
v 0.11076833307743073 0.06120646372437477 0.08735872805118561
v 0.11057352274656296 0.06183141469955444 0.087386354804039
v 0.11179076880216599 0.05926349014043808 0.08952606469392776
v 0.11057373881340027 0.0618332214653492 0.08591638505458832
v 0.11044860631227493 0.06236428767442703 0.08452919870615005
v 0.11042208224534988 0.06301511824131012 0.0844491720199585
v 0.11334506422281265 0.05694136396050453 0.0927267074584961
v 0.11335412412881851 0.05711955577135086 0.09237159043550491
v 0.11274048686027527 0.05721414089202881 0.09281988441944122
v 0.11277475953102112 0.0577361099421978 0.09170293062925339
v 0.11222267150878906 0.05808921530842781 0.09181158244609833
v 0.11225475370883942 0.0585075207054615 0.09066050499677658
v 0.11039979755878448 0.06284113973379135 0.0833439975976944
v 0.11337073892354965 0.057453349232673645 0.09162452071905136
v 0.11176308244466782 0.05893531069159508 0.09076793491840363
v 0.11136643588542938 0.059758204966783524 0.0896158441901207
v 0.11103463917970657 0.06052648276090622 0.08837173134088516
v 0.11076159030199051 0.0611451119184494 0.08819041401147842
v 0.1105680763721466 0.06178469955921173 0.08807740360498428
v 0.11043622344732285 0.06313042342662811 0.0874452069401741
v 0.113289013504982 0.05588752403855324 0.09443506598472595
v 0.11269766837358475 0.056590188294649124 0.0938921794295311
v 0.11331302672624588 0.05632858723402023 0.09378616511821747
v 0.10965502262115479 0.047710977494716644 0.07194805145263672
v 0.1094038262963295 0.04642930626869202 0.0717531070113182
v 0.10884547978639603 0.046625640243291855 0.0712151825428009
v 0.10855855792760849 0.04531297832727432 0.07112766802310944
v 0.10807426273822784 0.0454552099108696 0.0704943910241127
v 0.10777150839567184 0.044187191873788834 0.07051452249288559
v 0.10737479478120804 0.04425717890262604 0.06980248540639877
v 0.1070183515548706 0.04287167638540268 0.06994158774614334
v 0.11027368158102036 0.04748343676328659 0.07238099724054337
v 0.10671824216842651 0.042849164456129074 0.06917286664247513
v 0.10633163154125214 0.04144318029284477 0.06944211572408676
v 0.10654377937316895 0.042787861078977585 0.0683683305978775
v 0.10613591969013214 0.041316986083984375 0.06864401698112488
v 0.11296923458576202 0.05138358473777771 0.07475967705249786
v 0.1128605380654335 0.05025367811322212 0.07416151463985443
v 0.11226822435855865 0.05158254876732826 0.07463277131319046
v 0.1121424213051796 0.05044517293572426 0.07404041290283203
v 0.1114610880613327 0.05067861080169678 0.0738205835223198
v 0.1112988218665123 0.04948928952217102 0.07332922518253326
v 0.11048932373523712 0.048739854246377945 0.07268337905406952
v 0.11115387082099915 0.04850376397371292 0.07300829142332077
v 0.11004190146923065 0.04622760787606239 0.07219111919403076
v 0.1091366857290268 0.04515162855386734 0.07167130708694458
v 0.10827482491731644 0.04408670589327812 0.07115157693624496
v 0.1074359342455864 0.04285477101802826 0.0706535056233406
v 0.10665332525968552 0.04152518883347511 0.07020433992147446
v 0.10593663156032562 0.04007846117019653 0.06983961910009384
v 0.10571824014186859 0.039888590574264526 0.06905566900968552
v 0.11273317039012909 0.04908149316906929 0.07366177439689636
v 0.11199867725372314 0.049267951399087906 0.0735488086938858
v 0.11065003275871277 0.049740321934223175 0.07300817966461182
v 0.10989062488079071 0.04899357259273529 0.07225898653268814
v 0.10937220603227615 0.04925879091024399 0.0717453584074974
v 0.10911660641431808 0.04794198274612427 0.07142012566328049
v 0.10867183655500412 0.048170700669288635 0.07081035524606705
v 0.10838113725185394 0.04681159555912018 0.07059109956026077
v 0.10802268981933594 0.046982403844594955 0.06989683955907822
v 0.10769650340080261 0.04557459056377411 0.06978809833526611
v 0.1074351817369461 0.045667991042137146 0.06902731209993362
v 0.11006753891706467 0.05001514405012131 0.07259321957826614
v 0.10709529370069504 0.044294778257608414 0.06903453916311264
v 0.10694051533937454 0.044298991560935974 0.0682312399148941
v 0.11311712861061096 0.05319153144955635 0.07600109279155731
v 0.11306145042181015 0.052466683089733124 0.07545628398656845
v 0.1124458834528923 0.05340775474905968 0.07587083429098129
v 0.11237794160842896 0.05267520993947983 0.07532632350921631
v 0.11173439025878906 0.052936967462301254 0.07511448860168457
v 0.11160575598478317 0.05182954668998718 0.074415422976017
v 0.11099633574485779 0.0521191768348217 0.07411239296197891
v 0.11083199828863144 0.05094869062304497 0.07350699603557587
v 0.1130581647157669 0.05242571607232094 0.07542748749256134
v 0.11095719784498215 0.047265008091926575 0.07270819693803787
v 0.11186821758747101 0.04829099029302597 0.07322589308023453
v 0.10954489558935165 0.04380571097135544 0.07213500887155533
v 0.11027764528989792 0.04363273084163666 0.07245504856109619
v 0.10926558077335358 0.04257749021053314 0.07226531207561493
v 0.10857506841421127 0.04270564764738083 0.07183142751455307
v 0.10826946794986725 0.041489869356155396 0.07207342237234116
v 0.10763582587242126 0.04154885932803154 0.07153844088315964
v 0.10730429738759995 0.040336959064006805 0.07189659029245377
v 0.10674089193344116 0.04030582308769226 0.07128020375967026
v 0.11051169782876968 0.04478888586163521 0.07243537157773972
v 0.10640206187963486 0.0391528457403183 0.07173693925142288
v 0.10592152923345566 0.03901846334338188 0.07106339186429977
v 0.10553853958845139 0.037796925753355026 0.07168230414390564
v 0.10514912754297256 0.037548214197158813 0.07098152488470078
v 0.10474834591150284 0.03634733706712723 0.07174201309680939
v 0.10488313436508179 0.03724025562405586 0.0702473595738411
v 0.10445725917816162 0.035984233021736145 0.07104387134313583
v 0.11244959384202957 0.046876899898052216 0.07301559299230576
v 0.1122635006904602 0.04564185068011284 0.07280802726745605
v 0.11168856918811798 0.04706113785505295 0.07292149215936661
v 0.11127252131700516 0.04459701105952263 0.07263575494289398
v 0.11149026453495026 0.04582877457141876 0.07272541522979736
v 0.11205596476793289 0.04440479353070259 0.07270694524049759
v 0.11001230031251907 0.04241793602705002 0.07257907092571259
v 0.10897551476955414 0.04138539731502533 0.07249978184700012
v 0.10795518755912781 0.040311384946107864 0.07242004573345184
v 0.10698365420103073 0.03922362998127937 0.07233641296625137
v 0.10604040324687958 0.037979379296302795 0.07232996076345444
v 0.1051609143614769 0.036646727472543716 0.07240845263004303
v 0.10435547679662704 0.03522117808461189 0.0726136565208435
v 0.10403943061828613 0.0348074771463871 0.07195787876844406
v 0.11074335873126984 0.04602570831775665 0.0725180059671402
v 0.10979347676038742 0.04497538506984711 0.07211105525493622
v 0.10887128114700317 0.0439583994448185 0.07169659435749054
v 0.10795959830284119 0.04279892146587372 0.07128922641277313
v 0.10709208995103836 0.04156074300408363 0.07090961933135986
v 0.10628072172403336 0.04021884873509407 0.07058809697628021
v 0.10555557906627655 0.03882426768541336 0.07033468782901764
v 0.10531449317932129 0.038575708866119385 0.06957132369279861
v 0.11261514574289322 0.04810667410492897 0.07333094626665115
v 0.11260496079921722 0.04802677035331726 0.07330706715583801
v 0.11026941239833832 0.051249291747808456 0.0731067880988121
v 0.10956503450870514 0.05030730366706848 0.07209407538175583
v 0.11200303584337234 0.05556074157357216 0.07743436843156815
v 0.11146010458469391 0.05592138692736626 0.07719722390174866
v 0.11207806318998337 0.05637984722852707 0.078440360724926
v 0.11265993118286133 0.0560615174472332 0.07860530912876129
v 0.11269709467887878 0.05658203735947609 0.07935760915279388
v 0.11331259459257126 0.05632057785987854 0.07946375757455826
v 0.11274009197950363 0.057208336889743805 0.0804314836859703
v 0.1133706346154213 0.057451166212558746 0.08163260668516159
v 0.11335412412881851 0.05711955204606056 0.08089083433151245
v 0.11135676503181458 0.05500192567706108 0.07625002413988113
v 0.11334478110074997 0.056935667991638184 0.08052480965852737
v 0.1093795970082283 0.05525382608175278 0.07248079031705856
v 0.10968437045812607 0.05565890297293663 0.07369497418403625
v 0.11010652035474777 0.05628250539302826 0.0751500353217125
v 0.11086248606443405 0.055391836911439896 0.07593293488025665
v 0.11072736978530884 0.05437112972140312 0.07504376024007797
v 0.11029225587844849 0.05477512255311012 0.07464156299829483
v 0.11098139733076096 0.056332360953092575 0.07690908759832382
v 0.11154986917972565 0.05675781890749931 0.07822757959365845
v 0.1121247336268425 0.05691060051321983 0.07920624315738678
v 0.10883297026157379 0.0529562272131443 0.0701800286769867
v 0.10864438861608505 0.05121815577149391 0.07021697610616684
v 0.10891099274158478 0.05261349678039551 0.07084597647190094
v 0.10909910500049591 0.0522635243833065 0.07148563116788864
v 0.10933251678943634 0.05356629192829132 0.07220085710287094
v 0.10961218178272247 0.05317666381597519 0.07276396453380585
v 0.10981278866529465 0.05439160764217377 0.07356154173612595
v 0.1101733148097992 0.053981512784957886 0.0740405023097992
v 0.11057613044977188 0.05678575858473778 0.07657551020383835
v 0.11044295877218246 0.05582154169678688 0.07556382566690445
v 0.11108525097370148 0.057188380509614944 0.0779709443449974
v 0.11160599440336227 0.05730024725198746 0.079012431204319
v 0.11217892915010452 0.057549867779016495 0.08030051738023758
v 0.11277461796998978 0.05773388221859932 0.08155412971973419
v 0.11339469999074936 0.05796293541789055 0.08311962336301804
v 0.11339031159877777 0.057865116745233536 0.08278633654117584
v 0.11042200028896332 0.06301455199718475 0.08444458991289139
v 0.10915564745664597 0.053960543125867844 0.0716005265712738
v 0.10954634100198746 0.054818715900182724 0.07303795963525772
v 0.10994219034910202 0.05520734190940857 0.07418885082006454
v 0.1104532927274704 0.052445102483034134 0.07373030483722687
v 0.11114436388015747 0.05324643850326538 0.07482524961233139
v 0.11181537061929703 0.05368034169077873 0.07566478103399277
v 0.1125289797782898 0.05437153950333595 0.07670414447784424
v 0.10978610813617706 0.05157360062003136 0.07262901216745377
v 0.11319424957036972 0.05430567264556885 0.07698876410722733
v 0.11318362504243851 0.05414359271526337 0.0768321305513382
v 0.10841219127178192 0.05005908012390137 0.06980182975530624
v 0.10884500294923782 0.05091595649719238 0.0708918422460556
v 0.11323875188827515 0.05501709133386612 0.07773853838443756
v 0.10915430635213852 0.05060994252562523 0.07152247428894043
v 0.10894656181335449 0.04952912777662277 0.0711548700928688
v 0.10833177715539932 0.0483914390206337 0.07013389468193054
v 0.10777928680181503 0.04713370278477669 0.0691501572728157
v 0.1081048771739006 0.04859871044754982 0.06940758973360062
v 0.10862396657466888 0.04979804903268814 0.07050178200006485
v 0.10939303040504456 0.05191425234079361 0.07208450883626938
v 0.10998852550983429 0.05280018970370293 0.07327752560377121
v 0.11062031984329224 0.05359708517789841 0.07446472346782684
v 0.11123858392238617 0.05400368198752403 0.07538718730211258
v 0.1119159683585167 0.054659560322761536 0.07650881260633469
v 0.11259974539279938 0.05525736138224602 0.07761596888303757
v 0.11328902840614319 0.05588782951235771 0.07882779836654663
v 0.1132846251130104 0.05580878630280495 0.07871934026479721
v 0.11104990541934967 0.043444082140922546 0.07264816761016846
v 0.11066460609436035 0.057448066771030426 0.0958760678768158
v 0.1104619950056076 0.058768559247255325 0.09503241628408432
v 0.10529746860265732 0.03241030499339104 0.0937637984752655
v 0.10554400086402893 0.0330236442387104 0.09488965570926666
v 0.10480137169361115 0.03284475579857826 0.09519216418266296
v 0.1050788164138794 0.03355922922492027 0.09628135710954666
v 0.10440647602081299 0.03329334408044815 0.09668198972940445
v 0.10471736639738083 0.03411627560853958 0.09773644059896469
v 0.10414230823516846 0.03378182277083397 0.0982346385717392
v 0.10443325340747833 0.03456726297736168 0.09909523278474808
v 0.10608255118131638 0.03248787298798561 0.09355363249778748
v 0.10397649556398392 0.03417934849858284 0.09967581182718277
v 0.1062697321176529 0.031048858538269997 0.08889423310756683
v 0.10557578504085541 0.031301941722631454 0.09021101146936417
v 0.10547061264514923 0.031065763905644417 0.08894702047109604
v 0.10478617250919342 0.03119753859937191 0.09032006561756134
v 0.10468028485774994 0.030955886468291283 0.08901763707399368
v 0.10402688384056091 0.030970001593232155 0.09045416116714478
v 0.10391905158758163 0.03072204627096653 0.0891042947769165
v 0.10331754386425018 0.03062521480023861 0.09060980379581451
v 0.10436179488897324 0.03523893654346466 0.10066388547420502
v 0.10590542107820511 0.03206416592001915 0.09261578321456909
v 0.10670581459999084 0.03202896565198898 0.09248174726963043
v 0.10652175545692444 0.031607821583747864 0.09132632613182068
v 0.10479660332202911 0.03558418154716492 0.10003708302974701
v 0.10475579649209976 0.036369167268276215 0.10153570771217346
v 0.10493329912424088 0.03153865411877632 0.0915808230638504
v 0.10417686402797699 0.03132007271051407 0.0917610302567482
v 0.10347223281860352 0.03098537214100361 0.09197055548429489
v 0.10283777117729187 0.030543280765414238 0.09220394492149353
v 0.10267648100852966 0.030172092840075493 0.0907829999923706
v 0.1022900640964508 0.030005337670445442 0.09245509654283524
v 0.10212026536464691 0.02962234802544117 0.09096924960613251
v 0.10792164504528046 0.030865635722875595 0.09005855768918991
v 0.10807285457849503 0.031185679137706757 0.09123346209526062
v 0.10716405510902405 0.031133821234107018 0.09007854014635086
v 0.10731232911348343 0.031456589698791504 0.09125868231058121
v 0.10320643335580826 0.03037024475634098 0.08920475095510483
v 0.1049937754869461 0.034873154014348984 0.09855818003416061
v 0.10256073623895645 0.029909510165452957 0.08931645005941391
v 0.10621681064367294 0.030934056267142296 0.08787113428115845
v 0.1054178923368454 0.03094867430627346 0.08790013194084167
v 0.10462723672389984 0.030836062505841255 0.08793886005878448
v 0.10386505722999573 0.030599111691117287 0.08798633515834808
v 0.10315084457397461 0.03024386800825596 0.08804132044315338
v 0.10250286757946014 0.029779428616166115 0.08810243010520935
v 0.10199853032827377 0.029351672157645226 0.08943649381399155
v 0.1019376888871193 0.029217662289738655 0.08816808462142944
v 0.10775800049304962 0.030527882277965546 0.08784501999616623
v 0.10781265050172806 0.03063967637717724 0.08884712308645248
v 0.10700354725122452 0.030792588368058205 0.0878526121377945
v 0.10705715417861938 0.030905606225132942 0.0888606533408165
v 0.103668212890625 0.033362001180648804 0.09877291321754456
v 0.10381560772657394 0.03292880952358246 0.09713058918714523
v 0.10782277584075928 0.030660493299365044 0.08898624777793884
v 0.1063752993941307 0.031280517578125 0.0901298001408577
v 0.10572179406881332 0.03163541108369827 0.09143465757369995
v 0.10511855036020279 0.03197712451219559 0.09279768168926239
v 0.104548878967762 0.03221489116549492 0.09402447938919067
v 0.10411836951971054 0.032556161284446716 0.09554602950811386
v 0.10537749528884888 0.03435612469911575 0.09729206562042236
v 0.10712683945894241 0.033036116510629654 0.09446977823972702
v 0.10792430490255356 0.03286934643983841 0.0943637415766716
v 0.10739290714263916 0.033706843852996826 0.09546840190887451
v 0.10659271478652954 0.03376884013414383 0.09566615521907806
v 0.10687814652919769 0.03452828526496887 0.0966121256351471
v 0.10610444843769073 0.03449473902583122 0.09691381454467773
v 0.10636116564273834 0.03520732745528221 0.09767282754182816
v 0.1056424230337143 0.03508850559592247 0.09807959944009781
v 0.10767800360918045 0.03228439390659332 0.09330575168132782
v 0.10597195476293564 0.03603510558605194 0.09894160181283951
v 0.10533838719129562 0.03585207462310791 0.09945756942033768
v 0.10568999499082565 0.036894071847200394 0.10025196522474289
v 0.1051679328083992 0.03666764125227928 0.1008685752749443
v 0.10554472357034683 0.037816163152456284 0.10159102827310562
v 0.10515568405389786 0.03756830841302872 0.10229231417179108
v 0.1054903119802475 0.038615208119153976 0.10283215343952179
v 0.10436597466468811 0.031770143657922745 0.09302264451980591
v 0.10385672748088837 0.03190683573484421 0.09432871639728546
v 0.10366753488779068 0.031448692083358765 0.0932847186923027
v 0.1084795892238617 0.03208570554852486 0.09342724829912186
v 0.10844585299491882 0.03200877085328102 0.09327463805675507
v 0.10300286114215851 0.03168381005525589 0.09636850655078888
v 0.10351341962814331 0.03216566890478134 0.0959417074918747
v 0.10332237929105759 0.03247556835412979 0.09761488437652588
v 0.10819294303655624 0.03353488817811012 0.09535177797079086
v 0.10767722129821777 0.03445584326982498 0.0963953360915184
v 0.10712996125221252 0.035226304084062576 0.09734918177127838
v 0.1066795215010643 0.03612814098596573 0.09850364178419113
v 0.1063072606921196 0.037042077630758286 0.09970324486494064
v 0.10604622960090637 0.03799786418676376 0.10094292461872101
v 0.10586001724004745 0.0388183668255806 0.1021074652671814
v 0.10589617490768433 0.03994249925017357 0.1033754050731659
v 0.10271357744932175 0.030988456681370735 0.09503448754549026
v 0.10323947668075562 0.03149436041712761 0.09466841071844101
v 0.10304168611764908 0.031021248549222946 0.09357700496912003
v 0.10250493139028549 0.03049909509718418 0.09389179199934006
v 0.10826285183429718 0.031598784029483795 0.09237005561590195
v 0.10749860107898712 0.0318724662065506 0.09239910542964935
v 0.10688316822052002 0.032445527613162994 0.09339957684278488
v 0.10632620006799698 0.03308800980448723 0.09464666992425919
v 0.10581427067518234 0.033719178289175034 0.09593963623046875
v 0.10773458331823349 0.03048033080995083 0.0866217389702797
v 0.1069805845618248 0.030744487419724464 0.08662167936563492
v 0.10700437426567078 0.03079432062804699 0.08538808673620224
v 0.1061941385269165 0.030885176733136177 0.08662153035402298
v 0.10621761530637741 0.03093581274151802 0.08536923676729202
v 0.10539531707763672 0.030898811295628548 0.08662130683660507
v 0.10541870445013046 0.03095046617090702 0.08533971756696701
v 0.10460451990365982 0.030785033479332924 0.0866210088133812
v 0.10191167145967484 0.029160629957914352 0.08661921322345734
v 0.10144219547510147 0.028514182195067406 0.08661867678165436
v 0.10147076100111008 0.028575049713253975 0.08499724417924881
v 0.1046280562877655 0.030837900936603546 0.08530030399560928
v 0.10384194552898407 0.030546756461262703 0.08662062883377075
v 0.10386588424444199 0.03060099110007286 0.08525199443101883
v 0.10312705487012863 0.030190059915184975 0.08662020415067673
v 0.10315170139074326 0.03024580515921116 0.08519602566957474
v 0.10247810930013657 0.02972405217587948 0.08661972731351852
v 0.10250376164913177 0.029781421646475792 0.08513382822275162
v 0.10144219547510147 0.028514178469777107 0.08663122355937958
v 0.10146977007389069 0.0285729318857193 0.08823662251234055
v 0.10294025391340256 0.03194602206349373 0.09812165051698685
v 0.10260047763586044 0.031123600900173187 0.09681490063667297
v 0.10229304432868958 0.030402613803744316 0.09541720151901245
v 0.10207145661115646 0.02989601530134678 0.09422075003385544
v 0.10184339433908463 0.029385587200522423 0.0927174761891365
v 0.10166329890489578 0.028990192338824272 0.0911637544631958
v 0.10153423994779587 0.028711043298244476 0.0895618349313736
v 0.10193862020969391 0.029219714924693108 0.08506699651479721
v 0.10330817103385925 0.03286841884255409 0.09933639317750931
v 0.10166257619857788 0.028988627716898918 0.08210600912570953
v 0.10211959481239319 0.029620831832289696 0.08230019360780716
v 0.10201892256736755 0.029396789148449898 0.0835149884223938
v 0.10258013755083084 0.02995329350233078 0.0836484283208847
v 0.10322506725788116 0.030412772670388222 0.08377254754304886
v 0.10393714159727097 0.030763408169150352 0.08388417959213257
v 0.104698047041893 0.030996201559901237 0.08398045599460602
v 0.10548826307058334 0.0311051607131958 0.08405888825654984
v 0.10628745704889297 0.031087497249245644 0.08411746472120285
v 0.10707510262727737 0.030943652614951134 0.08415468782186508
v 0.10782277584075928 0.030660493299365044 0.08427619934082031
v 0.10775884240865707 0.030529597774147987 0.08539581298828125
v 0.10155586153268814 0.02875755913555622 0.08337568491697311
v 0.1078309416770935 0.030677327886223793 0.08416958898305893
v 0.10267583280801773 0.0301706213504076 0.08248613774776459
v 0.10331692546606064 0.030623784288764 0.082659050822258
v 0.10402628779411316 0.03096861205995083 0.08281444758176804
v 0.10478559136390686 0.03119618631899357 0.08294831961393356
v 0.10557520389556885 0.0313006192445755 0.08305720239877701
v 0.10637471824884415 0.031279221177101135 0.08313827961683273
v 0.1071634590625763 0.031132543459534645 0.083189457654953
v 0.10363622009754181 0.0337202250957489 0.10028373450040817
v 0.10773458331823349 0.03048032708466053 0.08663122355937958
v 0.1103338822722435 0.062351517379283905 0.09187258780002594
v 0.11026841402053833 0.06188230216503143 0.09320081770420074
v 0.11030313372612 0.06126464530825615 0.09295877069234848
v 0.11017640680074692 0.06123686954379082 0.0946488156914711
v 0.11021498590707779 0.06063775718212128 0.09435185045003891
v 0.1100650355219841 0.0604700930416584 0.09604334086179733
v 0.11010754853487015 0.05989284813404083 0.09569216519594193
v 0.10993342846632004 0.059581805020570755 0.09738092869520187
v 0.10997997969388962 0.059030015021562576 0.0969761312007904
v 0.10978956520557404 0.05863334983587265 0.09858281165361404
v 0.10984016209840775 0.058109164237976074 0.09812811017036438
v 0.10961872339248657 0.057538922876119614 0.09975697100162506
v 0.10967396199703217 0.057047393172979355 0.09925150871276855
v 0.10942625999450684 0.05634870007634163 0.10083536803722382
v 0.10697559267282486 0.043827351182699203 0.10419806092977524
v 0.1068146824836731 0.043810538947582245 0.10500259697437286
v 0.10650510340929031 0.0426449216902256 0.10487361997365952
v 0.10668154060840607 0.0427124910056591 0.10406935960054398
v 0.10609579086303711 0.0411764532327652 0.10458440333604813
v 0.10629364848136902 0.041308894753456116 0.10378734022378922
v 0.10567540675401688 0.03974626213312149 0.10415748506784439
v 0.10524527728557587 0.038356881588697433 0.10359133034944534
v 0.10489009320735931 0.037261273711919785 0.10302701592445374
v 0.10446517914533615 0.036007050424814224 0.10223459452390671
v 0.10404617339372635 0.03482602536678314 0.10132039338350296
v 0.1073455885052681 0.04529916122555733 0.1042448878288269
v 0.10720324516296387 0.04534796625375748 0.1050429716706276
v 0.10769593715667725 0.04677123203873634 0.10415514558553696
v 0.10757006704807281 0.046883776783943176 0.10493956506252289
v 0.10948672890663147 0.05589383840560913 0.10028109699487686
v 0.10920985788106918 0.0550643652677536 0.10181376338005066
v 0.10927640646696091 0.054650574922561646 0.10121286660432816
v 0.10901445895433426 0.05395159870386124 0.10253071784973145
v 0.10908681154251099 0.05357474461197853 0.1018938422203064
v 0.10875564813613892 0.05254288390278816 0.10328858345746994
v 0.10883618146181107 0.052214622497558594 0.10261139273643494
v 0.1084723100066185 0.05107923224568367 0.10391789674758911
v 0.10856251418590546 0.05080366134643555 0.10320466756820679
v 0.10816258192062378 0.04956452175974846 0.10441513359546661
v 0.10826419293880463 0.04934580624103546 0.10367067903280258
v 0.10791563242673874 0.048414818942546844 0.10469434410333633
v 0.10802697390317917 0.04824079945683479 0.10393030941486359
v 0.1089709922671318 0.03325767070055008 0.0953194722533226
v 0.1086970716714859 0.03259222209453583 0.09433144330978394
v 0.1062425747513771 0.0400887168943882 0.10262872278690338
v 0.11000526696443558 0.049649450927972794 0.10079798102378845
v 0.11059359461069107 0.04938221350312233 0.10037936270236969
v 0.11021291464567184 0.05089601129293442 0.10031552612781525
v 0.10972411185503006 0.0512111559510231 0.10079987347126007
v 0.10993163287639618 0.052448492497205734 0.10018489509820938
v 0.10955052822828293 0.0528147928416729 0.10070781409740448
v 0.10972034931182861 0.053824543952941895 0.10009215772151947
v 0.10944779962301254 0.054234325885772705 0.10063486546278
v 0.11038587987422943 0.04812561348080635 0.10074121505022049
v 0.1096486747264862 0.055439092218875885 0.09974747151136398
v 0.1120002344250679 0.04409332573413849 0.10056416690349579
v 0.11221421509981155 0.0453360453248024 0.1004893034696579
v 0.1112145334482193 0.044287245720624924 0.10063255578279495
v 0.11143825948238373 0.04552404582500458 0.10056906193494797
v 0.110687755048275 0.045719560235738754 0.10077481716871262
v 0.11090651899576187 0.046961937099695206 0.10061077773571014
v 0.11021851748228073 0.047176215797662735 0.10093812644481659
v 0.11105981469154358 0.0478983074426651 0.10041484236717224
v 0.11164183914661407 0.046759940683841705 0.10039879381656647
v 0.11124807596206665 0.04913662374019623 0.1000567153096199
v 0.1107812151312828 0.05060281977057457 0.0999106839299202
v 0.1104017049074173 0.05210220068693161 0.09972449392080307
v 0.11008821427822113 0.05343003571033478 0.09959641844034195
v 0.10990872979164124 0.0549938790500164 0.09924555569887161
v 0.10982748866081238 0.05655813217163086 0.09876448661088943
v 0.11226491630077362 0.045650750398635864 0.10045330226421356
v 0.11178265511989594 0.04769014194607735 0.10019911825656891
v 0.10977735370397568 0.0483664907515049 0.10117023438215256
v 0.1094970777630806 0.049932003021240234 0.1013026237487793
v 0.10908103734254837 0.050223156809806824 0.10188134759664536
v 0.10932602733373642 0.0515410415828228 0.10135260969400406
v 0.10902776569128036 0.051878102123737335 0.10196111351251602
v 0.10926682502031326 0.053192995488643646 0.10128169506788254
v 0.1115671768784523 0.041907232254743576 0.10043122619390488
v 0.1117631047964096 0.04284977912902832 0.10053073614835739
v 0.11076962202787399 0.04211673513054848 0.10048171877861023
v 0.11096983402967453 0.04305185005068779 0.10058849304914474
v 0.11019403487443924 0.043239694088697433 0.10077904164791107
v 0.11045049130916595 0.04447811841964722 0.100831039249897
v 0.10972825437784195 0.044660910964012146 0.1011543795466423
v 0.10998203605413437 0.04591754823923111 0.10110127180814743
v 0.10933926701545715 0.046112917363643646 0.10154002159833908
v 0.10959505289793015 0.04739740490913391 0.1013726219534874
v 0.10905175656080246 0.04761997610330582 0.10190339386463165
v 0.10924915969371796 0.048615045845508575 0.10169138759374619
v 0.11184301227331161 0.04325515404343605 0.10055369138717651
v 0.1125367060303688 0.04750621318817139 0.10009931772947311
v 0.11240602284669876 0.046575289219617844 0.10030747950077057
v 0.11034904420375824 0.057953014969825745 0.09621655941009521
v 0.11024067550897598 0.059322185814380646 0.0953531265258789
v 0.11034241318702698 0.060046084225177765 0.09406496584415436
v 0.11282572150230408 0.04991874471306801 0.09925564378499985
v 0.11286623030900955 0.05030951276421547 0.09907416254281998
v 0.11210276931524277 0.050108522176742554 0.09937460720539093
v 0.11223344504833221 0.05125674232840538 0.09881199896335602
v 0.1115654855966568 0.05149966850876808 0.09903036803007126
v 0.11167557537555695 0.052420102059841156 0.09849096834659576
v 0.11107643693685532 0.052720192819833755 0.09878713637590408
v 0.11121432483196259 0.05380551144480705 0.09802939742803574
v 0.11069974303245544 0.054168544709682465 0.0983775332570076
v 0.1108376532793045 0.05520043894648552 0.09750843048095703
v 0.11041521281003952 0.055625323206186295 0.09788413345813751
v 0.11055099964141846 0.0566009059548378 0.0968949943780899
v 0.11293947696685791 0.05106018856167793 0.09868652373552322
v 0.11022459715604782 0.05708300694823265 0.09727594256401062
v 0.11011939495801926 0.058483660221099854 0.09658556431531906
v 0.11260499060153961 0.048026978969573975 0.09995532035827637
v 0.11195321381092072 0.048918500542640686 0.09983766824007034
v 0.11141601949930191 0.05033830553293228 0.09959463775157928
v 0.11095037311315536 0.05178358033299446 0.09933679550886154
v 0.11054350435733795 0.05305926501750946 0.09915827959775925
v 0.11026152223348618 0.05456741899251938 0.09878573566675186
v 0.11007623374462128 0.05608092620968819 0.09830562770366669
v 0.10998611897230148 0.057589028030633926 0.0976896584033966
v 0.10881422460079193 0.0488651804625988 0.10229191929101944
v 0.11269227415323257 0.048733022063970566 0.09972742944955826
v 0.10876703262329102 0.050516027957201004 0.1025204062461853
v 0.1070583164691925 0.04143722727894783 0.10232184827327728
v 0.10740327835083008 0.042728912085294724 0.10258938372135162
v 0.10698367655277252 0.04274074360728264 0.10330094397068024
v 0.10726157575845718 0.04380904510617256 0.10342908650636673
v 0.10951933264732361 0.03469280153512955 0.09695413708686829
v 0.10957184433937073 0.034838203340768814 0.097091905772686
v 0.10873135179281235 0.034965407103300095 0.09698475897312164
v 0.10904090106487274 0.035854168236255646 0.09776773303747177
v 0.10760396718978882 0.041429564356803894 0.10169399529695511
v 0.10823582857847214 0.03603638708591461 0.0979083701968193
v 0.10854613780975342 0.03698555752635002 0.09860687702894211
v 0.10775573551654816 0.03708847612142563 0.0988689586520195
v 0.1080709770321846 0.03810492902994156 0.09948976337909698
v 0.1073274239897728 0.0381443090736866 0.099877268075943
v 0.10759750008583069 0.039048369973897934 0.10033592581748962
v 0.10692864656448364 0.03903803601861 0.10084155201911926
v 0.10727029293775558 0.04021625965833664 0.10132350027561188
v 0.10792288184165955 0.04019401967525482 0.10080145299434662
v 0.10823933035135269 0.041373852640390396 0.10115993767976761
v 0.10792888700962067 0.04267731308937073 0.10195407271385193
v 0.10766493529081345 0.043756116181612015 0.10271637886762619
v 0.10761166363954544 0.04522061347961426 0.10348158329725266
v 0.10983391851186752 0.03558702766895294 0.09773804247379303
v 0.11014863103628159 0.036541908979415894 0.09842954576015472
v 0.10935132950544357 0.036801643669605255 0.09845902025699615
v 0.10885581374168396 0.037991251796483994 0.09921465814113617
v 0.10833176225423813 0.038991354405879974 0.09993500262498856
v 0.10670492053031921 0.04018082842230797 0.10193832218647003
v 0.10661747306585312 0.04139662906527519 0.1030261293053627
v 0.10899072885513306 0.03330685570836067 0.09538547694683075
v 0.1084795743227005 0.03427940979599953 0.09626943618059158
v 0.10792743414640427 0.035144906491041183 0.09711766988039017
v 0.10744127631187439 0.03612857311964035 0.09815598279237747
v 0.1070023700594902 0.03710749372839928 0.09923787415027618
v 0.1066460981965065 0.038108281791210175 0.1003662496805191
v 0.10634400695562363 0.038960643112659454 0.10143765062093735
v 0.10926305502653122 0.034003857523202896 0.0962379053235054
v 0.10864444077014923 0.04011473432183266 0.10038676112890244
v 0.10911078751087189 0.03886859118938446 0.0996500626206398
v 0.11021242290735245 0.0397954098880291 0.09992251545190811
v 0.11129944771528244 0.040720194578170776 0.10021044313907623
v 0.1104983389377594 0.04094022139906883 0.10025305300951004
v 0.1097068339586258 0.04112574830651283 0.10042935609817505
v 0.10998616367578506 0.04230319336056709 0.10066601634025574
v 0.10923819988965988 0.04246150702238083 0.10097908228635788
v 0.1094566136598587 0.04340825602412224 0.10109724849462509
v 0.10877744108438492 0.043552983552217484 0.10153454542160034
v 0.11101501435041428 0.03956430032849312 0.09988594055175781
v 0.10906687378883362 0.0448307991027832 0.10159404575824738
v 0.10848379880189896 0.04498330131173134 0.1021384447813034
v 0.10877601057291031 0.046300631016492844 0.10207976400852203
v 0.10830677300691605 0.0464758537709713 0.10270659625530243
v 0.10860224068164825 0.04783833399415016 0.10251713544130325
v 0.10825777053833008 0.0480470210313797 0.10319846123456955
v 0.1084831953048706 0.0491107702255249 0.1029571145772934
v 0.11134427040815353 0.0409117117524147 0.10025352984666824
v 0.11071478575468063 0.03844138979911804 0.09945665299892426
v 0.11078298836946487 0.03868861496448517 0.09956149011850357
v 0.10991264134645462 0.038683533668518066 0.09948909282684326
v 0.10941480100154877 0.03998061269521713 0.10009102523326874
v 0.10894681513309479 0.0412716381251812 0.10073447227478027
v 0.10854613780975342 0.042587362229824066 0.10141237825155258
v 0.10817480087280273 0.043669987469911575 0.10207914561033249
v 0.1079944297671318 0.045114390552043915 0.10277320444583893
v 0.10794363170862198 0.04663408175110817 0.10340438783168793
v 0.11018181592226028 0.03664642199873924 0.09849734604358673
v 0.1096598282456398 0.03780647739768028 0.09905970841646194
v 0.11046034097671509 0.037555817514657974 0.09902926534414291
v 0.09586144983768463 0.02294553816318512 0.10504840314388275
v 0.11184100806713104 0.043244823813438416 0.07270918786525726
v 0.006464705336838961 0.07798377424478531 0.09771868586540222
v 0.009152826853096485 0.08016006648540497 0.09971282631158829
v 0.009156548418104649 0.08072573691606522 0.09318233281373978
v 0.01065456960350275 0.0818001925945282 0.09365923702716827
v 0.010656073689460754 0.08199727535247803 0.08663122355937958
v 0.012252166867256165 0.08304578810930252 0.08663122355937958
v 0.012250510044395924 0.08283854275941849 0.07914285361766815
v 0.013942894525825977 0.08405573666095734 0.08663122355937958
v 0.0091470405459404 0.07918796688318253 0.10619734972715378
v 0.015723194926977158 0.08480073511600494 0.07827696949243546
v 0.015724996104836464 0.08502552658319473 0.08663122355937958
v 0.019548768177628517 0.08660004287958145 0.0774926245212555
v 0.01955035887658596 0.08683818578720093 0.08663122355937958
v 0.023701492697000504 0.08822450786828995 0.07680001854896545
v 0.023702314123511314 0.08847090601921082 0.08663122355937958
v 0.028155574575066566 0.08966170996427536 0.076209157705307
v 0.028154892846941948 0.0899108350276947 0.08663122355937958
v 0.006460756529122591 0.0771409198641777 0.10321345925331116
v 0.009139534085988998 0.07775436341762543 0.11259815841913223
v 0.006455633789300919 0.075899638235569 0.10863543301820755
v 0.0016805158229544759 0.06872353702783585 0.10323751717805862
v 0.0010841377079486847 0.06744057685136795 0.1009112223982811
v 0.0023988226894289255 0.06837356835603714 0.10790145397186279
v 0.002399791032075882 0.0693436935544014 0.10648078471422195
v 0.004192601889371872 0.06931125372648239 0.11471197754144669
v 0.004194635897874832 0.0705743059515953 0.11283261328935623
v 0.006439242511987686 0.07025458663702011 0.12128289043903351
v 0.006442815065383911 0.07179046422243118 0.11895755678415298
v 0.00912074837833643 0.07299430668354034 0.12479890882968903
v 0.006446268875151873 0.07307928800582886 0.11648763716220856
v 0.009125810116529465 0.07448959350585938 0.12187625467777252
v 0.0064495764672756195 0.07417251914739609 0.11392607539892197
v 0.009130657650530338 0.0757562667131424 0.11884786933660507
v 0.006452709436416626 0.07510469108819962 0.11130262166261673
v 0.009135246276855469 0.07683515548706055 0.11574818193912506
v 0.03288447484374046 0.09089479595422745 0.07572208344936371
v 0.001084488001652062 0.06810066103935242 0.09995879977941513
v 0.032881882041692734 0.0911450907588005 0.08663122355937958
v 0.03786177560687065 0.09190946817398071 0.0753307193517685
v 0.03785707801580429 0.09216081351041794 0.08663122355937958
v 0.06798028200864792 0.09322413057088852 0.08663122355937958
v 0.06526260823011398 0.09348298609256744 0.08663122355937958
v 0.06526093184947968 0.09340017288923264 0.09268944710493088
v 0.04306047782301903 0.09269127249717712 0.07502632588148117
v 0.04305418208241463 0.09294510632753372 0.08663122355937958
v 0.048453617841005325 0.09322524815797806 0.07480011880397797
v 0.04844719544053078 0.09348510950803757 0.08663122355937958
v 0.05401265621185303 0.09376823902130127 0.08663122355937958
v 0.05401356518268585 0.09370031207799911 0.0926266759634018
v 0.05401621386408806 0.0934956967830658 0.09861908107995987
v 0.05968952551484108 0.09348217397928238 0.098714679479599
v 0.06249785050749779 0.09359047561883926 0.0926869735121727
v 0.00027560070157051086 0.0668482631444931 0.09332337230443954
v 0.02588587813079357 0.06532824784517288 0.1589154303073883
v 0.025886040180921555 0.06656742095947266 0.15864768624305725
v 0.023667579516768456 0.06618860363960266 0.156304270029068
v 0.07037303596735 0.055416107177734375 0.16990433633327484
v 0.07171791046857834 0.05615939944982529 0.1695970892906189
v 0.07037920504808426 0.05691708251833916 0.1701701432466507
v 0.07305075973272324 0.05695259943604469 0.16905590891838074
v 0.07038538157939911 0.05844014883041382 0.17026150226593018
v 0.07039155066013336 0.05996321886777878 0.1701701432466507
v 0.06903856247663498 0.05921599641442299 0.17078512907028198
v 0.06768535077571869 0.059994157403707504 0.17125578224658966
v 0.07171230018138885 0.05465861037373543 0.16934086382389069
v 0.06768189370632172 0.059231456369161606 0.17123101651668549
v 0.0649653971195221 0.06073947995901108 0.17201124131679535
v 0.06496195495128632 0.05998210608959198 0.17193369567394257
v 0.06224993243813515 0.06209428980946541 0.17257793247699738
v 0.06224704533815384 0.061339933425188065 0.1724964678287506
v 0.05954781547188759 0.06322237104177475 0.17292994260787964
v 0.05954613909125328 0.062471285462379456 0.17284522950649261
v 0.05820338800549507 0.06293407827615738 0.1729390025138855
v 0.07036687433719635 0.053957000374794006 0.16947811841964722
v 0.07170668989419937 0.05319718271493912 0.16892927885055542
v 0.07036072015762329 0.0525503009557724 0.1689116209745407
v 0.0769139975309372 0.04063309729099274 0.16003112494945526
v 0.07818720489740372 0.0401327945291996 0.1593998670578003
v 0.07691700011491776 0.041720129549503326 0.16103720664978027
v 0.07562749087810516 0.042297497391700745 0.16163906455039978
v 0.07563111931085587 0.04341999441385269 0.16261662542819977
v 0.07432596385478973 0.04406879097223282 0.16318988800048828
v 0.07433024048805237 0.04522845149040222 0.16413328051567078
v 0.07301095873117447 0.04593677073717117 0.1646784394979477
v 0.07301589846611023 0.04713606461882591 0.16558082401752472
v 0.07168436050415039 0.04789014533162117 0.16609804332256317
v 0.07034845650196075 0.049914877861738205 0.16743822395801544
v 0.07035458087921143 0.05120271071791649 0.1682257056236267
v 0.07170108705759048 0.05178538337349892 0.16838102042675018
v 0.056863002479076385 0.06259046494960785 0.17283664643764496
v 0.00027573108673095703 0.06737392395734787 0.09228552877902985
v 0.05686287581920624 0.06333012133836746 0.17297890782356262
v 0.054176609963178635 0.06320886313915253 0.1727527529001236
v 0.0555216409265995 0.06366460025310516 0.172964945435524
v 0.04332786425948143 0.06753917783498764 0.17049609124660492
v 0.04332130029797554 0.06894956529140472 0.17015694081783295
v 0.04066767916083336 0.06876792013645172 0.16906407475471497
v 0.04067353159189224 0.0673745796084404 0.16939663887023926
v 0.0380563847720623 0.06850389391183853 0.16778124868869781
v 0.03806127980351448 0.06712996959686279 0.16810555756092072
v 0.03549518436193466 0.06817642599344254 0.16631217300891876
v 0.03549899533390999 0.06682438403367996 0.16662684082984924
v 0.04601579159498215 0.06760334968566895 0.17139989137649536
v 0.03299186751246452 0.06780445575714111 0.16466055810451508
v 0.03299456834793091 0.06647683680057526 0.1649644523859024
v 0.030553430318832397 0.06740520894527435 0.16283012926578522
v 0.028183715417981148 0.06698908656835556 0.16082459688186646
v 0.0460088811814785 0.06902851909399033 0.1710561364889145
v 0.048726532608270645 0.06754104048013687 0.1721040904521942
v 0.04871983081102371 0.06897901743650436 0.17175792157649994
v 0.05417475476861 0.0639444962143898 0.1728975772857666
v 0.05417289957404137 0.06468848884105682 0.17298635840415955
v 0.05145733430981636 0.06509817391633987 0.17269420623779297
v 0.054171040654182434 0.06543666124343872 0.1730165332555771
v 0.05281500145792961 0.06566278636455536 0.17289692163467407
v 0.054167330265045166 0.06692882627248764 0.1728975772857666
v 0.052810098975896835 0.06715060025453568 0.17277731001377106
v 0.054163623601198196 0.06838753819465637 0.17255447804927826
v 0.05280520021915436 0.06860466301441193 0.17243237793445587
v 0.05415991321206093 0.06978349387645721 0.17201028764247894
v 0.051442984491586685 0.06877388060092926 0.17225861549377441
v 0.05143725126981735 0.07015927135944366 0.17170998454093933
v 0.05008057877421379 0.06889760494232178 0.1720336377620697
v 0.05432587489485741 0.037377629429101944 0.09861908107995987
v 0.05431581661105156 0.038209475576877594 0.11058156192302704
v 0.056872010231018066 0.03765496984124184 0.1166766807436943
v 0.05430864542722702 0.03884803503751755 0.1165439561009407
v 0.0568714365363121 0.03848184272646904 0.12264323979616165
v 0.05430019646883011 0.039646804332733154 0.1224873811006546
v 0.05432942882180214 0.03710507974028587 0.08663122355937958
v 0.056870780885219574 0.03948770835995674 0.12858226895332336
v 0.054290588945150375 0.04061878100037575 0.12840545177459717
v 0.056870054453611374 0.040690623223781586 0.13448454439640045
v 0.054279930889606476 0.04178165644407272 0.13428963720798492
v 0.0568692609667778 0.04211528226733208 0.1403372585773468
v 0.054268352687358856 0.04315967485308647 0.14012807607650757
v 0.05686841905117035 0.0437961108982563 0.1461215764284134
v 0.05425595864653587 0.044786784797906876 0.14590321481227875
v 0.05432587489485741 0.037377629429101944 0.07464335113763809
v 0.05686752498149872 0.04578264802694321 0.1518080085515976
v 0.05424286797642708 0.046712107956409454 0.15158739686012268
v 0.056866589933633804 0.04814908653497696 0.157346710562706
v 0.05422919988632202 0.049009811133146286 0.1571333408355713
v 0.03056008741259575 0.062147993594408035 0.16283012926578522
v 0.030558424070477486 0.06344857066869736 0.16312244534492493
v 0.02818584069609642 0.0631239041686058 0.16110475361347198
v 0.028185132890939713 0.06442096084356308 0.16120150685310364
v 0.02588571608066559 0.06406453996896744 0.15900780260562897
v 0.023666726425290108 0.06498459726572037 0.1565595418214798
v 0.03300268203020096 0.06243627518415451 0.16466055810451508
v 0.02153247408568859 0.06586802005767822 0.15380193293094635
v 0.023668430745601654 0.06734892725944519 0.15589654445648193
v 0.021535156294703484 0.06806543469429016 0.15290088951587677
v 0.023669281974434853 0.0684552937746048 0.15535825490951538
v 0.02153782919049263 0.07004090398550034 0.1515825390815735
v 0.023670978844165802 0.07048781961202621 0.1539774388074875
v 0.021540483459830284 0.07179728150367737 0.14998389780521393
v 0.023672668263316154 0.07229050248861313 0.15230676531791687
v 0.03300538286566734 0.061162982136011124 0.16417711973190308
v 0.035514239221811295 0.06141258031129837 0.16581206023693085
v 0.035518042743206024 0.06018618121743202 0.1651557981967926
v 0.05422218516469002 0.05033273994922638 0.15982922911643982
v 0.05153357982635498 0.05092397332191467 0.15948979556560516
v 0.051522571593523026 0.052359990775585175 0.16211257874965668
v 0.04881274327635765 0.05272725597023964 0.16162754595279694
v 0.04879973456263542 0.0543096661567688 0.1641436517238617
v 0.046091269701719284 0.05449717491865158 0.16349294781684875
v 0.04607771337032318 0.05626672878861427 0.16585123538970947
v 0.04338670149445534 0.05631503835320473 0.16501517593860626
v 0.043373722583055496 0.058318160474300385 0.1671341508626938
v 0.04071442410349846 0.05825866386294365 0.16609516739845276
v 0.04070860892534256 0.05935930833220482 0.16702255606651306
v 0.03809063509106636 0.05922120437026024 0.16578711569309235
v 0.038085758686065674 0.06038688123226166 0.16659104824066162
v 0.10599949210882187 0.07063960283994675 0.06087547913193703
v 0.10600240528583527 0.0690847635269165 0.058696236461400986
v 0.10600546002388 0.0672745332121849 0.05671796202659607
v 0.1060086116194725 0.06518039852380753 0.05503097549080849
v 0.10599673539400101 0.07196984440088272 0.06319697201251984
v 0.10601021349430084 0.06402388215065002 0.054335709661245346
v 0.10601183772087097 0.06280063837766647 0.05376627668738365
v 0.1060134693980217 0.06152348220348358 0.05333966761827469
v 0.10601511597633362 0.060219697654247284 0.05306456238031387
v 0.10599414259195328 0.0731024369597435 0.06562163680791855
v 0.0974835753440857 0.07957694679498672 0.056413888931274414
v 0.10601842403411865 0.05763166397809982 0.05289022997021675
v 0.10364259034395218 0.05448859930038452 0.045101311057806015
v 0.07818479835987091 0.03908047452569008 0.15837009251117706
v 0.1008177399635315 0.051015324890613556 0.037915535271167755
v 0.07944130897521973 0.038661450147628784 0.1577085703611374
v 0.07943946868181229 0.037643663585186005 0.15665951371192932
v 0.08067890256643295 0.03731034696102142 0.15596678853034973
v 0.04873659089207649 0.0653308853507042 0.0010687559843063354
v 0.04873323813080788 0.06606902927160263 0.0010383055778220296
v 0.050093237310647964 0.06597612053155899 0.0007622317061759531
v 0.05008690804243088 0.06745388358831406 0.0008823723183013499
v 0.051454465836286545 0.06584180146455765 0.0005377978086471558
v 0.051448721438646317 0.06732480973005295 0.0006577969179488719
v 0.046022702008485794 0.06614437699317932 0.0017433316679671407
v 0.04602961614727974 0.0646853968501091 0.001862540957517922
v 0.04334099963307381 0.06465191394090652 0.002766348421573639
v 0.0433475635945797 0.06324152648448944 0.0031054988503456116
v 0.025884104892611504 0.05367512255907059 0.02072664350271225
v 0.024761194363236427 0.055254459381103516 0.019852111116051674
v 0.025884423404932022 0.05530893802642822 0.018788421526551247
v 0.028190772980451584 0.05546941980719566 0.016783922910690308
v 0.028190074488520622 0.05637717992067337 0.01584877260029316
v 0.03056836687028408 0.05656825751066208 0.01397639513015747
v 0.03056672029197216 0.05754987895488739 0.013070524670183659
v 0.03301345184445381 0.0577581562101841 0.011335895396769047
v 0.03301076963543892 0.05882120132446289 0.010478460229933262
v 0.03552183881402016 0.059035178273916245 0.008888915181159973
v 0.035518042743206024 0.06018618121743202 0.00810664240270853
v 0.038085758686065674 0.06038688123226166 0.0066713918931782246
v 0.03808087483048439 0.061630453914403915 0.0059962198138237
v 0.040696945041418076 0.06179722771048546 0.004726149141788483
v 0.04069110006093979 0.06312967836856842 0.0041983649134635925
v 0.023659074679017067 0.0552244558930397 0.020955676212906837
v 0.02366076223552227 0.05702713131904602 0.01928500272333622
v 0.021519090980291367 0.05523412674665451 0.02327854186296463
v 0.02152174897491932 0.05699050426483154 0.021679894998669624
v 0.07033625990152359 0.04751310124993324 0.1656196564435959
v 0.07167329639196396 0.04556999355554581 0.1641869843006134
v 0.07167880982160568 0.04670354723930359 0.1651737093925476
v 0.07034233957529068 0.04868567734956741 0.16656532883644104
v 0.006424367893487215 0.06068701669573784 0.04830416291952133
v 0.009096458554267883 0.06154520437121391 0.040759071707725525
v 0.009093716740608215 0.059999655932188034 0.041336335241794586
v 0.012174997478723526 0.061218421906232834 0.03407782316207886
v 0.012171548791229725 0.05946090817451477 0.03474900871515274
v 0.01564108580350876 0.061046868562698364 0.027841541916131973
v 0.015637336298823357 0.05909646302461624 0.028605598956346512
v 0.01750989444553852 0.05899098515510559 0.025720179080963135
v 0.017506256699562073 0.05714986100792885 0.02691061981022358
v 0.0194696132093668 0.05703376233577728 0.02422439493238926
v 0.019466331228613853 0.05533047392964363 0.025749245658516884
v 0.0703301951289177 0.0463947094976902 0.16461226344108582
v 0.07166779786348343 0.044486649334430695 0.1631460040807724
v 0.07032416015863419 0.04532735049724579 0.1635514497756958
v 0.07292789220809937 0.031109385192394257 0.1424466073513031
v 0.0702441930770874 0.034349966794252396 0.14567670226097107
v 0.06752722710371017 0.036569252610206604 0.14600388705730438
v 0.07026594877243042 0.03687368705868721 0.15115240216255188
v 0.06755159795284271 0.03897034749388695 0.15155059099197388
v 0.07027720659971237 0.03829381987452507 0.15381085872650146
v 0.0675770491361618 0.0417960062623024 0.1568877100944519
v 0.07028867304325104 0.039834242314100266 0.15640003979206085
v 0.06759011745452881 0.04339936375617981 0.15944461524486542
v 0.06896007806062698 0.044236864894628525 0.16162070631980896
v 0.023674344643950462 0.07389316707849503 0.15044303238391876
v 0.10233844816684723 0.03191215172410011 0.06881596148014069
v 0.10088137537240982 0.028879018500447273 0.07122533023357391
v 0.0993165373802185 0.026115113869309425 0.07425462454557419
v 0.09764537215232849 0.023665113374590874 0.07786352932453156
v 0.10368582606315613 0.03516995534300804 0.06706108897924423
v 0.09586922824382782 0.02157115750014782 0.0820060670375824
v 0.09398951381444931 0.01987421326339245 0.08663122355937958
v 0.09398895502090454 0.019967330619692802 0.09147798269987106
v 0.0939873456954956 0.02024904638528824 0.09631647169589996
v 0.10604507476091385 0.04120399430394173 0.06812278181314468
v 0.09398474544286728 0.020723508670926094 0.10113810002803802
v 0.09398122876882553 0.02139844000339508 0.10593323409557343
v 0.08771324157714844 0.03254806995391846 0.1456719934940338
v 0.08659444004297256 0.032401423901319504 0.14657875895500183
v 0.08545274287462234 0.0323166660964489 0.14743512868881226
v 0.0842883512377739 0.0322963111102581 0.14823977649211884
v 0.0831015333533287 0.030750783160328865 0.14664027094841003
v 0.08771569281816483 0.03097393549978733 0.14348244667053223
v 0.08310207724571228 0.03234872594475746 0.14899152517318726
v 0.08189649879932404 0.032499294728040695 0.14969047904014587
v 0.08189801871776581 0.03422269970178604 0.15198855102062225
v 0.08067504316568375 0.03447127714753151 0.1526736617088318
v 0.08189956843852997 0.03608404099941254 0.15417663753032684
v 0.08067760616540909 0.036327071487903595 0.15490148961544037
v 0.08988457173109055 0.03147006779909134 0.14161081612110138
v 0.0898878276348114 0.030036814510822296 0.13943010568618774
v 0.09196263551712036 0.030793359503149986 0.13746945559978485
v 0.09397686272859573 0.02228373847901821 0.11069086939096451
v 0.09397172927856445 0.023393064737319946 0.1153976321220398
v 0.09396588057279587 0.02474399469792843 0.1200367733836174
v 0.09395939856767654 0.02635919116437435 0.12458639591932297
v 0.09395235031843185 0.028267698362469673 0.12901674211025238
v 0.09197340905666351 0.027189483866095543 0.13084717094898224
v 0.09394481778144836 0.03050643391907215 0.1332859843969345
v 0.09196633100509644 0.02949751541018486 0.13531500101089478
v 0.025887010619044304 0.07282013446092606 0.15447402000427246
v 0.02588733099400997 0.07445394992828369 0.1525357961654663
v 0.02817949280142784 0.0733724981546402 0.15647852420806885
v 0.10826199501752853 0.03159690648317337 0.08089695870876312
v 0.10749775916337967 0.03187057375907898 0.08086791634559631
v 0.1084795892238617 0.03208570182323456 0.0798351913690567
v 0.10848892480134964 0.032107073813676834 0.07979361712932587
v 0.10772022604942322 0.03238304704427719 0.07976219803094864
v 0.10670499503612518 0.032027050852775574 0.08078533411026001
v 0.10652067512273788 0.031605370342731476 0.0819438025355339
v 0.10572070628404617 0.0316329225897789 0.08183564990758896
v 0.10807174444198608 0.031183283776044846 0.08203653991222382
v 0.10868801921606064 0.03257076069712639 0.07896625250577927
v 0.10791542381048203 0.032847851514816284 0.0789339616894722
v 0.10692492872476578 0.03254520520567894 0.07966604828834534
v 0.10590460151433945 0.032062213867902756 0.08065140247344971
v 0.10731123387813568 0.0314541757106781 0.08201135694980621
v 0.1079210415482521 0.030864369124174118 0.08320941776037216
v 0.11134423315525055 0.04091152176260948 0.0730089545249939
v 0.11132610589265823 0.04083377122879028 0.07302609086036682
v 0.11052525788545609 0.04105275124311447 0.0729827880859375
v 0.11018181592226028 0.036646436899900436 0.07476507872343063
v 0.11014275252819061 0.03652346134185791 0.07484501600265503
v 0.10934552550315857 0.03678334876894951 0.0748155489563942
v 0.10899072885513306 0.03330685943365097 0.07787695527076721
v 0.10896094143390656 0.0332326740026474 0.07797683775424957
v 0.10818308591842651 0.03350991755723953 0.07794451713562012
v 0.10493221133947372 0.03153610602021217 0.08168972283601761
v 0.10436511784791946 0.03176810219883919 0.08024486899375916
v 0.10511771589517593 0.03197513520717621 0.08046964555978775
v 0.10417575389146805 0.03131745755672455 0.08150981366634369
v 0.10347108542919159 0.03098267875611782 0.08130063861608505
v 0.10956147313117981 0.03480936959385872 0.07619751244783401
v 0.10925338417291641 0.03397851809859276 0.07705307006835938
v 0.10877277702093124 0.03508136048913002 0.076167032122612
v 0.10847008228302002 0.034254152327775955 0.0770215168595314
v 0.1053396612405777 0.03251389041543007 0.07929154485464096
v 0.10766778886318207 0.034430451691150665 0.07689590007066727
v 0.1073831245303154 0.03368169814348221 0.07782824337482452
v 0.10658291727304459 0.03374332934617996 0.07763119786977768
v 0.10631740093231201 0.03306598961353302 0.07865218818187714
v 0.10553508996963501 0.033001143485307693 0.07841029018163681
v 0.10459204763174057 0.032321251928806305 0.07902318984270096
v 0.10612427443265915 0.03258921205997467 0.0795077532529831
v 0.10711804777383804 0.03301442787051201 0.07882832735776901
v 0.10366665571928024 0.031446587294340134 0.07998299598693848
v 0.1388356238603592 0.03194557875394821 0.08663122355937958
v 0.1439780443906784 0.04355565831065178 0.08089137822389603
v 0.14429692924022675 0.04427558556199074 0.08311990648508072
v 0.14445868134498596 0.04464080557227135 0.0854494497179985
v 0.1413763016462326 0.03768168017268181 0.07418829947710037
v 0.14219136536121368 0.039521876722574234 0.07542751729488373
v 0.14290989935398102 0.04114411398768425 0.0769890546798706
v 0.14351122081279755 0.042501725256443024 0.07882796972990036
v 0.13859611749649048 0.031404826790094376 0.07270877063274384
v 0.13955242931842804 0.033563923090696335 0.07280908524990082
v 0.1404881328344345 0.035676468163728714 0.07330702990293503
v 0.13587675988674164 0.02526530809700489 0.0747651606798172
v 0.13673144578933716 0.02719496376812458 0.07370108366012573
v 0.13764667510986328 0.029261285439133644 0.07300898432731628
v 0.13390886783599854 0.02082238905131817 0.0798351913690567
v 0.13444487750530243 0.022032523527741432 0.0778769701719284
v 0.13510718941688538 0.023527830839157104 0.07617060095071793
v 0.14447902143001556 0.044686704874038696 0.08663122355937958
v 0.14445868134498596 0.04464080557227135 0.08781298995018005
v 0.1332734078168869 0.019387714564800262 0.08427619934082031
v 0.1335146129131317 0.019932251423597336 0.08198891580104828
v 0.133192241191864 0.01920444518327713 0.08663122355937958
v 0.13390886783599854 0.02082238905131817 0.09342724829912186
v 0.1335146129131317 0.019932251423597336 0.09127352386713028
v 0.1439780443906784 0.04355565831065178 0.09237106889486313
v 0.14351122081279755 0.042501725256443024 0.0944344699382782
v 0.14429692924022675 0.04427558556199074 0.09014253318309784
v 0.1332734078168869 0.019387714564800262 0.08898624777793884
v 0.13587675988674164 0.02526530809700489 0.09849727898836136
v 0.13510718941688538 0.023527830839157104 0.09709183871746063
v 0.13444487750530243 0.022032523527741432 0.09538546204566956
v 0.13859611749649048 0.031404826790094376 0.10055366158485413
v 0.13764667510986328 0.029261285439133644 0.10025345534086227
v 0.13673144578933716 0.02719496376812458 0.09956135600805283
v 0.1413763016462326 0.03768168017268181 0.09907414019107819
v 0.1404881328344345 0.035676468163728714 0.09995540231466293
v 0.13955242931842804 0.033563923090696335 0.10045335441827774
v 0.14290989935398102 0.04114411398768425 0.09627338498830795
v 0.14219136536121368 0.039521876722574234 0.09783492237329483
v 0.10283658653497696 0.030540501698851585 0.08106763660907745
v 0.10944478213787079 0.040094539523124695 0.0731327012181282
v 0.11024188995361328 0.03990931436419487 0.07330198585987091
v 0.10916005820035934 0.039043743163347244 0.07353504747152328
v 0.10838231444358826 0.039168305695056915 0.07324828207492828
v 0.10806583613157272 0.038087911903858185 0.0737820565700531
v 0.10732211172580719 0.038126952946186066 0.07339483499526978
v 0.10699629038572311 0.03708859905600548 0.07403745502233505
v 0.10630094259977341 0.03702265024185181 0.0735725685954094
v 0.10596655309200287 0.03601926192641258 0.07433401048183441
v 0.10533273220062256 0.03583568334579468 0.0738186165690422
v 0.105039581656456 0.03500097617506981 0.07457716763019562
v 0.1044815182685852 0.03469998016953468 0.07403410971164703
v 0.10413141548633575 0.033752892166376114 0.075062096118927
v 0.10365667194128036 0.033331919461488724 0.07452550530433655
v 0.10331057012081146 0.03244585171341896 0.07569026947021484
v 0.10329589247703552 0.03283708170056343 0.07396379858255386
v 0.11104441434144974 0.039679329842329025 0.073339082300663
v 0.10292769223451614 0.03191513195633888 0.07518558949232101
v 0.10299237817525864 0.031658247113227844 0.07693841308355331
v 0.10258933156728745 0.031097078695893288 0.07649415731430054
v 0.1099613606929779 0.03885865956544876 0.07369719445705414
v 0.10885079205036163 0.03797440603375435 0.0740569606423378
v 0.1077498197555542 0.037069953978061676 0.07440600544214249
v 0.10667432099580765 0.03611272946000099 0.07477149367332458
v 0.10568627715110779 0.03521214425563812 0.07506103813648224
v 0.10470700263977051 0.034088384360075 0.07555875927209854
v 0.10380444675683975 0.03290018439292908 0.0761725902557373
v 0.11076369881629944 0.03861825168132782 0.07373017817735672
v 0.11159197986125946 0.04202280193567276 0.07281548529863358
v 0.11079487204551697 0.042231347411870956 0.07276415079832077
v 0.1097344309091568 0.04123833775520325 0.07280571758747101
v 0.10867539048194885 0.04022981971502304 0.07283595949411392
v 0.10764998197555542 0.039228834211826324 0.072844959795475
v 0.10664056241512299 0.038090433925390244 0.07290621101856232
v 0.1056833490729332 0.036873962730169296 0.07302441447973251
v 0.10479064285755157 0.03556714579463005 0.0732397511601448
v 0.104027658700943 0.034317560493946075 0.07344698905944824
v 0.10369065403938293 0.03386436775326729 0.07283218204975128
v 0.10276293009519577 0.03110569529235363 0.07798275351524353
v 0.10234548151493073 0.030524080619215965 0.07758841663599014
v 0.10982879996299744 0.035572029650211334 0.07553637027740479
v 0.10903586447238922 0.035839274525642395 0.07550667226314545
v 0.10823079198598862 0.036021459847688675 0.07536616176366806
v 0.10796865820884705 0.03526129201054573 0.07603304088115692
v 0.10717152059078217 0.03534414619207382 0.07579926401376724
v 0.106868676841259 0.034502554684877396 0.07667969912290573
v 0.10184206068515778 0.029382625594735146 0.08055497705936432
v 0.10609480738639832 0.03446846455335617 0.07637888938188553
v 0.10580430924892426 0.03369312360882759 0.07735876739025116
v 0.10506858676671982 0.03353245556354523 0.0770183876156807
v 0.10479224473237991 0.032821640372276306 0.07810918241739273
v 0.10410889238119125 0.03253232315182686 0.07775697112083435
v 0.10390142351388931 0.03201644495129585 0.07870985567569733
v 0.1032862439751625 0.03160761669278145 0.0783599317073822
v 0.10304076969623566 0.031019078567624092 0.07969094812870026
v 0.10228880494832993 0.030002472922205925 0.08081690967082977
v 0.10250396281480789 0.03049684874713421 0.07937642186880112
v 0.10207042843103409 0.02989368885755539 0.07904772460460663
v 0.11045530438423157 0.03753882274031639 0.07424221187829971
v 0.10965482890605927 0.03778964281082153 0.07421180605888367
v 0.10854032635688782 0.036967240273952484 0.07466781884431839
v 0.10743618756532669 0.036113470792770386 0.07511879503726959
v 0.10640358924865723 0.03532760962843895 0.07547222822904587
v 0.10536754876375198 0.0343291275203228 0.07600176334381104
v 0.10439584404230118 0.03326571360230446 0.07661935687065125
v 0.10350348800420761 0.032141007483005524 0.07736317068338394
v 0.006446268875151873 0.07307928800582886 0.0567747987806797
v 0.004194635897874832 0.0705743059515953 0.06042982637882233
v 0.00419660285115242 0.07163596153259277 0.06242826581001282
v 0.0064495764672756195 0.07417251914739609 0.05933636426925659
v 0.004198487848043442 0.07253769785165787 0.06450232863426208
v 0.006452709436416626 0.07510469108819962 0.06195981800556183
v 0.004200269002467394 0.07330746948719025 0.06662751734256744
v 0.006455633789300919 0.075899638235569 0.06462700664997101
v 0.006442815065383911 0.07179046422243118 0.054304879158735275
v 0.004201937932521105 0.07396458834409714 0.06878887861967087
v 0.004204850643873215 0.07499198615550995 0.07318403571844101
v 0.0032461697701364756 0.07388235628604889 0.07479879260063171
v 0.004207101184874773 0.07569070905447006 0.07763941586017609
v 0.0024057256523519754 0.07329249382019043 0.0798162966966629
v 0.0024064145982265472 0.07360880821943283 0.083218052983284
v 0.0016846992075443268 0.07232564687728882 0.08377523720264435
v 0.001684855786152184 0.07241411507129669 0.08663122355937958
v 0.004192601889371872 0.06931125372648239 0.058550458401441574
v 0.006439242511987686 0.07025458663702011 0.05197955667972565
v 0.004190519452095032 0.06778492033481598 0.05687527358531952
v 0.006422501523047686 0.059485096484422684 0.049021199345588684
v 0.004183072596788406 0.060515813529491425 0.056165263056755066
v 0.004184134770184755 0.06149788945913315 0.05558907613158226
v 0.006426241714507341 0.06200389936566353 0.04782173037528992
v 0.004185199737548828 0.06257174164056778 0.05520222336053848
v 0.00642811506986618 0.06339775770902634 0.04764901474118233
v 0.004186268895864487 0.06370668113231659 0.05506395176053047
v 0.0064299930818378925 0.06479161232709885 0.04782173037528992
v 0.004187338054180145 0.0648416131734848 0.05520222336053848
v 0.00643186317756772 0.06610849499702454 0.04830416291952133
v 0.004188403952866793 0.06591547280550003 0.05558907613158226
v 0.00643372954800725 0.06731042265892029 0.049021199345588684
v 0.004189465194940567 0.06689754128456116 0.056165263056755066
v 0.006435581017285585 0.06839435547590256 0.049903128296136856
v 0.001086987555027008 0.0710909441113472 0.08663122355937958
v 0.004182018339633942 0.059628430753946304 0.05687527358531952
v 0.001086898148059845 0.0710190162062645 0.08892365545034409
v 0.000616271048784256 0.06969049572944641 0.08835500478744507
v 0.0006161444471217692 0.06952476501464844 0.09007295221090317
v 0.030582841485738754 0.049920082092285156 0.14933162927627563
v 0.02819489687681198 0.05100294202566147 0.15008008480072021
v 0.02819623425602913 0.04980071634054184 0.14776724576950073
v 0.025883477181196213 0.05090203508734703 0.1482938975095749
v 0.02588316798210144 0.04971235245466232 0.14605458080768585
v 0.02475706674158573 0.04970215633511543 0.14514240622520447
v 0.024755096063017845 0.04764150455594063 0.1405920386314392
v 0.023649346083402634 0.047677889466285706 0.13972283899784088
v 0.028193535283207893 0.05233187600970268 0.152322456240654
v 0.023646332323551178 0.04595676437020302 0.13511665165424347
v 0.021503781899809837 0.047847047448158264 0.13788598775863647
v 0.021499041467905045 0.046156782656908035 0.13344624638557434
v 0.01944742538034916 0.048136625438928604 0.1359233260154724
v 0.019441571086645126 0.0464857779443264 0.1316598653793335
v 0.017481813207268715 0.04853688180446625 0.13384148478507996
v 0.017475362867116928 0.04693342372775078 0.1297636330127716
v 0.015608490444719791 0.04903808981180191 0.13164706528186798
v 0.03057650290429592 0.05247323587536812 0.15402452647686005
v 0.02819216251373291 0.05381079018115997 0.1544686257839203
v 0.030573273077607155 0.05396796390414238 0.15623968839645386
v 0.00027602165937423706 0.06822958588600159 0.08892993628978729
v 0.0002759471535682678 0.0680384412407875 0.09006860107183456
v 6.955116987228394e-05 0.06691733747720718 0.08778184652328491
v 6.951391696929932e-05 0.0666792243719101 0.08891379088163376
v 0.0 0.06558956950902939 0.08663122355937958
v 0.030563408508896828 0.05971338227391243 0.16175243258476257
v 0.028187962248921394 0.059468794614076614 0.15978986024856567
v 0.030565064400434494 0.05859724059700966 0.1610206961631775
v 0.028188666328787804 0.05837326869368553 0.15908588469028473
v 0.03056672029197216 0.05754987895488739 0.16019192337989807
v 0.028189372271299362 0.05734363943338394 0.15828746557235718
v 0.03056836687028408 0.05656825751066208 0.15928605198860168
v 0.028190074488520622 0.05637717992067337 0.15741367638111115
v 0.030570007860660553 0.05564750358462334 0.1583177149295807
v 0.028190772980451584 0.05546941980719566 0.15647852420806885
v 0.00642065005376935 0.05840115621685982 0.049903128296136856
v 0.004179932177066803 0.05810210853815079 0.058550458401441574
v 0.006416987627744675 0.056540925055742264 0.05197955667972565
v 0.05139750614762306 0.07771782577037811 0.16463603079319
v 0.051408763974905014 0.07590505480766296 0.16701559722423553
v 0.05414150282740593 0.075595922768116 0.16734284162521362
v 0.054134223610162735 0.07743889838457108 0.1649705171585083
v 0.056860607117414474 0.07509154081344604 0.16749942302703857
v 0.05686011165380478 0.07697225362062454 0.16514752805233002
v 0.05958279222249985 0.07628241926431656 0.16516666114330292
v 0.056859616190195084 0.07864688336849213 0.1626441776752472
v 0.04866674169898033 0.07782837748527527 0.1641436517238617
v 0.056859131902456284 0.08015059679746628 0.16003437340259552
v 0.05685865134000778 0.08151042461395264 0.157346710562706
v 0.05960209667682648 0.08096509426832199 0.15743672847747803
v 0.0281988438218832 0.04770812764763832 0.14299353957176208
v 0.025882571935653687 0.047638874500989914 0.14142729341983795
v 0.02820134349167347 0.045951537787914276 0.13808591663837433
v 0.025881998240947723 0.045896049588918686 0.1366649568080902
v 0.048679884523153305 0.07603960484266281 0.1665182113647461
v 0.0459541380405426 0.07779157161712646 0.16349294781684875
v 0.04596769064664841 0.07602201402187347 0.16585123538970947
v 0.028178101405501366 0.07503113150596619 0.1544686257839203
v 0.030543509870767593 0.07390569895505905 0.1583177149295807
v 0.03054024651646614 0.07558523118495941 0.15623968839645386
v 0.03297575190663338 0.07440944761037827 0.159991055727005
v 0.032970450818538666 0.07610670477151871 0.15784940123558044
v 0.035472460091114044 0.07487426698207855 0.16149799525737762
v 0.03546498343348503 0.0765867531299591 0.15929822623729706
v 0.03802717849612236 0.07528481632471085 0.16283802688121796
v 0.03801757097244263 0.07701104134321213 0.16058653593063354
v 0.040632788091897964 0.07562433928251266 0.16401059925556183
v 0.0432821549475193 0.07587604969739914 0.16501517593860626
v 0.028203707188367844 0.04446551203727722 0.1330896019935608
v 0.025881454348564148 0.04442025348544121 0.1318129003047943
v 0.02820591814815998 0.04320627450942993 0.12803132832050323
v 0.025880945846438408 0.04316875711083412 0.12689808011054993
v 0.012127772904932499 0.04665011540055275 0.05694053694605827
v 0.012122813612222672 0.04577910155057907 0.060586459934711456
v 0.009054936468601227 0.047834280878305435 0.06385103613138199
v 0.009058882482349873 0.04861371964216232 0.060664281249046326
v 0.006397903431206942 0.05022123083472252 0.067326121032238
v 0.006400596350431442 0.050895873457193375 0.06462700664997101
v 0.004170600790530443 0.05344877392053604 0.06878887861967087
v 0.006403520703315735 0.05169082060456276 0.06195981800556183
v 0.004172265529632568 0.054105885326862335 0.06662751734256744
v 0.006406654138118029 0.05262299254536629 0.05933636426925659
v 0.004174049943685532 0.054875656962394714 0.06450232863426208
v 0.004175934940576553 0.05577739700675011 0.06242826581001282
v 0.004177901893854141 0.056839052587747574 0.06042982637882233
v 0.013805394060909748 0.044891357421875 0.05904407799243927
v 0.015601866878569126 0.04748939350247383 0.12776359915733337
v 0.01380064059048891 0.044127266854047775 0.06293883174657822
v 0.015579481609165668 0.04331164062023163 0.061671748757362366
v 0.015571572817862034 0.04213322699069977 0.06994713097810745
v 0.02820795401930809 0.0421433262526989 0.12292816489934921
v 0.02588047832250595 0.04211169853806496 0.12193769961595535
v 0.028209788724780083 0.04125473275780678 0.11779174208641052
v 0.025880059227347374 0.041227567940950394 0.11694353818893433
v 0.025879377499222755 0.03991926833987236 0.10688565671443939
v 0.023632561787962914 0.04004176706075668 0.1062680333852768
v 0.02363024838268757 0.03929044306278229 0.09646241366863251
v 0.021473733708262444 0.03959653154015541 0.09612822532653809
v 0.021472442895174026 0.039353568106889725 0.08663122355937958
v 0.01940872333943844 0.039828795939683914 0.08663122355937958
v 0.01941031403839588 0.04006693884730339 0.0774926245212555
v 0.01744091883301735 0.04068870097398758 0.07787396758794785
v 0.017445873469114304 0.041395403444767 0.069141685962677
v 0.013822526670992374 0.04814334958791733 0.12566591799259186
v 0.013816394843161106 0.046878717839717865 0.12190281599760056
v 0.012133163399994373 0.04767811298370361 0.11992716789245605
v 0.00027510523796081543 0.06357555836439133 0.09380117803812027
v 0.001081939903087914 0.06164197623729706 0.1009112223982811
v 0.0002751760184764862 0.06397885084152222 0.09422581642866135
v 0.0010815896093845367 0.06098189577460289 0.09995879977941513
v 0.002391822636127472 0.05884019657969475 0.10648078471422195
v 0.002390884095802903 0.058023400604724884 0.1049688309431076
v 0.004175934940576553 0.05577739700675011 0.11083417385816574
v 0.012127772904932499 0.04665011540055275 0.11632190644741058
v 0.010543104261159897 0.04758911207318306 0.11449239403009415
v 0.010534544475376606 0.04606831818819046 0.1076231598854065
v 0.009051376022398472 0.047180112451314926 0.10619734972715378
v 0.009045589715242386 0.04620801657438278 0.09971282631158829
v 0.007670976687222719 0.04837764799594879 0.10472618788480759
v 0.006391525734215975 0.04881173372268677 0.09771868586540222
v 0.006395474076271057 0.04965459182858467 0.10321345925331116
v 0.0041676838882267475 0.05242137238383293 0.10007841140031815
v 0.00523095577955246 0.0521414652466774 0.10657690465450287
v 0.004170600790530443 0.05344877392053604 0.10447356104850769
v 0.005235638935118914 0.05372186750173569 0.11137056350708008
v 0.004174049943685532 0.054875656962394714 0.10876010358333588
v 0.09763944894075394 0.024719180539250374 0.10410134494304657
v 0.09586498886346817 0.022297104820609093 0.10047388821840286
v 0.09764285385608673 0.024099957197904587 0.09976275265216827
v 0.019474562257528305 0.059981927275657654 0.15078029036521912
v 0.01947622001171112 0.06106659397482872 0.15114863216876984
v 0.017513545230031013 0.06102981045842171 0.14835229516029358
v 0.028187254443764687 0.06063077598810196 0.16037799417972565
v 0.02588522806763649 0.06036879122257233 0.15822044014930725
v 0.025885390117764473 0.06156165525317192 0.15864768624305725
v 0.023664163425564766 0.06132635101675987 0.156304270029068
v 0.023665014654397964 0.06253035366535187 0.1565595418214798
v 0.021528443321585655 0.062328677624464035 0.15404470264911652
v 0.021525759249925613 0.06003919616341591 0.15341384708881378
v 0.0215297881513834 0.06351570785045624 0.1541283130645752
v 0.02365410327911377 0.05089496821165085 0.14635521173477173
v 0.023655744269490242 0.05218750610947609 0.1484464854001999
v 0.02151384949684143 0.05226712301373482 0.14628049731254578
v 0.021516457200050354 0.053669530898332596 0.1481972634792328
v 0.019463079050183296 0.05381046235561371 0.14580611884593964
v 0.019466331228613853 0.05533047392964363 0.14751319587230682
v 0.0194795411080122 0.06333348900079727 0.15145806968212128
v 0.021524418145418167 0.058965977281332016 0.15290088951587677
v 0.02366245910525322 0.05905965715646744 0.15535825490951538
v 0.02366161160171032 0.05801340192556381 0.15471214056015015
v 0.017488546669483185 0.050436604768037796 0.1377892941236496
v 0.019453538581728935 0.05009419471025467 0.1400541514158249
v 0.021508732810616493 0.04985330253839493 0.14219136536121368
v 0.025884104892611504 0.05367512255907059 0.1525357961654663
v 0.024761194363236427 0.055254459381103516 0.15341033041477203
v 0.023657402023673058 0.05362178012728691 0.15044303238391876
v 0.023659074679017067 0.0552244558930397 0.15230676531791687
v 0.021519090980291367 0.05523412674665451 0.14998389780521393
v 0.02152174897491932 0.05699050426483154 0.1515825390815735
v 0.0194696132093668 0.05703376233577728 0.14903804659843445
v 0.025884583592414856 0.05620160326361656 0.1553744524717331
v 0.02588474377989769 0.0571507066488266 0.1562148481607437
v 0.02476225234568119 0.05707761272788048 0.15511631965637207
v 0.025884905830025673 0.05816034600138664 0.15698176622390747
v 0.017502645030617714 0.05550599843263626 0.14490243792533875
v 0.01562620885670185 0.05434022098779678 0.14061838388442993
v 0.015622559934854507 0.053068820387125015 0.1389588564634323
v 0.01749551109969616 0.052716098725795746 0.14152920246124268
v 0.017492005601525307 0.05152208358049393 0.13969239592552185
v 0.01945667341351509 0.051213692873716354 0.14204715192317963
v 0.023663310334086418 0.060166023671627045 0.15589654445648193
v 0.02152710035443306 0.061163388192653656 0.15380193293094635
v 0.019477879628539085 0.062189843505620956 0.1513788402080536
v 0.017517199739813805 0.06320509314537048 0.14864476025104523
v 0.04872988909482956 0.06680716574192047 0.17219369113445282
v 0.05008690804243088 0.06745388358831406 0.17238007485866547
v 0.050093237310647964 0.06597612053155899 0.17250020802021027
v 0.051448721438646317 0.06732480973005295 0.17260463535785675
v 0.051454465836286545 0.06584180146455765 0.172724649310112
v 0.025885066017508507 0.0592329315841198 0.15765705704689026
v 0.01561540737748146 0.05087147653102875 0.13540391623973846
v 0.01383576262742281 0.05138974264264107 0.13290509581565857
v 0.023652492091059685 0.049723003059625626 0.1441938877105713
v 0.021511273458600044 0.05100175365805626 0.14427052438259125
v 0.019459854811429977 0.052446093410253525 0.1439722329378128
v 0.017499061301350594 0.054036661982536316 0.14327727258205414
v 0.01562989130616188 0.05575322359800339 0.14215941727161407
v 0.025884423404932022 0.05530893802642822 0.15447402000427246
v 0.02147737145423889 0.04033703729510307 0.10559964925050735
v 0.01941031403839588 0.04006693884730339 0.09576981514692307
v 0.023629432544112206 0.03904404491186142 0.08663122355937958
v 0.025878777727484703 0.0389133058488369 0.08663122355937958
v 0.02821536920964718 0.038931090384721756 0.08663122355937958
v 0.03311266750097275 0.03909564018249512 0.08663122355937958
v 0.019414808601140976 0.04079246148467064 0.10488304495811462
v 0.01744091883301735 0.04068870097398758 0.09538847953081131
v 0.017445873469114304 0.041395403444767 0.10412074625492096
v 0.02363615483045578 0.04133821278810501 0.11601657420396805
v 0.023638367652893066 0.04221377521753311 0.12085580080747604
v 0.02148650586605072 0.042475972324609756 0.11968619376420975
v 0.021483028307557106 0.04161402955651283 0.11501403898000717
v 0.01942608878016472 0.04288656637072563 0.11843326687812805
v 0.019421793520450592 0.04204293340444565 0.11393968760967255
v 0.01745830662548542 0.043433815240859985 0.11710139364004135
v 0.017453569918870926 0.04261283203959465 0.11279730498790741
v 0.015571572817862034 0.04213322699069977 0.1033153161406517
v 0.015566487796604633 0.04144885390996933 0.0949854701757431
v 0.02821469120681286 0.0391802117228508 0.09705328941345215
v 0.02366076223552227 0.05702713131904602 0.1539774388074875
v 0.03311007469892502 0.039345934987068176 0.09754035621881485
v 0.028212770819664 0.03994065150618553 0.10745038092136383
v 0.03310275077819824 0.04011023789644241 0.10842571407556534
v 0.033024098724126816 0.05413401871919632 0.15784940123558044
v 0.033018797636032104 0.05583127960562706 0.159991055727005
v 0.033016130328178406 0.056763261556625366 0.16099052131175995
v 0.03301345184445381 0.0577581562101841 0.16192655265331268
v 0.03301076963543892 0.05882120132446289 0.16278398036956787
v 0.025883788242936134 0.05221555009484291 0.15046271681785583
v 0.03302934765815735 0.05262623354792595 0.1555701345205307
v 0.033039648085832596 0.05005555599927902 0.1507500857114792
v 0.03309137001633644 0.04143175855278969 0.11925800144672394
v 0.03308436647057533 0.042325910180807114 0.12464149296283722
v 0.03307660296559334 0.04339609667658806 0.1299932599067688
v 0.03306816890835762 0.04466481879353523 0.1353020966053009
v 0.03305914252996445 0.046163517981767654 0.1405515819787979
v 0.033049605786800385 0.047937601804733276 0.14571571350097656
v 0.04602961614727974 0.0646853968501091 0.17139989137649536
v 0.046022702008485794 0.06614437699317932 0.17151911556720734
v 0.04333442822098732 0.06609554588794708 0.17061366140842438
v 0.04601924866437912 0.06687597185373306 0.17148886620998383
v 0.04066183418035507 0.07010036706924438 0.16853629052639008
v 0.04065599665045738 0.07135934382677078 0.1678449660539627
v 0.03804660215973854 0.07106239348649979 0.16659104824066162
v 0.03805148974061012 0.06981881707906723 0.16726621985435486
v 0.035487573593854904 0.0706980898976326 0.1651557981967926
v 0.035491377115249634 0.06947169452905655 0.16581206023693085
v 0.03298646956682205 0.07028494030237198 0.1635420024394989
v 0.03298916667699814 0.0690777450799942 0.16417711973190308
v 0.04331473633646965 0.07029755413532257 0.16961899399757385
v 0.03055010922253132 0.06983982026576996 0.16175243258476257
v 0.030551768839359283 0.06865409016609192 0.162364661693573
v 0.02818230167031288 0.06937312334775925 0.15978986024856567
v 0.02818300761282444 0.0682111456990242 0.16037799417972565
v 0.02588636614382267 0.06889614462852478 0.15765705704689026
v 0.025886202231049538 0.06776028126478195 0.15822044014930725
v 0.04330819100141525 0.07157040387392044 0.168914794921875
v 0.04600198194384575 0.07039029151201248 0.17051103711128235
v 0.045995090156793594 0.07167579233646393 0.16979773342609406
v 0.03548377752304077 0.07184910029172897 0.16437353193759918
v 0.035479992628097534 0.07292599976062775 0.1634897142648697
v 0.03298109769821167 0.07248257845640182 0.16192655265331268
v 0.03298377990722656 0.07141952961683273 0.16278398036956787
v 0.030546797439455986 0.0720033124089241 0.16019192337989807
v 0.030548451468348503 0.07095596194267273 0.1610206961631775
v 0.028180891647934914 0.07149828970432281 0.15828746557235718
v 0.025886690244078636 0.07097837328910828 0.1562148481607437
v 0.051431525498628616 0.07146812230348587 0.1709919422864914
v 0.048706453293561935 0.07165046781301498 0.1704910546541214
v 0.048713140189647675 0.07035312801599503 0.17120912671089172
v 0.03545758128166199 0.07810556143522263 0.15696054697036743
v 0.038041725754737854 0.0722280740737915 0.16578711569309235
v 0.03296520188450813 0.07761450111865997 0.1555701345205307
v 0.030537012964487076 0.07707995921373367 0.15402452647686005
v 0.032954905182123184 0.080185167491436 0.1507500857114792
v 0.0329449437558651 0.08230312913656235 0.14571571350097656
v 0.030530676245689392 0.07963312417268753 0.14933162927627563
v 0.030524544417858124 0.08174010366201401 0.1444219946861267
v 0.028174029663205147 0.07904121279716492 0.14776724576950073
v 0.028171420097351074 0.08113379031419754 0.14299353957176208
v 0.025888262316584587 0.07841672003269196 0.14605458080768585
v 0.023682396858930588 0.07983706146478653 0.13972283899784088
v 0.023679250851273537 0.07779195159673691 0.1441938877105713
v 0.028176728636026382 0.07651004195213318 0.152322456240654
v 0.02588764578104019 0.07591352611780167 0.15046271681785583
v 0.023676002398133278 0.07532744854688644 0.1484464854001999
v 0.04598134756088257 0.07400035858154297 0.1679951399564743
v 0.04329513758420944 0.07387293130159378 0.1671341508626938
v 0.04064435884356499 0.07363893836736679 0.16609516739845276
v 0.03803686425089836 0.07331737130880356 0.16487979888916016
v 0.04065017029643059 0.07253828644752502 0.16702255606651306
v 0.040566083043813705 0.08366130292415619 0.14881959557533264
v 0.043184179812669754 0.08577439934015274 0.1440744400024414
v 0.037954073399305344 0.08505929261445999 0.14253856241703033
v 0.03797135502099991 0.08327359706163406 0.1479114294052124
v 0.038008060306310654 0.0785399079322815 0.15819697082042694
v 0.03798940032720566 0.08113842457532883 0.15315888822078705
v 0.03544306382536888 0.08069067448377609 0.1520250290632248
v 0.03542901948094368 0.08281742036342621 0.14687784016132355
v 0.032935407012701035 0.08407720923423767 0.1405515819787979
v 0.0484488345682621 0.09342034161090851 0.09254813939332962
v 0.04869978502392769 0.07286451756954193 0.1696377843618393
v 0.045988209545612335 0.07287848740816116 0.16895009577274323
v 0.04330165684223175 0.07276157289743423 0.16807761788368225
v 0.05408612638711929 0.08608653396368027 0.14590321481227875
v 0.05132310092449188 0.08617790788412094 0.14559276401996613
v 0.04857988283038139 0.08614835888147354 0.14518679678440094
v 0.04586457833647728 0.08600965887308121 0.14468182623386383
v 0.04594072327017784 0.07935607433319092 0.16099469363689423
v 0.02587893418967724 0.03916163370013237 0.09677112102508545
v 0.002393782138824463 0.0609801821410656 0.06409639865159988
v 0.0023927914444357157 0.059810325503349304 0.06536098569631577
v 0.001081939903087914 0.06164197623729706 0.07235122472047806
v 0.0010815896093845367 0.06098189577460289 0.07330364733934402
v 0.0002750381827354431 0.06323979794979095 0.07993906736373901
v 0.0010809228988364339 0.059950992465019226 0.07537144422531128
v 0.00027490779757499695 0.062714122235775 0.08097691088914871
v 0.0010803230106830597 0.05919783189892769 0.0775507315993309
v 0.00027479231357574463 0.06232893839478493 0.08207106590270996
v 0.0010798202129080892 0.05865310877561569 0.07978669553995132
v 0.00027469173073768616 0.06204961612820625 0.083193838596344
v 0.0002745501697063446 0.061709269881248474 0.08663122355937958
v 0.0002746172249317169 0.06185847520828247 0.08433251082897186
v 0.0010791793465614319 0.058063533157110214 0.08433878421783447
v 0.0010794289410114288 0.05828120559453964 0.08205409348011017
v 0.0023851990699768066 0.054575081914663315 0.083218052983284
v 0.0023858884815126657 0.05489139258861542 0.0798162966966629
v 0.0023869574069976807 0.05543278902769089 0.07644001394510269
v 0.002388346940279007 0.05622740089893341 0.07311006635427475
v 0.009051376022398472 0.047180112451314926 0.06706508994102478
v 0.010534544475376606 0.04606831818819046 0.06563928723335266
v 0.009041869081556797 0.045642346143722534 0.08008010685443878
v 0.010527939535677433 0.04503776505589485 0.0725969597697258
v 0.012106389738619328 0.04333353415131569 0.07914285361766815
v 0.012111068703234196 0.04396400600671768 0.0716773048043251
v 0.013787936419248581 0.04233444109559059 0.07870035618543625
v 0.0137929143384099 0.042993299663066864 0.07079318165779114
v 0.015566487796604633 0.04144885390996933 0.07827696949243546
v 0.0041676838882267475 0.05242137238383293 0.07318403571844101
v 0.002390884095802903 0.058023400604724884 0.06829361617565155
v 0.0023899900261312723 0.057328663766384125 0.06986363232135773
v 0.0041639916598796844 0.05131504312157631 0.0821278989315033
v 0.006395474076271057 0.04965459182858467 0.0700489729642868
v 0.004165437538176775 0.05172264575958252 0.07763941586017609
v 0.006388985086232424 0.048320699483156204 0.08107851445674896
v 0.006391525734215975 0.04881173372268677 0.07554375380277634
v 0.048966486006975174 0.04107750207185745 0.05123428627848625
v 0.051654260605573654 0.040497709065675735 0.05097910761833191
v 0.051678430289030075 0.03909868374466896 0.06281978636980057
v 0.048994701355695724 0.039706118404865265 0.06299178302288055
v 0.051693983376026154 0.038289230316877365 0.07471360266208649
v 0.04901285469532013 0.03891279920935631 0.07480011880397797
v 0.05169948562979698 0.03802405670285225 0.08663122355937958
v 0.04901927709579468 0.0386529378592968 0.08663122355937958
v 0.04894912987947464 0.04200535640120506 0.04538683220744133
v 0.051693983376026154 0.038289230316877365 0.09854883700609207
v 0.04901285469532013 0.03891279920935631 0.09846232086420059
v 0.051678430289030075 0.03909868374466896 0.11044265329837799
v 0.048994701355695724 0.039706118404865265 0.110270656645298
v 0.051654260605573654 0.040497709065675735 0.12228333204984665
v 0.05163940042257309 0.0414440780878067 0.12817098200321198
v 0.05163940042257309 0.0414440780878067 0.04509145766496658
v 0.009045589715242386 0.04620801657438278 0.07354961335659027
v 0.046311017125844955 0.03929853066802025 0.09835845232009888
v 0.04631764441728592 0.03904230520129204 0.08663122355937958
v 0.046311017125844955 0.03929853066802025 0.07490399479866028
v 0.04629230126738548 0.04008079320192337 0.06319896876811981
v 0.046263210475444794 0.04143321141600609 0.051543548703193665
v 0.04624531418085098 0.04234832897782326 0.045746371150016785
v 0.051622916013002396 0.04257666692137718 0.13402681052684784
v 0.012118340469896793 0.04504859447479248 0.06426260620355606
v 0.001082301139831543 0.06243635341525078 0.07150426506996155
v 0.0002751760184764862 0.06397885084152222 0.07903661578893661
v 0.0010826700599864125 0.0634041503071785 0.0708564817905426
v 0.000275246798992157 0.0644691213965416 0.07871213555335999
v 0.0010828524827957153 0.06395760923624039 0.07066244632005692
v 0.0002753213047981262 0.06504402309656143 0.07858043909072876
v 0.0010830388637259603 0.0645412728190422 0.07059325277805328
v 0.0010832250118255615 0.06512494385242462 0.07066244632005692
v 0.002395298331975937 0.06322769820690155 0.06283698230981827
v 0.002396315336227417 0.0649561956524849 0.06283698230981827
v 0.002396821975708008 0.06577491760253906 0.06312765181064606
v 0.0023973286151885986 0.0665249228477478 0.06356128305196762
v 0.0010834075510501862 0.06567839533090591 0.0708564817905426
v 0.002394791692495346 0.06240897253155708 0.06312765181064606
v 0.0023942850530147552 0.06165897101163864 0.06356128305196762
v 0.009067758917808533 0.050611816346645355 0.054414574056863785
v 0.009063170291483402 0.049532923847436905 0.0575142577290535
v 0.0023958049714565277 0.06409194320440292 0.0627332255244255
v 0.000275392085313797 0.06561893969774246 0.07871213555335999
v 0.00027510523796081543 0.06357555836439133 0.07946126908063889
v 0.002391822636127472 0.05884019657969475 0.0667816549539566
v 0.05160500109195709 0.04391935467720032 0.13983961939811707
v 0.05158583074808121 0.045505691319704056 0.14559276401996613
v 0.04888659343123436 0.045989688485860825 0.14518679678440094
v 0.04886295646429062 0.04783425107598305 0.1508225053548813
v 0.04615645855665207 0.048099640756845474 0.15027204155921936
v 0.04613100364804268 0.050278015434741974 0.15573784708976746
v 0.04343733564019203 0.050379835069179535 0.15501289069652557
v 0.04341232404112816 0.053010862320661545 0.16021279990673065
v 0.04074883460998535 0.05299462005496025 0.15928064286708832
v 0.04073747247457504 0.05453368276357651 0.1617148220539093
v 0.03811478987336159 0.054438237100839615 0.16058653593063354
v 0.038105182349681854 0.0561644621193409 0.16283802688121796
v 0.035525619983673096 0.05795827507972717 0.1634897142648697
v 0.03553315997123718 0.056010011583566666 0.16149799525737762
v 0.0355406329035759 0.05429752916097641 0.15929822623729706
v 0.038194648921489716 0.044882889837026596 0.13708378374576569
v 0.04350660741329193 0.044894587248563766 0.13846303522586823
v 0.03817828372120857 0.04638998210430145 0.14253856241703033
v 0.043484676629304886 0.04641668498516083 0.1440744400024414
v 0.038161005824804306 0.04817568510770798 0.1479114294052124
v 0.04346152022480965 0.048220906406641006 0.14960543811321259
v 0.040771130472421646 0.050381530076265335 0.15415404736995697
v 0.03812430426478386 0.052909377962350845 0.15819697082042694
v 0.04618082940578461 0.04627908766269684 0.14468182623386383
v 0.04890897497534752 0.04443305358290672 0.13946832716464996
v 0.04352709650993347 0.04360707849264145 0.13279606401920319
v 0.03554803505539894 0.05277871713042259 0.15696054697036743
v 0.035562556236982346 0.05019359663128853 0.1520250290632248
v 0.038142960518598557 0.050310853868722916 0.15315888822078705
v 0.0382099412381649 0.04360780119895935 0.13157223165035248
v 0.038275282829999924 0.039288464933633804 0.08663122355937958
v 0.03827058523893356 0.03953981772065163 0.09793171286582947
v 0.03825731575489044 0.040307339280843735 0.10920961946249008
v 0.03823668882250786 0.04163450747728348 0.12043707817792892
v 0.0382240004837513 0.042532626539468765 0.12601976096630096
v 0.04354595020413399 0.042521536350250244 0.12708909809589386
v 0.04354595020413399 0.042521536350250244 0.046173345297575
v 0.04356295242905617 0.04161478951573372 0.05190984532237053
v 0.043590594083070755 0.040274832397699356 0.06344346702098846
v 0.04629230126738548 0.04008079320192337 0.11006346344947815
v 0.04360838234424591 0.03949981927871704 0.07502632588148117
v 0.04361467435956001 0.03924598544836044 0.08663122355937958
v 0.04360838234424591 0.03949981927871704 0.09823612123727798
v 0.043590594083070755 0.040274832397699356 0.1098189726471901
v 0.046263210475444794 0.04143321141600609 0.1217188909649849
v 0.048966486006975174 0.04107750207185745 0.1220281571149826
v 0.04894912987947464 0.04200535640120506 0.12787561118602753
v 0.04892989248037338 0.0431160107254982 0.13369259238243103
v 0.04624531418085098 0.04234832897782326 0.12751607596874237
v 0.046225473284721375 0.04344385117292404 0.13328349590301514
v 0.04873323813080788 0.06606902927160263 0.17222413420677185
v 0.04873659089207649 0.0653308853507042 0.17219369113445282
v 0.03827058523893356 0.03953981772065163 0.0753307193517685
v 0.04356295242905617 0.04161478951573372 0.12135259062051773
v 0.051460206508636475 0.06435878574848175 0.17260463535785675
v 0.04873994365334511 0.0645970031619072 0.1721040904521942
v 0.051465947180986404 0.06290971487760544 0.17225861549377441
v 0.0515444315969944 0.04962948337197304 0.1567956656217575
v 0.04620390757918358 0.044743139296770096 0.13901065289974213
v 0.01389330718666315 0.07478393614292145 0.13290509581565857
v 0.012198940850794315 0.07218225300312042 0.1334662288427353
v 0.013886313885450363 0.07267774641513824 0.1362687051296234
v 0.015674274414777756 0.07537810504436493 0.13540391623973846
v 0.0156811885535717 0.07721149921417236 0.13164706528186798
v 0.012205519713461399 0.07418902218341827 0.13029992580413818
v 0.012211882509291172 0.07586689293384552 0.1269470602273941
v 0.028168922290205956 0.08289038389921188 0.13808591663837433
v 0.015663476660847664 0.07190936803817749 0.14061838388442993
v 0.01566712185740471 0.07318076491355896 0.1389588564634323
v 0.0121955880895257 0.07102367281913757 0.13494102656841278
v 0.012164700776338577 0.05643342435359955 0.13630768656730652
v 0.012168113142251968 0.05786527693271637 0.13752150535583496
v 0.009090983308851719 0.05859242007136345 0.1310703456401825
v 0.009093716740608215 0.059999655932188034 0.13192610442638397
v 0.006424367893487215 0.06068701669573784 0.12495827674865723
v 0.006426241714507341 0.06200389936566353 0.12544071674346924
v 0.004185199737548828 0.06257174164056778 0.11806021630764008
v 0.004186268895864487 0.06370668113231659 0.11819849163293839
v 0.0023958049714565277 0.06409194320440292 0.11052922159433365
v 0.015659790486097336 0.07049636542797089 0.14215941727161407
v 0.021550843492150307 0.07717810571193695 0.14219136536121368
v 0.019505541771650314 0.07657279074192047 0.1400541514158249
v 0.019499225541949272 0.07422088086605072 0.1439722329378128
v 0.01753889210522175 0.07369409501552582 0.14152920246124268
v 0.023685408756136894 0.08155819028615952 0.13511665165424347
v 0.019517509266734123 0.08018120378255844 0.1316598653793335
v 0.012223740108311176 0.07849396765232086 0.11992716789245605
v 0.048453617841005325 0.09322524815797806 0.09846232086420059
v 0.04305579140782356 0.09288184344768524 0.09243498742580414
v 0.04306047782301903 0.09269127249717712 0.09823612123727798
v 0.037858277559280396 0.092098169028759 0.09228281676769257
v 0.03786177560687065 0.09190946817398071 0.09793171286582947
v 0.00419660285115242 0.07163596153259277 0.11083417385816574
v 0.03288254141807556 0.09108271449804306 0.09208721667528152
v 0.03288447484374046 0.09089479595422745 0.09754035621881485
v 0.028155066072940826 0.08984874933958054 0.09184375405311584
v 0.028155574575066566 0.08966170996427536 0.09705328941345215
v 0.023702101781964302 0.08840949088335037 0.09154835343360901
v 0.023701492697000504 0.08822450786828995 0.09646241366863251
v 0.019549952819943428 0.08677880465984344 0.09120204299688339
v 0.019548768177628517 0.08660004287958145 0.09576981514692307
v 0.009110149927437305 0.06904186308383942 0.13002024590969086
v 0.00772055285051465 0.06871265172958374 0.12673255801200867
v 0.00643372954800725 0.06731042265892029 0.12424124032258987
v 0.009112843312323093 0.07018069922924042 0.1288352608680725
v 0.01951165683567524 0.07853035628795624 0.1359233260154724
v 0.015687815845012665 0.07876019924879074 0.12776359915733337
v 0.012217973358929157 0.07728629559278488 0.12347666174173355
v 0.009107434190809727 0.067775659263134 0.1310703456401825
v 0.012188784778118134 0.0683068037033081 0.13752150535583496
v 0.012192200869321823 0.06973865628242493 0.13630768656730652
v 0.015656080096960068 0.06891784071922302 0.14353173971176147
v 0.015724536031484604 0.08496946841478348 0.09080981463193893
v 0.009088266640901566 0.057326216250658035 0.13002024590969086
v 0.009085573256015778 0.05618738383054733 0.1288352608680725
v 0.012161314487457275 0.0551484189927578 0.13494102656841278
v 0.010570522397756577 0.054545529186725616 0.13055892288684845
v 0.012157962657511234 0.05398982763290405 0.1334662288427353
v 0.010564547032117844 0.052645985037088394 0.12759549915790558
v 0.012151382863521576 0.0519830659031868 0.13029992580413818
v 0.00027479231357574463 0.06232893839478493 0.0911913812160492
v 6.924942135810852e-05 0.0637068897485733 0.08778184652328491
v 0.00642065005376935 0.05840115621685982 0.123359315097332
v 0.0023899900261312723 0.057328663766384125 0.10339880734682083
v 0.002388346940279007 0.05622740089893341 0.1001523807644844
v 0.0010809228988364339 0.059950992465019226 0.09789100289344788
v 0.0010803230106830597 0.05919783189892769 0.09571170806884766
v 0.00027490779757499695 0.062714122235775 0.09228552877902985
v 0.006422501523047686 0.059485096484422684 0.12424124032258987
v 0.004183072596788406 0.060515813529491425 0.11709718406200409
v 0.004184134770184755 0.06149788945913315 0.1176733672618866
v 0.002395298331975937 0.06322769820690155 0.11042545735836029
v 0.0010830388637259603 0.0645412728190422 0.10266919434070587
v 0.0002750381827354431 0.06323979794979095 0.09332337230443954
v 0.0010828524827957153 0.06395760923624039 0.10259998589754105
v 0.002394791692495346 0.06240897253155708 0.1101347878575325
v 6.924942135810852e-05 0.0637068897485733 0.08548059314489365
v 6.923452019691467e-05 0.06363122165203094 0.08663122355937958
v 0.0002746172249317169 0.06185847520828247 0.08892993628978729
v 0.00027469173073768616 0.06204961612820625 0.09006860107183456
v 0.0010798202129080892 0.05865310877561569 0.09347575157880783
v 0.0023869574069976807 0.05543278902769089 0.09682243317365646
v 0.015723194926977158 0.08480073511600494 0.0949854701757431
v 0.013941132463514805 0.08383924514055252 0.09456208348274231
v 0.012245831079781055 0.08220808207988739 0.10158513486385345
v 0.0002753213047981262 0.06504402309656143 0.0946819931268692
v 0.000275392085313797 0.06561893969774246 0.09455029666423798
v 0.00911551434546709 0.07120928168296814 0.1275542676448822
v 0.007725079078227282 0.07073008269071579 0.12445975840091705
v 0.006435581017285585 0.06839435547590256 0.123359315097332
v 0.0010832250118255615 0.06512494385242462 0.10259998589754105
v 0.004190519452095032 0.06778492033481598 0.11638716608285904
v 0.004189465194940567 0.06689754128456116 0.11709718406200409
v 0.002397831529378891 0.06720370799303055 0.10916603356599808
v 0.0023973286151885986 0.0665249228477478 0.10970115661621094
v 0.0010837763547897339 0.06664618849754333 0.10175817459821701
v 0.0010834075510501862 0.06567839533090591 0.10240595787763596
v 0.0002754628658294678 0.06610920280218124 0.09422581642866135
v 0.002396315336227417 0.0649561956524849 0.11042545735836029
v 0.002396821975708008 0.06577491760253906 0.1101347878575325
v 0.019486170262098312 0.06772168725728989 0.15029291808605194
v 0.0194894690066576 0.06963322311639786 0.14903804659843445
v 0.017524508759379387 0.06741920858621597 0.14754225313663483
v 0.01565234363079071 0.06715312600135803 0.14465683698654175
v 0.015648595988750458 0.06520271301269531 0.1454208940267563
v 0.012185354717075825 0.0667111799120903 0.13851343095302582
v 0.012181904166936874 0.06495366245508194 0.1391846239566803
v 0.009104699827730656 0.06636842340230942 0.13192610442638397
v 0.009101958014070988 0.06482288241386414 0.13250336050987244
v 0.00643186317756772 0.06610849499702454 0.12495827674865723
v 0.0064299930818378925 0.06479161232709885 0.12544071674346924
v 0.004188403952866793 0.06591547280550003 0.1176733672618866
v 0.004187338054180145 0.0648416131734848 0.11806021630764008
v 0.00027553364634513855 0.06651250272989273 0.09380117803812027
v 0.017545852810144424 0.07597359269857407 0.1377892941236496
v 0.002400726079940796 0.07016048580408096 0.1049688309431076
v 0.0016816742718219757 0.06999808549880981 0.10066016763448715
v 0.0010851548286154866 0.06913156062364578 0.09789100289344788
v 0.019492749124765396 0.07133650779724121 0.14751319587230682
v 0.019496003165841103 0.07285651564598083 0.14580611884593964
v 0.02154572866857052 0.07476428896188736 0.14628049731254578
v 0.013829001225531101 0.04963051155209541 0.12934671342372894
v 0.012145020999014378 0.05030518397688866 0.1269470602273941
v 0.012250510044395924 0.08283854275941849 0.09411957859992981
v 0.012238562107086182 0.08112349361181259 0.1089998409152031
v 0.0052831438370049 0.07744983583688736 0.08663122355937958
v 0.005282450933009386 0.07730147987604141 0.09166496992111206
v 0.006468143779784441 0.07863648235797882 0.08663122355937958
v 0.006467245984822512 0.07847481220960617 0.0921839252114296
v 0.007760804612189531 0.07979101687669754 0.08663122355937958
v 0.00775969447568059 0.07961675524711609 0.09269014000892639
v 0.009157867170870304 0.08091181516647339 0.08663122355937958
v 0.004207101184874773 0.07569070905447006 0.09562302380800247
v 0.004204850643873215 0.07499198615550995 0.10007841140031815
v 0.005268797744065523 0.07336132973432541 0.11137056350708008
v 0.004198487848043442 0.07253769785165787 0.10876010358333588
v 0.0032416731119155884 0.07170206308364868 0.10610082000494003
v 0.000275246798992157 0.0644691213965416 0.09455029666423798
v 0.0010826700599864125 0.0634041503071785 0.10240595787763596
v 0.001082301139831543 0.06243635341525078 0.10175817459821701
v 0.0023942850530147552 0.06165897101163864 0.10970115661621094
v 0.002393782138824463 0.0609801821410656 0.10916603356599808
v 0.004182018339633942 0.059628430753946304 0.11638716608285904
v 0.004179932177066803 0.05810210853815079 0.11471197754144669
v 0.006416987627744675 0.056540925055742264 0.12128289043903351
v 0.0064134192653000355 0.05500505119562149 0.11895755678415298
v 0.009077668190002441 0.05337377265095711 0.12479890882968903
v 0.009072605520486832 0.05187848582863808 0.12187625467777252
v 0.010558773763477802 0.05105622112751007 0.12445469200611115
v 0.013842754997313023 0.053495943546295166 0.1362687051296234
v 0.002401624107733369 0.07085522264242172 0.10339880734682083
v 0.017520857974886894 0.06538038700819016 0.14835229516029358
v 0.015644842758774757 0.06312479078769684 0.14569634199142456
v 0.0121784508228302 0.06308604031801224 0.13942591845989227
v 0.009099208749830723 0.06318403780460358 0.13271044194698334
v 0.00642811506986618 0.06339775770902634 0.12561342120170593
v 0.012118340469896793 0.04504859447479248 0.1089998409152031
v 0.012111068703234196 0.04396400600671768 0.10158513486385345
v 0.01380064059048891 0.044127266854047775 0.11032360792160034
v 0.013810664415359497 0.045802704989910126 0.1180817261338234
v 0.015589733608067036 0.04505374655127525 0.11976685374975204
v 0.015595597214996815 0.04617316275835037 0.12379515916109085
v 0.017463555559515953 0.04441367834806442 0.12137232720851898
v 0.017469258978962898 0.045571453869342804 0.12559863924980164
v 0.010527939535677433 0.04503776505589485 0.10066547989845276
v 0.019430849701166153 0.04389381781220436 0.12289316952228546
v 0.019436031579971313 0.045084450393915176 0.1273077130317688
v 0.021490363404154778 0.04350549355149269 0.12432438880205154
v 0.021494558081030846 0.044723011553287506 0.12891681492328644
v 0.023640817031264305 0.04326003044843674 0.12566103041172028
v 0.023643482476472855 0.04449799656867981 0.13042040169239044
v 0.012106389738619328 0.04333353415131569 0.09411957859992981
v 0.009041869081556797 0.045642346143722534 0.09318233281373978
v 0.0137929143384099 0.042993299663066864 0.10246925801038742
v 0.01564108580350876 0.061046868562698364 0.1454208940267563
v 0.017439167946577072 0.04045665264129639 0.08663122355937958
v 0.015564684756100178 0.04122406244277954 0.08663122355937958
v 0.013786178082227707 0.042117949575185776 0.08663122355937958
v 0.013787936419248581 0.04233444109559059 0.09456208348274231
v 0.012104734778404236 0.04312629997730255 0.08663122355937958
v 0.015579481609165668 0.04331164062023163 0.11159069836139679
v 0.009058882482349873 0.04861371964216232 0.11259815841913223
v 0.009063170291483402 0.049532923847436905 0.11574818193912506
v 0.012174997478723526 0.061218421906232834 0.1391846239566803
v 0.007677305955439806 0.049717966467142105 0.11064417660236359
v 0.006403520703315735 0.05169082060456276 0.11130262166261673
v 0.006400596350431442 0.050895873457193375 0.10863543301820755
v 0.00908290222287178 0.055158793926239014 0.1275542676448822
v 0.015637336298823357 0.05909646302461624 0.14465683698654175
v 0.017506256699562073 0.05714986100792885 0.14635181427001953
v 0.01750989444553852 0.05899098515510559 0.14754225313663483
v 0.006409962195903063 0.05371622368693352 0.11648763716220856
v 0.006406654138118029 0.05262299254536629 0.11392607539892197
v 0.009067758917808533 0.050611816346645355 0.11884786933660507
v 0.010553237050771713 0.04971043020486832 0.12120193988084793
v 0.012138930149376392 0.048885785043239594 0.12347666174173355
v 0.02152308262884617 0.0579497329890728 0.1522843986749649
v 0.019472908228635788 0.05894528701901436 0.15029291808605194
v 0.03300807625055313 0.059955794364213943 0.1635420024394989
v 0.030561750754714012 0.06089911609888077 0.162364661693573
v 0.028186550363898277 0.0618528351187706 0.16082459688186646
v 0.025885552167892456 0.0628008246421814 0.1589154303073883
v 0.03552183881402016 0.059035178273916245 0.16437353193759918
v 0.02366587147116661 0.06375747919082642 0.15664754807949066
v 0.021531132981181145 0.06470273435115814 0.15404470264911652
v 0.01948286034166813 0.06560038775205612 0.15114863216876984
v 0.03809550032019615 0.058131903409957886 0.16487979888916016
v 0.05156558007001877 0.04738439619541168 0.15125992894172668
v 0.04883826524019241 0.05004042759537697 0.15633130073547363
v 0.046104684472084045 0.05293266847729683 0.16099469363689423
v 0.04339957609772682 0.05456140637397766 0.16268347203731537
v 0.04072599112987518 0.05627325549721718 0.16401059925556183
v 0.013822526670992374 0.04814334958791733 0.0475965291261673
v 0.015633603557944298 0.05733174458146095 0.14353173971176147
v 0.012171548791229725 0.05946090817451477 0.13851343095302582
v 0.0063880872912704945 0.048159025609493256 0.08663122355937958
v 0.009040549397468567 0.04545626416802406 0.08663122355937958
v 0.004163477569818497 0.051180701702833176 0.08663122355937958
v 0.002384953433647752 0.05447070300579071 0.08663122355937958
v 0.006388985086232424 0.048320699483156204 0.0921839252114296
v 0.004165437538176775 0.05172264575958252 0.09562302380800247
v 0.0041639916598796844 0.05131504312157631 0.09113454073667526
v 0.0023858884815126657 0.05489139258861542 0.09344614297151566
v 0.0023851990699768066 0.054575081914663315 0.09004439413547516
v 0.0010794289410114288 0.05828120559453964 0.09120833873748779
v 0.0010791793465614319 0.058063533157110214 0.08892365545034409
v 0.0010790899395942688 0.05799160152673721 0.08663122355937958
v 0.004177901893854141 0.056839052587747574 0.11283261328935623
v 0.0023927914444357157 0.059810325503349304 0.10790145397186279
v 0.009096458554267883 0.06154520437121391 0.13250336050987244
v 0.015595597214996815 0.04617316275835037 0.049467287957668304
v 0.015601866878569126 0.04748939350247383 0.04549883306026459
v 0.017469258978962898 0.045571453869342804 0.04766380041837692
v 0.023672668263316154 0.07229050248861313 0.020955676212906837
v 0.023670978844165802 0.07048781961202621 0.01928500272333622
v 0.025886690244078636 0.07097837328910828 0.017047585919499397
v 0.028180891647934914 0.07149828970432281 0.014974967576563358
v 0.030548451468348503 0.07095596194267273 0.012241743505001068
v 0.03298377990722656 0.07141952961683273 0.010478460229933262
v 0.03548377752304077 0.07184910029172897 0.008888915181159973
v 0.038041725754737854 0.0722280740737915 0.0074753244407474995
v 0.019496003165841103 0.07285651564598083 0.02745632268488407
v 0.015663476660847664 0.07190936803817749 0.03264405578374863
v 0.03802717849612236 0.07528481632471085 0.010424412786960602
v 0.03803686425089836 0.07331737130880356 0.008382640779018402
v 0.035479992628097534 0.07292599976062775 0.009772725403308868
v 0.035472460091114044 0.07487426698207855 0.011764445342123508
v 0.03298109769821167 0.07248257845640182 0.011335895396769047
v 0.03297575190663338 0.07440944761037827 0.01327139139175415
v 0.030546797439455986 0.0720033124089241 0.013070524670183659
v 0.030543509870767593 0.07390569895505905 0.014944733120501041
v 0.02817949280142784 0.0733724981546402 0.016783922910690308
v 0.025887010619044304 0.07282013446092606 0.018788421526551247
v 0.023674344643950462 0.07389316707849503 0.022819414734840393
v 0.04065017029643059 0.07253828644752502 0.006239883601665497
v 0.040632788091897964 0.07562433928251266 0.009251841343939304
v 0.04330165684223175 0.07276157289743423 0.005184821784496307
v 0.0380563847720623 0.06850389391183853 0.00548119843006134
v 0.03549518436193466 0.06817642599344254 0.006950274109840393
v 0.03299186751246452 0.06780445575714111 0.008601882494986057
v 0.030553430318832397 0.06740520894527435 0.010432310402393341
v 0.028183715417981148 0.06698908656835556 0.012437842786312103
v 0.025886040180921555 0.06656742095947266 0.014614761807024479
v 0.023667579516768456 0.06618860363960266 0.01695817895233631
v 0.02153247408568859 0.06586802005767822 0.01946049928665161
v 0.04066767916083336 0.06876792013645172 0.0041983649134635925
v 0.04332130029797554 0.06894956529140472 0.0031054988503456116
v 0.045988209545612335 0.07287848740816116 0.0043123443610966206
v 0.04869978502392769 0.07286451756954193 0.003624655306339264
v 0.051425810903310776 0.07269388437271118 0.0031239762902259827
v 0.05008057877421379 0.06889760494232178 0.001228802022524178
v 0.04871983081102371 0.06897901743650436 0.0015045180916786194
v 0.0460088811814785 0.06902851909399033 0.002206310862675309
v 0.048726532608270645 0.06754104048013687 0.0011583566665649414
v 0.04064435884356499 0.07363893836736679 0.007167280185967684
v 0.0432821549475193 0.07587604969739914 0.00824726466089487
v 0.04329513758420944 0.07387293130159378 0.006128288805484772
v 0.02588733099400997 0.07445394992828369 0.02072664350271225
v 0.028178101405501366 0.07503113150596619 0.01879381388425827
v 0.03054024651646614 0.07558523118495941 0.0170227512717247
v 0.032970450818538666 0.07610670477151871 0.015413030982017517
v 0.03546498343348503 0.0765867531299591 0.013964221812784672
v 0.03801757097244263 0.07701104134321213 0.012675897218286991
v 0.04307826980948448 0.09191626310348511 0.06344346702098846
v 0.019523046910762787 0.08158253133296967 0.045954734086990356
v 0.023690924048423767 0.0842549204826355 0.04760142043232918
v 0.028162309899926186 0.08669859915971756 0.05033427104353905
v 0.03290317952632904 0.08880896866321564 0.05400443822145462
v 0.03788451850414276 0.09055245667695999 0.05843064561486244
v 0.040621306747198105 0.07736390829086304 0.011547625064849854
v 0.04326928034424782 0.07762967795133591 0.010578968562185764
v 0.04598134756088257 0.07400035858154297 0.005267292261123657
v 0.04869312793016434 0.07399730384349823 0.0045859296806156635
v 0.05142011120915413 0.07383858412504196 0.004085838794708252
v 0.051408763974905014 0.07590505480766296 0.006246842909604311
v 0.048679884523153305 0.07603960484266281 0.006744228769093752
v 0.04596769064664841 0.07602201402187347 0.00741121219471097
v 0.0459541380405426 0.07779157161712646 0.0097694993019104
v 0.04866674169898033 0.07782837748527527 0.009118787944316864
v 0.051386360079050064 0.07932360470294952 0.011149861849844456
v 0.05139750614762306 0.07771782577037811 0.008626408874988556
v 0.04601579159498215 0.06760334968566895 0.001862540957517922
v 0.04332786425948143 0.06753917783498764 0.002766348421573639
v 0.03055509552359581 0.06610462814569473 0.010140001773834229
v 0.028185132890939713 0.06442096084356308 0.012060940265655518
v 0.028184423223137856 0.06571801751852036 0.012157679535448551
v 0.02588571608066559 0.06406453996896744 0.014254637062549591
v 0.02588587813079357 0.06532824784517288 0.014347010292112827
v 0.02366587147116661 0.06375747919082642 0.016614899039268494
v 0.023666726425290108 0.06498459726572037 0.01670289970934391
v 0.0215297881513834 0.06351570785045624 0.019134128466248512
v 0.030556758865714073 0.06477659940719604 0.01003898773342371
v 0.021531132981181145 0.06470273435115814 0.01921774633228779
v 0.0194795411080122 0.06333348900079727 0.02180437184870243
v 0.01948286034166813 0.06560038775205612 0.02211380936205387
v 0.017520857974886894 0.06538038700819016 0.024910135194659233
v 0.017524508759379387 0.06741920858621597 0.025720179080963135
v 0.01565234363079071 0.06715312600135803 0.028605598956346512
v 0.012185354717075825 0.0667111799120903 0.03474900871515274
v 0.03299456834793091 0.06647683680057526 0.008297979831695557
v 0.03299727290868759 0.06512036174535751 0.008192875422537327
v 0.03549899533390999 0.06682438403367996 0.006635606754571199
v 0.0121955880895257 0.07102367281913757 0.03832140937447548
v 0.04872988909482956 0.06680716574192047 0.0010687559843063354
v 0.04601924866437912 0.06687597185373306 0.0017735661240294576
v 0.04333442822098732 0.06609554588794708 0.002648778259754181
v 0.040679387748241425 0.06594879180192947 0.0037505554500967264
v 0.04067353159189224 0.0673745796084404 0.0038657933473587036
v 0.03806617856025696 0.06572464108467102 0.005044557154178619
v 0.03806127980351448 0.06712996959686279 0.00515688257291913
v 0.03550281003117561 0.06544214487075806 0.0065267011523246765
v 0.009104699827730656 0.06636842340230942 0.041336335241794586
v 0.006460756529122591 0.0771409198641777 0.0700489729642868
v 0.009139534085988998 0.07775436341762543 0.060664281249046326
v 0.009125810116529465 0.07448959350585938 0.051386184990406036
v 0.012211882509291172 0.07586689293384552 0.04631538316607475
v 0.00912074837833643 0.07299430668354034 0.04846353456377983
v 0.012217973358929157 0.07728629559278488 0.049785785377025604
v 0.019486170262098312 0.06772168725728989 0.022969523444771767
v 0.006467245984822512 0.07847481220960617 0.08107851445674896
v 0.009156548418104649 0.08072573691606522 0.08008010685443878
v 0.009152826853096485 0.08016006648540497 0.07354961335659027
v 0.012245831079781055 0.08220808207988739 0.0716773048043251
v 0.012238562107086182 0.08112349361181259 0.06426260620355606
v 0.0091470405459404 0.07918796688318253 0.06706508994102478
v 0.01222913060337305 0.07952196896076202 0.05694053694605827
v 0.006464705336838961 0.07798377424478531 0.07554375380277634
v 0.004208546131849289 0.07609831541776657 0.0821278989315033
v 0.012223740108311176 0.07849396765232086 0.053335271775722504
v 0.015694085508584976 0.0800764262676239 0.049467287957668304
v 0.015687815845012665 0.07876019924879074 0.04549883306026459
v 0.009135246276855469 0.07683515548706055 0.0575142577290535
v 0.009130657650530338 0.0757562667131424 0.054414574056863785
v 0.015699949115514755 0.08119583874940872 0.05349558964371681
v 0.01570533961057663 0.08214359730482101 0.05756748095154762
v 0.0032441094517707825 0.07296910881996155 0.07093203812837601
v 0.0024046562612056732 0.07275110483169556 0.07644001394510269
v 0.0016842634649947286 0.07205776870250702 0.08092885464429855
v 0.001086898148059845 0.0710190162062645 0.08433878421783447
v 0.00027607008814811707 0.0683416873216629 0.08778253942728043
v 0.0002760887145996094 0.06837878376245499 0.08663122355937958
v 6.956607103347778e-05 0.06699300557374954 0.08663122355937958
v 0.00027602165937423706 0.06822958588600159 0.08433251082897186
v 6.955116987228394e-05 0.06691733747720718 0.08548059314489365
v 0.0002759471535682678 0.0680384412407875 0.083193838596344
v 6.953626871109009e-05 0.06682052463293076 0.08491063863039017
v 0.00027584657073020935 0.06775911897420883 0.08207106590270996
v 6.951391696929932e-05 0.0666792243719101 0.0843486487865448
v 0.015710201114416122 0.08293794840574265 0.061671748757362366
v 0.012145020999014378 0.05030518397688866 0.04631538316607475
v 0.009090983308851719 0.05859242007136345 0.042192090302705765
v 0.02148650586605072 0.042475972324609756 0.05357624217867851
v 0.023638367652893066 0.04221377521753311 0.052406638860702515
v 0.02363615483045578 0.04133821278810501 0.05724586173892021
v 0.030573273077607155 0.05396796390414238 0.0170227512717247
v 0.030570007860660553 0.05564750358462334 0.014944733120501041
v 0.033018797636032104 0.05583127960562706 0.01327139139175415
v 0.038161005824804306 0.04817568510770798 0.02535100467503071
v 0.038142960518598557 0.050310853868722916 0.02010355331003666
v 0.04343733564019203 0.050379835069179535 0.018249550834298134
v 0.05153357982635498 0.05092397332191467 0.013772636651992798
v 0.0515444315969944 0.04962948337197304 0.01646677404642105
v 0.04883826524019241 0.05004042759537697 0.016931138932704926
v 0.10088804364204407 0.027631007134914398 0.08663122355937958
v 0.10088629275560379 0.02793724276125431 0.07889832556247711
v 0.10234148800373077 0.031232455745339394 0.07233420014381409
v 0.007725079078227282 0.07073008269071579 0.048802681267261505
v 0.0006161444471217692 0.06952476501464844 0.08318949490785599
v 0.0010866486700251698 0.07080134004354477 0.08205409348011017
v 0.0010862575145438313 0.07042943686246872 0.07978669553995132
v 0.043184179812669754 0.08577439934015274 0.0291880052536726
v 0.10792911052703857 0.05059751123189926 0.1078651174902916
v 0.11017695814371109 0.062039732933044434 0.09506015479564667
v 0.051460206508636475 0.06435878574848175 0.0006577969179488719
v 0.0006159507320262492 0.06924188882112503 0.09177784621715546
v 0.0010862575145438313 0.07042943686246872 0.09347575157880783
v 0.0010866486700251698 0.07080134004354477 0.09120833873748779
v 0.10082851350307465 0.045639943331480026 0.13335727155208588
v 0.10083203762769699 0.044019006192684174 0.13231277465820312
v 0.10365559160709381 0.046866804361343384 0.12548696994781494
v 0.09924636036157608 0.0482172854244709 0.1383519470691681
v 0.09924232214689255 0.050192009657621384 0.1388532668352127
v 0.09756281971931458 0.04945622757077217 0.14222683012485504
v 0.06899242103099823 0.049506280571222305 0.16698311269283295
v 0.06899897009134293 0.05072203278541565 0.16787688434123993
v 0.06764399260282516 0.05153719335794449 0.1682657152414322
v 0.07302083820104599 0.04838872700929642 0.16640989482402802
v 0.06760337203741074 0.04515191540122032 0.16189947724342346
v 0.0730060487985611 0.044789351522922516 0.16371309757232666
v 0.07300115376710892 0.043691277503967285 0.16269265115261078
v 0.0743216946721077 0.04295758157968521 0.16219060122966766
v 0.08068022131919861 0.03833254426717758 0.15699486434459686
v 0.0842863917350769 0.04237131401896477 0.15790313482284546
v 0.08310490846633911 0.04244741424918175 0.1588691771030426
v 0.08310432732105255 0.04011547565460205 0.15724536776542664
v 0.08428718894720078 0.037886086851358414 0.1545310914516449
v 0.08544906228780746 0.0378878228366375 0.15360012650489807
v 0.08544781059026718 0.04004078358411789 0.1553495079278946
v 0.08544653654098511 0.042350806295871735 0.156882643699646
v 0.0794304683804512 0.03311096131801605 0.15093496441841125
v 0.07942697405815125 0.031529877334833145 0.14847593009471893
v 0.08067004382610321 0.031163176521658897 0.14791339635849
v 0.08189354091882706 0.02942434512078762 0.1448393315076828
v 0.08189211785793304 0.028054120019078255 0.1423146277666092
v 0.08310049027204514 0.027898387983441353 0.1417236328125
v 0.07941383123397827 0.026286587119102478 0.13803738355636597
v 0.07814904302358627 0.02680395171046257 0.13843576610088348
v 0.07814127206802368 0.0247483067214489 0.1329207420349121
v 0.0794023647904396 0.022449884563684464 0.1270039677619934
v 0.07813411951065063 0.02299942821264267 0.12730248272418976
v 0.0781276747584343 0.021528324112296104 0.12160693854093552
v 0.08188235014677048 0.02024444378912449 0.12076440453529358
v 0.08309696614742279 0.020085344091057777 0.12042468041181564
v 0.08309773355722427 0.021579226478934288 0.1259090155363083
v 0.08429234474897385 0.018826181069016457 0.11456837505102158
v 0.06903193891048431 0.0576927475631237 0.17069044709205627
v 0.05686338245868683 0.060456935316324234 0.1721067577600479
v 0.05686312913894653 0.0618630051612854 0.1726418286561966
v 0.05417846515774727 0.06248577684164047 0.17255447804927826
v 0.10867176204919815 0.07229193300008774 0.0934617891907692
v 0.10930916666984558 0.07099288702011108 0.09212056547403336
v 0.1093086451292038 0.07135235518217087 0.08938749879598618
v 0.0975281149148941 0.06576686352491379 0.03463951125741005
v 0.11039569973945618 0.06656349450349808 0.08392167836427689
v 0.11039576679468155 0.06622687727212906 0.08331215381622314
v 0.11039558798074722 0.06696762144565582 0.08524850755929947
v 0.11039562523365021 0.06680496782064438 0.08457323163747787
v 0.11039554327726364 0.06709207594394684 0.08663122355937958
v 0.0938015803694725 0.08522789925336838 0.10113810002803802
v 0.0623101107776165 0.07534833997488022 0.1650230437517166
v 0.062298789620399475 0.07336312532424927 0.16729354858398438
v 0.06502363085746765 0.07215607166290283 0.16692239046096802
v 0.056861866265535355 0.06920257955789566 0.1721067577600479
v 0.05686160922050476 0.07053501904010773 0.1714053750038147
v 0.054156213998794556 0.07110391557216644 0.17129763960838318
v 0.058205023407936096 0.06443698704242706 0.1730542927980423
v 0.059549495577812195 0.06397733837366104 0.17295870184898376
v 0.05955285206437111 0.06548339128494263 0.17284522950649261
v 0.060898881405591965 0.0634472519159317 0.17280909419059753
v 0.062252823263406754 0.06285230815410614 0.17260558903217316
v 0.06225859746336937 0.06436467915773392 0.1724964678287506
v 0.07042230665683746 0.06696542352437973 0.16743822395801544
v 0.07041003555059433 0.06433000415563583 0.1689116209745407
v 0.07307073473930359 0.06284753233194351 0.16779875755310059
v 0.09746870398521423 0.08265330642461777 0.10410134494304657
v 0.11039569973945618 0.06656349450349808 0.08934076130390167
v 0.11039562523365021 0.06680496782064438 0.08868920803070068
v 0.03787504881620407 0.09114193171262741 0.06405282020568848
v 0.03289179876446724 0.09013049304485321 0.06483671814203262
v 0.028157493099570274 0.08890127390623093 0.06581205874681473
v 0.02369917929172516 0.08747318387031555 0.06699441373348236
v 0.019544269889593124 0.0858745127916336 0.06837939471006393
v 0.01571810618042946 0.0841163620352745 0.06994713097810745
v 0.04588894918560982 0.08418910950422287 0.022990399971604347
v 0.03289702534675598 0.08954349905252457 0.05941169708967209
v 0.02815886400640011 0.08831746876239777 0.06063205748796463
v 0.02369753085076809 0.08689696341753006 0.06211058795452118
v 0.01953728497028351 0.08462405204772949 0.05932275578379631
v 0.01952822506427765 0.08277315646409988 0.050369273871183395
v 0.023693375289440155 0.08530117571353912 0.052406638860702515
v 0.028160475194454193 0.08758719265460968 0.055470701307058334
v 0.04320734366774559 0.08397018164396286 0.023657003417611122
v 0.040566083043813705 0.08366130292415619 0.02444283850491047
v 0.051442984491586685 0.06877388060092926 0.0010038242908194661
v 0.05137534812092781 0.08075962215662003 0.013772636651992798
v 0.03797135502099991 0.08327359706163406 0.02535100467503071
v 0.023695586249232292 0.08617673814296722 0.05724586173892021
v 0.10931888967752457 0.05739714577794075 0.10277510434389114
v 0.11017714440822601 0.061405301094055176 0.09474613517522812
v 0.10931961983442307 0.05629613250494003 0.10192501544952393
v 0.10793069005012512 0.0493968240916729 0.10621362924575806
v 0.1060401201248169 0.043293483555316925 0.11006546765565872
v 0.10604269802570343 0.042160894721746445 0.10764080286026001
v 0.11017714440822601 0.061405301094055176 0.07851630449295044
v 0.10603734850883484 0.0446237213909626 0.11238696426153183
v 0.10603443533182144 0.04617856815457344 0.11456620693206787
v 0.10088759660720825 0.027706991881132126 0.09050129354000092
v 0.10088629275560379 0.02793724276125431 0.09436411410570145
v 0.01953298971056938 0.08378041535615921 0.054829176515340805
v 0.10088420659303665 0.028325602412223816 0.09821219742298126
v 0.10088137537240982 0.028879018500447273 0.10203711688518524
v 0.10604507476091385 0.04120399430394173 0.10513965785503387
v 0.10368883609771729 0.0343795120716095 0.10300710797309875
v 0.10368582606315613 0.03516995534300804 0.10620135068893433
v 0.10368241369724274 0.03613455966114998 0.10934356600046158
v 0.10234148800373077 0.031232455745339394 0.10092823207378387
v 0.10233844816684723 0.03191215172410011 0.10444647818803787
v 0.028203707188367844 0.04446551203727722 0.04017283767461777
v 0.03306816890835762 0.04466481879353523 0.03796033561229706
v 0.02820591814815998 0.04320627450942993 0.045231107622385025
v 0.025881454348564148 0.04442025348544121 0.04144952818751335
v 0.025880945846438408 0.04316875711083412 0.04636436328291893
v 0.023643482476472855 0.04449799656867981 0.042842041701078415
v 0.023640817031264305 0.04326003044843674 0.04760142043232918
v 0.021494558081030846 0.044723011553287506 0.04434562474489212
v 0.03305914252996445 0.046163517981767654 0.03271085396409035
v 0.021490363404154778 0.04350549355149269 0.048938047140836716
v 0.019436031579971313 0.045084450393915176 0.045954734086990356
v 0.019430849701166153 0.04389381781220436 0.050369273871183395
v 0.017463555559515953 0.04441367834806442 0.051890112459659576
v 0.03817828372120857 0.04638998210430145 0.030723879113793373
v 0.04346152022480965 0.048220906406641006 0.023657003417611122
v 0.02588047832250595 0.04211169853806496 0.0513247475028038
v 0.025880059227347374 0.041227567940950394 0.056318897753953934
v 0.025879377499222755 0.03991926833987236 0.06637679040431976
v 0.023632561787962914 0.04004176706075668 0.06699441373348236
v 0.05156558007001877 0.04738439619541168 0.02200251817703247
v 0.04886295646429062 0.04783425107598305 0.02243993431329727
v 0.04613100364804268 0.050278015434741974 0.01752459444105625
v 0.04615645855665207 0.048099640756845474 0.022990399971604347
v 0.023657402023673058 0.05362178012728691 0.022819414734840393
v 0.021516457200050354 0.053669530898332596 0.025065189227461815
v 0.019463079050183296 0.05381046235561371 0.02745632268488407
v 0.021525759249925613 0.06003919616341591 0.019848594442009926
v 0.021524418145418167 0.058965977281332016 0.02036155015230179
v 0.019472908228635788 0.05894528701901436 0.022969523444771767
v 0.019474562257528305 0.059981927275657654 0.022482149302959442
v 0.017513545230031013 0.06102981045842171 0.024910135194659233
v 0.015644842758774757 0.06312479078769684 0.027566097676753998
v 0.023663310334086418 0.060166023671627045 0.01736590266227722
v 0.0121784508228302 0.06308604031801224 0.03383650630712509
v 0.009099208749830723 0.06318403780460358 0.040552008897066116
v 0.009088266640901566 0.057326216250658035 0.0432422049343586
v 0.012168113142251968 0.05786527693271637 0.0357409305870533
v 0.012164700776338577 0.05643342435359955 0.03695475682616234
v 0.015633603557944298 0.05733174458146095 0.029730696231126785
v 0.01562989130616188 0.05575322359800339 0.031103018671274185
v 0.017502645030617714 0.05550599843263626 0.028359996154904366
v 0.02366245910525322 0.05905965715646744 0.017904192209243774
v 0.02588522806763649 0.06036879122257233 0.015042007900774479
v 0.025885066017508507 0.0592329315841198 0.015605383552610874
v 0.035514239221811295 0.06141258031129837 0.0074503798969089985
v 0.03300807625055313 0.059955794364213943 0.009720437228679657
v 0.03300538286566734 0.061162982136011124 0.009085327386856079
v 0.030563408508896828 0.05971338227391243 0.011510007083415985
v 0.030561750754714012 0.06089911609888077 0.01089777797460556
v 0.028187962248921394 0.059468794614076614 0.013472579419612885
v 0.028187254443764687 0.06063077598810196 0.012884438037872314
v 0.017499061301350594 0.054036661982536316 0.029985159635543823
v 0.03307660296559334 0.04339609667658806 0.043269187211990356
v 0.02820795401930809 0.0421433262526989 0.05033427104353905
v 0.03825731575489044 0.040307339280843735 0.06405282020568848
v 0.03823668882250786 0.04163450747728348 0.052825361490249634
v 0.038194648921489716 0.044882889837026596 0.036178670823574066
v 0.043484676629304886 0.04641668498516083 0.0291880052536726
v 0.025882866233587265 0.04862915724515915 0.02950064279139042
v 0.02588316798210144 0.04971235245466232 0.02720784582197666
v 0.02819623425602913 0.04980071634054184 0.02549518644809723
v 0.0281988438218832 0.04770812764763832 0.030268898233771324
v 0.021503781899809837 0.047847047448158264 0.035376451909542084
v 0.02365090511739254 0.04865499213337898 0.03128322586417198
v 0.023649346083402634 0.047677889466285706 0.03353958576917648
v 0.025882571935653687 0.047638874500989914 0.03183514624834061
v 0.05158583074808121 0.045505691319704056 0.027669670060276985
v 0.04888659343123436 0.045989688485860825 0.028075652197003365
v 0.04618082940578461 0.04627908766269684 0.02858061157166958
v 0.01942608878016472 0.04288656637072563 0.054829176515340805
v 0.021483028307557106 0.04161402955651283 0.058248408138751984
v 0.019459854811429977 0.052446093410253525 0.029290204867720604
v 0.023646332323551178 0.04595676437020302 0.03814579173922539
v 0.025881998240947723 0.045896049588918686 0.036597490310668945
v 0.02820134349167347 0.045951537787914276 0.03517653048038483
v 0.030588973313570023 0.04781309887766838 0.028840450569987297
v 0.021499041467905045 0.046156782656908035 0.03981618583202362
v 0.030582841485738754 0.049920082092285156 0.02393081970512867
v 0.02819489687681198 0.05100294202566147 0.023182349279522896
v 0.03057650290429592 0.05247323587536812 0.019237913191318512
v 0.028193535283207893 0.05233187600970268 0.020939985290169716
v 0.02819216251373291 0.05381079018115997 0.01879381388425827
v 0.01944742538034916 0.048136625438928604 0.037339117377996445
v 0.019441571086645126 0.0464857779443264 0.04160255938768387
v 0.017481813207268715 0.04853688180446625 0.0394209660589695
v 0.019453538581728935 0.05009419471025467 0.033208299428224564
v 0.01945667341351509 0.051213692873716354 0.031215278431773186
v 0.021511273458600044 0.05100175365805626 0.028991904109716415
v 0.021508732810616493 0.04985330253839493 0.031071074306964874
v 0.02365410327911377 0.05089496821165085 0.02690722607076168
v 0.023652492091059685 0.049723003059625626 0.029068561270833015
v 0.025883477181196213 0.05090203508734703 0.024968547746539116
v 0.013829001225531101 0.04963051155209541 0.04391571506857872
v 0.015608490444719791 0.04903808981180191 0.04161537066102028
v 0.017475362867116928 0.04693342372775078 0.04349881038069725
v 0.017488546669483185 0.050436604768037796 0.03547314554452896
v 0.051465947180986404 0.06290971487760544 0.0010038242908194661
v 0.033049605786800385 0.047937601804733276 0.02754671312868595
v 0.033039648085832596 0.05005555599927902 0.022512363269925117
v 0.03302934765815735 0.05262623354792595 0.01769229769706726
v 0.04874664172530174 0.0631590336561203 0.0015045180916786194
v 0.04875333607196808 0.06178491935133934 0.0020533131901174784
v 0.04604342579841614 0.061898451298475266 0.0027514027897268534
v 0.04605031758546829 0.06061295047402382 0.00346469902433455
v 0.043360669165849686 0.060620684176683426 0.004347652662545443
v 0.04336720332503319 0.05942951887845993 0.005184821784496307
v 0.04070860892534256 0.05935930833220482 0.006239883601665497
v 0.04071442410349846 0.05825866386294365 0.007167280185967684
v 0.03809550032019615 0.058131903409957886 0.008382640779018402
v 0.038105182349681854 0.0561644621193409 0.010424412786960602
v 0.03553315997123718 0.056010011583566666 0.011764445342123508
v 0.0355406329035759 0.05429752916097641 0.013964221812784672
v 0.033024098724126816 0.05413401871919632 0.015413030982017517
v 0.017492005601525307 0.05152208358049393 0.033570047467947006
v 0.01561540737748146 0.05087147653102875 0.03785852715373039
v 0.015622559934854507 0.053068820387125015 0.03430359065532684
v 0.010564547032117844 0.052645985037088394 0.04566693305969238
v 0.010570522397756577 0.054545529186725616 0.04270352050662041
v 0.012151382863521576 0.0519830659031868 0.04296250641345978
v 0.012157962657511234 0.05398982763290405 0.039796218276023865
v 0.01383576262742281 0.05138974264264107 0.04035734385251999
v 0.013842754997313023 0.053495943546295166 0.03699374571442604
v 0.009085573256015778 0.05618738383054733 0.04442717507481575
v 0.009101958014070988 0.06482288241386414 0.040759071707725525
v 0.012161314487457275 0.0551484189927578 0.03832140937447548
v 0.01562620885670185 0.05434022098779678 0.03264405578374863
v 0.02151384949684143 0.05226712301373482 0.02698194421827793
v 0.023655744269490242 0.05218750610947609 0.024815956130623817
v 0.025883788242936134 0.05221555009484291 0.02279973216354847
v 0.01749551109969616 0.052716098725795746 0.03173324838280678
v 0.00908290222287178 0.055158793926239014 0.045708172023296356
v 0.04603652283549309 0.06326021999120712 0.002206310862675309
v 0.04873994365334511 0.0645970031619072 0.0011583566665649414
v 0.05145733430981636 0.06509817391633987 0.0005682334303855896
v 0.04335412010550499 0.061893533915281296 0.0036434384528547525
v 0.040702782571315765 0.060538262128829956 0.005417474079877138
v 0.046091269701719284 0.05449717491865158 0.0097694993019104
v 0.04879973456263542 0.0543096661567688 0.009118787944316864
v 0.046104684472084045 0.05293266847729683 0.012267746962606907
v 0.04341232404112816 0.053010862320661545 0.01304963231086731
v 0.051483117043972015 0.058989714831113815 0.0031239762902259827
v 0.05148882046341896 0.057845015078783035 0.004085838794708252
v 0.04877334460616112 0.058140743523836136 0.0045859296806156635
v 0.04878659173846245 0.05609843507409096 0.006744228769093752
v 0.04607771337032318 0.05626672878861427 0.00741121219471097
v 0.04339957609772682 0.05456140637397766 0.010578968562185764
v 0.04074883460998535 0.05299462005496025 0.013981797732412815
v 0.035525619983673096 0.05795827507972717 0.009772725403308868
v 0.03809063509106636 0.05922120437026024 0.0074753244407474995
v 0.03812430426478386 0.052909377962350845 0.015065469779074192
v 0.05147168040275574 0.061524324119091034 0.001552462694235146
v 0.051477402448654175 0.060215480625629425 0.0022704973816871643
v 0.04876001924276352 0.06048757582902908 0.0027713850140571594
v 0.048766691237688065 0.059273529797792435 0.003624655306339264
v 0.04605719447135925 0.05941025912761688 0.0043123443610966206
v 0.04606406018137932 0.05828838422894478 0.005267292261123657
v 0.043373722583055496 0.058318160474300385 0.006128288805484772
v 0.04338670149445534 0.05631503835320473 0.00824726466089487
v 0.04072599112987518 0.05627325549721718 0.009251841343939304
v 0.04073747247457504 0.05453368276357651 0.011547625064849854
v 0.04881274327635765 0.05272725597023964 0.011634893715381622
v 0.051522571593523026 0.052359990775585175 0.011149861849844456
v 0.051500167697668076 0.05577854439616203 0.006246842909604311
v 0.0032416731119155884 0.07170206308364868 0.06716161966323853
v 0.002400726079940796 0.07016048580408096 0.06829361617565155
v 0.002399791032075882 0.0693436935544014 0.0667816549539566
v 0.0016805158229544759 0.06872353702783585 0.07002492249011993
v 0.001683589187450707 0.07159964740276337 0.07810389995574951
v 0.0016827137442305684 0.0709279403090477 0.07531794905662537
v 0.001085754600353539 0.06988471746444702 0.0775507315993309
v 0.0016816742718219757 0.06999808549880981 0.0726022720336914
v 0.0006159507320262492 0.06924188882112503 0.0814846009016037
v 0.0006156974122859538 0.0688280314207077 0.07980342954397202
v 0.0010851548286154866 0.06913156062364578 0.07537144422531128
v 0.00027573108673095703 0.06737392395734787 0.08097691088914871
v 0.002403266727924347 0.07195649296045303 0.07311006635427475
v 0.002401624107733369 0.07085522264242172 0.06986363232135773
v 0.0010837763547897339 0.06664618849754333 0.07150426506996155
v 0.0002754628658294678 0.06610920280218124 0.07903661578893661
v 0.05151142179965973 0.053965773433446884 0.008626408874988556
v 0.03811478987336159 0.054438237100839615 0.012675897218286991
v 0.002397831529378891 0.06720370799303055 0.06409639865159988
v 0.001084488001652062 0.06810066103935242 0.07330364733934402
v 0.00027560070157051086 0.0668482631444931 0.07993906736373901
v 0.0023988226894289255 0.06837356835603714 0.06536098569631577
v 0.00027553364634513855 0.06651250272989273 0.07946126908063889
v 0.0010841377079486847 0.06744057685136795 0.07235122472047806
v 0.03554803505539894 0.05277871713042259 0.016301894560456276
v 0.012181904166936874 0.06495366245508194 0.03407782316207886
v 0.03807597979903221 0.06294538080692291 0.00548119843006134
v 0.035510431975126266 0.06270784884691238 0.006950274109840393
v 0.03300268203020096 0.06243627518415451 0.008601882494986057
v 0.03056008741259575 0.062147993594408035 0.010432310402393341
v 0.028186550363898277 0.0618528351187706 0.012437842786312103
v 0.025885390117764473 0.06156165525317192 0.014614761807024479
v 0.015648595988750458 0.06520271301269531 0.027841541916131973
v 0.017517199739813805 0.06320509314537048 0.024617677554488182
v 0.032999977469444275 0.06376388669013977 0.008297979831695557
v 0.030558424070477486 0.06344857066869736 0.010140001773834229
v 0.02818584069609642 0.0631239041686058 0.012157679535448551
v 0.025885552167892456 0.0628008246421814 0.014347010292112827
v 0.023665014654397964 0.06253035366535187 0.01670289970934391
v 0.021528443321585655 0.062328677624464035 0.01921774633228779
v 0.019477879628539085 0.062189843505620956 0.02188360132277012
v 0.023664163425564766 0.06132635101675987 0.01695817895233631
v 0.03550662100315094 0.06405989080667496 0.006635606754571199
v 0.02152710035443306 0.061163388192653656 0.01946049928665161
v 0.01947622001171112 0.06106659397482872 0.02211380936205387
v 0.040685247629880905 0.06452301889657974 0.0038657933473587036
v 0.038071081042289734 0.06431930512189865 0.00515688257291913
v 0.035562556236982346 0.05019359663128853 0.021237405017018318
v 0.033016130328178406 0.056763261556625366 0.012271926738321781
v 0.030565064400434494 0.05859724059700966 0.012241743505001068
v 0.028189372271299362 0.05734363943338394 0.014974967576563358
v 0.028188666328787804 0.05837326869368553 0.01417655497789383
v 0.02588474377989769 0.0571507066488266 0.017047585919499397
v 0.025884905830025673 0.05816034600138664 0.01628066785633564
v 0.02366161160171032 0.05801340192556381 0.018550299108028412
v 0.025884583592414856 0.05620160326361656 0.017887987196445465
v 0.02476225234568119 0.05707761272788048 0.01814611256122589
v 0.02152308262884617 0.0579497329890728 0.020978033542633057
v 0.004208546131849289 0.07609831541776657 0.09113454073667526
v 0.0032487811986356974 0.0748668909072876 0.09059392660856247
v 0.0024057256523519754 0.07329249382019043 0.09344614297151566
v 0.05142011120915413 0.07383858412504196 0.1691765934228897
v 0.0541488379240036 0.07350046187639236 0.16949377954006195
v 0.05686110630631447 0.07296107709407806 0.1696264147758484
v 0.058218032121658325 0.07475436478853226 0.16751350462436676
v 0.04869312793016434 0.07399730384349823 0.16867651045322418
v 0.06234331429004669 0.0802084356546402 0.1573965698480606
v 0.06235405057668686 0.08154653757810593 0.15468795597553253
v 0.06236458197236061 0.08277282863855362 0.15192563831806183
v 0.059576213359832764 0.07435453683137894 0.16748429834842682
v 0.05412701889872551 0.07907497137784958 0.16245104372501373
v 0.06774035841226578 0.07079470157623291 0.16636604070663452
v 0.06503713876008987 0.0742061510682106 0.16471022367477417
v 0.048653729259967804 0.07941079139709473 0.16162754595279694
v 0.051386360079050064 0.07932360470294952 0.16211257874965668
v 0.05137534812092781 0.08075962215662003 0.15948979556560516
v 0.05411990359425545 0.08054058253765106 0.15982922911643982
v 0.06772670149803162 0.06845112890005112 0.1682657152414322
v 0.06512633711099625 0.08423732221126556 0.14620134234428406
v 0.06786654889583588 0.08546791225671768 0.14031411707401276
v 0.04316225275397301 0.0872965082526207 0.13846303522586823
v 0.048557497560977936 0.08770499378442764 0.13946832716464996
v 0.051303930580616 0.08776424080133438 0.13983961939811707
v 0.05407373234629631 0.08771364390850067 0.14012807607650757
v 0.05685598403215408 0.08754423260688782 0.1403372585773468
v 0.0596083328127861 0.08224713057279587 0.15470466017723083
v 0.059614453464746475 0.08341994881629944 0.15192322432994843
v 0.0379377119243145 0.08656638860702515 0.13708378374576569
v 0.03292638063430786 0.08557590842247009 0.1353020966053009
v 0.015694085508584976 0.0800764262676239 0.12379515916109085
v 0.019523046910762787 0.08158253133296967 0.1273077130317688
v 0.023688258603215218 0.08301695436239243 0.13042040169239044
v 0.028166554868221283 0.08437640964984894 0.1330896019935608
v 0.06771984696388245 0.0671868845820427 0.1690938025712967
v 0.058208294212818146 0.0674109235405922 0.17260617017745972
v 0.05686211585998535 0.0677965059876442 0.1726418286561966
v 0.05686236917972565 0.06632938981056213 0.17297890782356262
v 0.055517420172691345 0.06665676832199097 0.172964945435524
v 0.055519528687000275 0.06516068428754807 0.17308294773101807
v 0.05956290662288666 0.06972048431634903 0.1713125854730606
v 0.05955955758690834 0.06837479770183563 0.17199651896953583
v 0.055515311658382416 0.06811981648206711 0.17262443900108337
v 0.05821480602025986 0.07260354608297348 0.169623002409935
v 0.0595695786178112 0.07218118011951447 0.16957271099090576
v 0.056861355900764465 0.0717872902750969 0.17056997120380402
v 0.05956624820828438 0.07098881900310516 0.1704963743686676
v 0.051425810903310776 0.07269388437271118 0.17013846337795258
v 0.05415251851081848 0.07234227657318115 0.17044992744922638
v 0.06498948484659195 0.06594923138618469 0.17115311324596405
v 0.062270138412714005 0.06727568805217743 0.17167869210243225
v 0.06498260796070099 0.06450938433408737 0.17163287103176117
v 0.06227589771151543 0.06863653659820557 0.1710178256034851
v 0.06499633938074112 0.0673263743519783 0.1705201119184494
v 0.060903627425432205 0.06495647877454758 0.17269766330718994
v 0.06226436793804169 0.06584775447845459 0.1721809208393097
v 0.06090836599469185 0.06643544882535934 0.1723756492137909
v 0.06501002609729767 0.06987314671278 0.16889531910419464
v 0.06228737533092499 0.07113815099000931 0.16933000087738037
v 0.06500319391489029 0.06863418966531754 0.16976028680801392
v 0.062281642109155655 0.06992370635271072 0.17022715508937836
v 0.06360992789268494 0.06220060959458351 0.17234835028648376
v 0.06496883928775787 0.061500247567892075 0.1720375418663025
v 0.0663280189037323 0.060760341584682465 0.17167329788208008
v 0.06769226491451263 0.06151647865772247 0.17115789651870728
v 0.06361640989780426 0.06371598690748215 0.17224176228046417
v 0.06769917160272598 0.06301408261060715 0.17087382078170776
v 0.07039771974086761 0.06146419420838356 0.16990433633327484
v 0.06770607084035873 0.0644649937748909 0.17041964828968048
v 0.07040388137102127 0.06292329728603363 0.16947811841964722
v 0.06771296262741089 0.0658581480383873 0.16981840133666992
v 0.05686262249946594 0.0648297518491745 0.173095703125
v 0.05820665508508682 0.06593988835811615 0.1729390025138855
v 0.05955620855093002 0.06695833057165146 0.17251743376255035
v 0.0623849481344223 0.08493714779615402 0.1462797075510025
v 0.06514932215213776 0.08617659658193588 0.1404678374528885
v 0.06788811832666397 0.08721546828746796 0.13452264666557312
v 0.059647977352142334 0.08872151374816895 0.13461337983608246
v 0.06243882700800896 0.08965834230184555 0.12876194715499878
v 0.01222913060337305 0.07952196896076202 0.11632190644741058
v 0.012234088964760303 0.0803929790854454 0.1126759797334671
v 0.015699949115514755 0.08119583874940872 0.11976685374975204
v 0.08978144824504852 0.08533722162246704 0.11264803260564804
v 0.08977791666984558 0.08627870678901672 0.10749959200620651
v 0.08977507799863815 0.08699748665094376 0.10231321305036545
v 0.09747292846441269 0.08184024691581726 0.10840420424938202
v 0.09380509704351425 0.08455297350883484 0.10593323409557343
v 0.01570533961057663 0.08214359730482101 0.11569496244192123
v 0.01952822506427765 0.08277315646409988 0.12289316952228546
v 0.01953298971056938 0.08378041535615921 0.11843326687812805
v 0.023690924048423767 0.0842549204826355 0.12566103041172028
v 0.062453776597976685 0.09076499938964844 0.12280963361263275
v 0.01953728497028351 0.08462405204772949 0.11393968760967255
v 0.023695586249232292 0.08617673814296722 0.11601657420396805
v 0.02369753085076809 0.08689696341753006 0.11115185171365738
v 0.028160475194454193 0.08758719265460968 0.11779174208641052
v 0.02815886400640011 0.08831746876239777 0.11263038218021393
v 0.03290317952632904 0.08880896866321564 0.11925800144672394
v 0.03289702534675598 0.08954349905252457 0.11385074257850647
v 0.037895672023296356 0.08981476724147797 0.12043707817792892
v 0.03788451850414276 0.09055245667695999 0.11483179032802582
v 0.04310590773820877 0.09057629853487015 0.12135259062051773
v 0.04309095814824104 0.09132108837366104 0.11559402942657471
v 0.04849999025464058 0.09106054157018661 0.1220281571149826
v 0.04848473146557808 0.09182276576757431 0.11615791916847229
v 0.054041892290115356 0.09122651070356369 0.1224873811006546
v 0.054033443331718445 0.0920252874493599 0.1165439561009407
v 0.059657614678144455 0.08997669816017151 0.12870320677757263
v 0.05685519427061081 0.08896888047456741 0.13448454439640045
v 0.023693375289440155 0.08530117571353912 0.12085580080747604
v 0.028164343908429146 0.08563564717769623 0.12803132832050323
v 0.028162309899926186 0.08669859915971756 0.12292816489934921
v 0.032917942851781845 0.08684463053941727 0.1299932599067688
v 0.03291017934679985 0.08791482448577881 0.12464149296283722
v 0.03792242333292961 0.0878414735198021 0.13157223165035248
v 0.03790835663676262 0.08891665190458298 0.12601976096630096
v 0.04314175993204117 0.08858401328325272 0.13279606401920319
v 0.04312290996313095 0.08966955542564392 0.12708909809589386
v 0.04853658005595207 0.08902204036712646 0.13369259238243103
v 0.048517342656850815 0.0901326835155487 0.12787561118602753
v 0.05406215041875839 0.08909166604280472 0.13428963720798492
v 0.05405149608850479 0.09025454521179199 0.12840545177459717
v 0.0897856131196022 0.08415919542312622 0.11774501949548721
v 0.08764620870351791 0.08344582468271255 0.12395506352186203
v 0.08072739094495773 0.07917476445436478 0.1428585946559906
v 0.08311403542757034 0.07848858833312988 0.1417236328125
v 0.08311501890420914 0.08093581348657608 0.13659293949604034
v 0.08542440086603165 0.08029017597436905 0.1354103684425354
v 0.08542238175868988 0.08237187564373016 0.13026519119739532
v 0.08765006810426712 0.08170193433761597 0.12906377017498016
v 0.08979034423828125 0.08272670209407806 0.12277357280254364
v 0.08072260022163391 0.07633597403764725 0.14791339635849
v 0.08071760088205338 0.07302787154912949 0.1526736617088318
v 0.08311189711093903 0.0723130851984024 0.15125073492527008
v 0.08311298489570618 0.07563619315624237 0.14664027094841003
v 0.08542884886264801 0.0750141516327858 0.14516225457191467
v 0.08542656153440475 0.07785455882549286 0.14039650559425354
v 0.08765877783298492 0.07723807543516159 0.13887973129749298
v 0.08765427768230438 0.07964570075273514 0.13405273854732513
v 0.07826253771781921 0.07712952047586441 0.14899082481861115
v 0.0782533586025238 0.0738670751452446 0.15389057993888855
v 0.07572245597839355 0.07482834160327911 0.15491096675395966
v 0.08980128914117813 0.07899819314479828 0.13252876698970795
v 0.08979558944702148 0.08101639896631241 0.12771154940128326
v 0.09185563027858734 0.08031369745731354 0.12621644139289856
v 0.08311594277620316 0.0830291360616684 0.1313079297542572
v 0.08542051911354065 0.08413892984390259 0.12500253319740295
v 0.07312910258769989 0.07590218633413315 0.1557442992925644
v 0.07573612779378891 0.07801553606987 0.14988288283348083
v 0.07827132195234299 0.07992713153362274 0.14381076395511627
v 0.08073192089796066 0.08161113411188126 0.13759832084178925
v 0.06497572362422943 0.06301838904619217 0.17193369567394257
v 0.09382043778896332 0.08120741695165634 0.1200367733836174
v 0.09381459653377533 0.08255834877490997 0.1153976321220398
v 0.09380945563316345 0.08366767317056656 0.11069086939096451
v 0.08767624199390411 0.06522347778081894 0.15323907136917114
v 0.08983107656240463 0.0648338571190834 0.1509247124195099
v 0.09189680218696594 0.06452075392007828 0.1484171599149704
v 0.09387075901031494 0.06427516043186188 0.14572715759277344
v 0.08543495833873749 0.06569861620664597 0.1553495079278946
v 0.09575025737285614 0.06408872455358505 0.14286543428897858
v 0.09753236174583435 0.06395580619573593 0.13984273374080658
v 0.10079244524240494 0.0638306587934494 0.13335727155208588
v 0.10362687706947327 0.06386244297027588 0.12635664641857147
v 0.08311019837856293 0.06627149879932404 0.15724536776542664
v 0.1036294549703598 0.06237826123833656 0.12707431614398956
v 0.10601183772087097 0.06280063837766647 0.1194961667060852
v 0.10601021349430084 0.06402388215065002 0.11892672628164291
v 0.10791687667369843 0.06335128843784332 0.11157770454883575
v 0.10791512578725815 0.06518255174160004 0.11063219606876373
v 0.10931509733200073 0.0640110969543457 0.10340400785207748
v 0.10931435227394104 0.06525826454162598 0.10277510434389114
v 0.11017623543739319 0.0647629126906395 0.09506015479564667
v 0.11017605662345886 0.06539734452962875 0.09474613517522812
v 0.07570112496614456 0.06898000091314316 0.16163906455039978
v 0.07823904603719711 0.06790433824062347 0.16038425266742706
v 0.0807097926735878 0.06700001657009125 0.15892182290554047
v 0.1060086116194725 0.06518039852380753 0.11823146790266037
v 0.08543123304843903 0.0717049166560173 0.14961351454257965
v 0.09920240938663483 0.06869523972272873 0.13284321129322052
v 0.09919494390487671 0.07137197256088257 0.12972894310951233
v 0.09751977026462555 0.06903230398893356 0.1357341855764389
v 0.08766849339008331 0.07115577161312103 0.14776566624641418
v 0.09751171618700027 0.071847103536129 0.13240817189216614
v 0.09573719650506973 0.0693933367729187 0.1384776532649994
v 0.09572882205247879 0.0723322331905365 0.1349460631608963
v 0.0938577875494957 0.06978151947259903 0.14106304943561554
v 0.09384946525096893 0.07282950729131699 0.13733254373073578
v 0.09188461303710938 0.07020058482885361 0.14347989857196808
v 0.0918768048286438 0.07334158569574356 0.13955748081207275
v 0.08982057124376297 0.07065650075674057 0.14571760594844818
v 0.10600546002388 0.0672745332121849 0.11654447764158249
v 0.10791342705488205 0.06679674983024597 0.1093611791729927
v 0.10600240528583527 0.0690847635269165 0.11456620693206787
v 0.10791177302598953 0.06819358468055725 0.1078651174902916
v 0.10599949210882187 0.07063960283994675 0.11238696426153183
v 0.10791019350290298 0.06939427554607391 0.10621362924575806
v 0.10599673539400101 0.07196984440088272 0.11006546765565872
v 0.10079600661993027 0.062111109495162964 0.13422706723213196
v 0.09753664582967758 0.06203076243400574 0.1408693641424179
v 0.07566801458597183 0.05714506283402443 0.1675628274679184
v 0.07821433991193771 0.05456599220633507 0.1660156399011612
v 0.07821682840585709 0.056052014231681824 0.16594535112380981
v 0.0756717249751091 0.05863482132554054 0.16733630001544952
v 0.07821931689977646 0.057524241507053375 0.16573886573314667
v 0.07567913085222244 0.0615098774433136 0.16647878289222717
v 0.07566431164741516 0.05563874915242195 0.16764023900032043
v 0.1060313954949379 0.04798879474401474 0.11654447764158249
v 0.10366061329841614 0.04433250054717064 0.12339060008525848
v 0.10083552449941635 0.042503077536821365 0.13112419843673706
v 0.09925828129053116 0.042753104120492935 0.13553768396377563
v 0.09925434738397598 0.0444730781018734 0.13666975498199463
v 0.0756605938076973 0.05413243919610977 0.1675628274679184
v 0.09387518465518951 0.06217939779162407 0.14691610634326935
v 0.09575920552015305 0.05995048210024834 0.14484557509422302
v 0.0957547128200531 0.06207365170121193 0.1439725011587143
v 0.0975409746170044 0.06000601500272751 0.14167192578315735
v 0.10079960525035858 0.06030793488025665 0.13489608466625214
v 0.10363206267356873 0.06082567200064659 0.1276184767484665
v 0.1060134693980217 0.06152348220348358 0.11992277204990387
v 0.07303576916456223 0.05247306078672409 0.16832837462425232
v 0.07435619086027145 0.05325988680124283 0.16805677115917206
v 0.09757578372955322 0.04341668263077736 0.13984273374080658
v 0.0975714921951294 0.04534173011779785 0.1408693641424179
v 0.09579089283943176 0.04449606314301491 0.1439725011587143
v 0.09578640758991241 0.0466192364692688 0.14484557509422302
v 0.08310961723327637 0.06393955647945404 0.1588691771030426
v 0.08543623238801956 0.06338860094547272 0.156882643699646
v 0.08767887949943542 0.06294901669025421 0.154683455824852
v 0.08983466029167175 0.0626075491309166 0.1522822231054306
v 0.09190095961093903 0.062354303896427155 0.14968955516815186
v 0.0807071253657341 0.064663365483284 0.1606377810239792
v 0.08981383591890335 0.07387302815914154 0.14161081612110138
v 0.07823416590690613 0.06558103859424591 0.16219231486320496
v 0.09390667080879211 0.04598456248641014 0.14786241948604584
v 0.09390217810869217 0.04828100651502609 0.14853475987911224
v 0.09192629903554916 0.04785940796136856 0.15144868195056915
v 0.09192206710577011 0.050304826349020004 0.15188194811344147
v 0.08985285460948944 0.05010458454489708 0.15467117726802826
v 0.08984920382499695 0.05267154797911644 0.15483014285564423
v 0.087689608335495 0.052701402455568314 0.1574595868587494
v 0.0876869186758995 0.05536583811044693 0.1572805792093277
v 0.08544009178876877 0.05562395229935646 0.1597001552581787
v 0.0854387953877449 0.05832577496767044 0.1591077297925949
v 0.08310844004154205 0.058797046542167664 0.16126583516597748
v 0.08310903608798981 0.061442818492650986 0.1602289229631424
v 0.0807044506072998 0.06215136870741844 0.1620902270078659
v 0.05966630578041077 0.09102688729763031 0.12275253236293793
v 0.08766353130340576 0.07442886382341385 0.14348244667053223
v 0.08070174604654312 0.059473972767591476 0.1632133573293686
v 0.07822924107313156 0.06307180225849152 0.16373884677886963
v 0.07569384574890137 0.06668747216463089 0.16353760659694672
v 0.07310035824775696 0.0702139213681221 0.16269265115261078
v 0.0831078514456749 0.056029073894023895 0.161919966340065
v 0.08069496601819992 0.05229180306196213 0.16412004828453064
v 0.08069632202386856 0.05374957621097565 0.1641833484172821
v 0.08069904148578644 0.056653983891010284 0.16393323242664337
v 0.0782242938876152 0.060380104929208755 0.1649506539106369
v 0.08544138073921204 0.05286969989538193 0.1599009931087494
v 0.10083895921707153 0.041091643273830414 0.1298152655363083
v 0.09926217794418335 0.041145507246255875 0.13425375521183014
v 0.09758003801107407 0.0416056253015995 0.1386229246854782
v 0.09579534828662872 0.04248099774122238 0.14286543428897858
v 0.09391113370656967 0.04377201572060585 0.14691610634326935
v 0.09193051606416702 0.04547244310379028 0.1507120132446289
v 0.08985650539398193 0.04756484925746918 0.15418896079063416
v 0.08769230544567108 0.0500369668006897 0.1572805792093277
v 0.075686514377594 0.0641985759139061 0.16517774760723114
v 0.07308067381381989 0.06551647186279297 0.16640989482402802
v 0.0730905532836914 0.06796843558549881 0.1646784394979477
v 0.07043449580669403 0.06936720013618469 0.1656196564435959
v 0.06775391101837158 0.07291340827941895 0.16422182321548462
v 0.07306575030088425 0.06143214553594589 0.16832837462425232
v 0.07044659554958344 0.07155295461416245 0.1635514497756958
v 0.0730457603931427 0.055434249341487885 0.16897143423557281
v 0.07305575907230377 0.0584709569811821 0.16897143423557281
v 0.07306075841188431 0.059969961643218994 0.16872498393058777
v 0.10084565728902817 0.03856592997908592 0.1269184947013855
v 0.10231053829193115 0.040293075144290924 0.12398689240217209
v 0.10085206478834152 0.03639838099479675 0.12374711036682129
v 0.09918778389692307 0.07366892695426941 0.1263262778520584
v 0.09750399738550186 0.07426242530345917 0.12878215312957764
v 0.0957208052277565 0.07485401630401611 0.1311052143573761
v 0.09384150058031082 0.07544498145580292 0.1332859843969345
v 0.09186932444572449 0.07603702694177628 0.13531500101089478
v 0.08980739116668701 0.07663348317146301 0.13718272745609283
v 0.0974835753440857 0.07957694679498672 0.11684854328632355
v 0.0974898561835289 0.07808880507946014 0.12095324695110321
v 0.09186224639415741 0.07834506779909134 0.13084717094898224
v 0.09383396804332733 0.0776837095618248 0.12901674211025238
v 0.09382692724466324 0.07959222048521042 0.12458639591932297
v 0.09749668836593628 0.07632872462272644 0.12494437396526337
v 0.10087786614894867 0.029606180265545845 0.10582922399044037
v 0.10233485698699951 0.03276555985212326 0.1079227551817894
v 0.10087372362613678 0.03051898255944252 0.10957685112953186
v 0.102330781519413 0.03380688279867172 0.11134324222803116
v 0.10086902230978012 0.031632550060749054 0.11326534301042557
v 0.10232625901699066 0.0350542776286602 0.11468993127346039
v 0.10086379945278168 0.03296622261404991 0.11687560379505157
v 0.10232134908437729 0.036530740559101105 0.1179383397102356
v 0.10085812956094742 0.034544553607702255 0.1203816682100296
v 0.10231608897447586 0.038265127688646317 0.12105410546064377
v 0.066335029900074 0.06228087097406387 0.17157235741615295
v 0.09387964755296707 0.05996685475111008 0.14786241948604584
v 0.05967394635081291 0.0918906182050705 0.11677146703004837
v 0.10931509733200073 0.0640110969543457 0.06985843181610107
v 0.11017623543739319 0.0647629126906395 0.07820229232311249
v 0.10931586474180222 0.06266587227582932 0.06952103227376938
v 0.1079186499118805 0.061371419578790665 0.061170224100351334
v 0.10792044550180435 0.059395547956228256 0.06104841083288193
v 0.10602172464132309 0.05504363030195236 0.05306456238031387
v 0.11017605662345886 0.06539734452962875 0.07851630449295044
v 0.1036452129483223 0.05289435386657715 0.04528576508164406
v 0.11017587780952454 0.06595819443464279 0.0789421796798706
v 0.10791019350290298 0.06939427554607391 0.0670488104224205
v 0.10791177302598953 0.06819358468055725 0.06539732217788696
v 0.10931224375963211 0.06813386082649231 0.07344980537891388
v 0.10931291431188583 0.06731313467025757 0.07234068959951401
v 0.11017659306526184 0.06340131908655167 0.07799806445837021
v 0.10931738466024399 0.05998954176902771 0.06952103227376938
v 0.1093166247010231 0.061327703297138214 0.06944408267736435
v 0.10792223364114761 0.05741967260837555 0.061170224100351334
v 0.11017554998397827 0.06686381250619888 0.0800025686621666
v 0.1101757138967514 0.06644469499588013 0.07944557815790176
v 0.09932082146406174 0.025377418845891953 0.08663122355937958
v 0.09932032227516174 0.02545814961194992 0.09076697379350662
v 0.09931887686252594 0.025702713057398796 0.0948951244354248
v 0.0993165373802185 0.026115113869309425 0.09900781512260437
v 0.09931337088346481 0.026702595874667168 0.10309619456529617
v 0.09930945187807083 0.027474291622638702 0.10715017467737198
v 0.09930483996868134 0.028442705050110817 0.11115749925374985
v 0.09929957985877991 0.02962374873459339 0.11510279029607773
v 0.10368883609771729 0.0343795120716095 0.0702553316950798
v 0.09929375350475311 0.031037835404276848 0.1189660131931305
v 0.09920240938663483 0.06869523972272873 0.04041922464966774
v 0.09919494390487671 0.07137197256088257 0.04353348910808563
v 0.09918778389692307 0.07366892695426941 0.04693615064024925
v 0.09749668836593628 0.07632872462272644 0.04831806942820549
v 0.09750399738550186 0.07426242530345917 0.04448028653860092
v 0.0957208052277565 0.07485401630401611 0.04215722903609276
v 0.09751171618700027 0.071847103536129 0.040854260325431824
v 0.09751977026462555 0.06903230398893356 0.037528254091739655
v 0.09752391278743744 0.06745848804712296 0.036017876118421555
v 0.09572882205247879 0.0723322331905365 0.03831636533141136
v 0.10073675215244293 0.08114500343799591 0.0750502347946167
v 0.10358495265245438 0.07919540256261826 0.08003360778093338
v 0.1007346585392952 0.08153335750102997 0.07889832556247711
v 0.09746528416872025 0.0832725316286087 0.07349967956542969
v 0.0974898561835289 0.07808880507946014 0.052309196442365646
v 0.09573719650506973 0.0693933367729187 0.03478479012846947
v 0.09574148803949356 0.06774970889091492 0.03317651152610779
v 0.10791687667369843 0.06335128843784332 0.0616847425699234
v 0.09574584662914276 0.06598228216171265 0.03170465677976608
v 0.09575025737285614 0.06408872455358505 0.030397003516554832
v 0.09928742051124573 0.03271089866757393 0.12271992862224579
v 0.09586760401725769 0.02184152789413929 0.0958733931183815
v 0.09586922824382782 0.02157115750014782 0.09125636518001556
v 0.09932032227516174 0.02545814961194992 0.08249546587467194
v 0.10088420659303665 0.028325602412223816 0.0750502347946167
v 0.09931887686252594 0.025702713057398796 0.07836732268333435
v 0.09764693677425385 0.02340715192258358 0.0822434276342392
v 0.09586977958679199 0.021481836214661598 0.08663122355937958
v 0.09764747321605682 0.02332196570932865 0.08663122355937958
v 0.09393685311079025 0.033121902495622635 0.13733254373073578
v 0.09764693677425385 0.02340715192258358 0.09101901948451996
v 0.09764537215232849 0.023665113374590874 0.0953989177942276
v 0.08310318738222122 0.03593657910823822 0.15339823067188263
v 0.08310375362634659 0.03794722259044647 0.15540707111358643
v 0.09392853826284409 0.03616989403963089 0.14106304943561554
v 0.091947041451931 0.03709162771701813 0.14527763426303864
v 0.0898708775639534 0.038426220417022705 0.1493525505065918
v 0.08770298212766647 0.04017932713031769 0.15323907136917114
v 0.0865866169333458 0.0400850884616375 0.15432044863700867
v 0.08428679406642914 0.0400485023856163 0.15632490813732147
v 0.0854426771402359 0.05011545121669769 0.1597001552581787
v 0.08310726284980774 0.05319348722696304 0.16214455664157867
v 0.08769499510526657 0.04741152375936508 0.15674538910388947
v 0.08986013382673264 0.04509687423706055 0.15338389575481415
v 0.09928064793348312 0.03467559814453125 0.1263262778520584
v 0.09927348792552948 0.03697254881262779 0.12972894310951233
v 0.09926602244377136 0.03964928165078163 0.13284321129322052
v 0.09758423268795013 0.039914000779390335 0.1372445523738861
v 0.0957997664809227 0.04058744013309479 0.14155778288841248
v 0.09391555935144424 0.04167625680565834 0.14572715759277344
v 0.0919346958398819 0.04318024218082428 0.14968955516815186
v 0.1035836860537529 0.07946021854877472 0.08663122355937958
v 0.04307826980948448 0.09191626310348511 0.1098189726471901
v 0.04847177863121033 0.0924319252371788 0.110270656645298
v 0.05402626842260361 0.09266384690999985 0.11058156192302704
v 0.05968043580651283 0.09258154034614563 0.11076763272285461
v 0.03787504881620407 0.09114193171262741 0.10920961946249008
v 0.03289179876446724 0.09013049304485321 0.10842571407556534
v 0.015710201114416122 0.08293794840574265 0.11159069836139679
v 0.054020486772060394 0.09315171837806702 0.10460522770881653
v 0.059685658663511276 0.09310967475175858 0.10474704951047897
v 0.01571810618042946 0.0841163620352745 0.1033153161406517
v 0.019544269889593124 0.0858745127916336 0.10488304495811462
v 0.02369917929172516 0.08747318387031555 0.1062680333852768
v 0.028157493099570274 0.08890127390623093 0.10745038092136383
v 0.10867093503475189 0.07273449748754501 0.09006087481975555
v 0.10930845886468887 0.07146936655044556 0.08663122355937958
v 0.10867064446210861 0.07287847250699997 0.08663122355937958
v 0.10930996388196945 0.07036779075860977 0.09480197727680206
v 0.10981142520904541 0.06967119872570038 0.09076274931430817
v 0.10981114208698273 0.06994481384754181 0.08870576322078705
v 0.10981103032827377 0.07003394514322281 0.08663122355937958
v 0.10981114208698273 0.06994481384754181 0.0845566838979721
v 0.10981186479330063 0.06919583678245544 0.092780701816082
v 0.1093086451292038 0.07135235518217087 0.08387493342161179
v 0.10981142520904541 0.06967119872570038 0.08249969035387039
v 0.10930916666984558 0.07099288702011108 0.0811418741941452
v 0.10981186479330063 0.06919583678245544 0.08048173040151596
v 0.10930996388196945 0.07036779075860977 0.0784604623913765
v 0.10981243848800659 0.06848841905593872 0.07853434234857559
v 0.10931100696325302 0.06943665444850922 0.07587242126464844
v 0.10931160300970078 0.06883708387613297 0.07463390380144119
v 0.10981243848800659 0.06848841905593872 0.09472808986902237
v 0.1101749986410141 0.06800764054059982 0.09074107557535172
v 0.1101752519607544 0.06753023713827133 0.09204236418008804
v 0.10791512578725815 0.06518255174160004 0.06263024359941483
v 0.10931435227394104 0.06525826454162598 0.07048732787370682
v 0.10791342705488205 0.06679674983024597 0.06390126049518585
v 0.11017641425132751 0.06407970190048218 0.07803526520729065
v 0.10867471247911453 0.0703735500574112 0.07324226200580597
v 0.10931362956762314 0.06635928153991699 0.07133743166923523
v 0.10790730267763138 0.07129774242639542 0.07065178453922272
v 0.10598330944776535 0.0768737718462944 0.08932317048311234
v 0.10484194755554199 0.0781521275639534 0.08963291347026825
v 0.1059839054942131 0.07670887559652328 0.09200979769229889
v 0.10598614811897278 0.07603403925895691 0.09734437614679337
v 0.10598774254322052 0.07551273703575134 0.09997906535863876
v 0.10598311573266983 0.07692818343639374 0.08663122355937958
v 0.10358401387929916 0.07939451932907104 0.08993321657180786
v 0.1048416867852211 0.07821229100227356 0.08663122355937958
v 0.1059839054942131 0.07670887559652328 0.08125264197587967
v 0.11039576679468155 0.06622687727212906 0.08995029330253601
v 0.10599414259195328 0.0731024369597435 0.10764080286026001
v 0.107908695936203 0.07042213529348373 0.10445206612348557
v 0.10931224375963211 0.06813386082649231 0.09981263428926468
v 0.10931291431188583 0.06731313467025757 0.10092175751924515
v 0.1101757138967514 0.06644469499588013 0.09381686896085739
v 0.11017587780952454 0.06595819443464279 0.09432025998830795
v 0.10598614811897278 0.07603403925895691 0.07591806352138519
v 0.10867176204919815 0.07229193300008774 0.07980065792798996
v 0.10867305099964142 0.07152175903320312 0.07646366953849792
v 0.11017464101314545 0.06857419013977051 0.08663122355937958
v 0.11017468571662903 0.06851385533809662 0.08524470031261444
v 0.11017481237649918 0.06832880526781082 0.08386995643377304
v 0.10867093503475189 0.07273449748754501 0.083201564848423
v 0.1101749986410141 0.06800764054059982 0.08252136409282684
v 0.1101752519607544 0.06753023713827133 0.08122007548809052
v 0.107908695936203 0.07042213529348373 0.068810373544693
v 0.11017481237649918 0.06832880526781082 0.08939249068498611
v 0.11017468571662903 0.06851385533809662 0.08801773190498352
v 0.0919051393866539 0.06006210297346115 0.1507120132446289
v 0.08659252524375916 0.034111183136701584 0.14871527254581451
v 0.08771073073148727 0.034247033298015594 0.14776566624641418
v 0.08988123387098312 0.033017080277204514 0.1437123715877533
v 0.09195885062217712 0.032192956656217575 0.13955748081207275
v 0.08545153588056564 0.03403449431061745 0.14961351454257965
v 0.08658862113952637 0.03794490173459053 0.15261544287204742
v 0.08770560473203659 0.03805512934923172 0.1515783816576004
v 0.08987438678741455 0.03648711368441582 0.14760665595531464
v 0.08428797125816345 0.034019362181425095 0.15045908093452454
v 0.07940785586833954 0.024213362485170364 0.13257381319999695
v 0.07815313339233398 0.027958346530795097 0.14114370942115784
v 0.07941698282957077 0.027450965717434883 0.14071816205978394
v 0.07815735787153244 0.02920485846698284 0.14381076395511627
v 0.07942022383213043 0.028708279132843018 0.14335685968399048
v 0.07816169410943985 0.030550235882401466 0.1464296281337738
v 0.07942355424165726 0.03006526082754135 0.14594604074954987
v 0.07816614210605621 0.03200247138738632 0.14899082481861115
v 0.07817067950963974 0.03357049822807312 0.1514829844236374
v 0.07817531377077103 0.03526490554213524 0.15389057993888855
v 0.08310262858867645 0.03407389298081398 0.15125073492527008
v 0.09195104986429214 0.03533395752310753 0.14347989857196808
v 0.09925036877393723 0.04629940912127495 0.1376173496246338
v 0.08987783640623093 0.03468659892678261 0.14571760594844818
v 0.09195498377084732 0.03370371088385582 0.141566663980484
v 0.08770818263292313 0.03607989847660065 0.14974352717399597
v 0.08659058809280396 0.03595603257417679 0.15073657035827637
v 0.08545030653476715 0.03588840737938881 0.15167757868766785
v 0.09756716340780258 0.04736647754907608 0.14167192578315735
v 0.09578187763690948 0.048816416412591934 0.1454574018716812
v 0.09389767050743103 0.05062419921159744 0.1489228755235672
v 0.09191782772541046 0.05276727303862572 0.152022585272789
v 0.08428757637739182 0.035879313945770264 0.15256522595882416
v 0.08066071569919586 0.025888022035360336 0.13759832084178925
v 0.08066295087337494 0.027059415355324745 0.1402500569820404
v 0.08989100903272629 0.028709612786769867 0.13718272745609283
v 0.08771809935569763 0.029515482485294342 0.14121419191360474
v 0.08429188281297684 0.020054033026099205 0.12005388736724854
v 0.08989410847425461 0.027481092140078545 0.13487955927848816
v 0.08429135382175446 0.02154364064335823 0.12547381222248077
v 0.0842907652258873 0.023318083956837654 0.13080687820911407
v 0.08309629559516907 0.018853317946195602 0.1148759052157402
v 0.08989711105823517 0.026344899088144302 0.13252876698970795
v 0.08188682794570923 0.023517141118645668 0.13176864385604858
v 0.08309858292341232 0.02335783839225769 0.1313079297542572
v 0.08309950679540634 0.025451160967350006 0.13659293949604034
v 0.08772272616624832 0.026914089918136597 0.1364898532629013
v 0.08772044628858566 0.02816472388803959 0.13887973129749298
v 0.08065648376941681 0.02380264550447464 0.13219019770622253
v 0.08188938349485397 0.025609221309423447 0.13711726665496826
v 0.08189072459936142 0.026784643530845642 0.1397380232810974
v 0.08066524565219879 0.028324389830231667 0.1428585946559906
v 0.08066761493682861 0.029689671471714973 0.14541637897491455
v 0.07939740270376205 0.02096688561141491 0.12135452032089233
v 0.07812200486660004 0.020313169807195663 0.11585309356451035
v 0.08309999108314514 0.026627609506249428 0.13918080925941467
v 0.08065258711576462 0.02202935330569744 0.12667296826839447
v 0.08190514892339706 0.043833184987306595 0.16052012145519257
v 0.08190595358610153 0.045107219368219376 0.1611863523721695
v 0.08068820089101791 0.045347779989242554 0.1620902270078659
v 0.08068954199552536 0.04666673392057419 0.16269753873348236
v 0.07945447415113449 0.046987906098365784 0.1635710597038269
v 0.0794563740491867 0.04835225269198418 0.16410821676254272
v 0.07820438593626022 0.04875188320875168 0.1649506539106369
v 0.078206866979599 0.05016211047768593 0.16540361940860748
v 0.07693838328123093 0.05063844844698906 0.1662130206823349
v 0.07562028616666794 0.040186747908592224 0.15954047441482544
v 0.08310666680335999 0.05035790055990219 0.161919966340065
v 0.0769352987408638 0.049223773181438446 0.16574080288410187
v 0.07564947754144669 0.049767617136240005 0.16647878289222717
v 0.07690803706645966 0.038586437702178955 0.15789058804512024
v 0.07563477009534836 0.04459002614021301 0.16353760659694672
v 0.07429666817188263 0.03718407824635506 0.1553504317998886
v 0.07293636351823807 0.03228233754634857 0.1452092081308365
v 0.07427285611629486 0.03265045955777168 0.14761725068092346
v 0.07294507324695587 0.03354938328266144 0.14792980253696442
v 0.07428062707185745 0.034045152366161346 0.15026263892650604
v 0.07295399904251099 0.03491862863302231 0.15059995651245117
v 0.07428856939077377 0.03555265814065933 0.15284517407417297
v 0.07296311855316162 0.03639942407608032 0.15320944786071777
v 0.07297241687774658 0.03800302371382713 0.1557442992925644
v 0.0769200250506401 0.04285186156630516 0.1619926542043686
v 0.07692304998636246 0.04403017833828926 0.16289082169532776
v 0.07819206267595291 0.04236649349331856 0.16131722927093506
v 0.0781945139169693 0.04355095326900482 0.16219231486320496
v 0.07944690436124802 0.04196429252624512 0.16058966517448425
v 0.07944878935813904 0.04315270110964775 0.16144150495529175
v 0.08068417757749557 0.04164564982056618 0.15980924665927887
v 0.08068551123142242 0.042835790663957596 0.1606377810239792
v 0.08190353214740753 0.04141097143292427 0.1589752733707428
v 0.081904336810112 0.04260057210922241 0.15978054702281952
v 0.07818002253770828 0.03709733858704567 0.15619492530822754
v 0.08190193772315979 0.039158694446086884 0.15719303488731384
v 0.08190114051103592 0.03809429332613945 0.15622802078723907
v 0.08068153262138367 0.039395108819007874 0.15798170864582062
v 0.07944316416978836 0.039719972759485245 0.15871703624725342
v 0.07818963378667831 0.04122764989733696 0.16038425266742706
v 0.07944503426551819 0.04082050547003746 0.1596793830394745
v 0.07691100984811783 0.03958908095955849 0.15898039937019348
v 0.0781823992729187 0.0380692183971405 0.1573004424571991
v 0.08310101181268692 0.029270166531205177 0.14421358704566956
v 0.08189500868320465 0.030903199687600136 0.14730194211006165
v 0.08067251741886139 0.032753631472587585 0.15033788979053497
v 0.07943402230739594 0.03481891378760338 0.15330728888511658
v 0.07943765074014664 0.036665044724941254 0.15557388961315155
v 0.08068285137414932 0.04049913212656975 0.15892182290554047
v 0.08190272748470306 0.04026397690176964 0.15811075270175934
v 0.0818844735622406 0.0217388067394495 0.1263083517551422
v 0.08429274708032608 0.01784258708357811 0.10903355479240417
v 0.0830957219004631 0.0178658626973629 0.10927867144346237
v 0.0818789005279541 0.018022675067186356 0.10950271785259247
v 0.08188048750162125 0.019011421129107475 0.11515729129314423
v 0.08064335584640503 0.018320826813578606 0.10970640182495117
v 0.08064597845077515 0.01930803619325161 0.11541338264942169
v 0.07938934862613678 0.01875944621860981 0.1098904088139534
v 0.07939304411411285 0.01974225603044033 0.11564503610134125
v 0.08064907044172287 0.020538607612252235 0.12107401341199875
v 0.004209056496620178 0.0762326642870903 0.08663122355937958
v 0.003249146044254303 0.07498657703399658 0.08663122355937958
v 0.0024066567420959473 0.07371319085359573 0.08663122355937958
v 0.0016846992075443268 0.07232564687728882 0.08948720991611481
v 0.10931814461946487 0.05864431709051132 0.10340400785207748
v 0.10366546362638474 0.042143892496824265 0.12094424664974213
v 0.10792400687932968 0.05543980374932289 0.11157770454883575
v 0.00027584657073020935 0.06775911897420883 0.0911913812160492
v 0.0052734799683094025 0.0749417319893837 0.10657690465450287
v 0.004201937932521105 0.07396458834409714 0.10447356104850769
v 0.0032441094517707825 0.07296910881996155 0.10233039408922195
v 0.0032461697701364756 0.07388235628604889 0.09846364706754684
v 0.002403266727924347 0.07195649296045303 0.1001523807644844
v 0.0024046562612056732 0.07275110483169556 0.09682243317365646
v 0.0016827137442305684 0.0709279403090477 0.09794449061155319
v 0.001683589187450707 0.07159964740276337 0.09515853226184845
v 0.001085754600353539 0.06988471746444702 0.09571170806884766
v 0.0006156974122859538 0.0688280314207077 0.09345901012420654
v 0.0024064145982265472 0.07360880821943283 0.09004439413547516
v 0.0016842634649947286 0.07205776870250702 0.09233358502388
v 0.0006163157522678375 0.06974530220031738 0.08663122355937958
v 0.10367012023925781 0.0402650386095047 0.11825674772262573
v 0.10367451608181 0.03865809738636017 0.11539869010448456
v 0.08309492468833923 0.01657630316913128 0.09798754751682281
v 0.08187609910964966 0.016411766409873962 0.09236892312765121
v 0.08309470862150192 0.016258345916867256 0.09231331944465637
v 0.08429329842329025 0.016558991745114326 0.09786555916070938
v 0.08429344743490219 0.016242731362581253 0.09225240349769592
v 0.07938636839389801 0.018006091937422752 0.10410252958536148
v 0.08187668025493622 0.016730571165680885 0.09809890389442444
v 0.07938416302204132 0.017473654821515083 0.09829116612672806
v 0.0806412398815155 0.017564374953508377 0.10396526008844376
v 0.08063967525959015 0.01702995039522648 0.0981999933719635
v 0.08187762647867203 0.01726537197828293 0.10381317138671875
v 0.08309526741504669 0.017109906300902367 0.10364571958780289
v 0.08429306745529175 0.017089970409870148 0.10346239060163498
v 0.08063870668411255 0.01671125926077366 0.09241937845945358
v 0.07938279956579208 0.017156051471829414 0.0924648642539978
v 0.100821353495121 0.049162667244672775 0.13489608466625214
v 0.10082494467496872 0.04735949635505676 0.13422706723213196
v 0.1008177399635315 0.051015324890613556 0.1353469043970108
v 0.10081411153078079 0.05288199707865715 0.1355879157781601
v 0.10365044325590134 0.04975232109427452 0.12707431614398956
v 0.10365302860736847 0.0482681468129158 0.12635664641857147
v 0.10602663457393646 0.05123944208025932 0.11892672628164291
v 0.1060282438993454 0.05008292570710182 0.11823146790266037
v 0.10792575776576996 0.053608544170856476 0.11063219606876373
v 0.10792746394872665 0.05199434608221054 0.1093611791729927
v 0.11017678678035736 0.06272294372320175 0.09522716701030731
v 0.10931738466024399 0.05998954176902771 0.10374141484498978
v 0.10792223364114761 0.05741967260837555 0.11209221184253693
v 0.10602337121963501 0.05373984947800636 0.11992277204990387
v 0.1036786288022995 0.037290167063474655 0.11241695284843445
v 0.10602500289678574 0.05246268957853317 0.1194961667060852
v 0.10364784300327301 0.05130491033196449 0.1276184767484665
v 0.1036452129483223 0.05289435386657715 0.1279766708612442
v 0.09755407273769379 0.053686246275901794 0.1426302045583725
v 0.1008104756474495 0.05473530292510986 0.13565945625305176
v 0.10364259034395218 0.05448859930038452 0.12816111743450165
v 0.10363995283842087 0.05606529116630554 0.12821373343467712
v 0.10601842403411865 0.05763166397809982 0.12037220597267151
v 0.11017659306526184 0.06340131908655167 0.09526436775922775
v 0.1093166247010231 0.061327703297138214 0.1038183644413948
v 0.10792044550180435 0.059395547956228256 0.11221403628587723
v 0.10602172464132309 0.05504363030195236 0.12019788473844528
v 0.09755845367908478 0.051573723554611206 0.14253513514995575
v 0.09577280282974243 0.05328485742211342 0.14591272175312042
v 0.09389316290616989 0.05297570675611496 0.14904682338237762
v 0.09577734768390656 0.05105012655258179 0.14580392837524414
v 0.056865133345127106 0.052687257528305054 0.16514752805233002
v 0.054200585931539536 0.055277399718761444 0.16734284162521362
v 0.05148882046341896 0.057845015078783035 0.1691765934228897
v 0.048766691237688065 0.059273529797792435 0.1696377843618393
v 0.059509675949811935 0.04994886741042137 0.1626920998096466
v 0.04605031758546829 0.06061295047402382 0.16979773342609406
v 0.04335412010550499 0.061893533915281296 0.16961899399757385
v 0.04069110006093979 0.06312967836856842 0.16906407475471497
v 0.038071081042289734 0.06431930512189865 0.16810555756092072
v 0.06217324733734131 0.04696143791079521 0.1600371152162552
v 0.0648113340139389 0.03876316919922829 0.14620134234428406
v 0.06483561545610428 0.04104141145944595 0.1518048793077469
v 0.06486096978187561 0.04373173043131828 0.15721671283245087
v 0.03550281003117561 0.06544214487075806 0.16673573851585388
v 0.10931362956762314 0.06635928153991699 0.10192501544952393
v 0.11017554998397827 0.06686381250619888 0.09325987100601196
v 0.10931100696325302 0.06943665444850922 0.09739001095294952
v 0.10931160300970078 0.06883708387613297 0.09862852841615677
v 0.059542782604694366 0.06099634990096092 0.17251743376255035
v 0.059544458985328674 0.06172798573970795 0.17270693182945251
v 0.06897939741611481 0.047246403992176056 0.16498963534832
v 0.06898589432239532 0.04834870249032974 0.16601690649986267
v 0.06224127486348152 0.05985686555504799 0.1721809208393097
v 0.067630335688591 0.0491936169564724 0.16636604070663452
v 0.06763716042041779 0.05033557116985321 0.16735193133354187
v 0.0649208351969719 0.051954664289951324 0.16794453561306
v 0.06492764502763748 0.05312734469771385 0.16889531910419464
v 0.06221826747059822 0.05456646531820297 0.16933000087738037
v 0.062224000692367554 0.05578090623021126 0.17022715508937836
v 0.05953273922204971 0.05696586146950722 0.1704963743686676
v 0.059536080807447433 0.05823419988155365 0.1713125854730606
v 0.06224415823817253 0.060592904686927795 0.17236340045928955
v 0.06495507061481476 0.05849110335111618 0.17163287103176117
v 0.06495851278305054 0.05923151597380638 0.17180688679218292
v 0.06222974509000778 0.05706807225942612 0.1710178256034851
v 0.06493448466062546 0.054366305470466614 0.16976028680801392
v 0.06767843663692474 0.058471839874982834 0.17115789651870728
v 0.06632100045681 0.05923980847001076 0.17157235741615295
v 0.06631398946046829 0.05774523317813873 0.1712796837091446
v 0.056863635778427124 0.05912449210882187 0.1714053750038147
v 0.05418216809630394 0.06108982488512993 0.17201028764247894
v 0.054189566522836685 0.05853104591369629 0.17044992744922638
v 0.05686388537287712 0.0578722208738327 0.17056997120380402
v 0.05418587476015091 0.0597694031894207 0.17129763960838318
v 0.051477402448654175 0.060215480625629425 0.1709919422864914
v 0.05147168040275574 0.061524324119091034 0.17170998454093933
v 0.04875333607196808 0.06178491935133934 0.17120912671089172
v 0.04874664172530174 0.0631590336561203 0.17175792157649994
v 0.04603652283549309 0.06326021999120712 0.1710561364889145
v 0.04334099963307381 0.06465191394090652 0.17049609124660492
v 0.040679387748241425 0.06594879180192947 0.16951188445091248
v 0.056864138692617416 0.05669843405485153 0.1696264147758484
v 0.05952940881252289 0.055773500353097916 0.16957271099090576
v 0.059522777795791626 0.05360015109181404 0.16748429834842682
v 0.06221254914999008 0.05342153459787369 0.1683470606803894
v 0.06897292286157608 0.04619591310620308 0.16390977799892426
v 0.0676167830824852 0.047074902802705765 0.16422182321548462
v 0.06490054726600647 0.04879434406757355 0.16471022367477417
v 0.0649140402674675 0.05084442347288132 0.16692239046096802
v 0.062206853181123734 0.052341487258672714 0.16729354858398438
v 0.08768422156572342 0.05799127742648125 0.15674538910388947
v 0.08984554558992386 0.0552385076880455 0.15467117726802826
v 0.08984190225601196 0.0577782467007637 0.15418896079063416
v 0.09191358834505081 0.05522971972823143 0.15188194811344147
v 0.09190935641527176 0.057675134390592575 0.15144868195056915
v 0.09388864785432816 0.05532721430063248 0.1489228755235672
v 0.09388414770364761 0.05767040699720383 0.14853475987911224
v 0.09576825797557831 0.05551958829164505 0.14580392837524414
v 0.09576372057199478 0.0577533021569252 0.1454574018716812
v 0.0975496917963028 0.055798765271902084 0.14253513514995575
v 0.097545325756073 0.05791626125574112 0.14222683012485504
v 0.10080684721469879 0.05658860504627228 0.1355879157781601
v 0.10080321878194809 0.05845528095960617 0.1353469043970108
v 0.10363730788230896 0.05764198303222656 0.12816111743450165
v 0.10931586474180222 0.06266587227582932 0.10374141484498978
v 0.1079186499118805 0.061371419578790665 0.11209221184253693
v 0.10601511597633362 0.060219697654247284 0.12019788473844528
v 0.10363467782735825 0.059236228466033936 0.1279766708612442
v 0.11017641425132751 0.06407970190048218 0.09522716701030731
v 0.08983826637268066 0.06024622544646263 0.15338389575481415
v 0.08768154680728912 0.060529958456754684 0.15586765110492706
v 0.08543751388788223 0.06092404946684837 0.15815278887748718
v 0.10931046307086945 0.069943867623806 0.09611114859580994
v 0.11039555072784424 0.06706144660711288 0.08732552826404572
v 0.11039558798074722 0.06696762144565582 0.08801392465829849
v 0.10790730267763138 0.07129774242639542 0.10261066257953644
v 0.09746276587247849 0.08370737731456757 0.0953989177942276
v 0.09914810955524445 0.08288636803627014 0.09076697379350662
v 0.09746120870113373 0.08396534621715546 0.09101901948451996
v 0.09746528416872025 0.0832725316286087 0.09976275265216827
v 0.09747791290283203 0.08082032203674316 0.11265859007835388
v 0.05953942611813545 0.05957988277077675 0.17199651896953583
v 0.05954110622406006 0.06027980148792267 0.17227937281131744
v 0.07820190489292145 0.047383785247802734 0.1643919199705124
v 0.07693222165107727 0.04785406216979027 0.1651604026556015
v 0.07564578950405121 0.0483984537422657 0.16587674617767334
v 0.07434316724538803 0.04901508986949921 0.1665412038564682
v 0.07945257425308228 0.04566553980112076 0.16294093430042267
v 0.07436054944992065 0.05475526675581932 0.1682933121919632
v 0.07304076105356216 0.05393524467945099 0.16872498393058777
v 0.08068684488534927 0.044070228934288025 0.16140078008174896
v 0.07945067435503006 0.04438671097159386 0.162228062748909
v 0.07819943875074387 0.04606018587946892 0.16373884677886963
v 0.06900554150342941 0.051998451352119446 0.16868507862091064
v 0.06765086203813553 0.05280143395066261 0.1690938025712967
v 0.06765773147344589 0.05413016304373741 0.16981840133666992
v 0.06488718837499619 0.04694351926445961 0.16232746839523315
v 0.06219553202390671 0.05035628005862236 0.1650230437517166
v 0.06487397849559784 0.045263659209012985 0.15981963276863098
v 0.06766463071107864 0.05552332103252411 0.17041964828968048
v 0.0676715299487114 0.05697423592209816 0.17087382078170776
v 0.06630698591470718 0.056299638003110886 0.17081238329410553
v 0.0690121278166771 0.05333702266216278 0.1693906933069229
v 0.06902533024549484 0.05619291961193085 0.17041535675525665
v 0.06901872903108597 0.05473741143941879 0.1699749082326889
v 0.07819697260856628 0.04478229582309723 0.16300244629383087
v 0.07692916691303253 0.04653141647577286 0.16448432207107544
v 0.0769261047244072 0.045256663113832474 0.16372443735599518
v 0.07299629598855972 0.04263985902070999 0.16162416338920593
v 0.07431746274232864 0.0418924055993557 0.16114237904548645
v 0.07562388479709625 0.04122038185596466 0.16061165928840637
v 0.07433883845806122 0.047700803726911545 0.16581948101520538
v 0.07564210146665573 0.047078926116228104 0.16517774760723114
v 0.0743345394730568 0.046438783407211304 0.1650131344795227
v 0.07563842833042145 0.04580948129296303 0.16439449787139893
v 0.062184322625398636 0.04857326298952103 0.16258910298347473
v 0.059516191482543945 0.05167226120829582 0.16516666114330292
v 0.05686463788151741 0.05456797033548355 0.16749942302703857
v 0.054193250834941864 0.05737286061048508 0.16949377954006195
v 0.051483117043972015 0.058989714831113815 0.17013846337795258
v 0.04876001924276352 0.06048757582902908 0.1704910546541214
v 0.04604342579841614 0.061898451298475266 0.17051103711128235
v 0.0433475635945797 0.06324152648448944 0.17015694081783295
v 0.040685247629880905 0.06452301889657974 0.16939663887023926
v 0.06629998981952667 0.05491432920098305 0.1701948195695877
v 0.06494133174419403 0.05567411705851555 0.1705201119184494
v 0.0649482011795044 0.05705126374959946 0.17115311324596405
v 0.0622355081140995 0.05842892825603485 0.17167869210243225
v 0.06223839148879051 0.059135038405656815 0.1719515174627304
v 0.03806617856025696 0.06572464108467102 0.16821788251399994
v 0.06495163589715958 0.057763874530792236 0.1714138686656952
f 1 2 3
f 4 5 6
f 4 6 7
f 7 6 8
f 7 8 9
f 9 8 10
f 9 10 11
f 12 5 4
f 11 10 13
f 14 13 15
f 14 15 16
f 16 15 17
f 16 17 18
f 18 17 19
f 18 19 20
f 11 13 14
f 12 21 5
f 22 21 12
f 22 23 21
f 24 25 26
f 26 25 27
f 26 27 28
f 28 27 29
f 28 29 30
f 30 29 31
f 30 31 32
f 32 31 33
f 32 33 34
f 34 33 35
f 34 35 36
f 36 35 37
f 36 37 38
f 38 37 23
f 38 23 22
f 20 19 39
f 24 40 25
f 20 39 41
f 41 42 43
f 44 45 46
f 46 45 47
f 46 47 48
f 48 47 49
f 48 49 50
f 50 49 51
f 44 52 45
f 50 51 53
f 53 54 55
f 55 54 56
f 55 56 57
f 57 56 58
f 57 58 59
f 59 58 60
f 53 51 54
f 61 52 44
f 61 62 52
f 63 62 61
f 43 42 64
f 43 64 65
f 65 64 66
f 65 66 67
f 67 66 68
f 67 68 69
f 69 68 70
f 69 70 71
f 71 70 72
f 71 72 73
f 73 72 74
f 73 74 75
f 75 74 76
f 75 76 63
f 63 76 62
f 41 39 42
f 59 60 77
f 78 40 24
f 79 80 78
f 81 82 83
f 83 82 84
f 83 84 85
f 85 84 86
f 85 86 87
f 87 86 88
f 81 89 82
f 87 88 90
f 90 91 92
f 92 91 93
f 92 93 94
f 94 93 95
f 96 97 89
f 89 97 98
f 90 88 91
f 99 89 81
f 99 96 89
f 100 96 99
f 98 101 102
f 98 102 103
f 103 102 104
f 103 104 105
f 105 104 106
f 105 106 107
f 107 106 108
f 107 108 109
f 109 108 110
f 109 110 111
f 111 110 112
f 111 112 113
f 113 112 114
f 113 114 115
f 115 114 116
f 89 98 82
f 78 80 40
f 82 98 103
f 84 103 105
f 90 117 118
f 90 118 87
f 87 118 119
f 87 119 85
f 85 119 120
f 85 120 83
f 92 117 90
f 83 120 121
f 81 121 122
f 81 122 99
f 99 122 123
f 99 123 100
f 124 125 79
f 79 125 80
f 83 121 81
f 92 126 117
f 94 126 92
f 94 127 126
f 84 105 86
f 86 105 107
f 86 107 88
f 88 107 109
f 88 109 91
f 91 109 111
f 91 111 93
f 93 111 113
f 93 113 95
f 95 113 115
f 116 128 115
f 115 128 129
f 115 129 95
f 95 129 127
f 95 127 94
f 82 103 84
f 77 60 130
f 77 130 131
f 131 130 132
f 133 134 135
f 135 134 136
f 135 136 137
f 137 136 138
f 137 138 139
f 139 138 140
f 133 141 134
f 139 140 142
f 142 143 144
f 144 143 145
f 144 145 146
f 146 145 147
f 146 147 148
f 148 147 149
f 142 140 143
f 150 141 133
f 151 152 153
f 151 154 152
f 155 156 157
f 155 157 158
f 158 157 159
f 160 161 162
f 162 161 163
f 162 163 164
f 165 166 154
f 154 166 167
f 154 167 152
f 168 151 161
f 161 151 169
f 161 169 163
f 160 165 168
f 168 165 154
f 168 154 151
f 148 149 170
f 171 156 155
f 170 149 172
f 173 172 174
f 175 176 177
f 177 176 178
f 177 178 179
f 179 178 180
f 181 182 183
f 183 182 184
f 185 186 187
f 183 184 188
f 188 189 190
f 187 191 175
f 175 191 192
f 175 192 176
f 176 192 193
f 176 193 194
f 188 184 189
f 185 188 186
f 183 188 185
f 195 196 159
f 173 174 156
f 156 174 197
f 156 197 157
f 157 197 198
f 157 198 159
f 159 198 195
f 199 200 201
f 201 200 202
f 201 202 194
f 194 202 178
f 194 178 176
f 203 204 205
f 205 204 206
f 205 206 195
f 195 206 196
f 170 172 173
f 171 173 156
f 207 173 171
f 207 170 173
f 208 102 209
f 209 102 101
f 209 101 210
f 211 212 213
f 213 212 214
f 213 214 215
f 208 104 102
f 215 214 216
f 217 216 218
f 217 218 219
f 219 218 220
f 211 221 212
f 212 221 222
f 212 222 214
f 215 216 217
f 223 104 208
f 223 106 104
f 224 106 223
f 131 132 225
f 225 132 226
f 225 226 227
f 228 229 230
f 230 229 116
f 230 116 231
f 231 116 114
f 231 114 232
f 232 114 112
f 232 112 233
f 233 112 110
f 233 110 234
f 234 110 108
f 234 108 224
f 224 108 106
f 214 222 235
f 214 235 216
f 216 235 236
f 216 236 218
f 237 135 238
f 238 135 137
f 238 137 239
f 239 137 139
f 239 139 240
f 240 139 142
f 240 142 241
f 241 142 144
f 241 144 242
f 242 144 146
f 242 146 243
f 243 146 148
f 243 148 244
f 244 148 170
f 244 170 207
f 237 133 135
f 97 101 98
f 245 133 237
f 246 150 245
f 218 236 247
f 218 247 220
f 158 220 155
f 155 220 247
f 155 247 171
f 171 247 236
f 171 236 207
f 207 236 235
f 207 235 244
f 244 235 222
f 244 222 243
f 243 222 221
f 243 221 242
f 242 221 248
f 242 248 249
f 245 150 133
f 194 193 250
f 251 252 253
f 254 255 251
f 256 257 258
f 259 260 261
f 261 260 262
f 261 262 263
f 263 262 264
f 263 264 265
f 266 257 256
f 265 264 267
f 268 267 269
f 268 269 270
f 270 269 271
f 270 271 272
f 272 271 273
f 272 273 274
f 265 267 268
f 266 275 257
f 276 275 266
f 276 277 275
f 278 279 280
f 278 280 281
f 281 280 282
f 281 282 283
f 283 282 284
f 283 284 285
f 286 287 288
f 288 287 289
f 288 289 290
f 290 289 291
f 290 291 292
f 292 291 293
f 292 293 294
f 294 293 277
f 294 277 276
f 274 273 295
f 296 279 278
f 274 295 297
f 297 298 299
f 277 300 275
f 275 300 301
f 275 301 257
f 257 301 302
f 257 302 258
f 258 302 303
f 277 304 300
f 258 303 305
f 306 307 308
f 306 308 309
f 309 308 310
f 309 310 311
f 311 310 312
f 311 312 304
f 313 307 306
f 293 304 277
f 293 311 304
f 291 311 293
f 299 298 256
f 299 256 314
f 314 256 258
f 314 258 305
f 116 229 128
f 259 315 260
f 260 315 316
f 260 316 286
f 286 316 313
f 286 313 287
f 287 313 306
f 287 306 289
f 289 306 309
f 289 309 291
f 291 309 311
f 297 295 298
f 304 312 317
f 296 318 279
f 319 320 318
f 321 322 323
f 323 322 324
f 323 324 325
f 325 324 326
f 325 326 327
f 327 326 328
f 329 234 224
f 327 328 330
f 330 331 332
f 332 331 329
f 332 329 333
f 333 329 224
f 224 223 333
f 333 223 334
f 330 328 331
f 329 335 234
f 331 335 329
f 331 336 335
f 337 338 336
f 336 338 335
f 234 335 233
f 233 335 338
f 233 338 232
f 232 338 337
f 232 337 231
f 231 337 230
f 322 339 324
f 324 339 340
f 324 340 326
f 326 340 337
f 326 337 328
f 328 337 336
f 328 336 331
f 333 334 332
f 319 318 296
f 332 334 341
f 330 341 342
f 343 344 345
f 343 345 346
f 346 345 347
f 346 347 348
f 348 347 349
f 348 349 350
f 351 344 343
f 350 349 352
f 353 352 354
f 353 354 355
f 355 354 356
f 355 356 357
f 357 356 320
f 357 320 319
f 350 352 353
f 351 358 344
f 359 358 351
f 359 360 358
f 330 342 327
f 327 342 361
f 327 361 325
f 325 361 362
f 325 362 323
f 323 362 363
f 323 363 321
f 321 363 364
f 365 366 367
f 367 366 368
f 367 368 369
f 369 368 370
f 369 370 371
f 371 370 360
f 371 360 359
f 332 341 330
f 304 317 300
f 300 317 372
f 300 372 301
f 373 251 374
f 374 251 253
f 374 253 375
f 376 377 378
f 378 377 379
f 378 379 380
f 373 254 251
f 380 379 381
f 382 381 383
f 382 383 384
f 384 383 385
f 384 385 386
f 386 385 387
f 386 387 388
f 380 381 382
f 389 254 373
f 389 390 254
f 391 390 389
f 392 393 394
f 392 394 395
f 395 394 396
f 395 396 397
f 397 396 398
f 397 398 399
f 399 398 400
f 399 400 401
f 401 400 402
f 401 402 403
f 403 402 404
f 403 404 405
f 405 404 406
f 405 406 391
f 391 406 390
f 388 387 407
f 408 393 392
f 388 407 409
f 409 410 411
f 412 413 414
f 414 413 415
f 414 415 416
f 416 415 417
f 416 417 418
f 418 417 419
f 412 420 413
f 418 419 404
f 404 421 406
f 406 421 422
f 406 422 390
f 390 422 423
f 390 423 254
f 254 423 255
f 404 419 421
f 394 420 412
f 394 424 420
f 393 424 394
f 411 410 425
f 411 425 426
f 426 425 427
f 426 427 428
f 428 427 429
f 428 429 430
f 430 429 431
f 430 431 432
f 432 431 433
f 432 433 434
f 434 433 435
f 434 435 436
f 436 435 437
f 436 437 393
f 393 437 424
f 409 407 410
f 408 436 393
f 438 436 408
f 438 434 436
f 425 439 427
f 427 439 440
f 427 440 429
f 429 440 441
f 429 441 431
f 431 441 442
f 425 443 439
f 431 442 433
f 433 444 435
f 435 444 445
f 435 445 437
f 437 445 446
f 437 446 424
f 424 446 447
f 433 442 444
f 410 443 425
f 410 448 443
f 407 448 410
f 301 372 449
f 301 449 302
f 302 449 450
f 302 450 451
f 451 450 452
f 453 454 381
f 381 454 455
f 381 455 383
f 383 455 456
f 383 456 385
f 385 456 457
f 385 457 387
f 387 457 458
f 387 458 407
f 407 458 448
f 424 447 420
f 420 447 459
f 420 459 413
f 413 459 460
f 50 388 48
f 48 388 409
f 48 409 46
f 46 409 411
f 46 411 44
f 44 411 426
f 44 426 61
f 61 426 428
f 61 428 63
f 63 428 430
f 63 430 75
f 75 430 432
f 75 432 73
f 73 432 434
f 73 434 438
f 50 386 388
f 251 255 252
f 53 386 50
f 55 384 53
f 413 460 461
f 461 460 462
f 461 462 463
f 463 462 419
f 463 419 417
f 464 465 466
f 466 465 467
f 466 467 77
f 77 467 468
f 77 468 59
f 59 468 380
f 59 380 57
f 57 380 382
f 57 382 55
f 55 382 384
f 53 384 386
f 194 250 201
f 201 250 469
f 201 469 199
f 470 471 472
f 470 472 473
f 473 472 474
f 473 474 475
f 475 474 476
f 475 476 477
f 478 471 470
f 477 476 479
f 480 479 481
f 480 481 482
f 482 481 483
f 482 483 484
f 484 483 485
f 484 485 486
f 477 479 480
f 478 487 471
f 488 487 478
f 488 180 487
f 297 322 274
f 274 322 321
f 274 321 489
f 489 321 364
f 489 364 490
f 491 492 493
f 493 492 494
f 493 494 495
f 187 175 185
f 185 175 177
f 185 177 183
f 183 177 179
f 183 179 181
f 181 179 180
f 181 180 488
f 486 485 496
f 297 339 322
f 486 496 497
f 497 498 499
f 500 501 502
f 500 502 503
f 503 502 504
f 503 504 505
f 505 504 506
f 505 506 507
f 508 501 500
f 491 1 509
f 509 3 510
f 510 3 511
f 510 511 501
f 501 511 512
f 501 512 502
f 502 512 513
f 509 1 3
f 508 510 501
f 514 510 508
f 514 515 510
f 499 498 516
f 499 516 517
f 517 516 518
f 517 518 519
f 3 2 511
f 511 2 520
f 511 520 521
f 509 510 492
f 492 510 515
f 492 515 494
f 522 495 523
f 523 495 494
f 523 494 524
f 524 494 515
f 524 515 514
f 497 496 498
f 502 513 504
f 299 339 297
f 314 228 299
f 525 526 527
f 525 527 528
f 528 527 529
f 528 529 530
f 530 529 531
f 530 531 532
f 533 526 525
f 532 531 534
f 535 534 536
f 535 536 537
f 538 539 540
f 540 539 541
f 540 541 542
f 542 541 543
f 532 534 535
f 533 544 526
f 545 544 533
f 545 546 544
f 547 548 549
f 549 548 550
f 549 550 551
f 551 550 552
f 551 552 553
f 553 552 554
f 553 554 555
f 555 554 556
f 555 556 557
f 557 556 558
f 557 558 559
f 559 558 560
f 559 560 561
f 561 560 546
f 561 546 545
f 542 543 562
f 299 228 339
f 562 543 563
f 564 563 565
f 566 118 567
f 567 118 117
f 567 117 568
f 568 117 126
f 568 126 452
f 452 126 127
f 566 119 118
f 452 127 451
f 451 129 303
f 303 129 128
f 303 128 305
f 305 128 229
f 305 229 314
f 314 229 228
f 451 127 129
f 547 119 566
f 547 120 119
f 549 120 547
f 564 565 569
f 569 565 570
f 569 570 571
f 571 570 572
f 571 572 573
f 559 574 557
f 557 574 538
f 557 538 555
f 555 538 575
f 555 575 553
f 553 575 122
f 553 122 551
f 551 122 121
f 551 121 549
f 549 121 120
f 562 563 564
f 504 513 576
f 504 576 506
f 506 576 577
f 578 579 580
f 578 580 581
f 581 580 582
f 581 582 583
f 583 582 584
f 583 584 585
f 586 579 578
f 585 584 587
f 588 587 589
f 588 589 590
f 590 589 591
f 590 591 592
f 592 591 593
f 592 593 594
f 585 587 588
f 586 595 579
f 596 595 586
f 596 597 595
f 565 493 495
f 565 495 570
f 570 495 522
f 570 522 572
f 598 599 600
f 600 599 601
f 600 601 602
f 602 601 603
f 602 603 604
f 604 603 605
f 604 605 606
f 606 605 607
f 606 607 608
f 608 607 597
f 608 597 596
f 594 593 609
f 563 493 565
f 594 609 610
f 610 611 612
f 613 130 60
f 613 60 614
f 614 60 58
f 614 58 615
f 615 58 56
f 615 56 616
f 617 130 613
f 616 56 54
f 618 54 51
f 618 51 619
f 619 51 49
f 619 49 620
f 620 49 47
f 620 47 621
f 616 54 618
f 617 622 130
f 623 622 617
f 623 624 622
f 612 611 625
f 612 625 626
f 626 625 627
f 626 627 628
f 628 627 629
f 628 629 630
f 630 629 631
f 630 631 632
f 633 634 635
f 635 634 636
f 635 636 259
f 259 636 637
f 259 637 315
f 315 637 624
f 315 624 623
f 610 609 611
f 563 491 493
f 543 491 563
f 543 1 491
f 638 639 640
f 638 640 641
f 641 640 642
f 641 642 643
f 643 642 644
f 643 644 645
f 646 639 638
f 645 644 647
f 648 647 649
f 648 649 650
f 650 649 651
f 650 651 652
f 652 651 653
f 652 653 654
f 645 647 648
f 646 655 639
f 656 655 646
f 656 657 655
f 506 577 507
f 507 577 658
f 507 658 659
f 659 658 660
f 659 660 661
f 661 660 662
f 661 662 663
f 663 662 664
f 663 664 665
f 665 664 666
f 665 666 667
f 667 666 668
f 667 668 669
f 669 668 657
f 669 657 656
f 654 653 670
f 654 670 671
f 671 670 672
f 671 672 673
f 525 674 533
f 533 674 675
f 533 675 545
f 545 675 676
f 545 676 561
f 561 676 677
f 561 677 559
f 559 677 521
f 559 521 574
f 574 521 520
f 574 520 539
f 539 520 2
f 539 2 541
f 541 2 1
f 541 1 543
f 525 678 674
f 547 679 548
f 528 678 525
f 530 680 528
f 673 672 681
f 673 681 682
f 683 684 685
f 685 684 686
f 685 686 687
f 687 686 688
f 687 688 689
f 689 688 601
f 689 601 599
f 537 690 535
f 535 690 691
f 535 691 532
f 532 691 692
f 532 692 530
f 530 692 680
f 528 680 678
f 566 679 547
f 566 693 679
f 567 693 566
f 694 353 695
f 695 353 355
f 695 355 696
f 696 355 357
f 696 357 697
f 697 357 319
f 694 350 353
f 697 319 698
f 698 296 699
f 699 296 278
f 699 278 700
f 700 278 281
f 700 281 701
f 701 281 283
f 698 319 296
f 702 350 694
f 702 348 350
f 703 348 702
f 704 705 367
f 704 367 706
f 706 367 369
f 706 369 707
f 707 369 371
f 707 371 708
f 708 371 359
f 708 359 709
f 709 359 351
f 709 351 710
f 710 351 343
f 710 343 711
f 711 343 346
f 711 346 703
f 703 346 348
f 701 283 712
f 713 705 704
f 712 283 285
f 714 285 715
f 716 717 718
f 719 720 721
f 721 720 722
f 721 722 723
f 723 722 724
f 723 724 725
f 726 717 716
f 725 724 727
f 728 727 729
f 728 729 730
f 730 729 731
f 730 731 199
f 199 731 732
f 199 732 200
f 725 727 728
f 726 720 717
f 722 720 726
f 721 733 719
f 714 715 734
f 734 715 735
f 734 735 736
f 736 735 737
f 738 164 739
f 739 164 163
f 739 163 740
f 740 163 169
f 740 169 741
f 741 169 151
f 741 151 742
f 742 151 153
f 742 153 743
f 743 153 733
f 743 733 721
f 712 285 714
f 713 744 705
f 745 744 713
f 735 746 737
f 747 748 728
f 749 750 751
f 751 750 752
f 751 752 753
f 753 752 754
f 753 754 755
f 747 755 748
f 755 754 756
f 748 756 757
f 748 757 728
f 728 757 758
f 728 758 725
f 725 758 723
f 750 738 752
f 755 756 748
f 759 755 747
f 759 753 755
f 760 753 759
f 199 469 730
f 191 761 192
f 192 761 762
f 192 762 193
f 193 762 760
f 193 760 250
f 250 760 759
f 250 759 469
f 469 759 747
f 469 747 730
f 730 747 728
f 761 749 762
f 762 749 751
f 762 751 760
f 760 751 753
f 752 738 739
f 752 739 754
f 754 739 740
f 754 740 756
f 714 763 764
f 714 764 712
f 712 764 765
f 712 765 701
f 701 765 766
f 701 766 700
f 700 766 767
f 700 767 699
f 699 767 768
f 699 768 698
f 284 769 285
f 285 769 770
f 285 770 715
f 715 770 746
f 715 746 735
f 734 763 714
f 200 732 771
f 772 773 774
f 775 776 772
f 756 740 741
f 756 741 757
f 757 741 742
f 757 742 758
f 758 742 743
f 758 743 723
f 723 743 721
f 733 153 777
f 777 153 152
f 777 152 778
f 778 152 167
f 778 167 779
f 779 167 780
f 779 780 775
f 775 780 776
f 772 776 773
f 781 245 237
f 200 771 202
f 202 487 180
f 779 765 778
f 778 765 764
f 778 764 777
f 777 764 763
f 777 763 719
f 719 763 736
f 779 766 765
f 719 736 720
f 720 737 717
f 717 737 782
f 717 782 718
f 718 782 783
f 718 783 516
f 516 783 518
f 720 736 737
f 775 766 779
f 775 767 766
f 772 767 775
f 784 785 786
f 786 785 787
f 786 787 788
f 788 787 789
f 788 789 790
f 790 789 791
f 790 791 792
f 792 791 793
f 792 793 794
f 794 793 795
f 794 795 796
f 796 795 598
f 796 598 600
f 774 768 772
f 772 768 767
f 573 210 571
f 784 797 785
f 571 210 101
f 569 101 97
f 312 619 317
f 317 619 620
f 317 620 372
f 372 620 621
f 372 621 449
f 449 621 798
f 312 618 619
f 449 798 450
f 450 799 452
f 452 799 800
f 452 800 568
f 568 800 801
f 568 801 567
f 567 801 693
f 450 798 799
f 310 618 312
f 310 616 618
f 308 616 310
f 569 97 564
f 564 97 96
f 564 96 562
f 562 96 100
f 562 100 542
f 542 100 123
f 542 123 540
f 540 123 575
f 540 575 538
f 617 613 313
f 313 613 614
f 313 614 307
f 307 614 615
f 307 615 308
f 308 615 616
f 571 101 569
f 802 797 784
f 802 803 797
f 804 803 802
f 805 806 807
f 805 807 808
f 809 810 811
f 811 810 812
f 811 812 813
f 813 812 814
f 815 806 805
f 813 814 816
f 816 817 203
f 818 819 820
f 203 205 816
f 816 205 821
f 816 821 822
f 822 821 820
f 816 814 817
f 815 823 806
f 824 823 815
f 824 825 823
f 488 826 181
f 181 826 824
f 181 824 182
f 182 824 815
f 182 815 184
f 184 815 805
f 184 805 189
f 189 805 808
f 189 808 190
f 811 813 822
f 822 813 816
f 470 827 478
f 478 827 826
f 826 827 825
f 826 825 824
f 822 820 811
f 811 820 819
f 811 819 828
f 828 819 829
f 498 718 516
f 830 831 832
f 832 831 833
f 832 833 834
f 834 833 829
f 834 829 835
f 835 829 819
f 835 819 836
f 836 819 818
f 836 818 837
f 837 818 838
f 837 838 839
f 839 838 840
f 839 840 804
f 804 840 803
f 498 716 718
f 202 771 487
f 496 716 498
f 485 726 496
f 828 829 833
f 471 771 472
f 472 771 732
f 472 732 474
f 474 732 731
f 474 731 476
f 476 731 729
f 476 729 479
f 479 729 727
f 479 727 481
f 481 727 724
f 481 724 483
f 483 724 722
f 483 722 485
f 485 722 726
f 496 726 716
f 781 841 245
f 842 841 781
f 842 843 841
f 844 845 846
f 844 846 847
f 847 846 848
f 847 848 849
f 849 848 850
f 849 850 851
f 852 845 844
f 851 850 853
f 854 853 855
f 854 855 856
f 856 855 857
f 856 857 858
f 858 857 859
f 858 859 860
f 851 853 854
f 852 861 845
f 862 861 852
f 862 863 861
f 864 865 866
f 864 866 867
f 867 866 868
f 867 868 869
f 869 868 870
f 869 870 871
f 871 870 872
f 871 872 873
f 873 872 874
f 873 874 875
f 875 874 876
f 875 876 877
f 878 879 880
f 880 879 863
f 880 863 862
f 860 859 881
f 882 865 864
f 860 881 883
f 883 884 885
f 886 887 888
f 888 887 889
f 888 889 890
f 890 889 891
f 890 891 892
f 892 891 893
f 886 894 887
f 892 893 895
f 895 896 897
f 897 896 898
f 897 898 899
f 899 898 900
f 899 900 901
f 901 900 902
f 895 893 896
f 903 894 886
f 903 904 894
f 905 904 903
f 885 884 906
f 907 908 909
f 909 908 910
f 909 910 911
f 911 910 912
f 911 912 913
f 913 912 914
f 913 914 915
f 915 914 916
f 915 916 917
f 917 916 918
f 917 918 919
f 919 918 920
f 919 920 905
f 905 920 904
f 883 881 884
f 901 902 921
f 882 922 865
f 923 924 922
f 925 926 927
f 927 926 928
f 927 928 929
f 929 928 930
f 929 930 931
f 931 930 932
f 925 933 926
f 931 932 934
f 934 935 936
f 936 935 937
f 936 937 938
f 938 937 939
f 938 939 940
f 940 939 941
f 934 932 935
f 942 933 925
f 942 943 933
f 944 943 942
f 934 945 931
f 931 945 946
f 931 946 929
f 929 946 947
f 929 947 927
f 927 947 948
f 927 948 925
f 925 948 949
f 925 949 942
f 942 949 950
f 942 950 944
f 944 950 951
f 944 951 952
f 952 953 944
f 944 953 943
f 940 941 954
f 923 922 882
f 955 954 956
f 956 941 957
f 872 953 874
f 874 953 958
f 874 958 876
f 959 955 960
f 960 955 956
f 960 956 961
f 872 943 953
f 961 956 957
f 962 957 963
f 962 963 964
f 964 963 965
f 964 965 966
f 966 965 924
f 966 924 923
f 961 957 962
f 870 943 872
f 870 933 943
f 868 933 870
f 957 941 939
f 957 939 963
f 963 939 937
f 963 937 965
f 965 937 935
f 965 935 924
f 924 935 932
f 924 932 922
f 922 932 930
f 922 930 865
f 865 930 928
f 865 928 866
f 866 928 926
f 866 926 868
f 868 926 933
f 956 954 941
f 921 902 967
f 921 967 968
f 968 967 969
f 970 971 972
f 972 971 973
f 972 973 974
f 974 973 975
f 974 975 976
f 976 975 977
f 970 978 971
f 976 977 979
f 979 980 981
f 982 983 984
f 984 983 985
f 984 985 986
f 987 988 989
f 990 986 991
f 979 977 980
f 992 978 970
f 992 993 978
f 994 993 992
f 995 996 997
f 997 996 998
f 997 998 999
f 999 998 1000
f 999 1000 1001
f 1001 1000 1002
f 1001 1002 1003
f 1004 1005 1006
f 1006 1005 1007
f 1006 1007 1008
f 1008 1007 1009
f 1008 1009 1010
f 1010 1009 1011
f 1010 1011 994
f 994 1011 993
f 991 986 985
f 995 1012 996
f 991 985 1013
f 1013 1014 1015
f 1016 1017 1018
f 1016 1018 1019
f 1019 1018 1020
f 1019 1020 1021
f 1022 1023 1024
f 1024 1023 1025
f 1026 1017 1016
f 1024 1025 1027
f 1028 1022 1024
f 1028 1024 1029
f 1029 1024 1027
f 1029 1027 1030
f 1031 1032 1033
f 1033 1032 1034
f 1035 1022 1028
f 1026 1036 1017
f 1037 1036 1026
f 1038 1039 1040
f 1015 1014 1041
f 1015 1041 1039
f 987 989 1042
f 1042 989 1043
f 1042 1043 1044
f 1044 1043 1045
f 1044 1045 1046
f 1047 990 1048
f 1048 990 991
f 1048 991 1049
f 1049 991 1013
f 1049 1013 1050
f 1050 1013 1015
f 1050 1015 1038
f 1038 1015 1039
f 1013 985 1014
f 1051 1012 995
f 1051 1052 1012
f 1053 1052 1051
f 1054 1055 1056
f 1005 1057 1007
f 1007 1057 1058
f 1007 1058 1009
f 1009 1058 1059
f 1009 1059 1011
f 1054 1060 1055
f 1011 1059 1053
f 993 1053 1051
f 993 1051 978
f 978 1051 995
f 978 995 971
f 971 995 997
f 971 997 973
f 1011 1053 993
f 1061 1060 1054
f 1061 1062 1060
f 1006 1062 1061
f 968 969 1063
f 1063 969 1064
f 1063 1064 1065
f 1065 1064 1066
f 1065 1066 1067
f 1067 1066 1068
f 1067 1068 1069
f 1069 1068 1070
f 1069 1070 1071
f 1071 1070 1072
f 1071 1072 1073
f 1073 1072 1074
f 1054 1075 1061
f 1061 1075 1004
f 1061 1004 1006
f 973 997 999
f 973 999 975
f 975 999 1076
f 975 1076 977
f 1052 1077 1012
f 1012 1077 1078
f 1012 1078 996
f 996 1078 1079
f 996 1079 998
f 998 1079 1080
f 998 1080 1081
f 1081 1080 1082
f 1081 1082 1083
f 1057 1084 1058
f 1058 1084 1085
f 1058 1085 1059
f 1059 1085 1086
f 1059 1086 1053
f 1053 1086 1052
f 1052 1087 1077
f 934 1088 945
f 1086 1087 1052
f 1089 1090 1086
f 977 1076 1091
f 977 1091 1092
f 1084 1093 1085
f 1094 1095 1096
f 1096 1095 1097
f 1096 1097 1089
f 1098 1099 1100
f 1100 1099 1094
f 1100 1094 1093
f 1093 1094 1096
f 1093 1096 1085
f 1085 1096 1089
f 1085 1089 1086
f 1097 1101 1089
f 1089 1101 1090
f 1086 1090 1087
f 936 1088 934
f 936 1102 1088
f 938 1102 936
f 1103 1104 1105
f 1105 1104 1106
f 1105 1106 1107
f 1107 1106 1108
f 1107 1108 1109
f 1109 1108 1110
f 1103 1111 1104
f 1109 1110 1112
f 1112 1113 1114
f 1114 1113 1115
f 1114 1115 1116
f 1116 1115 1117
f 1116 1117 1118
f 1118 1117 1119
f 1112 1110 1113
f 1120 1111 1103
f 1120 1121 1111
f 1122 1121 1120
f 1123 1124 1125
f 1123 1125 1126
f 1126 1125 1127
f 1126 1127 1128
f 1128 1127 1129
f 1128 1129 1130
f 1130 1129 1131
f 1130 1131 1132
f 1132 1131 1133
f 1132 1133 1134
f 1134 1133 1135
f 1136 1137 1138
f 1138 1137 1139
f 1138 1139 1122
f 1122 1139 1121
f 1118 1119 1140
f 1141 1124 1123
f 1140 1119 1142
f 1143 1144 1145
f 888 1109 886
f 886 1109 1112
f 886 1112 903
f 903 1112 1114
f 903 1114 1146
f 1146 1114 1147
f 888 1107 1109
f 1146 1147 1148
f 1148 1149 917
f 917 1149 1140
f 917 1140 915
f 915 1140 1150
f 915 1150 913
f 909 911 1151
f 1148 1147 1149
f 890 1107 888
f 890 1105 1107
f 892 1105 890
f 1145 1144 1152
f 1145 1152 1153
f 1153 1152 1154
f 1153 1154 1155
f 1155 1154 1136
f 1155 1136 1156
f 1156 1136 1138
f 1156 1138 1157
f 1157 1138 1122
f 1157 1122 1158
f 1158 1122 1120
f 1158 1120 1159
f 1159 1120 1103
f 1159 1103 892
f 892 1103 1105
f 1140 1142 1150
f 1160 1161 1142
f 1160 1162 1161
f 1163 1162 1160
f 1164 1165 1166
f 1166 1165 1167
f 1166 1167 1168
f 1168 1167 1169
f 1168 1169 1170
f 1170 1169 1171
f 1164 1172 1165
f 1170 1171 1173
f 1173 1174 1175
f 1175 1174 1176
f 1175 1176 1177
f 1177 1176 1178
f 1177 1178 1179
f 1179 1178 1180
f 1173 1171 1174
f 1181 1172 1164
f 1181 1182 1172
f 1183 1182 1181
f 1184 1185 1186
f 1184 1186 1187
f 1187 1186 1188
f 1187 1188 1189
f 1189 1188 1190
f 1189 1190 1191
f 1191 1190 1192
f 1191 1192 1193
f 1193 1192 1194
f 1193 1194 1195
f 1195 1194 1196
f 1195 1196 1197
f 1197 1196 1198
f 1197 1198 1183
f 1183 1198 1182
f 1179 1180 1199
f 1199 1180 1200
f 1199 1200 1201
f 1201 1200 1202
f 1111 1203 1204
f 1111 1204 1104
f 1104 1204 1205
f 1104 1205 1106
f 1106 1205 1206
f 1106 1206 1108
f 1108 1206 1207
f 1108 1207 1110
f 1110 1207 1208
f 1110 1208 1113
f 1113 1208 1209
f 1113 1209 1115
f 1115 1209 1210
f 1115 1210 1163
f 1163 1210 1162
f 1121 1203 1111
f 1151 911 1211
f 1121 1212 1203
f 1139 1213 1212
f 1201 1202 1214
f 1214 1202 1215
f 1214 1215 1216
f 1216 1215 1217
f 1216 1217 1218
f 1218 1217 1219
f 1218 1219 1220
f 1220 1219 1221
f 1220 1221 1222
f 1223 1224 1225
f 1225 1224 1226
f 1225 1226 1227
f 1154 1228 1137
f 1137 1228 1213
f 1137 1213 1139
f 1139 1212 1121
f 1033 1034 1229
f 1151 1211 1230
f 1230 1231 1232
f 1233 1234 1235
f 1235 1234 1236
f 1235 1236 1237
f 1237 1236 1238
f 1237 1238 1239
f 1239 1238 1240
f 1233 1241 1234
f 1239 1240 1242
f 1242 1243 1244
f 1244 1243 1245
f 1244 1245 1246
f 1246 1245 1247
f 1246 1247 1248
f 1248 1247 1249
f 1242 1240 1243
f 1250 1241 1233
f 1250 1251 1241
f 1252 1251 1250
f 1253 1254 1255
f 1253 1255 1256
f 1256 1255 1257
f 1256 1257 1258
f 1258 1257 1259
f 1258 1259 1260
f 1260 1259 1261
f 1260 1261 1262
f 1262 1261 1263
f 1262 1263 1264
f 1264 1263 1265
f 1264 1265 1266
f 1266 1265 1267
f 1266 1267 1252
f 1252 1267 1251
f 1248 1249 1268
f 1269 1254 1253
f 1268 1249 1270
f 1271 1270 1272
f 1273 1274 1275
f 1273 1275 1276
f 1276 1275 1144
f 1276 1144 1277
f 1277 1144 1143
f 1277 1143 1278
f 1279 1274 1273
f 1278 1143 1280
f 1281 1280 1282
f 1281 1282 1283
f 954 1284 940
f 940 1284 1285
f 940 1285 938
f 938 1285 1102
f 1278 1280 1281
f 1279 1286 1274
f 1287 1286 1279
f 1287 1288 1286
f 1271 1272 1289
f 1289 1272 1290
f 1289 1290 1291
f 1291 1290 1292
f 1291 1292 1293
f 1293 1292 1294
f 1293 1294 1295
f 1295 1294 1296
f 1295 1296 1297
f 1297 1296 1298
f 1297 1298 1299
f 1299 1298 1300
f 1299 1300 1301
f 1301 1300 1288
f 1301 1288 1287
f 1268 1270 1271
f 1269 1302 1254
f 1227 1302 1269
f 1227 1303 1302
f 1304 1305 1306
f 1304 1306 1307
f 1307 1306 1308
f 1307 1308 1309
f 1309 1308 1310
f 1309 1310 1141
f 1311 1305 1304
f 1141 1310 1312
f 1124 1312 1313
f 1124 1313 1125
f 1125 1313 1314
f 1125 1314 1127
f 1127 1314 1315
f 1127 1315 1129
f 1141 1312 1124
f 1311 1316 1305
f 1317 1316 1311
f 1317 1318 1316
f 1232 1231 1223
f 1232 1223 1319
f 1319 1223 1225
f 1319 1225 1320
f 1320 1225 1227
f 1320 1227 1269
f 1250 1321 1322
f 1322 1321 1323
f 1322 1323 1324
f 1324 1323 1325
f 1324 1325 1326
f 1326 1325 1327
f 1326 1327 1328
f 1328 1327 1318
f 1328 1318 1317
f 1129 1315 1329
f 1129 1329 1131
f 1131 1329 1330
f 1131 1330 1133
f 1230 1331 1151
f 1151 1331 1332
f 1151 1332 909
f 909 1332 907
f 911 913 1211
f 1211 913 1150
f 1211 1150 1231
f 1231 1150 1142
f 1231 1142 1223
f 1223 1142 1161
f 1223 1161 1224
f 1224 1161 1333
f 1224 1333 1226
f 1226 1333 1303
f 1226 1303 1227
f 1230 1334 1331
f 1230 1211 1231
f 1232 1334 1230
f 1319 1335 1232
f 1133 1330 1336
f 1133 1336 1135
f 1135 1336 1337
f 1135 1337 1338
f 1256 1339 1335
f 1335 1339 1340
f 1335 1340 1334
f 1334 1340 1134
f 1334 1134 1331
f 1331 1134 1135
f 1331 1135 1332
f 1332 1135 1338
f 1332 1338 1341
f 1253 1256 1319
f 1319 1256 1335
f 1232 1335 1334
f 621 47 45
f 1229 1034 1342
f 1343 1342 1344
f 263 1345 1346
f 263 1346 261
f 261 1346 635
f 261 635 259
f 489 490 1347
f 1347 490 1348
f 265 1345 263
f 1347 1348 1349
f 1349 1350 1351
f 1351 1350 1352
f 1351 1352 1345
f 1345 1352 1353
f 1345 1353 1346
f 1346 1353 633
f 1349 1348 1350
f 265 1351 1345
f 268 1351 265
f 268 1349 1351
f 1354 1355 1356
f 1356 1355 1357
f 1356 1357 1358
f 1358 1357 1359
f 1358 1359 1360
f 1360 1359 1361
f 1360 1361 1362
f 1362 1361 1363
f 1362 1363 1364
f 1364 1363 1365
f 274 489 272
f 272 489 1347
f 272 1347 270
f 270 1347 1349
f 270 1349 268
f 1346 633 635
f 1354 1366 1355
f 271 1367 273
f 273 1368 295
f 1369 1370 1371
f 1371 1370 1372
f 1371 1372 1373
f 1373 1372 1374
f 1373 1374 1375
f 1375 1374 1376
f 1369 1377 1370
f 1375 1376 1378
f 1378 1379 1380
f 1380 1379 1381
f 1380 1381 1382
f 1382 1381 1383
f 1382 1383 951
f 951 1383 1384
f 1378 1376 1379
f 1385 1377 1369
f 1385 1386 1377
f 1387 1386 1385
f 295 1368 1388
f 295 1388 298
f 339 228 340
f 340 228 230
f 340 230 337
f 271 269 1367
f 1367 269 294
f 1367 294 1389
f 1389 294 276
f 1389 276 1388
f 1388 276 266
f 1388 266 298
f 298 266 256
f 1390 1391 1387
f 1387 1391 1386
f 273 1367 1368
f 951 1384 952
f 1392 1366 1354
f 1393 1394 1392
f 704 706 1395
f 1395 706 707
f 1395 707 1396
f 1396 707 708
f 1396 708 1397
f 1397 708 709
f 1398 982 1399
f 1397 709 1400
f 1400 710 1401
f 704 1395 1402
f 1402 1395 1396
f 1402 1396 1403
f 1403 1396 1397
f 1403 1397 1404
f 1400 709 710
f 1398 983 982
f 1405 983 1398
f 1405 1014 983
f 1406 1407 1408
f 1408 1407 1409
f 1408 1409 1410
f 1410 1409 1411
f 1410 1411 1412
f 1412 1411 1413
f 1412 1413 1414
f 1414 1413 1040
f 1414 1040 1415
f 1415 1040 1039
f 1415 1039 1416
f 1416 1039 1041
f 1416 1041 1417
f 1417 1041 1014
f 1417 1014 1405
f 1404 1397 1400
f 1392 1394 1366
f 1404 1400 1418
f 1418 1401 1419
f 1366 713 704
f 1366 704 1355
f 1355 704 1402
f 1355 1402 1357
f 1357 1402 1403
f 1357 1403 1359
f 1394 713 1366
f 1359 1403 1404
f 1361 1404 1418
f 1361 1418 1363
f 1363 1418 1419
f 1363 1419 1365
f 1420 1421 1393
f 1393 1421 1394
f 1359 1404 1361
f 1394 745 713
f 1421 745 1394
f 1422 1362 1364
f 1376 1420 1379
f 1379 1420 1393
f 1379 1393 1381
f 1381 1393 1392
f 1381 1392 1383
f 1383 1392 1354
f 1383 1354 1384
f 1384 1354 1356
f 1384 1356 1423
f 1423 1356 1358
f 1423 1358 1424
f 1424 1358 1360
f 1424 1360 1425
f 1425 1360 1362
f 1425 1362 1422
f 1418 1400 1401
f 952 1384 1423
f 952 1423 958
f 958 1423 1424
f 1401 711 1426
f 1401 1426 1419
f 1419 1426 1427
f 1419 1427 1365
f 1365 1427 1428
f 1365 1428 1429
f 710 711 1401
f 1429 1428 1430
f 1431 1430 1432
f 1431 1432 1433
f 1434 1435 1436
f 1436 1435 1437
f 1436 1437 1438
f 1433 1439 1440
f 1429 1430 1431
f 703 1426 711
f 703 1427 1426
f 702 1427 703
f 1441 875 1442
f 1442 875 877
f 1442 877 1443
f 1443 877 1444
f 1443 1444 1445
f 1445 1444 1446
f 1445 1446 1447
f 1447 1446 1429
f 1447 1429 1431
f 696 1432 695
f 695 1432 1430
f 695 1430 694
f 694 1430 1428
f 694 1428 702
f 702 1428 1427
f 1440 1439 1448
f 1441 873 875
f 1440 1448 1449
f 1449 1450 1451
f 1452 1453 1454
f 1452 1454 1455
f 1455 1454 1456
f 1455 1456 1434
f 1434 1456 1457
f 1434 1457 1435
f 1458 1453 1452
f 1438 1459 1455
f 1455 842 1452
f 1452 842 781
f 1452 781 1458
f 1458 781 238
f 1458 238 239
f 1459 843 842
f 1455 1459 842
f 1458 1460 1453
f 241 1460 1458
f 241 249 1460
f 1451 1450 1461
f 1451 1461 1462
f 1462 1461 1463
f 1462 1463 1464
f 1464 1463 1465
f 1464 1465 1466
f 211 248 221
f 219 1467 217
f 217 1467 1468
f 217 1468 215
f 215 1468 1469
f 215 1469 213
f 1460 1470 1453
f 1453 1470 1454
f 242 249 241
f 1449 1448 1450
f 1471 873 1441
f 1471 871 873
f 1472 871 1471
f 854 1473 851
f 851 1473 1474
f 851 1474 849
f 849 1474 1475
f 849 1475 847
f 847 1475 1476
f 854 1477 1473
f 847 1476 844
f 844 1478 852
f 852 1478 1479
f 852 1479 862
f 862 1479 1472
f 862 1472 880
f 880 1472 1471
f 844 1476 1478
f 856 1477 854
f 856 1480 1477
f 858 1480 856
f 958 1424 876
f 876 1424 1425
f 876 1425 877
f 877 1425 1422
f 877 1422 1444
f 1444 1422 1364
f 1444 1364 1446
f 1446 1364 1365
f 1446 1365 1429
f 885 1481 883
f 883 1481 1482
f 883 1482 860
f 860 1482 1483
f 860 1483 858
f 858 1483 1480
f 880 1471 878
f 878 1471 1441
f 878 1441 1484
f 1484 1441 1442
f 1477 962 964
f 1477 964 1473
f 1473 964 966
f 1473 966 1474
f 1474 966 923
f 1474 923 1475
f 1475 923 882
f 1475 882 1476
f 1476 882 864
f 1476 864 1478
f 1478 864 867
f 1478 867 1479
f 1479 867 869
f 1479 869 1472
f 1472 869 871
f 1480 962 1477
f 1406 1485 1407
f 1480 961 962
f 1483 960 961
f 1433 1440 1431
f 1431 1440 1449
f 1431 1449 1447
f 1449 1451 1447
f 1447 1451 1462
f 1447 1462 1445
f 1445 1462 1464
f 1445 1464 1443
f 1443 1464 1466
f 1443 1466 1442
f 1442 1466 1486
f 1442 1486 1484
f 1481 959 1482
f 1482 959 960
f 1482 960 1483
f 1483 961 1480
f 1487 1485 1406
f 1487 1488 1485
f 1489 1488 1487
f 1490 1491 1036
f 1490 1036 1492
f 1492 1036 1037
f 1492 1037 1493
f 1493 1037 1494
f 1493 1494 1495
f 1496 1491 1490
f 1497 1498 1499
f 1499 1500 1501
f 1501 1500 1495
f 1501 1495 1502
f 1502 1495 1494
f 1502 1494 1503
f 1503 1494 1504
f 1499 1498 1500
f 1496 1505 1491
f 1506 1505 1496
f 1506 1507 1505
f 1508 1509 1510
f 1508 1510 1511
f 1511 1510 1512
f 1511 1512 1513
f 1513 1512 1514
f 1513 1514 1515
f 1515 1514 1413
f 1515 1413 1411
f 1032 1516 1034
f 1034 1516 1021
f 1034 1021 1342
f 1342 1021 1020
f 1342 1020 1344
f 1344 1020 1507
f 1344 1507 1506
f 1503 1504 1517
f 1518 1509 1508
f 1517 1504 1519
f 1520 1519 1521
f 1520 1522 1523
f 1520 1523 1517
f 1517 1523 1524
f 1517 1524 1503
f 1503 1524 1525
f 1503 1525 1502
f 1526 1522 1520
f 1502 1525 1527
f 1501 1527 1528
f 1501 1528 1499
f 1499 1528 1515
f 1499 1515 1497
f 1497 1515 1411
f 1529 1530 1531
f 1502 1527 1501
f 1526 1532 1522
f 1533 1532 1526
f 1533 1534 1532
f 1520 1521 1526
f 1526 1521 1535
f 1526 1535 1533
f 1533 1535 1516
f 1533 1516 1536
f 1536 1516 1032
f 1536 1032 1537
f 1537 1032 1031
f 1537 1031 1538
f 1539 1540 1541
f 1541 1540 1542
f 1541 1542 1414
f 1414 1542 1543
f 1414 1543 1412
f 1536 1534 1533
f 1517 1519 1520
f 1518 1544 1509
f 1545 1544 1518
f 1545 1546 1544
f 1535 1021 1516
f 1528 1527 1547
f 1547 1527 1525
f 1547 1525 1548
f 1548 1525 1524
f 1548 1524 1549
f 1535 1019 1021
f 1549 1524 1523
f 1550 1523 1522
f 1550 1522 1532
f 1045 1551 1046
f 1046 1551 1552
f 1046 1552 1553
f 1553 1552 1539
f 1549 1523 1550
f 1521 1019 1535
f 1521 1016 1019
f 1519 1016 1521
f 1343 1344 1025
f 1025 1344 1506
f 1025 1506 1027
f 1027 1506 1496
f 1027 1496 1030
f 1030 1496 1490
f 1036 1491 1017
f 1017 1491 1505
f 1017 1505 1018
f 1018 1505 1507
f 1018 1507 1020
f 1494 1037 1504
f 1504 1037 1026
f 1504 1026 1519
f 1519 1026 1016
f 1553 1539 1541
f 1546 1047 1544
f 1544 1047 1048
f 1544 1048 1509
f 1554 1532 1534
f 1555 988 1399
f 1399 988 987
f 1399 987 1398
f 1398 987 1042
f 1398 1042 1405
f 1405 1042 1044
f 1405 1044 1417
f 1417 1044 1046
f 1417 1046 1416
f 1416 1046 1553
f 1416 1553 1415
f 1415 1553 1541
f 1415 1541 1414
f 1554 1546 1545
f 1545 1532 1554
f 1531 1530 1556
f 1545 1550 1532
f 1518 1549 1550
f 1509 1048 1049
f 1509 1049 1510
f 1510 1049 1050
f 1510 1050 1512
f 1512 1050 1038
f 1512 1038 1514
f 1514 1038 1040
f 1514 1040 1413
f 1515 1528 1513
f 1513 1528 1547
f 1513 1547 1511
f 1511 1547 1548
f 1511 1548 1508
f 1508 1548 1549
f 1508 1549 1518
f 1518 1550 1545
f 1229 1342 1343
f 1531 1556 1557
f 1557 1558 1559
f 1002 1560 1561
f 1002 1561 1003
f 1003 1561 1562
f 1003 1562 1563
f 1563 1562 1564
f 1563 1564 1565
f 1083 1560 1002
f 1565 1564 1566
f 1091 1566 1567
f 1091 1567 1092
f 1092 1567 1568
f 1092 1568 980
f 980 1568 1569
f 980 1569 981
f 1565 1566 1091
f 1083 1570 1560
f 1082 1570 1083
f 1082 1571 1570
f 1572 1573 1574
f 1574 1573 1575
f 1574 1575 1576
f 1576 1575 1577
f 1576 1577 1578
f 1578 1577 1579
f 1578 1579 1580
f 1580 1579 1581
f 1580 1581 1582
f 1582 1581 1583
f 1582 1583 1584
f 1584 1583 1585
f 1584 1585 1586
f 1586 1585 1571
f 1586 1571 1082
f 981 1569 1587
f 1572 1588 1573
f 981 1587 1589
f 1589 1590 1591
f 1592 1593 1594
f 1594 1593 1595
f 1594 1595 1596
f 1596 1595 1597
f 1596 1597 1598
f 1598 1597 1599
f 1592 1600 1593
f 1598 1599 1601
f 1601 1602 1603
f 1603 1602 1604
f 1603 1604 1605
f 1605 1604 1606
f 1605 1606 1489
f 1489 1606 1488
f 1601 1599 1602
f 1607 1600 1592
f 1607 1608 1600
f 1609 1608 1607
f 1591 1590 1610
f 1591 1610 1611
f 1611 1610 1612
f 1611 1612 1613
f 1613 1612 1614
f 1613 1614 1615
f 1615 1614 1616
f 1615 1616 1617
f 1617 1616 1618
f 1617 1618 1619
f 1619 1618 1620
f 1619 1620 1621
f 1621 1620 1622
f 1621 1622 1609
f 1609 1622 1608
f 1589 1587 1590
f 1077 1588 1572
f 1077 1623 1588
f 1087 1623 1077
f 1493 1624 1492
f 1492 1624 1625
f 1492 1625 1490
f 1490 1625 1626
f 1490 1626 1030
f 1030 1626 1627
f 1493 1628 1624
f 1030 1627 1029
f 1029 1629 1028
f 1028 1629 1630
f 1028 1630 1035
f 1035 1630 1623
f 879 1555 863
f 863 1555 1399
f 1029 1627 1629
f 1495 1628 1493
f 1495 1631 1628
f 1500 1631 1495
f 1632 1559 1543
f 1543 1559 1558
f 1543 1558 1412
f 1412 1558 1556
f 1412 1556 1410
f 1410 1556 1530
f 1410 1530 1633
f 1633 1530 1529
f 1633 1529 1634
f 1411 1409 1497
f 1497 1409 1635
f 1497 1635 1498
f 1498 1635 1636
f 1498 1636 1500
f 1500 1636 1631
f 863 1399 861
f 861 1399 982
f 861 982 845
f 845 982 984
f 906 1538 1031
f 906 1031 1098
f 1098 1031 1033
f 1098 1033 1099
f 1099 1033 1229
f 1099 1229 1095
f 1095 1229 1343
f 1095 1343 1097
f 1097 1343 1023
f 1097 1023 1101
f 1101 1023 1022
f 1101 1022 1090
f 1090 1022 1035
f 1090 1035 1087
f 1087 1035 1623
f 884 1538 906
f 1557 1556 1558
f 884 1537 1538
f 881 1536 1537
f 845 984 846
f 846 984 986
f 846 986 848
f 848 986 990
f 848 990 850
f 850 990 1047
f 850 1047 853
f 853 1047 1546
f 853 1546 855
f 855 1546 1554
f 855 1554 857
f 857 1554 1534
f 857 1534 859
f 859 1534 1536
f 859 1536 881
f 881 1537 884
f 621 45 798
f 798 45 52
f 798 52 799
f 1637 1638 1639
f 1639 1638 1640
f 1639 1640 1641
f 1641 1640 1642
f 1643 1644 1645
f 1646 1647 1648
f 1637 1649 1638
f 1648 1647 1650
f 1651 1650 1652
f 1651 1652 1653
f 1653 1652 1654
f 1653 1654 1655
f 1655 1654 1656
f 1655 1656 1649
f 1648 1650 1651
f 1657 1649 1637
f 1657 1655 1649
f 1658 1655 1657
f 1659 1658 1657
f 1659 1657 1660
f 1660 1657 1637
f 1660 1637 1661
f 1661 1637 1639
f 1661 1639 1662
f 1662 1639 1641
f 1663 1664 1665
f 1665 1664 1648
f 1665 1648 1666
f 1666 1648 1651
f 1666 1651 1667
f 1667 1651 1653
f 1667 1653 1658
f 1658 1653 1655
f 1649 1656 1668
f 1669 1658 1659
f 1649 1668 1638
f 1638 1670 1640
f 1671 1672 1673
f 1673 1672 1674
f 1673 1674 1675
f 1675 1674 1662
f 1675 1662 1676
f 1676 1662 1641
f 1671 1677 1672
f 1676 1641 1678
f 1678 1642 1679
f 1679 1642 1680
f 1679 1680 1681
f 1681 1680 1682
f 1683 1682 1684
f 1684 1682 1680
f 1678 1641 1642
f 1685 1677 1671
f 1685 1686 1677
f 1687 1686 1685
f 1640 1670 1688
f 1640 1688 1642
f 1642 1688 1680
f 1689 1690 1691
f 1691 1690 1692
f 1691 1692 1693
f 1693 1692 1694
f 1693 1694 1695
f 1695 1694 1696
f 1695 1696 1697
f 1697 1696 1698
f 1697 1698 1699
f 1699 1698 1700
f 1699 1700 1687
f 1687 1700 1686
f 1638 1668 1670
f 1684 1680 1701
f 1669 1667 1658
f 1702 1666 1667
f 1703 1704 1705
f 1705 1704 1706
f 1705 1706 1707
f 1707 1706 1708
f 1707 1708 1709
f 1709 1708 1671
f 1703 1710 1704
f 1673 1711 1671
f 1671 1712 1709
f 1713 1714 1715
f 1715 1714 1716
f 1715 1716 1717
f 1718 1719 1720
f 1690 1721 1692
f 1671 1711 1712
f 1722 1710 1703
f 1722 1723 1710
f 1724 1723 1722
f 1710 1697 1699
f 1710 1699 1704
f 1704 1699 1687
f 1704 1687 1706
f 1706 1687 1685
f 1706 1685 1708
f 1708 1685 1671
f 464 1725 1726
f 1726 1725 1727
f 1726 1727 1728
f 1728 1727 1729
f 1728 1729 1730
f 1730 1729 1731
f 1730 1731 1724
f 1724 1731 1723
f 1692 1721 1732
f 1702 1667 1669
f 1692 1732 1694
f 1694 1733 1696
f 1734 1702 1669
f 1734 1669 1735
f 1735 1669 1659
f 1735 1659 1736
f 1736 1659 1660
f 1736 1660 1737
f 1738 1702 1734
f 1737 1660 1661
f 1674 1661 1662
f 1739 1740 1741
f 1741 1740 1665
f 1741 1665 1742
f 1742 1665 1666
f 1742 1666 1702
f 1737 1661 1674
f 1738 1742 1702
f 1733 1742 1738
f 1733 1741 1742
f 1696 1733 1738
f 1696 1738 1698
f 1698 1738 1734
f 1698 1734 1700
f 1700 1734 1735
f 1700 1735 1686
f 1686 1735 1736
f 1686 1736 1677
f 1677 1736 1737
f 1677 1737 1672
f 1672 1737 1674
f 1743 1744 1745
f 1721 1739 1732
f 1732 1739 1741
f 1732 1741 1733
f 1694 1732 1733
f 1701 1680 1688
f 1701 1688 1746
f 1746 1688 1670
f 1747 1748 1749
f 1749 1748 1750
f 1749 1750 1751
f 1751 1750 1752
f 1751 1752 1643
f 1643 1752 1753
f 1747 1754 1748
f 1643 1753 1644
f 1755 1756 1757
f 1757 1756 1758
f 1757 1758 1759
f 1759 1758 1760
f 1759 1760 1761
f 1761 1760 1762
f 1644 1753 1763
f 1764 1754 1747
f 1764 1765 1754
f 1762 1765 1764
f 1748 1766 1767
f 1748 1767 1750
f 1750 1767 1768
f 1750 1768 1752
f 1752 1768 1769
f 1752 1769 1753
f 1753 1769 1744
f 1753 1744 1763
f 1763 1744 1770
f 1771 1772 1758
f 1758 1772 1773
f 1758 1773 1760
f 1760 1773 1774
f 1760 1774 1762
f 1762 1774 1765
f 1761 1762 1775
f 1754 1766 1748
f 1775 1762 1764
f 1776 1764 1747
f 1777 1776 1778
f 1777 1778 1779
f 1779 1778 1780
f 1779 1780 1781
f 1781 1780 1782
f 1781 1782 1783
f 1784 1776 1777
f 1783 1782 1785
f 1786 1787 1788
f 1786 1788 1789
f 1789 1788 1790
f 1789 1790 1791
f 1791 1790 1792
f 1791 1792 1793
f 1794 1787 1786
f 1784 1775 1776
f 1795 1775 1784
f 1795 1761 1775
f 1776 1747 1778
f 1778 1747 1749
f 1778 1749 1780
f 1780 1749 1751
f 1780 1751 1782
f 1782 1751 1643
f 1782 1643 1796
f 1796 1643 1645
f 1797 1755 1788
f 1788 1755 1757
f 1788 1757 1790
f 1790 1757 1759
f 1790 1759 1792
f 1792 1759 1761
f 1792 1761 1795
f 1775 1764 1776
f 1754 1798 1766
f 1765 1798 1754
f 1765 1799 1798
f 1800 1746 1801
f 1800 1801 1802
f 1802 1801 1803
f 1802 1803 1804
f 1804 1803 1805
f 1804 1805 1806
f 1807 1746 1800
f 1806 1805 1808
f 1715 1808 1809
f 1715 1809 1713
f 1713 1809 1810
f 1811 1812 1813
f 1813 1812 1814
f 1813 1814 1815
f 1806 1808 1715
f 1807 1701 1746
f 1816 1701 1807
f 1816 1684 1701
f 1746 1670 1801
f 1801 1670 1668
f 1801 1668 1803
f 1803 1668 1656
f 1803 1656 1805
f 1805 1656 1654
f 1805 1654 1808
f 1808 1654 1652
f 1808 1652 1809
f 1809 1652 1650
f 1809 1650 1817
f 1817 1650 1647
f 1818 1683 1814
f 1814 1683 1684
f 1814 1684 1816
f 1815 1814 1816
f 1815 1816 1819
f 1819 1816 1807
f 1819 1807 1820
f 1766 1820 1767
f 1767 1820 1821
f 1767 1821 1768
f 1768 1821 1822
f 1768 1822 1769
f 1769 1822 1823
f 1769 1823 1744
f 1744 1823 1719
f 1744 1719 1745
f 1745 1719 1824
f 1772 1825 1773
f 1773 1825 1826
f 1773 1826 1774
f 1774 1826 1799
f 1774 1799 1765
f 1766 1819 1820
f 1723 1697 1710
f 1798 1819 1766
f 1799 1815 1798
f 1820 1807 1800
f 1820 1800 1821
f 1821 1800 1802
f 1821 1802 1822
f 1822 1802 1804
f 1822 1804 1823
f 1823 1804 1806
f 1823 1806 1719
f 1719 1806 1715
f 1719 1715 1720
f 1720 1715 1717
f 1827 1811 1826
f 1826 1811 1813
f 1826 1813 1799
f 1799 1813 1815
f 1798 1815 1819
f 1723 1695 1697
f 1731 1695 1723
f 1731 1693 1695
f 1828 1829 1830
f 1830 1829 1831
f 1830 1831 1832
f 1832 1831 1833
f 1832 1833 1834
f 1834 1833 1835
f 1828 1836 1829
f 1834 1835 1837
f 1837 1838 1839
f 1839 1838 1840
f 1841 1842 1843
f 1843 1842 1844
f 1843 1844 1845
f 1845 1844 1846
f 1837 1835 1838
f 1847 1836 1828
f 1847 1848 1836
f 1846 1848 1847
f 1829 1849 1850
f 1829 1850 1831
f 1831 1850 1851
f 1831 1851 1833
f 1833 1851 1852
f 1833 1852 1835
f 1835 1852 1853
f 1835 1853 1838
f 1838 1853 1854
f 1838 1854 1840
f 1840 1854 1855
f 1842 1856 1844
f 1844 1856 1857
f 1844 1857 1846
f 1846 1857 1848
f 1845 1846 1858
f 1836 1849 1829
f 1858 1846 1847
f 1859 1847 1828
f 1860 1859 1861
f 1860 1861 1862
f 1862 1861 1863
f 1862 1863 1864
f 1864 1863 1865
f 1864 1865 1866
f 1867 1859 1860
f 1866 1865 1868
f 454 1868 1869
f 1870 1871 1872
f 1872 1871 1873
f 1872 1873 1874
f 1874 1873 1875
f 1874 1875 1876
f 1866 1868 454
f 1867 1858 1859
f 1877 1858 1867
f 1877 1845 1858
f 1859 1828 1861
f 1861 1828 1830
f 1861 1830 1863
f 1863 1830 1832
f 1863 1832 1865
f 1865 1832 1834
f 1865 1834 1868
f 1868 1834 1837
f 1868 1837 1869
f 1869 1837 1839
f 1871 1878 1873
f 1873 1878 1843
f 1873 1843 1875
f 1875 1843 1845
f 1875 1845 1877
f 1858 1847 1859
f 1836 1879 1849
f 1848 1879 1836
f 1848 1880 1879
f 1881 1882 1883
f 1881 1883 1884
f 1884 1883 1885
f 1884 1885 1886
f 1886 1885 1887
f 1886 1887 1888
f 1889 1882 1881
f 1888 1887 1890
f 1891 1890 1892
f 1891 1892 1893
f 1893 1892 1894
f 1893 1894 1895
f 1895 1894 1896
f 1897 1898 1899
f 1888 1890 1891
f 1889 1900 1882
f 1901 1900 1889
f 1901 1902 1900
f 1882 1903 1883
f 1883 1903 1904
f 1883 1904 1885
f 1885 1904 1905
f 1885 1905 1887
f 1887 1905 1906
f 1887 1906 1890
f 1890 1906 1907
f 1890 1907 1892
f 1892 1907 1908
f 1892 1908 1894
f 1894 1908 1909
f 1894 1909 1896
f 1896 1909 1910
f 1898 1902 1901
f 1899 1898 1901
f 1899 1901 1911
f 1911 1901 1889
f 1911 1889 1912
f 1849 1912 1850
f 1850 1912 1913
f 1850 1913 1851
f 1851 1913 1914
f 1851 1914 1852
f 1852 1914 1915
f 1852 1915 1853
f 1853 1915 1916
f 1853 1916 1854
f 1854 1916 1917
f 1854 1917 1855
f 1855 1917 1918
f 1856 1919 1857
f 1857 1919 1880
f 1857 1880 1848
f 1849 1911 1912
f 1876 1875 1877
f 1879 1911 1849
f 1880 1899 1879
f 1912 1889 1881
f 1912 1881 1913
f 1913 1881 1884
f 1913 1884 1914
f 1914 1884 1886
f 1914 1886 1915
f 1915 1886 1888
f 1915 1888 1916
f 1916 1888 1891
f 1916 1891 1917
f 1917 1891 1893
f 1917 1893 1918
f 1918 1893 1895
f 1919 1920 1880
f 1880 1920 1899
f 1879 1899 1911
f 1793 1792 1795
f 1876 1877 1921
f 1921 1867 1922
f 1923 1924 1925
f 1923 1925 1926
f 1926 1925 1927
f 1926 1927 1928
f 1928 1927 1929
f 1930 1931 1929
f 1932 1924 1923
f 1929 1931 1933
f 465 464 1934
f 1934 464 1726
f 1934 1726 1935
f 1935 1726 1728
f 1935 1728 1936
f 1936 1728 1730
f 1929 1933 1928
f 1932 1937 1924
f 1938 1937 1932
f 1938 1939 1937
f 1937 1940 1924
f 1924 1940 1941
f 1924 1941 1925
f 1925 1941 1942
f 1925 1942 1927
f 1927 1942 1929
f 376 1943 1944
f 1944 1943 1945
f 1944 1945 1946
f 1946 1945 1947
f 1946 1947 1948
f 1948 1947 1949
f 1948 1949 1950
f 1950 1949 1939
f 1950 1939 1938
f 1936 1730 1951
f 1937 1952 1940
f 1951 1730 1724
f 1953 1724 1722
f 1942 1954 1955
f 1942 1955 1929
f 1929 1955 1956
f 1929 1956 1930
f 1930 1956 1707
f 1709 1957 1707
f 1941 1954 1942
f 1707 1957 1958
f 1959 1809 1817
f 1725 1689 1727
f 1727 1689 1691
f 1727 1691 1729
f 1729 1691 1693
f 1729 1693 1731
f 1707 1958 1930
f 1941 1953 1954
f 1940 1953 1941
f 1940 1951 1953
f 1953 1722 1954
f 1954 1722 1703
f 1954 1703 1955
f 1955 1703 1705
f 1955 1705 1956
f 1956 1705 1707
f 467 465 1960
f 1960 465 1934
f 1960 1934 1961
f 1961 1934 1935
f 1961 1935 1962
f 1962 1935 1936
f 1962 1936 1952
f 1952 1936 1951
f 1952 1951 1940
f 1951 1724 1953
f 1939 1952 1937
f 1939 1962 1952
f 1949 1962 1939
f 1921 1963 1876
f 1876 1963 1964
f 1876 1964 1874
f 1874 1964 1965
f 1874 1965 1872
f 1872 1965 1966
f 1921 1967 1963
f 1872 1966 1870
f 1966 1968 1969
f 1966 1969 1870
f 377 376 1970
f 1970 376 1944
f 1970 1944 1971
f 1971 1944 1946
f 1972 1968 1966
f 1922 1967 1921
f 1922 1973 1967
f 1974 1973 1922
f 1922 1867 1860
f 1922 1860 1974
f 1974 1860 1862
f 1974 1862 1975
f 1975 1862 1864
f 1975 1864 1976
f 1976 1864 1866
f 1976 1866 453
f 453 1866 454
f 453 379 1976
f 1976 379 1977
f 1976 1977 1975
f 1975 1977 1978
f 1975 1978 1974
f 1974 1978 1973
f 1971 1946 1979
f 1979 1946 1948
f 1979 1948 1980
f 1980 1948 1950
f 1964 1981 1982
f 1964 1982 1965
f 1965 1982 1983
f 1965 1983 1966
f 1966 1983 1984
f 1966 1984 1972
f 1972 1984 1926
f 1928 1985 1926
f 1926 1985 1986
f 1926 1986 1972
f 1943 467 1945
f 1945 467 1960
f 1945 1960 1947
f 1947 1961 1949
f 1949 1961 1962
f 1963 1981 1964
f 1921 1877 1867
f 1963 1980 1981
f 1967 1979 1980
f 1980 1950 1981
f 1981 1950 1938
f 1981 1938 1982
f 1982 1938 1932
f 1982 1932 1983
f 1983 1932 1923
f 1983 1923 1984
f 1984 1923 1926
f 379 377 1977
f 1977 377 1970
f 1977 1970 1978
f 1978 1970 1971
f 1978 1971 1973
f 1973 1971 1979
f 1973 1979 1967
f 1967 1980 1963
f 1882 1987 1903
f 1793 1795 1988
f 1988 1784 1989
f 1990 1991 1992
f 1992 1991 1993
f 1992 1993 1994
f 1994 1993 1995
f 1994 1995 1996
f 1996 1995 1997
f 1990 1998 1991
f 1996 1997 1999
f 2000 2001 2002
f 2002 2001 2003
f 2002 2003 2004
f 2004 2003 2005
f 2004 2005 2006
f 2006 2005 2007
f 1999 1997 2008
f 2009 1998 1990
f 2009 2010 1998
f 2011 2010 2009
f 1997 2012 2008
f 2008 2012 2013
f 2001 2014 2003
f 2003 2014 2015
f 2003 2015 2005
f 2005 2015 2016
f 2005 2016 2007
f 2007 2016 2017
f 2007 2017 2018
f 2018 2017 2019
f 2018 2019 2020
f 2021 2022 2023
f 2023 2022 2024
f 2023 2024 2011
f 2011 2024 2010
f 2006 2007 2025
f 1997 2026 2012
f 2025 2007 2018
f 2027 2018 2020
f 2028 2002 2029
f 2029 2002 2004
f 2029 2004 2030
f 2030 2004 2006
f 2030 2006 2031
f 2031 2006 2025
f 2028 2000 2002
f 2031 2025 2032
f 2032 2027 2033
f 2033 2027 2034
f 2033 2034 2035
f 2036 2037 2038
f 2038 2037 2039
f 2038 2039 2000
f 2032 2025 2027
f 2038 2000 2028
f 2040 1996 1999
f 2041 1996 2040
f 2027 2020 2034
f 2037 2042 2039
f 2039 2042 2023
f 2039 2023 2043
f 2043 2023 2011
f 2043 2011 2044
f 2044 2011 2009
f 2044 2009 2045
f 2045 2009 1990
f 2045 1990 2046
f 2046 1990 1992
f 2046 1992 2047
f 2047 1992 1994
f 2047 1994 2041
f 2041 1994 1996
f 2025 2018 2027
f 2000 2039 2043
f 1995 2026 1997
f 1993 2048 1995
f 2049 2050 2051
f 2049 2051 2052
f 2052 2051 2053
f 2052 2053 2054
f 2054 2053 2055
f 2054 2055 2056
f 2057 2050 2049
f 2056 2055 2058
f 2059 2058 2060
f 2059 2060 2061
f 2061 2060 2062
f 2061 2062 2063
f 2063 2062 2064
f 2065 2066 2067
f 2056 2058 2059
f 2057 2068 2050
f 2069 2068 2057
f 2070 2071 2072
f 2051 2073 2074
f 2051 2074 2053
f 2053 2074 2075
f 2053 2075 2055
f 2055 2075 2076
f 2055 2076 2058
f 2058 2076 2077
f 2058 2077 2060
f 2060 2077 2078
f 2060 2078 2062
f 2062 2078 2079
f 2062 2079 2064
f 2064 2079 2080
f 2081 2082 2070
f 2070 2082 2071
f 2067 2066 2082
f 1995 2048 2026
f 2067 2082 2083
f 2083 2081 2084
f 2016 2067 2083
f 2016 2083 2017
f 2017 2083 2084
f 2017 2084 2019
f 2022 2085 2024
f 2024 2085 2086
f 2015 2067 2016
f 2024 2086 2010
f 2010 2087 1998
f 1998 2087 2088
f 1998 2088 1991
f 1991 2088 2089
f 1991 2089 1993
f 1993 2089 2048
f 2010 2086 2087
f 2015 2065 2067
f 2014 2065 2015
f 2013 2061 2063
f 2085 2069 2086
f 2086 2069 2057
f 2086 2057 2087
f 2087 2057 2049
f 2087 2049 2088
f 2088 2049 2052
f 2088 2052 2089
f 2089 2052 2054
f 2089 2054 2048
f 2048 2054 2056
f 2048 2056 2026
f 2026 2056 2059
f 2026 2059 2012
f 2012 2059 2061
f 2012 2061 2013
f 2083 2082 2081
f 2000 2043 2001
f 2001 2043 2044
f 2001 2044 2014
f 2090 2091 2092
f 2092 2091 2093
f 2092 2093 2094
f 2094 2093 2095
f 2094 2095 2096
f 2096 2095 2097
f 2098 2099 2100
f 2096 2097 2101
f 2101 2102 2103
f 2103 2102 2104
f 2103 2104 2105
f 2105 2104 2106
f 2105 2106 2107
f 2107 2106 2098
f 2101 2097 2102
f 2098 2108 2099
f 2035 2108 2098
f 2035 2109 2108
f 2040 2110 2072
f 2072 2110 2111
f 2072 2111 2070
f 2070 2111 2112
f 2070 2112 2081
f 2081 2112 2113
f 2081 2113 2084
f 2084 2113 2114
f 2084 2114 2019
f 2019 2114 2115
f 2019 2115 2020
f 2020 2115 2116
f 2020 2116 2034
f 2034 2116 2109
f 2034 2109 2035
f 2107 2098 2117
f 2040 2118 2110
f 2117 2098 2100
f 2119 2120 2121
f 2107 2122 2123
f 2107 2123 2105
f 2105 2123 2124
f 2105 2124 2103
f 2103 2124 2125
f 2103 2125 2101
f 2117 2122 2107
f 2101 2125 2126
f 2096 2126 2127
f 2096 2127 2094
f 2094 2127 2128
f 2094 2128 2092
f 2092 2128 2129
f 2092 2129 2130
f 2101 2126 2096
f 2117 2121 2122
f 2131 2121 2117
f 2128 2132 2129
f 2121 2120 2133
f 2121 2133 2122
f 2122 2133 2134
f 2122 2134 2123
f 2123 2134 2135
f 2123 2135 2124
f 2124 2135 2136
f 2124 2136 2125
f 2125 2136 2137
f 2125 2137 2126
f 2126 2137 2138
f 2126 2138 2127
f 2127 2138 2139
f 2127 2139 2128
f 2128 2139 2132
f 2117 2100 2131
f 1999 2118 2040
f 1999 2140 2118
f 2008 2140 1999
f 2029 2095 2093
f 2029 2093 2028
f 2028 2093 2091
f 2028 2091 2038
f 2038 2091 2141
f 2038 2141 2036
f 2030 2095 2029
f 2142 2143 2144
f 2144 2145 2146
f 2146 2145 2147
f 2146 2147 2148
f 2148 2147 2149
f 2148 2149 2150
f 2150 2149 2151
f 2144 2143 2145
f 2030 2097 2095
f 2031 2097 2030
f 2031 2102 2097
f 2014 2044 2045
f 2014 2045 2065
f 2065 2045 2046
f 2065 2046 2066
f 2066 2046 2047
f 2066 2047 2071
f 2071 2047 2041
f 2071 2041 2072
f 2072 2041 2040
f 2091 2090 2141
f 2035 2106 2033
f 2033 2106 2104
f 2033 2104 2032
f 2032 2104 2102
f 2032 2102 2031
f 2150 2151 2152
f 2152 2151 2153
f 2152 2153 2154
f 2154 2153 2155
f 2156 2157 2158
f 2156 2158 2159
f 2159 2158 2160
f 2159 2160 2161
f 2161 2160 2162
f 2161 2162 2080
f 2080 2162 2163
f 2080 2163 2064
f 2064 2163 2164
f 2064 2164 2063
f 2063 2164 2165
f 2063 2165 2013
f 2013 2165 2166
f 2013 2166 2008
f 2008 2166 2140
f 2167 2157 2156
f 2050 2073 2051
f 2167 2168 2157
f 2169 2170 2168
f 2154 2155 2171
f 2171 2155 2172
f 2171 2172 2173
f 2173 2172 2174
f 2173 2174 2175
f 2175 2174 2176
f 2175 2176 2177
f 2177 2176 2178
f 2177 2178 2179
f 2179 2178 2180
f 2179 2180 2181
f 2181 2180 2182
f 2181 2182 2183
f 2183 2182 2170
f 2183 2170 2169
f 2169 2168 2167
f 2050 2184 2073
f 2185 2184 2050
f 2080 2186 2161
f 2187 2188 2189
f 2187 2189 2190
f 2190 2189 2191
f 2190 2191 2192
f 2192 2191 2193
f 2192 2193 2194
f 2195 2188 2187
f 2194 2193 2196
f 2171 2196 2154
f 2197 2198 2199
f 2199 2198 2200
f 2199 2200 2201
f 2201 2200 2202
f 2201 2202 2203
f 2194 2196 2171
f 2195 2204 2188
f 2202 2204 2195
f 2202 2205 2204
f 2204 2206 2188
f 2188 2206 2207
f 2188 2207 2189
f 2189 2207 2208
f 2189 2208 2191
f 2191 2208 2209
f 2191 2209 2193
f 2193 2209 2210
f 2193 2210 2196
f 2196 2210 2211
f 2196 2211 2154
f 2154 2211 2152
f 2198 2212 2200
f 2200 2212 2205
f 2200 2205 2202
f 2203 2202 2195
f 2204 2213 2206
f 2203 2195 2214
f 2214 2187 2215
f 2216 2217 2218
f 2218 2217 2219
f 2218 2219 2175
f 2175 2219 2173
f 2220 2221 2222
f 2222 2221 2223
f 2216 2215 2217
f 2222 2223 2224
f 2224 2225 2226
f 2226 2225 2227
f 2226 2227 2228
f 2228 2227 2229
f 2228 2229 2230
f 2230 2229 2231
f 2224 2223 2225
f 2231 2215 2216
f 2231 2214 2215
f 2229 2214 2231
f 2215 2187 2190
f 2215 2190 2217
f 2217 2190 2192
f 2217 2192 2219
f 2219 2192 2194
f 2219 2194 2173
f 2173 2194 2171
f 2221 2232 2223
f 2223 2232 2199
f 2223 2199 2225
f 2225 2199 2201
f 2225 2201 2227
f 2227 2201 2203
f 2227 2203 2229
f 2229 2203 2214
f 2214 2195 2187
f 2205 2213 2204
f 2205 2233 2213
f 2234 2233 2205
f 2235 1989 2236
f 2236 1989 2237
f 2236 2237 2146
f 2146 2237 2144
f 2238 2239 2240
f 2240 2239 2241
f 2235 1988 1989
f 2240 2241 2242
f 2242 2243 2244
f 2244 2243 2245
f 2244 2245 2246
f 2246 2245 2247
f 2246 2247 2248
f 2248 2247 2249
f 2242 2241 2243
f 2249 1988 2235
f 2249 1793 1988
f 2247 1793 2249
f 1989 1784 1777
f 1989 1777 2237
f 2237 1777 1779
f 2237 1779 2144
f 2144 1779 1781
f 2144 1781 2142
f 2142 1781 1783
f 2250 1794 2241
f 2241 1794 1786
f 2241 1786 2243
f 2243 1786 1789
f 2243 1789 2245
f 2245 1789 1791
f 2245 1791 2247
f 2247 1791 1793
f 2248 2249 2251
f 2251 2249 2235
f 2251 2235 2252
f 2252 2235 2236
f 2213 2253 2254
f 2213 2254 2206
f 2206 2254 2255
f 2206 2255 2207
f 2207 2255 2256
f 2207 2256 2208
f 2208 2256 2257
f 2208 2257 2209
f 2209 2257 2258
f 2209 2258 2210
f 2210 2258 2259
f 2210 2259 2211
f 2211 2259 2260
f 2211 2260 2152
f 2152 2260 2150
f 2233 2253 2213
f 2230 2231 2261
f 2150 2252 2148
f 2260 2251 2252
f 2252 2236 2148
f 2148 2236 2146
f 2262 2238 2254
f 2254 2238 2240
f 2254 2240 2255
f 2255 2240 2242
f 2255 2242 2256
f 2256 2242 2244
f 2256 2244 2257
f 2257 2244 2246
f 2257 2246 2258
f 2258 2246 2248
f 2258 2248 2259
f 2259 2248 2251
f 2259 2251 2260
f 2260 2252 2150
f 1988 1795 1784
f 2261 2231 2216
f 2263 2216 2218
f 2264 2265 2266
f 2266 2265 2267
f 2266 2267 2156
f 2156 2267 2167
f 2268 2269 2270
f 2270 2269 2271
f 2264 2272 2265
f 2270 2271 2273
f 2273 2274 2275
f 2275 2274 2276
f 2275 2276 2277
f 2277 2276 2278
f 2277 2278 2279
f 2279 2278 2280
f 2273 2271 2274
f 2280 2272 2264
f 2280 2281 2272
f 2278 2281 2280
f 2272 2282 2283
f 2272 2283 2265
f 2265 2283 2284
f 2265 2284 2267
f 2267 2284 2285
f 2267 2285 2167
f 2167 2285 2169
f 2286 2287 2271
f 2271 2287 2288
f 2271 2288 2274
f 2274 2288 2289
f 2274 2289 2276
f 2276 2289 2290
f 2276 2290 2278
f 2278 2290 2281
f 2279 2280 2291
f 2281 2282 2272
f 2291 2280 2264
f 2292 2264 2266
f 2073 2293 2294
f 2073 2294 2074
f 2074 2294 2295
f 2074 2295 2075
f 2075 2295 2296
f 2075 2296 2076
f 2184 2293 2073
f 2076 2296 2297
f 2077 2297 2298
f 2077 2298 2078
f 2078 2298 2299
f 2078 2299 2079
f 2079 2299 2186
f 2079 2186 2080
f 2076 2297 2077
f 2161 2292 2159
f 2186 2292 2161
f 2186 2291 2292
f 2292 2266 2159
f 2159 2266 2156
f 2300 2268 2294
f 2294 2268 2270
f 2294 2270 2295
f 2295 2270 2273
f 2295 2273 2296
f 2296 2273 2275
f 2296 2275 2297
f 2297 2275 2277
f 2297 2277 2298
f 2298 2277 2279
f 2298 2279 2299
f 2299 2279 2291
f 2299 2291 2186
f 2291 2264 2292
f 2281 2301 2282
f 2290 2301 2281
f 2290 2302 2301
f 2303 2304 2305
f 2303 2305 2306
f 2306 2305 2307
f 2306 2307 2308
f 2308 2307 2309
f 2308 2309 2310
f 2311 2304 2303
f 2310 2309 2312
f 2313 2312 2314
f 2313 2314 2315
f 2315 2314 2316
f 2315 2316 2317
f 2317 2316 2318
f 2317 2318 2181
f 2310 2312 2313
f 2179 2263 2177
f 2318 2263 2179
f 2318 2261 2263
f 2263 2218 2177
f 2177 2218 2175
f 2304 2319 2305
f 2305 2319 2222
f 2305 2222 2307
f 2307 2222 2224
f 2307 2224 2309
f 2309 2224 2226
f 2309 2226 2312
f 2312 2226 2228
f 2312 2228 2314
f 2314 2228 2230
f 2314 2230 2316
f 2316 2230 2261
f 2316 2261 2318
f 2181 2318 2179
f 2320 2321 2322
f 2322 2321 2303
f 2322 2303 2323
f 2301 2324 2282
f 2282 2324 2325
f 2282 2325 2283
f 2283 2325 2326
f 2283 2326 2284
f 2284 2326 2327
f 2284 2327 2285
f 2285 2327 2328
f 2285 2328 2169
f 2169 2328 2183
f 2287 2329 2288
f 2288 2329 2330
f 2288 2330 2289
f 2289 2330 2302
f 2289 2302 2290
f 2301 2323 2324
f 2261 2216 2263
f 2302 2323 2301
f 2330 2322 2302
f 2323 2303 2306
f 2323 2306 2324
f 2324 2306 2308
f 2324 2308 2325
f 2325 2308 2310
f 2325 2310 2326
f 2326 2310 2313
f 2326 2313 2327
f 2327 2313 2315
f 2327 2315 2328
f 2328 2315 2317
f 2328 2317 2183
f 2183 2317 2181
f 2331 2320 2330
f 2330 2320 2322
f 2302 2322 2323
f 2332 1185 1184
f 1900 1987 1882
f 1902 2333 1900
f 2334 2335 2336
f 2336 2335 2337
f 2336 2337 2338
f 2338 2337 2339
f 2338 2339 2340
f 2340 2339 2341
f 2334 2342 2335
f 2340 2341 2343
f 2343 2344 2345
f 2345 2344 2346
f 2345 2346 2347
f 2347 2346 2348
f 2347 2348 2349
f 2349 2348 2350
f 2343 2341 2344
f 2351 2342 2334
f 2351 2352 2342
f 2353 2352 2351
f 2354 2355 2356
f 2354 2356 2357
f 2357 2356 2358
f 2357 2358 2359
f 2359 2358 2360
f 2359 2360 2361
f 2361 2360 2362
f 2361 2362 2363
f 2363 2362 2364
f 2363 2364 2365
f 2365 2364 2366
f 2365 2366 2367
f 2367 2366 2368
f 2367 2368 2353
f 2353 2368 2352
f 2349 2350 2369
f 2370 2355 2354
f 2369 2350 2371
f 2372 2371 2373
f 1005 918 916
f 1005 916 1057
f 1057 916 914
f 1057 914 1084
f 1084 914 912
f 1084 912 1093
f 1004 918 1005
f 1093 912 910
f 1100 910 908
f 1100 908 1098
f 1098 908 907
f 1098 907 906
f 906 907 1341
f 906 1341 885
f 1093 910 1100
f 1004 2374 918
f 2375 2374 1004
f 2375 2376 2374
f 2372 2373 2377
f 2377 2373 2378
f 2377 2378 2379
f 2379 2378 2380
f 2379 2380 1062
f 1062 2380 2381
f 1062 2381 1060
f 1060 2381 2382
f 1060 2382 1055
f 1055 2382 2383
f 1055 2383 1056
f 1056 2383 2384
f 1056 2384 2385
f 2385 2384 2376
f 2385 2376 2375
f 2369 2371 2372
f 885 1341 1338
f 2370 2386 2355
f 2387 2388 2389
f 2390 2391 2392
f 2392 2391 2393
f 2392 2393 2394
f 2394 2393 2395
f 2394 2395 2396
f 2396 2395 2397
f 2390 2398 2391
f 2396 2397 2399
f 2399 2400 2401
f 2401 2400 2402
f 2401 2402 2403
f 2403 2402 2404
f 2403 2404 2405
f 2405 2404 2406
f 2399 2397 2400
f 2407 2398 2390
f 2407 2408 2398
f 2409 2408 2407
f 2410 2411 2412
f 2410 2412 2413
f 2413 2412 2414
f 2413 2414 2415
f 2415 2414 2416
f 2415 2416 2417
f 2417 2416 2418
f 2417 2418 2419
f 2419 2418 1222
f 2419 1222 2420
f 2420 1222 1221
f 2420 1221 2421
f 2421 1221 2422
f 2421 2422 2409
f 2409 2422 2408
f 2405 2406 2423
f 2424 2386 2370
f 2423 2406 2425
f 2426 2425 2427
f 2428 2429 2430
f 2428 2430 2431
f 2431 2430 2432
f 2431 2432 2433
f 2433 2432 2434
f 2433 2434 2435
f 2436 2429 2428
f 2435 2434 2437
f 2438 2437 2439
f 2438 2439 681
f 681 2439 2440
f 681 2440 682
f 682 2440 2388
f 682 2388 2387
f 2435 2437 2438
f 2436 2441 2429
f 2442 2441 2436
f 2442 2443 2441
f 2426 2427 2444
f 2444 2427 2445
f 2444 2445 2446
f 2446 2445 2447
f 2446 2447 2448
f 2448 2447 2449
f 2448 2449 2450
f 2450 2449 2451
f 2450 2451 2452
f 2452 2451 2453
f 2452 2453 2454
f 2454 2453 2455
f 2454 2455 2456
f 2456 2455 2443
f 2456 2443 2442
f 2423 2425 2426
f 885 1338 1481
f 1481 1338 1337
f 1481 1337 959
f 2457 503 505
f 2457 505 2458
f 2458 505 2459
f 2458 2459 2460
f 2460 2459 2461
f 2460 2461 2462
f 2463 503 2457
f 2462 2461 2464
f 2465 2464 2466
f 2465 2466 2467
f 2467 2466 2468
f 2467 2468 2469
f 2469 2468 2470
f 2469 2470 2471
f 2462 2464 2465
f 2463 500 503
f 2472 500 2463
f 2472 508 500
f 770 210 746
f 746 210 573
f 746 573 782
f 782 573 572
f 782 572 783
f 783 572 522
f 783 522 518
f 518 522 523
f 518 523 519
f 519 523 524
f 519 524 683
f 683 524 514
f 683 514 684
f 684 514 508
f 684 508 2472
f 2471 2470 2473
f 770 209 210
f 2471 2473 2474
f 2474 2475 2476
f 2477 2478 2479
f 2479 2478 2480
f 2479 2480 2481
f 2481 2480 2387
f 2481 2387 2482
f 2482 2387 2389
f 2477 2483 2478
f 2482 2389 2484
f 2484 2485 2486
f 2486 2485 2487
f 2486 2487 2488
f 2488 2487 2489
f 2488 2489 2490
f 2490 2489 2491
f 2484 2389 2485
f 2492 2483 2477
f 2492 2493 2483
f 2494 2493 2492
f 2476 2475 2495
f 2476 2495 2496
f 2496 2495 2497
f 2496 2497 2498
f 2498 2497 2499
f 2498 2499 2500
f 2500 2499 2501
f 2500 2501 2502
f 2502 2501 2503
f 2502 2503 2504
f 2504 2503 2505
f 2504 2505 2506
f 2506 2505 2507
f 2506 2507 2494
f 2494 2507 2493
f 2474 2473 2475
f 769 209 770
f 769 208 209
f 284 208 769
f 1370 2508 1372
f 1372 2508 2509
f 1372 2509 1374
f 1374 2509 2510
f 1374 2510 1376
f 1376 2510 2511
f 1370 2512 2508
f 1376 2511 1420
f 1420 2513 1421
f 1421 2513 2514
f 1421 2514 745
f 745 2514 2515
f 745 2515 744
f 744 2515 2516
f 1420 2511 2513
f 1377 2512 1370
f 1377 2517 2512
f 1386 2517 1377
f 959 1337 1336
f 959 1336 955
f 955 1336 1330
f 955 1330 954
f 954 1330 1329
f 954 1329 1284
f 1284 1329 1315
f 1284 1315 2518
f 2518 1315 1314
f 2518 1314 1390
f 1390 1314 1313
f 1390 1313 1391
f 1391 1313 1312
f 1391 1312 1386
f 1386 1312 2517
f 744 2516 365
f 365 2516 2519
f 365 2519 366
f 366 2519 2520
f 354 364 363
f 354 363 356
f 356 363 362
f 356 362 320
f 320 362 361
f 320 361 318
f 318 361 342
f 318 342 279
f 279 342 341
f 279 341 280
f 280 341 334
f 280 334 282
f 282 334 223
f 282 223 284
f 284 223 208
f 352 364 354
f 2521 2411 2410
f 352 490 364
f 349 1348 490
f 366 2520 368
f 368 2520 2522
f 368 2522 370
f 370 2522 634
f 370 634 360
f 360 634 633
f 360 633 358
f 358 633 1353
f 358 1353 344
f 344 1353 1352
f 344 1352 345
f 345 1352 1350
f 345 1350 347
f 347 1350 1348
f 347 1348 349
f 349 490 352
f 2521 2523 2411
f 2524 2523 2521
f 2524 2525 2523
f 2526 2527 2528
f 2528 2527 2529
f 2528 2529 2530
f 2530 2529 2531
f 2530 2531 830
f 830 2531 1634
f 2526 2532 2527
f 830 1634 831
f 831 1529 833
f 833 1529 1531
f 833 1531 809
f 809 1531 1557
f 809 1557 810
f 810 1557 1559
f 831 1634 1529
f 2533 2532 2526
f 2533 2534 2532
f 2535 2534 2533
f 2536 2537 2538
f 2536 2538 2539
f 2539 2538 2540
f 2539 2540 2541
f 2541 2540 2542
f 2541 2542 2543
f 2543 2542 2544
f 2543 2544 2545
f 2545 2544 2546
f 2545 2546 2547
f 2547 2546 2548
f 2547 2548 2549
f 2549 2548 2550
f 2549 2550 2535
f 2535 2550 2534
f 810 1559 812
f 2551 2537 2536
f 812 1559 1632
f 814 1632 1540
f 1467 879 878
f 1467 878 1468
f 1468 878 1484
f 1468 1484 1469
f 1469 1484 1486
f 1469 1486 213
f 219 879 1467
f 213 1486 1466
f 211 1466 1465
f 211 1465 248
f 248 1465 1463
f 248 1463 249
f 249 1463 1461
f 249 1461 1460
f 213 1466 211
f 219 1555 879
f 220 1555 219
f 220 988 1555
f 814 1540 817
f 817 1540 1539
f 817 1539 203
f 203 1539 1552
f 203 1552 204
f 204 1552 1551
f 204 1551 206
f 206 1551 1045
f 206 1045 196
f 196 1045 1043
f 196 1043 159
f 159 1043 989
f 159 989 158
f 158 989 988
f 158 988 220
f 812 1632 814
f 2551 2552 2537
f 2553 2552 2551
f 2553 2554 2552
f 556 39 558
f 558 39 19
f 558 19 560
f 560 19 17
f 560 17 546
f 546 17 15
f 556 42 39
f 546 15 544
f 544 13 526
f 526 13 10
f 526 10 527
f 527 10 8
f 527 8 529
f 529 8 6
f 544 15 13
f 554 42 556
f 554 64 42
f 552 64 554
f 799 52 62
f 799 62 800
f 800 62 76
f 800 76 801
f 801 76 74
f 801 74 693
f 693 74 72
f 693 72 679
f 679 72 70
f 679 70 548
f 548 70 68
f 548 68 550
f 550 68 66
f 550 66 552
f 552 66 64
f 529 6 531
f 531 6 5
f 531 5 534
f 534 5 21
f 2555 2556 2557
f 2555 2557 2558
f 2558 2557 2419
f 2558 2419 2420
f 2559 2560 2561
f 2561 2560 2562
f 2561 2562 2563
f 2563 2562 2564
f 2563 2564 2565
f 2565 2564 2566
f 2565 2566 2567
f 2567 2566 2568
f 2567 2568 2569
f 2569 2568 2554
f 2569 2554 2553
f 2570 2556 2555
f 1460 1461 1450
f 2570 2571 2556
f 2572 124 2571
f 534 21 536
f 536 21 2573
f 536 2573 537
f 537 2573 2574
f 537 2574 2575
f 2575 2574 2576
f 2575 2576 2577
f 2577 2576 2578
f 2577 2578 2579
f 2579 2578 2580
f 2579 2580 2581
f 2581 2580 125
f 2581 125 2582
f 2582 125 124
f 2582 124 2572
f 2572 2571 2570
f 2490 2491 2583
f 1460 1450 1470
f 1470 1448 1454
f 457 2584 458
f 458 2584 2585
f 458 2585 448
f 448 2585 2586
f 448 2586 443
f 443 2586 2587
f 457 2588 2584
f 443 2587 439
f 439 2589 440
f 440 2589 2590
f 440 2590 441
f 441 2590 2591
f 441 2591 442
f 442 2591 2592
f 439 2587 2589
f 456 2588 457
f 456 1855 2588
f 2593 1855 456
f 793 482 795
f 795 482 484
f 795 484 598
f 598 484 486
f 598 486 599
f 599 486 497
f 599 497 689
f 689 497 499
f 689 499 687
f 687 499 517
f 687 517 685
f 685 517 519
f 685 519 683
f 1839 1840 2593
f 2593 1840 1855
f 442 2592 444
f 793 480 482
f 444 2592 2594
f 445 2594 2595
f 252 2596 2597
f 252 2597 253
f 253 2597 2598
f 253 2598 375
f 375 2598 2599
f 375 2599 2600
f 2601 2596 252
f 2600 2599 2602
f 2603 2602 2604
f 2603 2604 2605
f 2605 2604 2606
f 2605 2606 2607
f 2607 2606 2525
f 2607 2525 2524
f 2600 2602 2603
f 2601 2608 2596
f 2609 2608 2601
f 2609 2610 2608
f 445 2595 446
f 446 2595 2611
f 446 2611 447
f 447 2611 2612
f 447 2612 459
f 459 2612 2613
f 459 2613 460
f 460 2613 2614
f 460 2614 462
f 462 2614 2615
f 462 2615 2616
f 2616 2615 2617
f 2616 2617 2618
f 2618 2617 2610
f 2618 2610 2609
f 444 2594 445
f 791 480 793
f 791 477 480
f 789 477 791
f 246 776 150
f 150 776 780
f 150 780 141
f 141 780 167
f 141 167 134
f 134 167 166
f 246 773 776
f 134 166 136
f 136 165 138
f 138 165 160
f 138 160 140
f 140 160 162
f 140 162 143
f 143 162 164
f 136 166 165
f 841 773 246
f 841 774 773
f 843 774 841
f 1454 1448 1439
f 1454 1439 1456
f 1456 1439 1433
f 1456 1433 1457
f 1457 1433 1432
f 1457 1432 1435
f 1435 1432 696
f 1435 696 1437
f 1437 696 697
f 1437 697 1438
f 1438 697 698
f 1438 698 1459
f 1459 698 768
f 1459 768 843
f 843 768 774
f 143 164 145
f 145 164 738
f 145 738 147
f 147 738 750
f 818 807 806
f 818 806 838
f 838 806 823
f 838 823 840
f 840 823 825
f 840 825 803
f 803 825 827
f 803 827 797
f 797 827 470
f 797 470 785
f 785 470 473
f 785 473 787
f 787 473 475
f 787 475 789
f 789 475 477
f 820 807 818
f 1470 1450 1448
f 820 808 807
f 821 190 808
f 147 750 149
f 149 750 749
f 149 749 172
f 172 749 761
f 172 761 174
f 174 761 191
f 174 191 197
f 197 191 187
f 197 187 198
f 198 187 186
f 198 186 195
f 195 186 188
f 195 188 205
f 205 188 190
f 205 190 821
f 821 808 820
f 1900 2333 1987
f 2583 2491 2619
f 2620 2619 2621
f 2622 2623 2624
f 2625 2624 2626
f 2626 2624 2623
f 2626 2623 2627
f 2627 2623 2628
f 2627 2628 2629
f 2630 2623 2622
f 2629 2628 2137
f 2631 2625 2632
f 2632 2625 2626
f 2632 2626 2633
f 2633 2626 2627
f 2633 2627 2634
f 2634 2627 2629
f 2629 2137 2136
f 2630 2635 2623
f 2636 2635 2630
f 2636 2139 2635
f 1718 1824 1719
f 1959 1810 1809
f 1664 1646 1648
f 1740 1663 1665
f 1878 1841 1843
f 1920 1897 1899
f 2637 2638 2639
f 2640 2641 2642
f 2643 2644 2645
f 2121 2131 2119
f 2628 2138 2137
f 2139 2138 2635
f 2635 2138 2628
f 2635 2628 2623
f 2132 2139 2636
f 2634 2629 2646
f 1743 1770 1744
f 2646 2629 2136
f 2644 2631 2645
f 2647 2648 2649
f 2647 2649 2650
f 2650 2649 2134
f 2650 2134 2133
f 2651 2652 2653
f 2653 2652 2654
f 2655 2648 2647
f 2653 2654 2656
f 2656 2657 2658
f 2658 2657 2659
f 2658 2659 2660
f 2660 2659 2655
f 2660 2655 2661
f 2661 2655 2647
f 2656 2654 2657
f 2655 2662 2648
f 2659 2662 2655
f 2659 2663 2662
f 2645 2631 2632
f 2645 2632 2663
f 2663 2632 2633
f 2663 2633 2662
f 2662 2633 2634
f 2662 2634 2648
f 2648 2634 2646
f 2648 2646 2649
f 2649 2646 2135
f 2649 2135 2134
f 2652 2643 2654
f 2654 2643 2645
f 2654 2645 2657
f 2657 2645 2663
f 2657 2663 2659
f 2646 2136 2135
f 2661 2647 2664
f 1796 1785 1782
f 1825 1827 1826
f 2665 2666 2667
f 2665 2667 2668
f 2669 2670 2665
f 2665 2670 2671
f 2665 2671 2672
f 2673 2674 2665
f 2672 2666 2665
f 2665 2674 2675
f 2676 2677 2665
f 2665 2677 2678
f 2665 2678 2673
f 2679 2680 2665
f 2665 2680 2681
f 2665 2681 2676
f 2665 2675 2669
f 2682 2665 2668
f 2682 2683 2665
f 2684 2129 2132
f 2680 2643 2681
f 2681 2643 2652
f 2681 2652 2651
f 2625 2680 2624
f 2624 2680 2679
f 2624 2679 2622
f 2622 2679 2685
f 2622 2685 2630
f 2630 2685 2636
f 2636 2685 2684
f 2636 2684 2132
f 2141 2090 2686
f 2686 2090 2130
f 2686 2130 2684
f 2684 2130 2129
f 2686 2684 2665
f 1812 1818 1814
f 2665 2684 2685
f 2687 2688 2665
f 2042 2021 2023
f 2068 2185 2050
f 2071 2082 2066
f 2293 2300 2294
f 2269 2286 2271
f 2329 2331 2330
f 2035 2098 2106
f 2321 2311 2303
f 2232 2197 2199
f 2212 2234 2205
f 2253 2262 2254
f 2239 2250 2241
f 1787 1797 1788
f 1756 1771 1758
f 2319 2220 2222
f 2092 2130 2090
f 2665 2689 2690
f 2665 2691 2689
f 2665 2688 2692
f 2665 2692 2686
f 2693 2694 2665
f 2665 2694 2695
f 2665 2695 2687
f 2696 2697 2665
f 2665 2697 2698
f 2665 2698 2693
f 2699 2700 2665
f 2665 2700 2701
f 2665 2701 2696
f 2690 2702 2665
f 2665 2702 2703
f 2665 2703 2699
f 2683 2691 2665
f 2665 2685 2679
f 2664 2647 2650
f 2664 2650 2704
f 2704 2650 2133
f 2705 2706 2707
f 2705 2707 2708
f 2708 2707 2709
f 2708 2709 2710
f 2710 2709 2711
f 2710 2711 2712
f 2639 2706 2705
f 2712 2711 2713
f 2714 2713 2715
f 2714 2715 2716
f 2716 2715 2717
f 2716 2717 2718
f 2718 2717 2719
f 2718 2719 2720
f 2712 2713 2714
f 2639 2721 2706
f 2638 2721 2639
f 2722 2723 2724
f 2706 2725 2707
f 2707 2725 2726
f 2707 2726 2709
f 2709 2726 2727
f 2709 2727 2711
f 2711 2727 2728
f 2711 2728 2713
f 2713 2728 2729
f 2713 2729 2715
f 2715 2729 2730
f 2715 2730 2717
f 2717 2730 2731
f 2717 2731 2719
f 2719 2731 2723
f 2719 2723 2722
f 2720 2719 2722
f 2706 2732 2725
f 2733 2637 2734
f 2734 2639 2735
f 1903 2735 1904
f 1904 2735 2736
f 1904 2736 1905
f 1905 2736 2737
f 1905 2737 1906
f 1906 2737 2738
f 1903 2734 2735
f 1906 2738 1907
f 1907 2739 1908
f 1908 2739 2740
f 1908 2740 1909
f 1909 2740 2741
f 1909 2741 1910
f 1910 2741 2742
f 1907 2738 2739
f 1987 2734 1903
f 1987 2733 2734
f 2333 2733 1987
f 2735 2639 2705
f 2735 2705 2736
f 2736 2705 2708
f 2736 2708 2737
f 2737 2708 2710
f 2737 2710 2738
f 2738 2710 2712
f 2738 2712 2739
f 2739 2712 2714
f 2739 2714 2740
f 2740 2714 2716
f 2740 2716 2741
f 2741 2716 2718
f 2741 2718 2742
f 2742 2718 2720
f 2734 2637 2639
f 2721 2732 2706
f 2724 2743 2744
f 2723 2743 2724
f 2641 2745 2642
f 2642 2745 2746
f 2642 2746 2747
f 2747 2746 2748
f 2747 2748 2749
f 2749 2748 2750
f 2751 2120 2119
f 2749 2750 2752
f 2752 2753 2754
f 2754 2753 2755
f 2754 2755 2756
f 2756 2755 2757
f 2756 2757 2758
f 2758 2757 2759
f 2752 2750 2753
f 2760 2120 2751
f 2760 2704 2120
f 2759 2704 2760
f 2704 2133 2120
f 2745 2651 2746
f 2746 2651 2653
f 2746 2653 2748
f 2748 2653 2656
f 2748 2656 2750
f 2750 2656 2658
f 2750 2658 2753
f 2753 2658 2660
f 2753 2660 2755
f 2755 2660 2661
f 2755 2661 2757
f 2757 2661 2664
f 2757 2664 2759
f 2759 2664 2704
f 2758 2759 2761
f 2761 2759 2760
f 2761 2760 2762
f 2762 2760 2751
f 2725 2763 2764
f 2725 2764 2726
f 2726 2764 2765
f 2726 2765 2727
f 2727 2765 2766
f 2727 2766 2728
f 2728 2766 2767
f 2728 2767 2729
f 2729 2767 2768
f 2729 2768 2730
f 2730 2768 2769
f 2730 2769 2731
f 2731 2769 2770
f 2731 2770 2723
f 2723 2770 2743
f 2732 2763 2725
f 2680 2644 2643
f 2744 2761 2762
f 2743 2758 2761
f 2763 2640 2764
f 2764 2640 2642
f 2764 2642 2765
f 2765 2642 2747
f 2765 2747 2766
f 2766 2747 2749
f 2766 2749 2767
f 2767 2749 2752
f 2767 2752 2768
f 2768 2752 2754
f 2768 2754 2769
f 2769 2754 2756
f 2769 2756 2770
f 2770 2756 2758
f 2770 2758 2743
f 2743 2761 2744
f 2631 2644 2680
f 2625 2631 2680
f 2677 2763 2732
f 2771 2772 2773
f 2771 2773 2774
f 2774 2773 2775
f 2774 2775 2776
f 2776 2775 2777
f 2776 2777 2778
f 2779 2772 2771
f 2778 2777 2780
f 2781 2780 2782
f 2781 2782 2783
f 2783 2782 2784
f 2783 2784 2785
f 2785 2784 2786
f 2785 2786 2787
f 2778 2780 2781
f 2779 2788 2772
f 2789 2788 2779
f 2789 2790 2788
f 2791 2792 2559
f 2559 2792 2793
f 2559 2793 2794
f 2794 2793 2795
f 2794 2795 2796
f 2796 2795 2797
f 2796 2797 2798
f 2798 2797 2799
f 2798 2799 2800
f 2800 2799 2801
f 2800 2801 2802
f 2802 2801 2803
f 2802 2803 2804
f 2804 2803 2790
f 2804 2790 2789
f 2787 2786 2805
f 2791 2806 2792
f 2787 2805 2807
f 2807 2808 2809
f 2810 2811 2812
f 2812 2811 2813
f 2812 2813 2814
f 2814 2813 2815
f 2814 2815 2816
f 2816 2815 2817
f 2810 2818 2811
f 2816 2817 2819
f 2819 2820 2821
f 2821 2820 2822
f 2821 2822 2823
f 2823 2822 2824
f 2823 2824 2825
f 2825 2824 2826
f 2819 2817 2820
f 2827 2818 2810
f 2827 2828 2818
f 2829 2828 2827
f 2809 2808 2830
f 2809 2830 2831
f 2831 2830 2832
f 2831 2832 2833
f 2833 2832 2834
f 2835 2836 2837
f 2837 2836 2838
f 2837 2838 2839
f 2839 2838 2840
f 2839 2840 2841
f 2841 2840 2842
f 2841 2842 2843
f 2843 2842 2844
f 2843 2844 2829
f 2829 2844 2828
f 2807 2805 2808
f 2845 2806 2791
f 2845 2846 2806
f 2847 2846 2845
f 2848 2849 2850
f 2848 2850 2851
f 2851 2850 2852
f 2851 2852 2853
f 2853 2852 2854
f 2853 2854 2855
f 2856 2849 2848
f 2855 2854 1283
f 2857 1283 1282
f 2857 1282 2858
f 2858 1282 2859
f 2833 2834 2424
f 2860 2861 2862
f 2862 2861 2863
f 2855 1283 2857
f 2856 2864 2849
f 2865 2864 2856
f 2865 2866 2864
f 2620 2621 2867
f 2867 2621 2868
f 2867 2868 2869
f 2869 2868 2870
f 2869 2870 2871
f 2871 2870 2872
f 2871 2872 2873
f 2873 2872 2874
f 2873 2874 2875
f 2875 2874 2876
f 2875 2876 1074
f 1074 2876 2877
f 1074 2877 1073
f 1073 2877 2866
f 1073 2866 2865
f 2862 2863 2878
f 2878 2863 2879
f 2878 2879 2880
f 2880 2879 2881
f 2882 2883 2884
f 2882 2884 2885
f 2885 2884 2886
f 2885 2886 2887
f 2887 2886 2888
f 2887 2888 2889
f 2889 2888 2890
f 2889 2890 2891
f 2891 2890 2892
f 2891 2892 631
f 631 2892 2893
f 631 2893 632
f 632 2893 2894
f 632 2894 2847
f 2847 2894 2846
f 2895 2883 2882
f 2825 2826 2896
f 2895 2897 2883
f 2898 2899 2897
f 2880 2881 2900
f 2900 2881 2901
f 2900 2901 2902
f 2902 2901 2903
f 2902 2903 2904
f 2904 2903 2905
f 2904 2905 2906
f 2906 2905 2907
f 2906 2907 2908
f 2908 2907 2909
f 2908 2909 2910
f 2910 2909 2911
f 2910 2911 2912
f 2912 2911 2899
f 2912 2899 2898
f 2898 2897 2895
f 2583 2619 2620
f 2896 2826 2913
f 2914 2913 2915
f 1711 1673 2682
f 2682 1673 1675
f 2682 1675 2683
f 2683 1675 1676
f 2683 1676 1678
f 1712 2668 1709
f 2691 1682 1683
f 1709 2668 2667
f 1933 1931 2666
f 2666 1931 1930
f 2666 1930 2667
f 2667 1930 1958
f 2667 1958 1957
f 1933 2666 1928
f 1709 2667 1957
f 2691 1681 1682
f 2683 1681 2691
f 2683 1679 1681
f 2702 1797 2703
f 2703 1797 1787
f 2703 1787 1794
f 1756 2702 1771
f 1771 2702 2690
f 1771 2690 1772
f 1812 1811 2689
f 2689 1811 1827
f 2689 1827 2690
f 2690 1827 1825
f 2690 1825 1772
f 1812 2689 1818
f 1818 2689 2691
f 1818 2691 1683
f 1678 1679 2683
f 1928 2666 2672
f 2702 1755 1797
f 1928 2672 1985
f 2672 1972 1986
f 2675 1897 1920
f 2677 2732 2678
f 2678 2732 2721
f 2721 2638 2678
f 2678 2638 2637
f 2678 2637 2673
f 2675 1898 1897
f 2673 2637 2733
f 2681 2651 2676
f 2676 2651 2745
f 2745 2641 2676
f 2676 2641 2640
f 2676 2640 2677
f 2677 2640 2763
f 2673 2733 2333
f 2674 1898 2675
f 2674 1902 1898
f 2333 1902 2674
f 2672 1986 1985
f 1870 1969 2671
f 2671 1969 1968
f 2671 1968 1972
f 1856 1842 2669
f 2669 1842 1841
f 2669 1841 2670
f 2670 1841 1878
f 2670 1878 2671
f 2671 1878 1871
f 2671 1871 1870
f 2675 1920 2669
f 2669 1920 1919
f 2669 1919 1856
f 2674 2673 2333
f 2671 1972 2672
f 1756 1755 2702
f 2250 2703 1794
f 2250 2699 2703
f 2916 2917 2918
f 2916 2918 2834
f 1712 1711 2668
f 2668 1711 2682
f 2141 2686 2036
f 2036 2686 2692
f 2919 2917 2916
f 2036 2692 2037
f 2042 2692 2021
f 2021 2692 2688
f 2021 2688 2022
f 2687 2069 2688
f 2688 2069 2085
f 2688 2085 2022
f 2037 2692 2042
f 2919 2920 2917
f 2921 2920 2919
f 2921 2922 2920
f 2914 2915 2923
f 2923 2915 2924
f 2923 2924 2925
f 2925 2924 2926
f 2925 2926 2927
f 2927 2926 2928
f 2927 2928 2929
f 2929 2928 2930
f 2929 2930 2931
f 2931 2930 2932
f 2931 2932 2933
f 2933 2932 2934
f 2933 2934 2935
f 2935 2934 2922
f 2935 2922 2921
f 2293 2184 2695
f 2695 2184 2185
f 2695 2185 2687
f 2687 2185 2068
f 2220 2696 2221
f 2212 2198 2701
f 2701 2198 2197
f 2701 2197 2696
f 2696 2197 2232
f 2696 2232 2221
f 2212 2701 2234
f 2234 2701 2700
f 2234 2700 2233
f 2239 2238 2699
f 2699 2238 2262
f 2699 2262 2700
f 2700 2262 2253
f 2700 2253 2233
f 2239 2699 2250
f 2220 2697 2696
f 2896 2913 2914
f 2319 2697 2220
f 2698 2311 2321
f 2687 2068 2069
f 2293 2695 2300
f 2300 2695 2694
f 2300 2694 2268
f 2329 2287 2693
f 2693 2287 2286
f 2693 2286 2694
f 2694 2286 2269
f 2694 2269 2268
f 2329 2693 2331
f 2331 2693 2698
f 2331 2698 2320
f 2319 2304 2697
f 2697 2304 2311
f 2697 2311 2698
f 2698 2321 2320
f 2332 2936 1185
f 1947 1960 1961
f 2937 2938 2936
f 2939 2940 2941
f 2836 2942 2943
f 2943 2942 2944
f 2943 2944 2945
f 2945 2944 2946
f 2945 2946 2947
f 2939 2948 2940
f 2947 2946 2949
f 2815 2813 2950
f 2950 2813 2951
f 2950 2951 2952
f 2952 2951 2953
f 2952 2953 2954
f 2954 2953 2955
f 2947 2949 2956
f 2957 2948 2939
f 2957 2958 2948
f 2959 2958 2957
f 2960 2822 2961
f 2961 2822 2820
f 2961 2820 2962
f 2962 2820 2817
f 2963 2964 2965
f 2965 2964 2966
f 2965 2966 2967
f 2967 2966 2968
f 2967 2968 2969
f 2844 2842 2970
f 2970 2842 2971
f 2970 2971 2972
f 2972 2971 2973
f 2972 2973 2959
f 2959 2973 2958
f 2954 2955 2974
f 2960 2824 2822
f 2975 2976 2977
f 2977 2978 2979
f 2980 2945 2981
f 2981 2945 2947
f 2981 2947 2982
f 2982 2947 2956
f 2982 2956 2983
f 2442 2984 2985
f 2980 2943 2945
f 2985 2984 2986
f 2987 2986 2988
f 2987 2988 2450
f 2450 2988 2448
f 2450 2452 2987
f 2987 2452 2454
f 2987 2454 2985
f 2985 2986 2987
f 2989 2943 2980
f 2989 2836 2943
f 2838 2836 2989
f 2962 2979 2961
f 2961 2979 2978
f 2961 2978 2960
f 2960 2978 2976
f 2960 2976 2990
f 2990 2976 2991
f 2817 2815 2992
f 2992 2815 2950
f 2992 2950 2993
f 2993 2950 2952
f 2993 2952 2994
f 2994 2952 2954
f 2994 2954 2995
f 2995 2954 2974
f 2995 2974 2996
f 2977 2976 2978
f 2985 2454 2456
f 2990 2824 2960
f 2997 2970 2972
f 2998 2907 2905
f 2810 2812 2860
f 2860 2812 2814
f 2860 2814 2861
f 2861 2814 2816
f 2861 2816 2863
f 2998 2999 2907
f 2863 2816 2819
f 2906 2908 3000
f 3000 2908 587
f 3000 587 3001
f 3001 587 584
f 3001 584 3002
f 3002 584 3003
f 2863 2819 2879
f 3004 2999 2998
f 3004 3005 2999
f 3006 3005 3004
f 3007 3008 3009
f 3007 3009 3010
f 3010 3009 3011
f 3010 3011 3012
f 3012 3011 3013
f 3012 3013 3014
f 2905 3007 2998
f 2998 3007 3010
f 2998 3010 3004
f 3004 3010 3012
f 3004 3012 3006
f 3006 3012 3014
f 3006 3014 3015
f 3015 3016 3006
f 3006 3016 3005
f 3002 3003 3017
f 2959 3018 2972
f 3017 3003 3019
f 3020 3019 3021
f 2843 3022 3023
f 2843 3023 2841
f 2841 3023 3024
f 2841 3024 2839
f 2839 3024 3025
f 2839 3025 2837
f 2829 3022 2843
f 2837 3025 3026
f 3027 2813 2811
f 2811 2818 3027
f 3027 2818 2963
f 3027 2963 2965
f 2828 2844 2997
f 2997 2844 2970
f 2837 3026 2835
f 2829 3028 3022
f 2827 3028 2829
f 2827 3029 3028
f 3020 3021 2902
f 2902 3021 3030
f 2902 3030 2900
f 2900 3030 3031
f 2900 3031 2880
f 2880 3031 3032
f 2880 3032 2878
f 2878 3032 3033
f 2878 3033 2862
f 2862 3033 3034
f 2862 3034 2860
f 2860 3034 3035
f 2860 3035 2810
f 2810 3035 3029
f 2810 3029 2827
f 3017 3019 3020
f 2985 2456 2442
f 3036 3037 3038
f 3038 3037 3039
f 3040 3041 3042
f 3040 3042 3043
f 3043 3042 3044
f 3043 3044 3045
f 3045 3044 3046
f 3045 3046 3047
f 3048 3041 3040
f 3047 3046 3049
f 3050 3049 3051
f 3050 3051 3052
f 3052 3051 3053
f 3052 3053 3054
f 3054 3053 2487
f 3054 2487 2485
f 3047 3049 3050
f 3048 3055 3041
f 3056 3055 3048
f 3056 3057 3055
f 3058 3059 3060
f 3058 3060 3061
f 3061 3060 3062
f 3061 3062 3063
f 3063 3062 3064
f 3063 3064 3051
f 3051 3064 3065
f 3051 3065 3053
f 3053 3065 2489
f 3053 2489 2487
f 2453 3066 2455
f 2455 3066 3067
f 2455 3067 3068
f 3068 3067 3057
f 3068 3057 3056
f 2875 3069 2873
f 3070 3059 3058
f 2873 3069 3071
f 2871 3071 3072
f 3062 2621 3064
f 3064 2621 2619
f 3064 2619 3065
f 3065 2619 2491
f 3065 2491 2489
f 3073 3074 3075
f 3062 2868 2621
f 3075 3074 3076
f 3077 3076 3078
f 3077 3078 3079
f 3079 3078 3080
f 3079 3080 3081
f 3069 3073 3071
f 3071 3073 3075
f 3075 3076 3077
f 3060 2868 3062
f 3060 2870 2868
f 3059 2870 3060
f 2871 3072 2869
f 2869 3072 3082
f 2869 3082 2867
f 2867 3082 3083
f 2867 3083 2620
f 2620 3083 3084
f 2620 3084 2583
f 3085 2877 3086
f 3086 2877 2876
f 3086 2876 3087
f 3087 2876 2874
f 3087 2874 3088
f 3088 2874 2872
f 3088 2872 3059
f 3059 2872 2870
f 2873 3071 2871
f 3070 3088 3059
f 3089 3088 3070
f 3089 3087 3088
f 3090 3091 3092
f 3090 3092 3093
f 1074 1072 3094
f 3094 1072 3095
f 3094 3095 3096
f 3096 3095 3093
f 1068 3091 3090
f 3096 3093 3097
f 3097 3092 3098
f 2383 2382 3099
f 3066 3100 3067
f 3067 3100 3101
f 3067 3101 3057
f 3057 3101 3102
f 3097 3093 3092
f 3090 1070 1068
f 3090 3095 1070
f 3093 3095 3090
f 1071 1073 2865
f 902 3103 967
f 967 3103 3104
f 967 3104 969
f 969 3104 3105
f 969 3105 1064
f 1064 3105 3106
f 1064 3106 1066
f 1066 3106 3091
f 1066 3091 1068
f 1069 1071 3107
f 2431 3038 2428
f 2428 3038 3039
f 2428 3039 2436
f 3094 2875 1074
f 3057 3102 3055
f 3055 3102 3089
f 3055 3089 3041
f 3041 3089 3070
f 2434 3045 3047
f 2434 3047 2437
f 2437 3047 3050
f 2437 3050 2439
f 2439 3050 3052
f 2439 3052 2440
f 2440 3052 3054
f 2440 3054 2388
f 2388 3054 2485
f 2388 2485 2389
f 3100 3085 3101
f 3101 3085 3086
f 3101 3086 3102
f 3102 3086 3087
f 3102 3087 3089
f 2432 3045 2434
f 2903 3008 3007
f 2432 3043 3045
f 2430 3040 3043
f 3041 3070 3042
f 3042 3070 3058
f 3042 3058 3044
f 3044 3058 3061
f 3044 3061 3046
f 3046 3061 3063
f 3046 3063 3049
f 3049 3063 3051
f 2455 3068 2443
f 2443 3068 3056
f 2443 3056 2441
f 2441 3056 3048
f 2441 3048 2429
f 2429 3048 3040
f 2429 3040 2430
f 2430 3043 2432
f 3071 3075 3072
f 3108 2906 3000
f 3020 2904 3108
f 3109 2806 3110
f 3109 3110 3111
f 3111 3110 3112
f 3111 3112 3113
f 3113 3112 3114
f 3113 3114 3115
f 2792 2806 3109
f 3115 3114 3116
f 3117 3116 3118
f 3117 3118 3119
f 3120 3121 3122
f 3122 3121 3123
f 3122 3123 3124
f 3124 3123 3125
f 3115 3116 3117
f 3116 3126 3118
f 3116 3127 3126
f 3114 3127 3116
f 3128 2884 3129
f 3130 3131 3132
f 3132 3131 3133
f 3132 3133 3134
f 3134 3133 3135
f 3134 3135 3136
f 3136 3135 2899
f 3136 2899 2911
f 3126 3127 3137
f 3137 3127 2888
f 3137 2888 2886
f 2894 2893 3138
f 3138 2893 3139
f 3138 3139 3114
f 3114 3139 3127
f 3124 3125 3140
f 3141 2884 3128
f 3140 3125 3142
f 3143 3142 3144
f 3145 3146 3147
f 3145 3147 3148
f 3148 3147 3149
f 3148 3149 3150
f 3150 3149 3151
f 3150 3151 3152
f 3153 3146 3145
f 3152 3151 3154
f 3155 3154 3156
f 3155 3156 3157
f 2458 2460 3158
f 3158 2460 2462
f 3158 2462 3159
f 3159 2462 2465
f 3152 3154 3155
f 3153 3160 3146
f 605 3160 3153
f 3153 607 605
f 3143 3144 3130
f 3130 3144 3161
f 3130 3161 3131
f 3157 3162 3155
f 3155 3162 3163
f 3155 3163 3152
f 3152 3163 3164
f 3152 3164 3150
f 3150 3164 3165
f 3150 3165 3148
f 3148 3165 3166
f 3148 3166 3145
f 3145 3166 3167
f 3145 3167 3153
f 3153 3167 607
f 3140 3142 3143
f 3159 2465 3168
f 3141 2886 2884
f 3169 2883 2897
f 3170 3171 3172
f 3172 3171 3173
f 3172 3173 3174
f 3174 3173 3175
f 3174 3175 3176
f 3176 3175 3177
f 2795 3178 2797
f 3176 3177 3179
f 3179 3180 2801
f 2801 3180 2803
f 2790 2803 3181
f 3181 2803 3180
f 3181 3180 3182
f 3182 3180 3177
f 3179 3177 3180
f 3183 3178 2795
f 3183 3172 3178
f 3184 3172 3183
f 629 627 3185
f 3185 627 625
f 3185 625 3186
f 631 629 2891
f 2891 629 3185
f 2891 3185 2889
f 2889 3185 3186
f 3176 3187 3174
f 3174 3187 3178
f 3174 3178 3172
f 3183 2793 3184
f 3184 2793 2792
f 3184 2792 3109
f 3109 3170 3184
f 3184 3170 3172
f 3182 3177 3188
f 3137 2886 3141
f 3188 3177 3175
f 2834 3189 3113
f 591 2912 593
f 593 2912 2898
f 593 2898 609
f 609 2898 2895
f 609 2895 611
f 611 2895 2882
f 591 2910 2912
f 611 2882 625
f 625 2885 3186
f 3186 2885 2887
f 3186 2887 2889
f 2899 3135 2897
f 3129 2884 3169
f 3169 2884 2883
f 625 2882 2885
f 589 2910 591
f 589 2908 2910
f 587 2908 589
f 3113 3189 3111
f 3115 2834 3113
f 2888 3127 2890
f 2890 3127 3139
f 2890 3139 2892
f 2892 3139 2893
f 2806 2846 3110
f 3110 2846 3190
f 3110 3190 3112
f 3112 3190 3138
f 3112 3138 3114
f 3109 3111 3170
f 3170 3111 3189
f 3170 3189 3171
f 3171 3189 2834
f 3188 3175 2834
f 603 688 3160
f 3160 688 686
f 3160 686 3146
f 3191 3192 3193
f 3193 3192 3194
f 3193 3194 3195
f 3195 3194 3196
f 3195 3196 3197
f 3197 3196 3198
f 3191 2469 3192
f 3197 3198 3199
f 3199 3200 3201
f 3201 3200 3202
f 3203 3025 3204
f 3025 3024 3204
f 3204 3024 3023
f 3204 3023 3205
f 3199 3198 3200
f 2467 2469 3191
f 2467 3168 2465
f 3191 3168 2467
f 3206 3207 3208
f 3208 3207 3209
f 3208 3209 3210
f 3210 3209 3211
f 3210 3211 3212
f 3201 3213 3199
f 3199 3213 3212
f 3199 3212 3197
f 3197 3212 3211
f 3197 3211 3195
f 3195 3211 3214
f 3195 3214 3193
f 3193 3214 3215
f 3193 3215 3191
f 3191 3215 3168
f 3205 3023 3022
f 3206 3216 3207
f 3205 3022 3217
f 3217 3028 3218
f 3035 3208 3210
f 3035 3210 3218
f 3218 3210 3219
f 3218 3219 3217
f 3217 3219 3213
f 3217 3213 3205
f 3034 3208 3035
f 3205 3213 3201
f 3204 3201 3202
f 3204 3202 3203
f 3002 3017 3001
f 3001 3017 3108
f 3001 3108 3000
f 2903 2901 3008
f 3205 3201 3204
f 3034 3206 3208
f 3033 3206 3034
f 3033 3220 3206
f 3218 3028 3029
f 3218 3029 3035
f 584 582 3003
f 3003 582 3221
f 3003 3221 3019
f 3019 3221 3222
f 3019 3222 3021
f 3021 3222 3223
f 3021 3223 3030
f 3030 3223 3224
f 3030 3224 3031
f 3031 3224 3225
f 3031 3225 3032
f 3032 3225 3220
f 3032 3220 3033
f 3217 3022 3028
f 3220 3216 3206
f 3220 3226 3216
f 3225 3226 3220
f 597 3167 3227
f 3227 3167 3166
f 3227 3166 3228
f 3228 3166 3165
f 3228 3165 3229
f 3229 3165 3164
f 3157 3230 3162
f 3229 3164 3231
f 3231 3163 3232
f 3232 3163 3162
f 3232 3162 3233
f 3233 3162 3230
f 3233 3230 3234
f 3234 3230 3235
f 3231 3164 3163
f 3157 3236 3230
f 3158 3236 3157
f 3158 3237 3236
f 3146 686 684
f 3146 684 3147
f 3147 684 2472
f 3147 2472 3149
f 3149 2472 2463
f 3149 2463 3151
f 3151 2463 2457
f 3151 2457 3154
f 3154 2457 2458
f 3154 2458 3156
f 3156 2458 3158
f 3156 3158 3157
f 3168 3238 3159
f 3159 3238 3237
f 3159 3237 3158
f 3235 3230 3236
f 3235 3236 3239
f 3239 3236 3237
f 3239 3237 3240
f 2984 3241 2986
f 2986 3241 3242
f 2986 3242 2988
f 2988 3242 2446
f 2988 2446 2448
f 582 3243 3221
f 3221 3243 3232
f 3221 3232 3222
f 3222 3232 3233
f 3222 3233 3223
f 3223 3233 3234
f 3223 3234 3224
f 3224 3234 3244
f 3224 3244 3225
f 3225 3244 3226
f 3245 3246 3247
f 3108 2904 2906
f 3245 3242 3246
f 3248 2496 2498
f 3240 3237 3238
f 3240 3238 3249
f 3249 3238 3215
f 3249 3215 3214
f 3214 3209 3249
f 3249 3209 3207
f 3249 3207 3240
f 3240 3207 3216
f 3240 3216 3239
f 3239 3216 3226
f 3239 3226 3235
f 3235 3226 3244
f 3235 3244 3234
f 2474 2476 3248
f 3248 2476 2496
f 2446 3242 3245
f 3072 3075 3077
f 3072 3077 3082
f 3082 3077 3079
f 3250 3251 3252
f 3252 3253 3250
f 3250 3253 3254
f 3250 3254 3255
f 3255 3254 3256
f 3255 3256 2364
f 3255 3251 3250
f 2875 3094 3069
f 3069 3096 3073
f 3073 3096 3097
f 3073 3097 3074
f 3074 3097 3098
f 3074 3098 3076
f 3076 3098 3257
f 3069 3094 3096
f 3255 2362 3251
f 2364 2362 3255
f 3258 3259 3260
f 2975 2995 2996
f 2975 2996 3261
f 3261 2996 3262
f 3261 3262 3263
f 3263 3262 3264
f 3263 3264 3265
f 3265 3264 3266
f 3265 3266 3267
f 3267 3266 3268
f 3267 3268 3269
f 3270 3258 3260
f 3271 3272 3273
f 3273 3272 3274
f 3273 3274 3258
f 3258 3274 3259
f 3076 3257 3078
f 2977 2995 2975
f 3078 3257 3275
f 3080 3275 3276
f 2352 2368 3277
f 2383 3099 3278
f 3278 3099 3279
f 3278 3279 3280
f 3280 3279 3281
f 3280 3281 3282
f 3283 2363 2365
f 3282 3281 3284
f 3285 3284 3286
f 3285 3286 3287
f 3287 3286 3288
f 3287 3288 3289
f 3289 3288 3290
f 3289 3290 3291
f 3282 3284 3285
f 2361 2363 3283
f 3292 3293 3294
f 3292 3295 3293
f 3080 3276 3296
f 3296 3276 3297
f 3296 3297 3254
f 3254 3297 3298
f 3254 3298 3256
f 3256 3298 2366
f 3256 2366 2364
f 3294 3299 3292
f 3292 3299 3300
f 3292 3300 3301
f 3301 3300 3302
f 3301 3302 3270
f 3270 3260 3301
f 3301 3260 3295
f 3301 3295 3292
f 3078 3275 3080
f 3291 3290 3303
f 2977 2994 2995
f 2979 2993 2994
f 3304 3305 3306
f 3306 3305 3307
f 3306 3307 3308
f 3308 3307 3309
f 3308 3309 3310
f 3311 2834 3312
f 3304 3313 3305
f 2933 3314 3315
f 3315 3316 3317
f 3317 3316 3318
f 3317 3318 3311
f 3311 3318 2834
f 2935 2921 3314
f 3314 2921 2919
f 3315 3314 3316
f 3319 3313 3304
f 3319 3320 3313
f 3321 3320 3319
f 3306 2975 3261
f 3306 3261 3304
f 3304 3261 3263
f 3304 3263 3319
f 3319 3263 3265
f 3319 3265 3321
f 3321 3265 3267
f 3321 3267 3322
f 3322 3267 3269
f 3322 3269 3323
f 3324 2916 2834
f 3323 3325 3322
f 3322 3325 3326
f 3322 3326 3321
f 3321 3326 3320
f 3314 2919 3316
f 2979 2994 2977
f 3316 2919 3324
f 3318 3324 2834
f 3327 3120 3328
f 3328 3120 3329
f 3328 3329 3312
f 3312 3329 3330
f 3312 3330 3311
f 3311 3330 3331
f 3327 3121 3120
f 3311 3331 3317
f 3317 3332 3315
f 3315 3332 2931
f 3315 2931 2933
f 2817 2992 2962
f 2962 2992 2993
f 2962 2993 2979
f 3317 3331 3332
f 3119 3121 3327
f 3119 3123 3121
f 3118 3123 3119
f 3328 3312 2834
f 2897 3135 3169
f 3169 3135 3133
f 3169 3133 3129
f 3129 3133 3131
f 3129 3131 3128
f 3128 3131 3161
f 3128 3161 3141
f 3141 3161 3144
f 3141 3144 3137
f 3137 3144 3142
f 3137 3142 3126
f 3126 3142 3125
f 3126 3125 3118
f 3118 3125 3123
f 3316 3324 3318
f 3291 3303 3333
f 3333 3303 3334
f 3333 3334 3335
f 3336 3337 2834
f 3260 3338 3295
f 3295 3338 3339
f 3295 3339 3293
f 3293 3339 3340
f 3293 3340 3294
f 3341 3337 3336
f 3294 3340 3342
f 3343 3342 3344
f 3343 3344 3345
f 3345 3344 3346
f 3345 3346 3347
f 3347 3346 3348
f 3347 3348 3337
f 3294 3342 3343
f 3341 3347 3337
f 3349 3347 3341
f 3349 3350 3347
f 2484 2486 3351
f 3351 2486 3352
f 3351 3352 3353
f 3353 3352 3354
f 3353 3354 3355
f 3355 3354 3356
f 3355 3356 3357
f 3357 3356 3358
f 3357 3358 3359
f 3359 3358 3360
f 3359 3360 3361
f 3361 3360 3362
f 3361 3362 3363
f 3363 3362 3350
f 3363 3350 3349
f 3337 3348 2834
f 2990 2826 2824
f 2834 3364 2386
f 2424 2834 2386
f 3259 3252 3260
f 3260 3252 3251
f 3260 3251 3338
f 3338 3251 2362
f 3338 2362 3339
f 3339 2362 2360
f 3259 3253 3252
f 3339 2360 3340
f 3340 2358 3342
f 3342 2358 2356
f 3342 2356 3344
f 3344 2356 2355
f 3344 2355 3346
f 3346 2355 3364
f 3340 2360 2358
f 3365 3253 3259
f 3365 3296 3253
f 3272 3296 3365
f 2357 3366 2354
f 2354 3366 3367
f 2354 3367 2370
f 2370 3367 3368
f 2370 3368 2424
f 2488 2490 3369
f 3369 2490 2583
f 3369 2583 3370
f 3370 2583 3084
f 3370 3084 3371
f 3371 3084 3081
f 3371 3081 3271
f 3271 3081 3080
f 3271 3080 3272
f 3272 3080 3296
f 2386 3364 2355
f 2990 3372 2826
f 2991 3372 2990
f 2991 3373 3372
f 3299 3356 3300
f 3300 3356 3354
f 3300 3354 3302
f 3302 3354 3352
f 3302 3352 3270
f 3270 3352 3369
f 3299 3358 3356
f 3270 3369 3258
f 3258 3370 3273
f 3273 3370 3371
f 3273 3371 3271
f 2361 3283 2359
f 2359 3283 3366
f 2359 3366 2357
f 3258 3369 3370
f 3294 3358 3299
f 3294 3360 3358
f 3343 3360 3294
f 2341 2339 3374
f 3374 2339 2337
f 3374 2337 2335
f 2335 2342 3375
f 3376 3377 3378
f 3378 3377 3379
f 3378 3379 3380
f 3380 3379 3381
f 3380 3381 3382
f 2334 3383 2351
f 2351 3383 3384
f 3347 3350 3345
f 3345 3350 3362
f 3345 3362 3343
f 3343 3362 3360
f 2365 3385 3283
f 3283 3385 3386
f 3283 3386 3366
f 3366 3386 3387
f 3325 3388 3389
f 3389 3388 3390
f 3389 3390 3391
f 3391 3390 3392
f 3391 3392 3393
f 3393 3392 3394
f 3393 3394 3395
f 3395 3394 3396
f 3395 3396 3397
f 3397 3396 3398
f 3397 3398 3309
f 3309 3398 3399
f 3309 3399 3310
f 3310 3399 3373
f 3310 3373 2991
f 3325 3336 3388
f 3400 2975 3306
f 3323 3336 3325
f 3269 3341 3323
f 3366 3387 3401
f 3351 3353 3402
f 3402 3353 3355
f 3402 3355 3403
f 3403 3355 3357
f 3403 3357 3404
f 3404 3357 3359
f 3404 3359 3405
f 3405 3359 3361
f 3405 3361 3406
f 3406 3361 3363
f 3406 3363 3268
f 3268 3363 3349
f 3268 3349 3269
f 3269 3349 3341
f 3323 3341 3336
f 3400 2976 2975
f 2991 2976 3400
f 3336 2834 3388
f 3407 3408 3409
f 3407 3409 3410
f 3410 3409 3411
f 3410 3411 3412
f 3412 3411 3413
f 3412 3413 3414
f 3415 3408 3407
f 3414 3413 3416
f 3417 3416 3418
f 3417 3418 3419
f 3419 3418 3420
f 3419 3420 3421
f 3421 3420 2881
f 3421 2881 2879
f 3414 3416 3417
f 3415 3422 3408
f 3423 3422 3415
f 3424 3408 3422
f 2940 2981 2982
f 2940 2982 2941
f 2941 2982 2983
f 2941 2983 3425
f 3425 2983 3403
f 3425 3403 3404
f 2909 2999 3426
f 3426 2999 3005
f 3426 3005 3427
f 3427 3005 3016
f 3427 3016 3428
f 3428 3016 3429
f 3428 3429 3430
f 3431 3409 3424
f 3424 3409 3408
f 2826 3372 2913
f 2948 2981 2940
f 2928 2926 3432
f 3432 2924 3433
f 3434 3425 3404
f 3434 3404 3405
f 3435 3436 3437
f 3437 3436 2934
f 3307 3305 3438
f 3438 3305 3313
f 3439 3425 3434
f 2813 3027 2951
f 2951 2965 2953
f 2953 2965 2967
f 2953 2967 2955
f 2955 2967 2969
f 2955 2969 2974
f 2974 2969 3440
f 2951 3027 2965
f 3439 2941 3425
f 3441 2941 3439
f 3441 2939 2941
f 3433 2924 2915
f 3442 3443 3444
f 3444 3443 3433
f 3444 3433 3445
f 3445 3433 2915
f 3445 2915 3446
f 3446 2915 2913
f 3306 3308 3400
f 3400 3308 3310
f 3400 3310 2991
f 3018 2959 3447
f 3447 2959 2957
f 3447 2957 3448
f 3448 2957 2939
f 3448 2939 3441
f 3432 2926 2924
f 2948 2980 2981
f 2958 2980 2948
f 2958 2989 2980
f 3449 2494 2492
f 3449 2492 3450
f 3450 2492 2477
f 3450 2477 3451
f 3451 2477 2479
f 3451 2479 3452
f 3453 2494 3449
f 3452 2479 2481
f 3454 2481 2482
f 3454 2482 3455
f 3455 2482 2484
f 3455 2484 3456
f 3456 2484 3351
f 3456 3351 3402
f 3452 2481 3454
f 3453 2506 2494
f 3457 2506 3453
f 3457 2504 2506
f 3082 3079 3083
f 3083 3079 3081
f 3083 3081 3084
f 2486 2488 3352
f 2471 2474 3458
f 3458 2474 3248
f 3458 3248 3459
f 3459 3248 2498
f 3459 2498 3460
f 3460 2498 2500
f 3460 2500 3461
f 3461 2500 2502
f 3461 2502 3462
f 3462 2502 2504
f 3462 2504 3457
f 3352 2488 3369
f 2469 2471 3192
f 3192 2471 3458
f 3192 3458 3194
f 2944 3452 2946
f 2946 3452 3454
f 2946 3454 2949
f 2949 3454 3455
f 2949 3455 2956
f 2956 3455 3456
f 2956 3456 2983
f 2983 3456 3402
f 2983 3402 3403
f 3272 3365 3274
f 3296 3254 3253
f 3274 3365 3259
f 2840 2838 2973
f 2973 2838 2989
f 2973 2989 2958
f 2944 3451 3452
f 2974 3440 2996
f 2942 3451 2944
f 2835 3450 2942
f 3194 3458 3459
f 3194 3459 3196
f 3196 3459 3460
f 3196 3460 3198
f 3198 3460 3461
f 3198 3461 3200
f 3200 3461 3462
f 3200 3462 3202
f 3202 3462 3457
f 3202 3457 3203
f 3203 3457 3453
f 3203 3453 3026
f 3026 3453 3449
f 3026 3449 2835
f 2835 3449 3450
f 2942 3450 3451
f 3463 612 626
f 2996 3440 3464
f 3262 3464 3465
f 3466 3140 3143
f 3466 3143 3467
f 3467 3143 3130
f 3467 3130 3430
f 3430 3130 3132
f 3430 3132 3428
f 3468 3140 3466
f 3428 3132 3134
f 3427 3134 3136
f 3427 3136 3426
f 3426 3136 2911
f 3426 2911 2909
f 2933 2935 3314
f 3309 3307 3397
f 3428 3134 3427
f 3468 3124 3140
f 3469 3124 3468
f 3469 3122 3124
f 3423 2927 2929
f 3423 2929 3470
f 3470 2929 3471
f 3470 3471 3472
f 3472 3471 3473
f 3472 3473 3474
f 3474 3473 3475
f 3474 3475 3476
f 3331 3330 3475
f 3475 3330 3329
f 3475 3329 3476
f 3476 3329 3120
f 3476 3120 3477
f 3477 3120 3122
f 3477 3122 3469
f 3397 3307 3438
f 3415 2927 3423
f 3397 3438 3395
f 3395 3313 3393
f 3435 3432 3433
f 3435 3433 3436
f 3436 3433 3443
f 3436 3443 2934
f 2934 3443 3442
f 2934 3442 2922
f 2928 3432 3435
f 2922 3442 3478
f 2920 3478 3479
f 2920 3479 2917
f 2917 3479 3390
f 2917 3390 2918
f 2918 3390 3388
f 2918 3388 2834
f 2922 3478 2920
f 3479 3392 3390
f 3479 3394 3392
f 3478 3394 3479
f 3393 3313 3320
f 3393 3320 3391
f 3391 3320 3326
f 3391 3326 3389
f 3389 3326 3325
f 2913 3372 3446
f 3446 3372 3373
f 3446 3373 3445
f 3445 3373 3399
f 3445 3399 3444
f 3444 3399 3398
f 3444 3398 3442
f 3442 3398 3396
f 3442 3396 3478
f 3478 3396 3394
f 3395 3438 3313
f 3415 2925 2927
f 3407 2925 3415
f 3407 2923 2925
f 3464 3439 3465
f 3465 3439 3434
f 3465 3434 3480
f 3480 3434 3405
f 3480 3405 3406
f 2934 2932 3437
f 3464 3441 3439
f 3437 2932 2930
f 3435 2930 2928
f 2901 3420 3008
f 3008 3420 3418
f 3008 3418 3009
f 3009 3418 3416
f 3009 3416 3011
f 3437 2930 3435
f 3440 3441 3464
f 3440 3448 3441
f 2969 3448 3440
f 3262 3465 3264
f 3264 3465 3480
f 3264 3480 3266
f 3266 3480 3406
f 3266 3406 3268
f 2818 2828 2963
f 2963 2828 2997
f 2963 2997 2964
f 2964 2997 2972
f 2964 2972 2966
f 2966 2972 3018
f 2966 3018 2968
f 2968 3018 3447
f 2968 3447 2969
f 2969 3447 3448
f 3011 3416 3413
f 3011 3413 3013
f 3013 3413 3411
f 3013 3411 3014
f 3473 3332 3331
f 3473 3331 3475
f 2879 2819 3421
f 3421 2819 2821
f 3421 2821 3419
f 3419 2821 2823
f 3419 2823 3417
f 3417 2823 2825
f 3417 2825 3414
f 3414 2825 2896
f 3414 2896 3412
f 3412 2896 2914
f 3412 2914 3410
f 3410 2914 2923
f 3410 2923 3407
f 3471 3332 3473
f 2996 3464 3262
f 3471 2931 3332
f 3469 3476 3477
f 3014 3411 3431
f 3014 3431 3015
f 3015 3431 3424
f 3015 3424 3429
f 3429 3424 3422
f 3429 3422 3430
f 3430 3422 3423
f 3430 3423 3467
f 3467 3423 3470
f 3467 3470 3466
f 3466 3470 3472
f 3466 3472 3468
f 3468 3472 3474
f 3468 3474 3469
f 3469 3474 3476
f 2929 2931 3471
f 3463 3481 612
f 3482 3481 3463
f 3482 3483 3481
f 1622 3484 3485
f 1622 3485 1608
f 1608 3485 3486
f 1608 3486 1600
f 1600 3486 3487
f 1600 3487 1593
f 1620 3484 1622
f 1593 3487 3488
f 1595 3488 3489
f 1595 3489 1597
f 1597 3489 3490
f 1597 3490 1599
f 1599 3490 3491
f 1599 3491 1602
f 1593 3488 1595
f 3492 1568 1567
f 3492 1569 1568
f 3493 1569 3492
f 3494 3495 3496
f 3494 3496 3497
f 3497 3496 3498
f 3497 3498 3499
f 3499 3498 3500
f 3499 3500 3501
f 3501 3500 3487
f 3501 3487 3502
f 3502 3487 3486
f 3502 3486 3503
f 3503 3486 3485
f 3503 3485 3484
f 3492 1567 3504
f 3504 1567 1566
f 3504 1566 1564
f 1602 3491 3505
f 3506 3495 3494
f 1602 3505 1604
f 1604 3507 1606
f 1603 3508 3509
f 1603 3509 1601
f 1601 3509 3510
f 1601 3510 1598
f 1598 3510 3511
f 1598 3511 1596
f 1605 3508 1603
f 1596 3511 3512
f 1594 3512 3513
f 1594 3513 1592
f 1592 3513 3514
f 1592 3514 1607
f 1607 3514 3515
f 1607 3515 1609
f 1596 3512 1594
f 1605 3516 3508
f 1489 3516 1605
f 1489 3517 3516
f 1606 3507 3518
f 1606 3518 1488
f 1488 3518 3519
f 1488 3519 1485
f 1485 3519 3520
f 1485 3520 1407
f 1407 3520 1635
f 1407 1635 1409
f 2531 2529 3521
f 3521 2529 3522
f 3521 3522 1406
f 1406 3522 3523
f 1406 3523 1487
f 1487 3523 3517
f 1487 3517 1489
f 1604 3505 3507
f 2529 3524 3522
f 3506 3525 3495
f 3526 3527 3525
f 1563 1076 1001
f 1563 1001 1003
f 3504 1564 3528
f 3528 1564 1562
f 3528 1562 3529
f 3529 1562 1561
f 1565 1076 1563
f 3529 1561 3530
f 3530 1560 3531
f 3531 1560 1570
f 3531 1570 3532
f 3532 1570 1571
f 3532 1571 3533
f 3533 1571 1585
f 3530 1561 1560
f 1076 1565 1091
f 1010 2377 2379
f 1010 3534 2377
f 998 1081 1000
f 1000 1081 1083
f 1000 1083 1002
f 999 1001 1076
f 976 3535 974
f 974 3535 3536
f 974 3536 972
f 972 3536 3537
f 972 3537 970
f 970 3537 3538
f 970 3538 992
f 992 3538 3539
f 992 3539 994
f 994 3539 3534
f 994 3534 1010
f 3533 1585 3540
f 3526 3525 3506
f 3540 1585 1583
f 3541 1583 1581
f 3507 3542 3518
f 3518 3542 3543
f 3518 3543 3519
f 3519 3543 3544
f 3519 3544 3520
f 3520 3544 1636
f 3507 3527 3542
f 3520 1636 1635
f 3545 3544 3543
f 3545 3543 3546
f 3546 3543 3542
f 3546 3542 3547
f 3547 3542 3527
f 3547 3527 3526
f 1631 3544 3545
f 3505 3527 3507
f 3505 3525 3527
f 3491 3525 3505
f 3541 1581 3548
f 3548 1581 1579
f 3548 1579 3549
f 3549 1579 3550
f 3549 3550 3551
f 3551 3550 1624
f 3551 1624 1628
f 3487 3500 3488
f 3488 3500 3498
f 3488 3498 3489
f 3489 3498 3496
f 3489 3496 3490
f 3490 3496 3495
f 3490 3495 3491
f 3491 3495 3525
f 3540 1583 3541
f 3522 3524 3552
f 3522 3552 3523
f 3523 3552 3553
f 3554 3555 3556
f 3556 3555 3557
f 3556 3557 3558
f 3558 3557 3559
f 3558 3559 3560
f 3560 3559 3561
f 3554 3562 3555
f 3560 3561 3563
f 3563 3564 3565
f 3565 3564 3566
f 3565 3566 3567
f 3567 3566 3568
f 3567 3568 1619
f 1619 3568 3569
f 3563 3561 3564
f 3570 3562 3554
f 3570 3571 3562
f 3572 3571 3570
f 3573 1590 3493
f 3493 1590 1587
f 3493 1587 1569
f 2529 2527 3574
f 3574 2527 2532
f 3574 2532 3575
f 3575 2532 3576
f 3575 3576 3553
f 3553 3576 3577
f 3553 3577 3578
f 3578 3577 3579
f 3578 3579 3580
f 3580 3579 3581
f 3580 3581 3572
f 3572 3581 3571
f 1619 3569 1617
f 3573 1610 1590
f 1617 3569 3582
f 1628 3545 3551
f 3529 3503 3528
f 3528 3503 3484
f 3528 3484 3504
f 3504 3484 1620
f 3504 1620 3492
f 3492 1620 1618
f 3529 3502 3503
f 3492 1618 3493
f 3493 1616 3573
f 3573 1616 1614
f 3573 1614 1612
f 2781 3583 2778
f 2778 3583 3584
f 2778 3584 2776
f 3493 1618 1616
f 3530 3502 3529
f 3530 3501 3502
f 3531 3501 3530
f 3551 3545 3546
f 3551 3546 3549
f 3549 3546 3547
f 3549 3547 3548
f 3548 3547 3526
f 3548 3526 3541
f 3541 3526 3506
f 3541 3506 3540
f 3540 3506 3494
f 3540 3494 3533
f 3533 3494 3497
f 3533 3497 3532
f 3532 3497 3499
f 3532 3499 3531
f 3531 3499 3501
f 1617 3582 1615
f 1612 1610 3573
f 3585 3586 3587
f 3585 3588 3586
f 3515 3563 3565
f 3515 3565 1609
f 1609 3565 3589
f 1609 3589 1621
f 1621 3589 3567
f 1621 3567 1619
f 3514 3563 3515
f 977 1092 980
f 3590 3380 3591
f 3590 3591 3592
f 3592 3591 3593
f 3592 3593 3594
f 3595 3594 3596
f 3594 3595 3592
f 3378 3380 3590
f 3514 3560 3563
f 3513 3560 3514
f 3513 3558 3560
f 3523 3553 3517
f 3517 3553 3578
f 3517 3578 3516
f 3516 3578 3580
f 3516 3580 3508
f 3508 3580 3572
f 3508 3572 3509
f 3509 3572 3570
f 3509 3570 3510
f 3510 3570 3554
f 3510 3554 3511
f 3511 3554 3556
f 3511 3556 3512
f 3512 3556 3558
f 3512 3558 3513
f 3592 3595 3597
f 3592 3597 3590
f 3590 3597 3598
f 3590 3598 3376
f 3599 3600 3588
f 3588 3600 3601
f 3588 3601 3586
f 3586 3601 979
f 2785 3598 2783
f 2783 3598 3597
f 2783 3597 3583
f 3583 3597 3595
f 3583 3595 3584
f 3584 3595 3596
f 3584 3596 3602
f 3602 3596 3599
f 3602 3599 3603
f 3603 3599 3588
f 3603 3588 3585
f 3599 3604 3600
f 3552 3575 3553
f 3596 3604 3599
f 3594 3605 3596
f 2780 3606 2782
f 2782 3606 3607
f 2784 3607 3608
f 2784 3608 2786
f 2786 3608 3609
f 2786 3609 2805
f 3610 3611 3612
f 3612 3611 3613
f 3612 3613 3614
f 3614 3613 3615
f 3614 3615 3616
f 3616 3615 3617
f 3616 3617 3618
f 3593 3619 3594
f 3594 3619 3605
f 3596 3605 3604
f 3524 3575 3552
f 3524 3574 3575
f 2529 3574 3524
f 3327 2834 3119
f 3328 2834 3327
f 3117 3119 2834
f 3138 3190 2894
f 2834 3175 3173
f 3171 2834 3173
f 3117 2834 3115
f 2894 3190 2846
f 3178 3187 2797
f 628 3620 626
f 3621 2561 2563
f 3622 3623 3624
f 603 601 688
f 3625 3626 3627
f 2795 2793 3183
f 3215 3238 3168
f 3211 3209 3214
f 3212 3219 3210
f 2368 2366 3298
f 2916 3324 2919
f 3409 3431 3411
f 3429 3016 3015
f 1072 1070 3095
f 2842 2840 2971
f 2971 2840 2973
f 2942 2836 2835
f 2901 2881 3420
f 2907 2999 2909
f 2903 3007 2905
f 2904 3020 2902
f 3108 3017 3020
f 3026 3025 3203
f 3213 3219 3212
f 3628 3629 3630
f 3366 3401 3367
f 3631 3632 3633
f 3179 3187 3176
f 1824 1718 227
f 1716 1714 227
f 227 1714 1713
f 1646 1664 227
f 454 1869 455
f 2131 2100 3634
f 227 1720 1717
f 3634 2100 2099
f 3635 2762 2751
f 3635 2751 2119
f 2742 2720 3636
f 3636 2720 2722
f 1855 1918 2588
f 2588 1918 1895
f 2744 2762 3635
f 1720 227 1718
f 227 1743 1745
f 1770 1743 227
f 3637 2789 2779
f 3616 2834 3614
f 3618 2834 3616
f 3612 3614 2834
f 3638 3639 3640
f 3583 2781 2783
f 3376 3378 3590
f 3380 3382 3591
f 3567 3589 3565
f 979 3601 976
f 1628 1631 3545
f 1078 3641 1079
f 2176 2174 3642
f 2142 227 3643
f 1785 1796 227
f 832 834 3644
f 3645 3646 3647
f 3648 3649 3650
f 3651 3652 3653
f 1458 240 241
f 1367 1389 1368
f 1368 1389 1388
f 1543 1542 1632
f 1632 1542 1540
f 1025 1023 1343
f 239 240 1458
f 985 983 1014
f 1099 1095 1094
f 919 1148 917
f 958 953 952
f 1332 1341 907
f 1149 1118 1140
f 1119 1160 1142
f 1075 2375 1004
f 1436 1455 1434
f 1455 1436 1438
f 246 245 841
f 2937 2936 2332
f 509 492 491
f 574 539 538
f 833 809 828
f 828 809 811
f 487 771 471
f 478 826 488
f 782 737 746
f 763 734 736
f 719 733 777
f 180 178 202
f 168 161 160
f 575 123 122
f 451 303 302
f 237 238 781
f 468 378 380
f 131 466 77
f 130 622 132
f 951 950 1382
f 3654 3655 3656
f 1222 3657 1220
f 2582 3658 2581
f 3659 3660 3661
f 80 125 2580
f 2525 3662 2523
f 3663 3664 3665
f 3666 3667 3668
f 1170 3669 1168
f 3670 3671 3672
f 3673 3674 3675
f 3676 3677 3678
f 3679 3680 3681
f 3682 3683 3684
f 3685 397 399
f 3686 2392 2394
f 381 379 453
f 3687 3688 3689
f 3690 3691 3692
f 1375 1378 3693
f 3693 1378 1380
f 3694 227 3695
f 3696 227 3697
f 227 3696 3698
f 3694 3697 227
f 1253 1320 1269
f 895 1159 892
f 3699 1302 1303
f 3700 3701 3702
f 3703 3704 3705
f 3706 3707 3708
f 3709 3710 3711
f 3712 3713 3714
f 1251 1267 3715
f 3716 227 3717
f 2776 3584 3602
f 376 378 1943
f 1943 468 467
f 2369 3718 3719
f 2369 3719 2349
f 2349 3719 3720
f 2349 3720 2347
f 2347 3720 3721
f 2347 3721 2345
f 2372 3718 2369
f 2345 3721 3722
f 2343 3722 3723
f 2343 3723 2340
f 1576 3724 1574
f 1574 3724 3641
f 1574 3641 1572
f 1572 3641 1078
f 2345 3722 2343
f 2372 3534 3718
f 2377 3534 2372
f 3539 3718 3534
f 3719 3725 3726
f 3719 3726 3720
f 3720 3726 3727
f 3720 3727 3721
f 3721 3727 3728
f 3721 3728 3722
f 3722 3728 3723
f 3535 3729 3536
f 3536 3729 3730
f 3536 3730 3537
f 3537 3730 3731
f 3537 3731 3538
f 3538 3731 3725
f 3538 3725 3539
f 3539 3725 3718
f 1572 1078 1077
f 3718 3725 3719
f 3724 3732 3641
f 3641 3733 1079
f 1626 1575 1627
f 1627 1575 1573
f 1627 1573 1629
f 1629 1573 1588
f 1629 1588 1630
f 1630 1588 1623
f 1626 1577 1575
f 1631 1636 3544
f 3734 1634 2531
f 3734 2531 3521
f 1408 1410 1633
f 1633 3734 1408
f 1408 3734 3521
f 1408 3521 1406
f 1633 1634 3734
f 3735 1577 1626
f 3735 1579 1577
f 3550 1579 3735
f 1079 3733 3736
f 1079 3736 1080
f 1082 1080 1586
f 1586 1080 3736
f 1586 3736 1584
f 1584 3736 3733
f 1584 3733 1582
f 1582 3733 3732
f 1582 3732 1580
f 1580 3732 3724
f 1580 3724 1578
f 1578 3724 1576
f 1624 3550 1625
f 1625 3550 3735
f 1625 3735 1626
f 3641 3732 3733
f 3731 3726 3725
f 3731 3737 3726
f 3730 3737 3731
f 1783 1785 227
f 2142 1783 227
f 2153 2151 3738
f 2151 2149 3738
f 3738 2149 2147
f 3738 2147 3739
f 1763 1770 227
f 3739 2147 2145
f 2174 2172 3740
f 3740 2172 2155
f 2176 3642 2178
f 3741 2182 2180
f 3742 3743 2168
f 2168 2170 3742
f 3739 2145 2143
f 1796 1645 227
f 1645 1644 227
f 227 1644 1763
f 1690 1689 131
f 131 1689 1725
f 131 1725 466
f 466 1725 464
f 227 1664 225
f 1663 1740 3744
f 3744 1740 1739
f 3744 1739 1721
f 227 1817 1647
f 1959 1817 227
f 1810 1959 227
f 1647 1646 227
f 1713 1810 227
f 1717 1716 227
f 1745 1824 227
f 3742 2170 2182
f 3742 2182 3745
f 3745 2182 3741
f 3745 3741 3746
f 3634 2108 2109
f 3634 2109 3747
f 2109 2116 3747
f 3747 2116 2115
f 3747 2115 3748
f 3748 2115 2114
f 3748 2114 2113
f 1006 1008 1062
f 1062 1008 1010
f 1062 1010 2379
f 3749 3728 3737
f 3737 3728 3727
f 3737 3727 3726
f 3729 3749 3730
f 3730 3749 3737
f 2099 2108 3634
f 1943 378 468
f 3750 2112 3751
f 3748 2113 3750
f 2162 2160 3752
f 3752 2160 2158
f 3752 2158 3743
f 3743 2158 2157
f 3743 2157 2168
f 3753 2166 3754
f 3754 2166 2165
f 2165 2164 3754
f 3754 2164 2163
f 3754 2163 3755
f 2110 3756 2111
f 2111 3756 2112
f 2110 2118 3756
f 3756 2118 2140
f 3756 2140 3757
f 3750 2113 2112
f 3346 3364 3348
f 2776 3602 2774
f 2774 3603 2771
f 3758 3759 3760
f 3758 3760 3761
f 3761 3760 3762
f 3761 3762 3763
f 3763 3762 3764
f 3763 3764 3765
f 3766 3759 3758
f 3765 3764 3767
f 3768 3767 3769
f 3768 3769 3483
f 3483 3769 3770
f 3483 3770 3481
f 3481 3770 610
f 3481 610 612
f 3765 3767 3768
f 3766 3771 3759
f 3628 3771 3766
f 3628 3772 3771
f 3623 3773 3774
f 3623 3774 3624
f 3624 3774 3775
f 3624 3775 3776
f 3776 3775 585
f 3776 585 588
f 792 794 3632
f 3632 794 3777
f 3632 3777 3633
f 3633 3777 3778
f 3633 3778 3779
f 3779 3778 3780
f 3779 3780 3630
f 3630 3780 3772
f 3630 3772 3628
f 2536 3781 2551
f 3764 3773 3623
f 2551 3781 3782
f 2553 3782 3783
f 3784 3785 3786
f 3784 3786 3787
f 3787 3786 2566
f 3787 2566 3788
f 3788 2566 2564
f 3788 2564 3789
f 3790 3785 3784
f 3789 2564 2562
f 3791 2562 2560
f 3791 2560 3792
f 3793 3794 3795
f 3795 3794 3796
f 3795 3796 3797
f 3797 3796 3798
f 3789 2562 3791
f 3790 3799 3785
f 3800 3799 3790
f 3800 3801 3799
f 2553 3783 2569
f 2569 3783 3798
f 2569 3798 2567
f 2567 3798 3796
f 2567 3796 2565
f 2565 3796 3794
f 2548 2546 3802
f 3802 2546 3803
f 3802 3803 3804
f 3804 3803 3805
f 3804 3805 3806
f 3806 3805 3807
f 3806 3807 3808
f 3808 3807 3801
f 3808 3801 3800
f 2551 3782 2553
f 3797 3798 3809
f 3775 583 585
f 3774 581 3775
f 3760 3810 3811
f 3760 3811 3762
f 605 603 3160
f 597 607 3167
f 3232 3243 3231
f 3231 3243 3812
f 3759 3810 3760
f 3231 3812 3229
f 3229 3813 3228
f 3228 3813 3227
f 597 3227 595
f 595 3227 3813
f 595 3813 579
f 579 3813 3812
f 3229 3812 3813
f 3759 3814 3810
f 3771 3814 3759
f 3771 3815 3814
f 3816 3817 3818
f 3816 3818 3819
f 3820 3821 3822
f 3822 3821 3816
f 3822 3816 3823
f 3823 3816 3819
f 794 796 3777
f 3777 796 3824
f 3777 3824 3778
f 3778 3824 3825
f 3778 3825 3780
f 3780 3825 3826
f 3780 3826 3772
f 3772 3826 3815
f 3772 3815 3771
f 579 3812 580
f 3775 581 583
f 580 3812 3243
f 3764 3762 3773
f 3827 3622 3828
f 3828 3622 3624
f 3828 3624 3776
f 610 3770 594
f 594 3770 3827
f 594 3827 592
f 3827 3769 3622
f 592 3827 3828
f 590 3828 3776
f 590 3776 588
f 3762 3811 3773
f 3773 3811 578
f 3773 578 3774
f 3774 578 581
f 592 3828 590
f 3770 3769 3827
f 3767 3622 3769
f 3767 3623 3622
f 796 600 3824
f 3824 600 602
f 3824 602 3825
f 3825 602 604
f 3825 604 3826
f 3826 604 606
f 3826 606 3815
f 3815 606 608
f 3815 608 3814
f 3814 608 596
f 3814 596 3810
f 3810 596 586
f 3810 586 3811
f 3811 586 578
f 3764 3623 3767
f 580 3243 582
f 3809 3798 3783
f 3809 3783 3829
f 3829 3783 3782
f 3830 3820 3822
f 3830 3822 3831
f 3831 3822 3823
f 3831 3823 3832
f 3832 3823 3819
f 3832 3819 3833
f 3834 3820 3830
f 3833 3819 3818
f 3835 3818 3836
f 3835 3836 3837
f 3837 3836 3838
f 3837 3838 3625
f 3625 3838 3839
f 3625 3839 3626
f 3833 3818 3835
f 3834 3840 3820
f 3841 3840 3834
f 3841 3842 3840
f 3843 3844 3845
f 3843 3845 3846
f 3846 3845 3847
f 3846 3847 3848
f 3848 3847 3849
f 3848 3849 3817
f 3817 3849 3836
f 3817 3836 3818
f 626 3620 3463
f 3463 3620 3850
f 3463 3850 3482
f 3482 3850 3851
f 3482 3851 3852
f 3852 3851 3842
f 3852 3842 3841
f 3626 3839 2539
f 3853 3844 3843
f 3626 2539 2541
f 3644 835 3854
f 3833 3855 3766
f 3833 3766 3832
f 3832 3766 3758
f 3832 3758 3831
f 3831 3758 3761
f 3831 3761 3830
f 3835 3855 3833
f 3830 3761 3763
f 3834 3763 3765
f 3834 3765 3841
f 3841 3765 3768
f 3841 3768 3852
f 3852 3768 3483
f 3852 3483 3482
f 3830 3763 3834
f 3835 3856 3855
f 3837 3856 3835
f 3837 3857 3856
f 3644 3854 3858
f 3858 3854 3859
f 3858 3859 3860
f 3860 3859 3861
f 3860 3861 3862
f 3862 3861 3863
f 3862 3863 3864
f 3864 3863 3865
f 3864 3865 3866
f 3866 3865 3867
f 3866 3867 3868
f 3868 3867 3869
f 3868 3869 3870
f 3870 3869 3857
f 3870 3857 3837
f 834 835 3644
f 3853 3871 3844
f 3872 3871 3853
f 3872 3873 3871
f 3874 3875 3876
f 3876 3875 3877
f 3876 3877 3878
f 3878 3877 3879
f 3878 3879 3872
f 2804 1613 2802
f 3795 3880 3793
f 2802 1613 1615
f 2800 1615 3582
f 2800 3582 2798
f 2798 3582 3881
f 2798 3881 2796
f 2796 3881 3792
f 2796 3792 2794
f 2802 1615 2800
f 3795 3882 3880
f 3797 3882 3795
f 3797 3883 3882
f 3829 3782 3884
f 3884 3782 3781
f 3884 3781 3885
f 3885 3781 2536
f 3885 2536 3886
f 3886 2536 3839
f 3886 3839 3838
f 3882 3883 3873
f 3873 3883 3887
f 3873 3887 3871
f 3844 3871 3829
f 3829 3871 3887
f 3829 3887 3809
f 3809 3887 3883
f 3809 3883 3797
f 2794 3792 2560
f 2794 2560 2559
f 2559 2561 2791
f 2791 2561 3621
f 3840 3853 3843
f 3840 3843 3820
f 3820 3843 3846
f 3820 3846 3821
f 3821 3846 3848
f 3821 3848 3817
f 628 630 3874
f 3874 630 3888
f 3874 3888 3875
f 3875 3888 3880
f 3875 3880 3877
f 3877 3880 3882
f 3877 3882 3879
f 3879 3882 3873
f 3879 3873 3872
f 3842 3853 3840
f 3821 3817 3816
f 3842 3872 3853
f 3851 3878 3872
f 2791 3621 2845
f 630 632 3888
f 3888 632 2847
f 3888 2847 3880
f 3880 2847 2845
f 3880 2845 3793
f 3793 2845 3621
f 3793 3621 3794
f 3794 3621 2563
f 3794 2563 2565
f 628 3874 3620
f 3620 3874 3876
f 3620 3876 3850
f 3850 3876 3878
f 3850 3878 3851
f 3851 3872 3842
f 3884 3844 3829
f 3884 3845 3844
f 3885 3845 3884
f 3889 2533 3890
f 3890 2533 2526
f 3890 2526 3891
f 3891 2526 2528
f 3891 2528 2530
f 830 832 3891
f 3889 2535 2533
f 3891 832 3644
f 3890 3644 3858
f 3890 3858 3889
f 3889 3858 3860
f 3889 3860 3892
f 3892 3860 3862
f 3892 3862 3893
f 3891 3644 3890
f 3892 2535 3889
f 3892 2549 2535
f 3893 2549 3892
f 3894 3895 3896
f 3894 3896 3897
f 839 804 3898
f 3898 804 3899
f 3898 3899 3900
f 3900 3899 3901
f 3900 3901 3902
f 3902 3901 3894
f 3902 3894 3903
f 3903 3894 3897
f 3903 3897 3904
f 3905 2545 3906
f 3906 2545 2547
f 3906 2547 3893
f 3893 2547 2549
f 3893 3862 3864
f 3901 3895 3894
f 3893 3864 3906
f 3906 3866 3905
f 3897 3779 3630
f 3897 3630 3904
f 3904 3630 3629
f 3904 3629 3907
f 836 837 3908
f 3908 837 3909
f 3896 3779 3897
f 3908 3909 3910
f 3910 3911 3912
f 3912 3911 3913
f 3912 3913 3914
f 3914 3913 3915
f 3914 3915 3916
f 3916 3915 3917
f 3910 3909 3911
f 3896 3633 3779
f 3918 3633 3896
f 3918 3631 3633
f 3905 3866 3868
f 837 839 3909
f 3909 839 3898
f 3909 3898 3911
f 3911 3898 3900
f 3911 3900 3913
f 3913 3900 3902
f 3913 3902 3915
f 3915 3902 3903
f 3915 3903 3917
f 3917 3903 3904
f 3917 3904 3907
f 786 788 3919
f 3919 788 3631
f 3919 3631 3918
f 3906 3864 3866
f 3901 3920 3895
f 3899 3920 3901
f 3899 802 3920
f 3921 2773 3922
f 3922 2773 3923
f 3922 3923 3924
f 3639 3925 3640
f 3640 3925 3926
f 3640 3926 3927
f 3921 2775 2773
f 3927 3926 3928
f 3638 3640 3929
f 3929 3640 3927
f 3929 3927 3930
f 3930 3927 3931
f 3930 3931 3932
f 3925 3933 3926
f 3927 3928 3931
f 2777 2775 3921
f 3934 3922 3924
f 3934 3921 3922
f 2771 3603 3585
f 2771 3585 2779
f 2779 3585 3587
f 2779 3587 3637
f 2804 2789 1613
f 1613 2789 3637
f 1613 3637 1611
f 1611 3637 3587
f 1611 3587 1591
f 1591 3587 3586
f 1591 3586 1589
f 1589 3586 979
f 1589 979 981
f 2780 2777 3921
f 3933 3921 3934
f 3926 3933 3934
f 3926 3934 3928
f 3928 3934 3924
f 3928 3924 3931
f 3935 3188 3936
f 3936 3188 2834
f 3891 2530 830
f 784 786 3937
f 3937 786 3919
f 3937 3919 3918
f 792 3632 790
f 790 3632 3631
f 790 3631 788
f 802 784 3920
f 3920 784 3937
f 3920 3937 3895
f 3895 3937 3918
f 3895 3918 3896
f 804 802 3899
f 3935 3182 3188
f 3916 3917 3938
f 3939 3182 3935
f 2790 3181 3939
f 3931 3924 3940
f 3931 3940 3932
f 3932 3940 3941
f 3932 3941 2834
f 2772 2788 3942
f 2797 3187 2799
f 2799 3187 3179
f 2799 3179 2801
f 2834 3943 3936
f 3936 3943 3944
f 3936 3944 3935
f 3935 3944 3942
f 3935 3942 3939
f 3939 3942 2788
f 3939 2788 2790
f 3939 3181 3182
f 2774 3602 3603
f 3938 3917 3907
f 3945 3907 3629
f 3569 3946 3881
f 3569 3881 3582
f 2550 2548 3947
f 3947 2548 3802
f 3947 3802 3948
f 3948 3802 3804
f 3568 3946 3569
f 3948 3804 3949
f 3949 3806 3950
f 3950 3806 3808
f 3950 3808 3951
f 3951 3808 3800
f 3951 3800 3952
f 3952 3800 3790
f 3949 3804 3806
f 3568 3953 3946
f 3566 3953 3568
f 3566 3954 3953
f 3581 3955 3571
f 3571 3955 3956
f 3571 3956 3562
f 3562 3956 3957
f 3562 3957 3555
f 3555 3957 3958
f 3555 3958 3557
f 3557 3958 3959
f 3557 3959 3559
f 3559 3959 3960
f 3559 3960 3561
f 3561 3960 3961
f 3561 3961 3564
f 3564 3961 3954
f 3564 3954 3566
f 3952 3790 3962
f 3581 3963 3955
f 3962 3790 3784
f 3964 3784 3787
f 3960 3964 3965
f 3960 3965 3961
f 3961 3965 3788
f 3961 3788 3954
f 3954 3788 3789
f 3954 3789 3953
f 3959 3964 3960
f 3953 3789 3791
f 3946 3791 3792
f 3946 3792 3881
f 3838 3849 3886
f 3886 3849 3847
f 3886 3847 3885
f 3885 3847 3845
f 3953 3791 3946
f 3959 3962 3964
f 3958 3962 3959
f 3958 3952 3962
f 3964 3787 3965
f 3965 3787 3788
f 2534 2550 3966
f 3966 2550 3947
f 3966 3947 3967
f 3967 3947 3948
f 3967 3948 3963
f 3963 3948 3949
f 3963 3949 3955
f 3955 3949 3950
f 3955 3950 3956
f 3956 3950 3951
f 3956 3951 3957
f 3957 3951 3952
f 3957 3952 3958
f 3962 3784 3964
f 3579 3963 3581
f 3579 3967 3963
f 3577 3967 3579
f 3857 3945 3968
f 3857 3968 3856
f 3856 3968 3855
f 3627 3626 3969
f 3969 3626 2541
f 3969 2541 2543
f 3869 3945 3857
f 2544 2542 3970
f 3970 3971 3972
f 3972 3971 3973
f 3972 3973 3974
f 3974 3973 3975
f 2542 2540 3971
f 3971 2540 3976
f 3970 2542 3971
f 3869 3938 3945
f 3867 3938 3869
f 3867 3916 3938
f 3945 3629 3968
f 3968 3629 3628
f 3968 3628 3855
f 3855 3628 3766
f 835 836 3854
f 3854 836 3908
f 3854 3908 3859
f 3859 3908 3910
f 3859 3910 3861
f 3861 3910 3912
f 3861 3912 3863
f 3863 3912 3914
f 3863 3914 3865
f 3865 3914 3916
f 3865 3916 3867
f 3971 3976 3973
f 3973 3976 3977
f 3973 3977 3975
f 3837 3625 3870
f 3785 3978 3786
f 2566 3786 2568
f 2568 3786 3978
f 2568 3978 2554
f 2554 3978 3975
f 2554 3975 2552
f 2552 3975 3977
f 2552 3977 2537
f 2537 3977 3976
f 2537 3976 2538
f 2538 3976 2540
f 2532 2534 3576
f 3576 2534 3966
f 3576 3966 3577
f 3577 3966 3967
f 3799 3978 3785
f 3938 3907 3945
f 3799 3975 3978
f 3801 3974 3975
f 3870 3625 3627
f 3870 3627 3868
f 3868 3627 3969
f 3868 3969 3905
f 3905 3969 2543
f 3905 2543 2545
f 2539 3839 2536
f 3838 3836 3849
f 2546 2544 3803
f 3803 2544 3970
f 3803 3970 3805
f 3805 3970 3972
f 3805 3972 3807
f 3807 3972 3974
f 3807 3974 3801
f 3801 3975 3799
f 3348 3364 2834
f 2782 3607 2784
f 3979 3980 3981
f 2864 3982 2849
f 2849 3982 3983
f 2849 3983 2850
f 2850 3983 3984
f 2850 3984 2852
f 2852 3984 3985
f 2864 3986 3982
f 2852 3985 2854
f 1137 1136 1154
f 1280 1143 3987
f 3987 1143 1145
f 3987 1145 3988
f 3988 1145 1153
f 3988 1153 3989
f 2854 3985 3990
f 2866 3986 2864
f 3991 2853 2855
f 3991 2851 2853
f 3702 3992 3993
f 3702 3993 3700
f 3700 3993 1281
f 3994 3995 3996
f 3996 3995 3991
f 3996 3991 3997
f 3997 3991 2855
f 3997 2855 2857
f 1071 2865 3107
f 3107 2865 2856
f 3107 2856 3994
f 3994 2856 2848
f 3994 2848 3995
f 3995 2848 2851
f 3995 2851 3991
f 3989 1153 1155
f 3998 3992 3702
f 3989 1155 3999
f 3999 1156 4000
f 4001 3106 4002
f 4002 3106 3105
f 4002 3105 4003
f 4003 3105 3104
f 4003 3104 4004
f 4004 3104 3103
f 4001 3091 3106
f 4004 3103 4005
f 4005 902 900
f 1282 1280 2859
f 2859 1280 3987
f 2859 3987 4006
f 4006 3987 3988
f 4006 3988 4007
f 4005 3103 902
f 4008 3091 4001
f 4008 3092 3091
f 4009 3092 4008
f 4000 1156 1157
f 4000 1157 1158
f 968 2858 921
f 2368 3298 3277
f 3277 3298 3297
f 3277 3297 4010
f 4010 3297 3276
f 4010 3276 4011
f 4011 3276 3275
f 4011 3275 4012
f 4012 3275 3257
f 4012 3257 4013
f 4013 3257 3098
f 4013 3098 4009
f 4009 3098 3092
f 3999 1155 1156
f 4007 3988 3989
f 3998 3712 3992
f 4014 3713 3712
f 4015 4016 4017
f 4017 4016 4018
f 4017 4018 4019
f 4020 3704 4021
f 4021 3704 3703
f 4021 3703 4016
f 4016 4015 4021
f 4016 3703 4022
f 3990 4023 4024
f 4024 4023 4025
f 4024 4025 4026
f 4027 3705 4028
f 4028 3705 3704
f 4028 3704 4025
f 4016 4022 4018
f 4029 4030 4031
f 4029 4032 4030
f 4033 4032 4029
f 3709 3711 4034
f 4034 3711 4035
f 4034 4035 4036
f 2402 3710 2404
f 2404 3710 3709
f 2404 3709 3707
f 3707 3709 4034
f 3707 4034 3708
f 3708 4034 4036
f 3702 3701 4037
f 4037 3701 4038
f 4037 4038 4039
f 4039 4038 4040
f 4039 4040 4033
f 4033 4040 4032
f 4025 3704 4020
f 4014 3712 3998
f 4025 4020 4026
f 4023 3985 3984
f 4041 3710 2402
f 4041 2402 4042
f 4042 2402 2400
f 4042 2400 4043
f 4043 2400 2397
f 4043 2397 4044
f 4045 3710 4041
f 4044 2397 2395
f 4046 2395 4047
f 4046 4047 4048
f 4048 4047 4049
f 4048 4049 4050
f 4050 4049 3713
f 4050 3713 4014
f 4044 2395 4046
f 4045 3711 3710
f 4031 3711 4045
f 4031 4035 3711
f 4023 3984 4025
f 4025 3984 3983
f 4025 3983 4028
f 4028 3983 3982
f 4028 3982 4027
f 4027 3982 3986
f 2427 2425 4051
f 4051 2425 3706
f 4051 3706 4052
f 4052 3706 3708
f 4052 3708 4053
f 4053 3708 4036
f 4053 4036 4030
f 4030 4036 4035
f 4030 4035 4031
f 3990 3985 4023
f 4007 3989 4054
f 4054 3989 3999
f 4054 3999 4055
f 4056 897 4055
f 4055 897 899
f 4055 899 4054
f 4054 899 901
f 4054 901 4007
f 4007 901 921
f 4056 895 897
f 4007 921 4006
f 4006 2858 2859
f 4057 898 4058
f 4058 898 896
f 4058 896 893
f 2352 4059 4060
f 4060 4059 4061
f 4006 921 2858
f 1159 895 4056
f 1162 1333 1161
f 1210 1333 1162
f 1208 4062 4063
f 1208 4063 1209
f 1209 4063 4064
f 1209 4064 1210
f 1160 1119 1163
f 1163 1119 1117
f 1163 1117 1115
f 1241 1251 4065
f 4065 1251 3715
f 4065 3715 4066
f 4066 3715 3699
f 4066 3699 4064
f 4064 3699 1303
f 4064 1303 1210
f 1210 1303 1333
f 4060 4061 4067
f 1207 4062 1208
f 4067 4061 4068
f 4069 4068 4070
f 4071 893 891
f 4072 4073 4074
f 4074 4073 4075
f 4074 4075 4076
f 4076 4075 4077
f 4076 4077 4078
f 4071 4058 893
f 4078 4077 4079
f 4080 4079 4081
f 4080 4081 4082
f 4082 4081 4083
f 4082 4083 4084
f 4084 4083 4085
f 4084 4085 4086
f 4078 4079 4080
f 4087 4058 4071
f 4087 4057 4058
f 4088 4057 4087
f 4069 4070 4089
f 4089 4070 4090
f 4089 4090 4091
f 4091 4090 4092
f 4091 4092 4093
f 4093 4092 4094
f 4093 4094 4095
f 4095 4094 4096
f 4095 4096 4097
f 4097 4096 4098
f 4097 4098 4099
f 4099 4098 4100
f 4099 4100 4101
f 4101 4100 4088
f 4101 4088 4087
f 4067 4068 4069
f 1207 4102 4062
f 1206 4102 1207
f 1206 4103 4102
f 4104 4105 4106
f 4106 4105 4107
f 4106 4107 4108
f 4108 4107 4109
f 4108 4109 4103
f 4103 4109 4110
f 4104 4111 4105
f 4103 4110 4102
f 4112 1298 4113
f 4112 4113 4114
f 4114 4113 4115
f 4114 4115 4116
f 4116 4115 4117
f 4116 4117 4118
f 1300 1298 4112
f 4119 4111 4104
f 4119 4120 4111
f 4121 4120 4119
f 4055 3999 4000
f 4055 4000 4056
f 4056 4000 1158
f 4056 1158 1159
f 1069 3107 1067
f 1067 3107 3994
f 1067 3994 1065
f 1065 3994 3996
f 1065 3996 1063
f 1063 3996 3997
f 1063 3997 968
f 968 3997 2857
f 968 2857 2858
f 1286 1288 4121
f 4121 1288 4120
f 4118 4117 4122
f 4118 4122 4123
f 4123 4122 4124
f 4123 4124 4110
f 1205 4125 4126
f 1205 4126 1206
f 1274 1286 4127
f 4127 1286 4121
f 4127 4121 4128
f 4128 4121 4119
f 4128 4119 4129
f 4129 4119 4104
f 4129 4104 4130
f 4130 4104 4106
f 4130 4106 4125
f 4125 4106 4108
f 4125 4108 4126
f 4126 4108 4103
f 4126 4103 1206
f 1204 4125 1205
f 4131 4045 4041
f 1204 4130 4125
f 1203 4129 4130
f 4110 4124 4132
f 4110 4132 4102
f 4102 4132 4133
f 4102 4133 4062
f 4062 4133 4134
f 4062 4134 4063
f 4063 4134 4066
f 4063 4066 4064
f 1275 1274 1228
f 1228 1274 4127
f 1228 4127 1213
f 1213 4127 4128
f 1213 4128 1212
f 1212 4128 4129
f 1212 4129 1203
f 1203 4130 1204
f 4131 4031 4045
f 4046 4031 4131
f 4046 4029 4031
f 1297 4135 1295
f 1295 4135 4136
f 1295 4136 1293
f 1293 4136 4137
f 1293 4137 1291
f 1291 4137 4138
f 1297 4139 4135
f 1291 4138 1289
f 1289 4140 1271
f 1271 4140 4141
f 1271 4141 1268
f 1268 4141 4142
f 1268 4142 1248
f 1248 4142 4143
f 1289 4138 4140
f 1299 4139 1297
f 1299 4144 4139
f 1301 4144 1299
f 4143 4145 4146
f 4143 4146 4147
f 4147 4146 4148
f 4147 4148 4149
f 4149 4148 4150
f 4149 4150 4151
f 4151 4150 4152
f 4151 4152 4153
f 4153 4152 227
f 1273 4154 1279
f 1279 4154 4155
f 1279 4155 1287
f 1287 4155 4156
f 1287 4156 1301
f 1301 4156 4144
f 1248 4143 1246
f 4142 4145 4143
f 1246 4143 4147
f 4157 4147 4149
f 1294 4158 1296
f 1296 4158 4113
f 1296 4113 1298
f 1245 1243 4159
f 4159 1243 4160
f 4159 4160 4161
f 1294 4162 4158
f 4161 4160 4163
f 4164 4163 4165
f 4164 4165 4166
f 4166 4165 4167
f 4166 4167 4168
f 4168 4167 4169
f 4168 4169 4170
f 4161 4163 4164
f 1292 4162 1294
f 1292 4170 4162
f 1290 4170 1292
f 4157 4149 4171
f 4171 4149 4172
f 4171 4172 4173
f 4173 4172 4174
f 4173 4174 4175
f 4175 4174 4176
f 4175 4176 4177
f 4159 4161 1249
f 1249 4161 4164
f 1249 4164 1270
f 1270 4164 4166
f 1270 4166 1272
f 1272 4166 4168
f 1272 4168 1290
f 1290 4168 4170
f 1246 4147 4157
f 4142 4178 4145
f 4141 4178 4142
f 4141 4179 4178
f 4180 4181 4182
f 4180 4182 4183
f 4183 4182 4184
f 4183 4184 4185
f 2180 2178 3741
f 3741 2178 3642
f 4186 4181 4180
f 3741 3642 3746
f 3746 4187 4188
f 4188 4187 3650
f 4188 3650 4189
f 4189 3650 3649
f 4189 3649 4190
f 4190 3649 4191
f 3746 3642 4187
f 4186 1202 4181
f 4192 1202 4186
f 4192 1215 1202
f 4193 4194 4195
f 4195 4194 4196
f 4195 4196 4179
f 4179 4196 4197
f 4179 4197 4178
f 4178 4197 4198
f 4178 4198 4145
f 4145 4198 4199
f 4145 4199 4146
f 4146 4199 4148
f 2422 1219 4200
f 4200 1219 1217
f 4200 1217 4201
f 4201 1217 1215
f 4201 1215 4192
f 4190 4191 4202
f 4202 4191 4203
f 4202 4203 4204
f 4204 4203 4205
f 4156 4206 4144
f 4144 4206 4207
f 4144 4207 4139
f 4139 4207 4208
f 4139 4208 4135
f 4135 4208 4209
f 4135 4209 4136
f 4136 4209 4210
f 4136 4210 4137
f 4137 4210 4193
f 4137 4193 4138
f 4138 4193 4195
f 4138 4195 4140
f 4140 4195 4179
f 4140 4179 4141
f 4156 4211 4206
f 4170 4169 4212
f 4155 4211 4156
f 4154 4213 4155
f 4204 4205 4214
f 4214 4205 4215
f 4214 4215 4216
f 4216 4215 4217
f 4216 4217 4218
f 4218 4217 4219
f 4218 4219 4220
f 4220 4219 4221
f 4220 4221 4222
f 4222 4221 4223
f 4222 4223 4224
f 4224 4223 4225
f 4224 4225 4226
f 4226 4225 4211
f 4226 4211 4213
f 4155 4213 4211
f 4086 4085 4227
f 4170 4212 4162
f 4162 4228 4158
f 4229 4224 4226
f 4229 4226 4230
f 4230 4226 4213
f 4230 4213 4231
f 4231 4213 4154
f 4231 4154 4232
f 4233 4224 4229
f 4232 4154 1273
f 1202 4234 4181
f 4181 4234 4235
f 4181 4235 4182
f 4182 4235 4236
f 4182 4236 4184
f 4184 4236 4237
f 4232 1273 1276
f 4233 4222 4224
f 4238 4222 4233
f 4238 4220 4222
f 4239 4189 4240
f 4240 4189 4190
f 4240 4190 4241
f 4241 4190 4202
f 4241 4202 4242
f 4242 4202 4204
f 4242 4204 4243
f 4243 4204 4214
f 4243 4214 4244
f 4244 4214 4216
f 4244 4216 4245
f 4245 4216 4218
f 4245 4218 4246
f 4246 4218 4220
f 4246 4220 4238
f 4184 4237 4185
f 4239 4188 4189
f 4185 4237 4247
f 4248 4247 4249
f 3712 4248 4250
f 3712 4250 3992
f 3992 4250 4251
f 3992 4251 3993
f 3993 4251 1278
f 3993 1278 1281
f 3714 4248 3712
f 3702 4037 3998
f 4014 4037 4039
f 4014 4039 4050
f 4050 4039 4033
f 4050 4033 4048
f 4048 4033 4029
f 4048 4029 4046
f 3998 4037 4014
f 3714 4185 4248
f 4252 4185 3714
f 4252 4183 4185
f 4248 4249 4250
f 4250 4249 4253
f 4250 4253 4251
f 4251 4253 1277
f 4251 1277 1278
f 1144 1275 1152
f 1152 1275 1228
f 1152 1228 1154
f 2391 4254 2393
f 2393 4254 4186
f 2393 4186 4255
f 4255 4186 4180
f 4255 4180 4256
f 4256 4180 4183
f 4256 4183 4252
f 4185 4247 4248
f 4257 4188 4239
f 4257 4258 4188
f 4259 4258 4257
f 4160 1240 4260
f 4160 4260 4163
f 4163 4260 4261
f 4163 4261 4165
f 4165 4261 4262
f 4165 4262 4167
f 1243 1240 4160
f 4167 4262 4263
f 4169 4263 4264
f 4169 4264 4212
f 4212 4264 4265
f 4212 4265 4228
f 4228 4265 4117
f 4228 4117 4115
f 4167 4263 4169
f 4266 1236 1234
f 4266 4267 1236
f 4132 4267 4266
f 4158 4228 4115
f 4158 4115 4113
f 4265 4264 4268
f 4268 4264 4269
f 4268 4269 4270
f 4270 4269 4271
f 4270 4271 4267
f 4267 4271 1238
f 4267 1238 1236
f 4117 4265 4122
f 4122 4265 4268
f 4122 4268 4124
f 4124 4268 4270
f 4124 4270 4132
f 4132 4270 4267
f 1288 1300 4120
f 4120 1300 4112
f 4120 4112 4111
f 4111 4112 4114
f 4042 4131 4041
f 2112 3756 3751
f 3751 3756 3757
f 3751 3757 4272
f 4272 3757 4273
f 4272 4273 4274
f 4274 4273 4275
f 4274 4275 4276
f 4276 4275 4277
f 4276 4277 4278
f 4278 4277 4279
f 4278 4279 4280
f 4280 4279 4281
f 4280 4281 4259
f 4259 4281 4258
f 4282 4131 4042
f 4162 4212 4228
f 4282 4046 4131
f 4043 4282 4042
f 4111 4114 4105
f 4105 4114 4116
f 4105 4116 4107
f 4107 4116 4118
f 4107 4118 4109
f 4109 4118 4123
f 4109 4123 4110
f 3714 3713 4252
f 4252 3713 4049
f 4252 4049 4256
f 4256 4049 4047
f 4256 4047 4255
f 4255 4047 2395
f 4255 2395 2393
f 4044 4282 4043
f 4044 4046 4282
f 4193 4283 4194
f 4086 4227 4284
f 4071 4284 4227
f 4285 4286 4287
f 4285 4287 4288
f 4288 4287 4289
f 4288 4289 2519
f 2519 4289 4290
f 2519 4290 2520
f 4291 4286 4285
f 2520 4290 4292
f 2522 4292 636
f 2522 636 634
f 4293 227 4291
f 2509 4294 4295
f 4295 4294 4296
f 4295 4296 4297
f 2520 4292 2522
f 4292 637 636
f 4290 637 4292
f 4290 624 637
f 227 226 4298
f 4298 226 4299
f 4298 4299 4300
f 4300 4299 4301
f 4300 4301 4289
f 4289 4301 4290
f 4291 227 4286
f 315 623 316
f 316 623 617
f 316 617 313
f 226 132 4299
f 4299 132 622
f 4299 622 4301
f 4301 622 624
f 4301 624 4290
f 4297 4296 4302
f 131 1721 1690
f 4297 4302 4303
f 4303 3695 4293
f 4304 3747 4305
f 4305 3747 3748
f 4305 3748 4306
f 4306 3748 3750
f 4306 3750 4307
f 4307 3750 3751
f 4304 3634 3747
f 4307 3751 4308
f 4308 4272 4309
f 4309 4272 4274
f 4309 4274 4310
f 4310 4274 4276
f 4310 4276 4311
f 4311 4276 4278
f 4308 3751 4272
f 3635 3634 4304
f 3635 2131 3634
f 2119 2131 3635
f 4293 3695 227
f 260 286 262
f 262 286 288
f 262 288 264
f 264 288 290
f 264 290 267
f 267 290 292
f 267 292 269
f 269 292 294
f 1869 1839 455
f 455 1839 2593
f 455 2593 456
f 1895 1896 2588
f 2588 1896 4312
f 2588 4312 2584
f 4303 4302 3695
f 4311 4278 4313
f 131 3744 1721
f 225 1663 3744
f 1373 4314 4315
f 1371 4316 1369
f 1369 4316 4317
f 1369 4317 1385
f 1385 4317 1387
f 4318 4319 1102
f 1375 4314 1373
f 4318 4315 4320
f 4320 4314 4321
f 4321 4314 1375
f 4321 1375 4322
f 4322 1375 3693
f 4319 4318 4323
f 4323 4318 4320
f 4320 4315 4314
f 744 365 705
f 1128 4324 1126
f 1130 4324 1128
f 1258 1339 1256
f 1320 1253 1319
f 1123 1126 4325
f 4325 1126 4324
f 4325 4324 4326
f 4326 4324 4327
f 4326 4327 1339
f 1339 4327 1340
f 2518 1390 4328
f 4328 1390 1387
f 4328 1387 4317
f 1134 1340 1132
f 1132 1340 4327
f 1132 4327 1130
f 1130 4327 4324
f 4323 4320 4329
f 225 3744 131
f 4329 4320 4321
f 4330 4321 4322
f 1285 2518 4328
f 1285 4328 1102
f 1102 4328 4317
f 1102 4317 4318
f 4318 4317 4316
f 4318 4316 4315
f 1284 2518 1285
f 4315 4316 1371
f 2519 2516 4288
f 4288 2516 2515
f 4288 2515 4331
f 4331 2515 2514
f 4331 2514 2513
f 1664 1663 225
f 4315 1371 1373
f 705 365 367
f 4319 1088 1102
f 4319 945 1088
f 4330 4322 4332
f 4332 4322 3693
f 4332 3693 4333
f 4333 3693 1380
f 4333 1380 1382
f 1382 950 4333
f 4333 950 949
f 4333 949 4332
f 4332 949 948
f 4332 948 4330
f 4330 948 947
f 4330 947 4329
f 4329 946 4323
f 4323 946 945
f 4323 945 4319
f 4329 4321 4330
f 4313 4278 4280
f 4313 4280 4334
f 4334 4280 4259
f 2592 2937 2594
f 2594 2937 2332
f 2594 2332 2595
f 2595 2332 1184
f 2595 1184 2611
f 2611 1184 1187
f 2592 4335 2937
f 2611 1187 2612
f 2612 1189 2613
f 2613 1189 1191
f 2613 1191 2614
f 2614 1191 1193
f 2614 1193 2615
f 2615 1193 1195
f 2612 1187 1189
f 2591 4335 2592
f 2591 4336 4335
f 2590 4336 2591
f 4304 4337 3635
f 1896 1910 4312
f 4312 1910 2742
f 4312 2742 2584
f 2584 2742 3636
f 2584 3636 2585
f 2585 3636 4338
f 2585 4338 2586
f 2586 4338 4339
f 2586 4339 2587
f 2587 4339 4340
f 2587 4340 2589
f 2589 4340 4341
f 2589 4341 2590
f 2590 4341 4336
f 2615 1195 2617
f 4304 4342 4337
f 2617 1195 1197
f 4343 1197 1183
f 3636 2744 4338
f 4338 2744 3635
f 4338 3635 4339
f 4339 3635 4337
f 4339 4337 4340
f 4340 4337 4342
f 3636 2724 2744
f 4340 4342 4341
f 4341 4344 4336
f 4336 4344 4345
f 4336 4345 4335
f 4335 4345 2938
f 3981 3383 3979
f 4335 2938 2937
f 4341 4342 4344
f 2722 2724 3636
f 4346 2606 2604
f 4346 4347 2606
f 4343 1183 4348
f 4348 1183 1181
f 4348 1181 4349
f 4349 1181 1164
f 4349 1164 4350
f 4350 1164 1166
f 4350 1166 4351
f 4351 1166 1168
f 4351 1168 4352
f 4352 1168 3669
f 4352 3669 3668
f 3668 3669 4353
f 3668 4353 3666
f 3666 4353 4347
f 3666 4347 4346
f 2617 1197 4343
f 4305 4342 4304
f 4305 4344 4342
f 4306 4344 4305
f 4354 4246 4238
f 4354 4238 4355
f 4355 4238 4233
f 4355 4233 4236
f 4236 4233 4229
f 4236 4229 4237
f 4356 4246 4354
f 4237 4229 4230
f 4247 4230 4231
f 4247 4231 4249
f 4249 4231 4232
f 4249 4232 4253
f 4253 4232 1276
f 4253 1276 1277
f 4237 4230 4247
f 4356 4245 4246
f 4357 4245 4356
f 4357 4244 4245
f 4334 4259 4358
f 4358 4259 4257
f 4358 4257 4359
f 4359 4257 4239
f 4359 4239 4360
f 4360 4239 4240
f 4360 4240 4361
f 4361 4240 4241
f 4361 4241 4362
f 4362 4241 4242
f 4362 4242 4363
f 4363 4242 4243
f 4363 4243 4364
f 4364 4243 4244
f 4364 4244 4357
f 1178 1176 1180
f 1180 1176 1174
f 1180 1174 4354
f 4354 1174 1171
f 4334 1192 1190
f 4334 1190 4313
f 4313 1190 1188
f 4313 1188 4311
f 4311 1188 1186
f 4311 1186 4310
f 4310 1186 1185
f 4310 1185 4309
f 4309 1185 2936
f 4309 2936 4308
f 4308 2936 2938
f 4308 2938 4307
f 4307 2938 4345
f 4307 4345 4306
f 4306 4345 4344
f 4358 1192 4334
f 1258 4326 1339
f 4358 1194 1192
f 4359 1196 1194
f 4354 1171 4356
f 4356 1171 1169
f 4356 1169 4357
f 4357 1169 1167
f 4357 1167 4364
f 4364 1167 1165
f 4364 1165 4363
f 4363 1165 1172
f 4363 1172 4362
f 4362 1172 1182
f 4362 1182 4361
f 4361 1182 1198
f 4361 1198 4360
f 4360 1198 1196
f 4360 1196 4359
f 4359 1194 4358
f 1260 4326 1258
f 1260 4325 4326
f 4365 4325 1260
f 4070 4013 4090
f 4090 4013 4009
f 4090 4009 4092
f 4092 4009 4008
f 4092 4008 4094
f 4094 4008 4001
f 4070 4012 4013
f 4094 4001 4096
f 4096 4002 4098
f 4098 4002 4003
f 4098 4003 4100
f 4100 4003 4004
f 4100 4004 4088
f 4088 4004 4005
f 4096 4001 4002
f 4068 4012 4070
f 4068 4011 4012
f 4061 4011 4068
f 4366 4082 4084
f 4366 4084 4367
f 4367 4084 4086
f 4367 4086 4368
f 4368 4086 4284
f 4368 4284 4369
f 4369 4284 891
f 4369 891 889
f 1118 1149 1116
f 1116 1149 1147
f 1116 1147 1114
f 2352 3277 4059
f 4059 3277 4010
f 4059 4010 4061
f 4061 4010 4011
f 4088 4005 4057
f 4370 4082 4366
f 4057 4005 900
f 2445 4019 2447
f 4038 3990 4024
f 4038 4024 4040
f 4040 4024 4026
f 4040 4026 4032
f 4032 4026 4020
f 4032 4020 4030
f 3701 3990 4038
f 4030 4020 4021
f 4053 4021 4015
f 4053 4015 4052
f 4052 4015 4017
f 4052 4017 4051
f 4051 4017 4019
f 4051 4019 2427
f 4030 4021 4053
f 3701 2854 3990
f 3700 2854 3701
f 3700 1283 2854
f 2447 4019 4018
f 2447 4018 2449
f 2449 4018 4022
f 2449 4022 2451
f 2451 4022 3703
f 2451 3703 2453
f 2453 3703 3705
f 2453 3705 3066
f 3066 3705 4027
f 3066 4027 3100
f 3100 4027 3986
f 3100 3986 3085
f 3085 3986 2866
f 3085 2866 2877
f 1281 1283 3700
f 4057 900 898
f 4370 4080 4082
f 4371 4080 4370
f 4371 4078 4080
f 4067 4372 3375
f 4067 3375 4060
f 4060 3375 2342
f 4060 2342 2352
f 1148 919 1146
f 1146 919 905
f 4069 4372 4067
f 1146 905 903
f 4373 4368 4369
f 4373 4369 4374
f 1054 1056 1075
f 1075 1056 2385
f 1075 2385 2375
f 3335 4375 3333
f 4367 4368 4373
f 4069 4072 4372
f 4089 4072 4069
f 4089 4073 4072
f 4071 4227 4087
f 4087 4227 4085
f 4087 4085 4101
f 4101 4085 4083
f 4101 4083 4099
f 4099 4083 4081
f 4099 4081 4097
f 4097 4081 4079
f 4097 4079 4095
f 4095 4079 4077
f 4095 4077 4093
f 4093 4077 4075
f 4093 4075 4091
f 4091 4075 4073
f 4091 4073 4089
f 3333 4375 4376
f 3333 4376 3291
f 3291 4376 4377
f 3291 4377 3289
f 2376 894 904
f 2376 904 2374
f 2374 904 920
f 2374 920 918
f 2335 3375 3335
f 3335 3375 4372
f 3335 4372 4375
f 4375 4372 4072
f 4375 4072 4376
f 4376 4072 4074
f 4376 4074 4377
f 4377 4074 4076
f 4377 4076 4378
f 4378 4076 4078
f 4378 4078 4371
f 2384 894 2376
f 2427 4019 2445
f 2384 887 894
f 4374 889 887
f 3289 4377 4378
f 3289 4378 3287
f 3287 4378 4371
f 3287 4371 3285
f 3285 4371 4370
f 3285 4370 3282
f 3282 4370 4366
f 3282 4366 3280
f 3280 4366 4367
f 3280 4367 3278
f 3278 4367 4373
f 3278 4373 2383
f 2383 4373 4374
f 2383 4374 2384
f 4369 889 4374
f 4374 887 2384
f 891 4284 4071
f 3690 3692 4379
f 4379 4380 4381
f 4382 4383 3691
f 3691 4383 4384
f 3691 4384 3692
f 3692 4384 4385
f 3692 4385 4380
f 4380 4385 4386
f 4382 4387 4383
f 4380 4386 4388
f 4388 4389 4390
f 4390 4389 4391
f 4390 4391 4392
f 4392 4391 4393
f 4392 4393 4394
f 4394 4393 4395
f 4388 4386 4389
f 4396 4387 4382
f 4396 4397 4387
f 4398 4397 4396
f 4399 4400 4331
f 4331 4400 4285
f 4331 4285 4288
f 4331 2513 4399
f 4399 2513 2511
f 4399 2511 4401
f 4401 2511 2510
f 4401 2510 4295
f 4295 2510 2509
f 4289 4287 4300
f 4300 4287 4402
f 4300 4402 4298
f 4298 4402 227
f 3716 3717 4398
f 4398 3717 4397
f 4394 4395 4403
f 4399 4404 4400
f 4403 4395 4405
f 1310 4405 2517
f 4406 4407 4408
f 4406 4408 1317
f 1317 4408 4409
f 1317 4409 1328
f 1326 1328 4410
f 4410 1328 4409
f 4411 4407 4406
f 4410 4409 1266
f 1266 4408 1264
f 1264 4408 4407
f 1264 4407 4412
f 4412 4407 4413
f 4412 4413 4365
f 4365 4413 4325
f 1266 4409 4408
f 4411 4413 4407
f 4414 4413 4411
f 4414 4325 4413
f 1310 2517 1312
f 4415 227 3716
f 1233 1235 4416
f 4416 1235 4177
f 4416 4177 4417
f 4417 4177 4176
f 4417 4176 4418
f 4418 4176 4419
f 4418 4419 4420
f 4420 4419 4421
f 4420 4421 4415
f 4415 4421 227
f 1141 1123 4422
f 4422 1123 4325
f 4422 4325 4414
f 4403 4405 1310
f 4401 4404 4399
f 4401 4297 4404
f 4295 4297 4401
f 1306 4423 4424
f 4403 1310 4424
f 4424 1310 1308
f 4424 1308 1306
f 1317 1311 4411
f 4411 1311 1304
f 1305 4423 1306
f 4411 1304 4414
f 4414 1307 4422
f 4422 1307 1309
f 4422 1309 1141
f 4425 3698 4426
f 4426 3698 3696
f 4426 3696 4427
f 4414 1304 1307
f 1305 4428 4423
f 1316 4428 1305
f 1316 4381 4428
f 4381 4380 4388
f 4381 4388 4428
f 4428 4388 4390
f 4428 4390 4423
f 4423 4390 4392
f 4423 4392 4424
f 4424 4392 4394
f 4424 4394 4403
f 4382 3691 1325
f 1325 3691 3690
f 1325 3690 1327
f 1327 3690 4379
f 1327 4379 1318
f 1318 4379 4381
f 1318 4381 1316
f 4427 3696 3697
f 4427 3697 4429
f 4429 3697 3694
f 4429 3694 4430
f 227 4402 4286
f 4286 4402 4287
f 4297 4303 4404
f 4404 4303 4293
f 4404 4293 4400
f 4400 4293 4291
f 4400 4291 4285
f 4296 4294 4395
f 4395 4294 4431
f 4395 4431 4405
f 2517 4405 2512
f 2512 4405 4431
f 2512 4431 2508
f 2508 4431 4294
f 2508 4294 2509
f 4432 4387 4397
f 4379 3692 4380
f 4432 4383 4387
f 4433 4384 4383
f 4430 3694 3695
f 4430 3695 4302
f 4296 4395 4302
f 4302 4395 4393
f 4302 4393 4430
f 4430 4393 4391
f 4430 4391 4429
f 4429 4391 4389
f 4429 4389 4427
f 4427 4389 4386
f 4427 4386 4426
f 4426 4386 4385
f 4426 4385 4425
f 4425 4385 4384
f 4425 4384 4433
f 4433 4383 4432
f 4210 4283 4193
f 4329 947 946
f 4209 4434 4210
f 4435 2598 2597
f 4435 2597 4436
f 4436 2597 2596
f 4436 2596 4437
f 4437 2596 2608
f 4437 2608 4438
f 4439 2598 4435
f 4438 2608 2610
f 4352 3667 4440
f 4352 4440 4351
f 4351 4440 4441
f 4351 4441 4350
f 4350 4441 4442
f 4350 4442 4349
f 3668 3667 4352
f 4439 2599 2598
f 4443 2599 4439
f 4443 2602 2599
f 4444 3678 3680
f 3677 3676 4445
f 4445 3676 4446
f 4445 4446 4447
f 4447 4446 4448
f 4447 4448 4449
f 4449 4448 4450
f 4449 4450 4451
f 4451 4450 3671
f 4451 3671 4452
f 4452 3671 3670
f 4452 3670 4453
f 4346 2604 4454
f 4454 2604 2602
f 4454 2602 4443
f 4349 4442 4455
f 4444 3676 3678
f 4349 4455 4348
f 4191 3648 4456
f 4457 4437 4458
f 4458 4437 4438
f 4458 4438 4343
f 4343 4438 2610
f 4343 2610 2617
f 4343 4348 4458
f 4457 4436 4437
f 4458 4348 4455
f 4457 4455 4442
f 4457 4442 4459
f 4459 4442 4441
f 4459 4441 4460
f 4460 4441 4440
f 4460 4440 4461
f 4458 4455 4457
f 4459 4436 4457
f 4459 4435 4436
f 4460 4435 4459
f 4191 4456 4203
f 4203 4456 4462
f 4203 4462 4205
f 4205 4462 4463
f 4205 4463 4215
f 4215 4463 4464
f 4215 4464 4217
f 4217 4464 4465
f 4217 4465 4219
f 4346 4454 4466
f 4466 4454 4443
f 4466 4443 4461
f 4461 4443 4439
f 4461 4439 4460
f 4460 4439 4435
f 3649 3648 4191
f 4461 4440 3667
f 4467 3676 4444
f 4468 4446 4467
f 4469 2618 2609
f 4469 2609 4470
f 4470 2609 2601
f 4470 2601 255
f 255 2601 252
f 3685 399 4471
f 4472 2618 4469
f 4471 399 401
f 4473 401 403
f 4473 403 4474
f 4474 403 405
f 4474 405 391
f 4475 4471 3683
f 3683 4471 4473
f 4471 401 4473
f 4472 2616 2618
f 4476 2616 4472
f 4476 419 2616
f 4477 4478 4479
f 511 521 677
f 511 677 512
f 462 2616 419
f 421 4476 4480
f 4480 4476 4472
f 4480 4472 4481
f 4481 4472 4469
f 4481 4469 4470
f 421 4480 422
f 422 4480 4481
f 422 4481 423
f 423 4481 4470
f 423 4470 255
f 421 419 4476
f 3683 4473 3684
f 4467 4446 3676
f 3684 4473 4474
f 4478 4474 391
f 4467 4482 4483
f 4467 4483 4468
f 4468 4483 4484
f 4468 4484 4485
f 4485 4484 3674
f 4485 3674 4486
f 4444 4482 4467
f 4486 3674 3673
f 3672 3671 4486
f 4486 3671 4450
f 4486 4450 4485
f 4485 4450 4448
f 4485 4448 4468
f 4468 4448 4446
f 4486 3673 3672
f 4444 3679 4482
f 3680 3679 4444
f 4487 3681 4488
f 4478 391 4479
f 4479 391 389
f 4479 389 4489
f 4489 389 373
f 4489 373 3675
f 3675 3674 4489
f 4489 3674 4484
f 4489 4484 4479
f 4479 4484 4483
f 4479 4483 4477
f 4477 4483 4482
f 4477 4482 4490
f 4490 4482 3679
f 4490 3679 4487
f 4487 3679 3681
f 3684 4474 4478
f 4461 3667 4466
f 4466 3667 3666
f 4466 3666 4346
f 4491 1175 4492
f 4491 4492 4493
f 4493 4492 4494
f 4493 4494 4495
f 4495 4494 4496
f 4495 4496 4497
f 3664 1175 4491
f 4497 4496 1199
f 4498 1199 1201
f 4498 1201 4499
f 4499 1201 1214
f 4499 1214 1216
f 4236 4235 4355
f 4355 4235 4234
f 4497 1199 4498
f 3664 1173 1175
f 3663 1173 3664
f 3663 1170 1173
f 26 4500 24
f 4354 4501 1180
f 4501 4354 4355
f 1199 4496 1179
f 1179 4496 4494
f 1179 4494 1177
f 1177 4494 4492
f 1177 4492 1175
f 1200 4234 1202
f 4497 4498 4502
f 4502 4498 4499
f 4502 4499 4503
f 4503 4499 1216
f 4503 1216 1218
f 3669 1170 3663
f 4355 4234 4501
f 26 4504 4500
f 4501 4234 1200
f 2416 2414 4505
f 4506 27 25
f 23 37 4507
f 4507 37 4508
f 4507 4508 4509
f 4509 4508 4510
f 4509 4510 4511
f 4506 29 27
f 4511 4510 4512
f 4513 4512 4506
f 4513 4506 4514
f 4514 4506 25
f 4514 25 40
f 40 80 4514
f 4514 80 2580
f 4511 4512 4513
f 4512 29 4506
f 4512 31 29
f 4510 31 4512
f 4505 2414 4515
f 4505 4515 4516
f 4516 4515 4517
f 4516 4517 4518
f 4518 4517 4519
f 4518 4519 4520
f 4520 4519 4521
f 4520 4521 4522
f 4522 4521 4523
f 4522 4523 4524
f 2575 690 537
f 37 35 4508
f 4508 35 33
f 4508 33 4510
f 4510 33 31
f 4501 1200 1180
f 28 4504 26
f 28 4525 4504
f 30 4525 28
f 4353 3663 3665
f 4353 3665 4347
f 4347 3665 4526
f 4347 4526 4527
f 4527 4526 4528
f 4527 4528 3662
f 3669 3663 4353
f 3662 4528 4529
f 2523 4529 2411
f 2414 2412 4515
f 4515 2412 4530
f 4515 4530 4517
f 4517 4530 4531
f 4517 4531 4519
f 3662 4529 2523
f 4504 4532 4500
f 4504 4533 4532
f 4525 4533 4504
f 3662 2525 4527
f 4527 2525 2606
f 4527 2606 4347
f 373 374 3675
f 3675 374 4534
f 3675 4534 3673
f 3673 4534 4535
f 3673 4535 3672
f 3672 4535 4536
f 3672 4536 3670
f 3670 4536 4537
f 3670 4537 4453
f 4453 4537 4538
f 4453 4538 4525
f 4525 4538 4533
f 4519 4531 4539
f 4519 4539 4521
f 4521 4539 4540
f 4521 4540 4523
f 4 3678 3677
f 4 3677 12
f 12 3677 4445
f 12 4445 22
f 22 4445 4447
f 22 4447 38
f 38 4447 4449
f 38 4449 36
f 36 4449 4451
f 36 4451 34
f 34 4451 4452
f 34 4452 32
f 32 4452 4453
f 32 4453 30
f 30 4453 4525
f 7 3678 4
f 4477 4541 4478
f 7 3680 3678
f 9 3681 3680
f 395 397 4542
f 4542 397 3685
f 4542 3685 4543
f 4543 3685 4475
f 4543 4475 4544
f 4544 4475 4545
f 4544 4545 4546
f 4546 4545 4547
f 4546 4547 4548
f 4548 4547 4549
f 4548 4549 14
f 14 4549 4488
f 14 4488 11
f 11 4488 3681
f 11 3681 9
f 9 3680 7
f 4490 4541 4477
f 4490 4550 4541
f 4487 4550 4490
f 2338 3591 3382
f 2338 3382 2336
f 2336 3382 3381
f 2336 3381 2334
f 2334 3381 3379
f 2334 3379 3383
f 2340 3591 2338
f 3383 3379 3377
f 3979 3377 3376
f 3979 3376 4551
f 4551 3376 3598
f 4551 3598 4552
f 4552 3598 2785
f 4552 2785 4553
f 3383 3377 3979
f 2340 3593 3591
f 3723 3593 2340
f 3723 3619 3593
f 3923 3942 3924
f 3924 3942 3944
f 3924 3944 3940
f 3940 3944 3943
f 3940 3943 3941
f 3941 3943 2834
f 976 3601 3535
f 3535 3601 3600
f 3535 3600 3729
f 3729 3600 3604
f 3729 3604 3749
f 3749 3604 3605
f 3749 3605 3728
f 3728 3605 3619
f 3728 3619 3723
f 4553 2785 2787
f 3923 2772 3942
f 4553 2787 4554
f 4554 2807 3647
f 2371 3281 2373
f 2373 3281 3279
f 2373 3279 2378
f 2378 3279 3099
f 2378 3099 2380
f 2380 3099 2382
f 2371 3284 3281
f 2380 2382 2381
f 4555 3738 3739
f 4555 3739 3643
f 3643 3739 2143
f 3643 2143 2142
f 4188 4258 4556
f 4556 4258 4281
f 4557 3738 4555
f 2350 3284 2371
f 2350 3286 3284
f 2348 3286 2350
f 3647 2807 2809
f 3647 2809 3645
f 3645 2809 2831
f 3645 2831 4558
f 4558 2831 2833
f 4558 2833 2424
f 2335 3335 3374
f 3374 3335 3334
f 3374 3334 2341
f 2341 3334 3303
f 2341 3303 2344
f 2344 3303 3290
f 2346 3290 3288
f 2346 3288 2348
f 2348 3288 3286
f 4554 2787 2807
f 2773 2772 3923
f 3618 3932 2834
f 3617 3932 3618
f 4559 2351 4560
f 4560 2351 3384
f 4560 3384 4561
f 4561 3384 4562
f 4561 4562 4563
f 4563 4562 4564
f 4559 2353 2351
f 4563 4564 4565
f 4565 4566 4567
f 4567 4566 3646
f 4567 3646 4568
f 4568 3646 3645
f 2365 2367 3385
f 3385 2367 4559
f 4565 4564 4566
f 2367 2353 4559
f 3383 4562 3384
f 3383 4564 4562
f 3981 4569 4570
f 3981 3980 4569
f 4210 4434 4283
f 4570 4569 4554
f 4570 4554 3647
f 3979 4551 3980
f 3980 4551 4552
f 3980 4552 4569
f 4569 4552 4553
f 4569 4553 4554
f 3647 3646 4570
f 4570 3646 4566
f 4570 4566 3981
f 3981 4566 4564
f 3981 4564 3383
f 3385 4559 3386
f 3386 4559 4560
f 3386 4560 3387
f 3387 4560 4561
f 2805 3638 4571
f 2805 4571 2808
f 2830 3610 2832
f 2832 3610 3612
f 2832 3612 2834
f 2830 2808 3610
f 3610 2808 4571
f 3610 4571 3611
f 3611 4571 3638
f 3611 3638 3613
f 3613 3638 3929
f 3613 3929 3615
f 3615 3929 3930
f 3615 3930 3617
f 3617 3930 3932
f 3609 3638 2805
f 4556 4281 4572
f 3609 3639 3638
f 3608 3925 3639
f 3387 4561 3401
f 3401 4561 4563
f 3401 4563 3367
f 3367 4563 4565
f 3367 4565 3368
f 3368 4565 4567
f 3368 4567 2424
f 2424 4567 4568
f 2424 4568 4558
f 4558 4568 3645
f 2780 3921 3606
f 3606 3921 3933
f 3606 3933 3607
f 3607 3933 3925
f 3607 3925 3608
f 3608 3639 3609
f 4514 2580 4513
f 4572 4281 4279
f 4573 4279 4277
f 4574 4575 4576
f 4574 4576 4577
f 4577 4576 4578
f 4577 4578 408
f 408 4578 438
f 16 18 4579
f 4580 4575 4574
f 4579 18 4581
f 4582 4581 4583
f 4582 4583 4584
f 4584 4583 4580
f 4584 4580 4585
f 4585 4580 4574
f 4585 4574 4586
f 4579 4581 4582
f 4580 4587 4575
f 4583 4587 4580
f 4583 4588 4587
f 20 41 4588
f 4588 41 43
f 4588 43 4587
f 4587 43 65
f 4587 65 4575
f 4575 65 67
f 4575 67 4576
f 4576 67 69
f 4576 69 4578
f 4578 69 71
f 4578 71 438
f 438 71 73
f 18 20 4581
f 4581 20 4588
f 4581 4588 4583
f 4586 4574 4577
f 4589 3651 4590
f 4586 4577 392
f 14 16 4548
f 414 398 396
f 414 396 412
f 412 396 394
f 4475 3685 4471
f 4475 3683 4545
f 4545 3683 3682
f 416 398 414
f 4545 3682 4547
f 4550 4547 3682
f 4550 3682 4541
f 4541 3682 3684
f 4541 3684 4478
f 4488 4549 4487
f 4487 4549 4550
f 4549 4547 4550
f 416 400 398
f 418 400 416
f 418 402 400
f 4548 16 4579
f 4548 4579 4546
f 4546 4579 4582
f 4546 4582 4544
f 4544 4582 4584
f 4544 4584 4543
f 4543 4584 4585
f 4543 4585 4542
f 4542 4585 4586
f 4542 4586 395
f 395 4586 392
f 413 461 415
f 415 461 463
f 415 463 417
f 404 402 418
f 392 4577 408
f 4589 3652 3651
f 4591 3652 4589
f 4591 4592 3652
f 4556 3746 4188
f 4589 4590 4593
f 4593 4590 4594
f 4593 4594 4595
f 4595 4594 4596
f 4595 4596 4597
f 4556 3745 3746
f 4597 4596 4598
f 227 4599 3643
f 3643 4599 4600
f 3643 4600 4555
f 4555 4600 4601
f 4555 4601 4557
f 4557 4601 4602
f 4597 4598 3740
f 4572 3745 4556
f 4572 3742 3745
f 4573 3742 4572
f 4573 4277 4603
f 4603 4277 4275
f 4603 4275 3755
f 3755 4275 4273
f 3755 4273 3754
f 3754 4273 3757
f 3754 3757 3753
f 3753 3757 2140
f 3753 2140 2166
f 2163 2162 3755
f 3755 2162 3752
f 3755 3752 4603
f 4603 3752 3743
f 4603 3743 4573
f 4573 3743 3742
f 4557 4602 4604
f 4604 4602 4605
f 4591 4605 4606
f 4606 4605 4602
f 4607 4592 4608
f 4608 4592 4609
f 4608 4609 4610
f 4610 4609 4611
f 227 4612 4599
f 4599 4612 4613
f 4599 4613 4600
f 4600 4613 4614
f 4600 4614 4601
f 4601 4614 4611
f 4601 4611 4615
f 4615 4611 4609
f 4615 4609 4606
f 4606 4609 4592
f 4606 4592 4591
f 4607 4616 4592
f 4572 4279 4573
f 4617 4616 4607
f 4618 4619 4617
f 4606 4602 4615
f 4615 4602 4601
f 2155 2153 3740
f 3740 2153 3738
f 3740 3738 4597
f 4597 3738 4557
f 4597 4557 4595
f 4595 4557 4604
f 4595 4604 4593
f 4593 4604 4605
f 4593 4605 4589
f 4589 4605 4591
f 4619 3653 4616
f 4616 3653 3652
f 4616 3652 4592
f 4617 4619 4616
f 4513 2580 2578
f 2344 3290 2346
f 4511 2578 2576
f 639 4620 640
f 640 4620 4621
f 640 4621 642
f 642 4621 4622
f 642 4622 644
f 644 4622 4623
f 639 4624 4620
f 644 4623 647
f 647 4625 649
f 649 4625 4626
f 649 4626 651
f 651 4626 4627
f 651 4627 653
f 653 4627 4628
f 647 4623 4625
f 655 4624 639
f 655 4629 4624
f 657 4629 655
f 577 678 680
f 577 680 658
f 658 680 692
f 658 692 660
f 660 692 691
f 660 691 662
f 662 691 690
f 662 690 664
f 664 690 4630
f 664 4630 666
f 666 4630 4631
f 666 4631 668
f 668 4631 4632
f 668 4632 657
f 657 4632 4629
f 653 4628 670
f 576 678 577
f 670 4628 4633
f 672 4633 2438
f 4151 4153 4634
f 4634 4153 4421
f 4634 4421 4419
f 4635 4415 3716
f 4149 4151 4172
f 4172 4151 4634
f 227 4421 4153
f 4172 4634 4174
f 4174 4419 4176
f 4636 4637 4635
f 1247 1245 4159
f 1247 4159 1249
f 1246 4157 1244
f 1244 4157 4171
f 4174 4634 4419
f 4464 4618 4465
f 4464 4619 4618
f 4463 4619 4464
f 672 2438 681
f 2174 3740 3642
f 3642 3740 4598
f 3642 4598 4187
f 4187 4598 4596
f 4187 4596 3650
f 3650 4596 4594
f 3650 4594 3648
f 3648 4594 4590
f 3648 4590 4456
f 4456 4590 3651
f 4456 3651 4462
f 4462 3651 3653
f 4462 3653 4463
f 4463 3653 4619
f 670 4633 672
f 576 674 678
f 513 674 576
f 513 675 674
f 4638 4639 2423
f 4638 2423 3688
f 3688 2423 2426
f 3688 2426 3689
f 2572 2570 4640
f 4640 2570 4641
f 4642 4639 4638
f 4640 4641 4643
f 4643 4644 4645
f 4645 4644 4646
f 4645 4646 4647
f 4647 4646 4648
f 4647 4648 4649
f 4649 4648 4650
f 4643 4641 4644
f 4642 4651 4639
f 4652 4651 4642
f 4652 4653 4651
f 4654 4648 4655
f 4655 4648 4646
f 4655 4646 3656
f 3656 4646 4644
f 3656 4644 3654
f 3654 4644 4641
f 3654 4641 2555
f 2555 4641 2570
f 2394 2396 3686
f 3686 2396 2399
f 3686 2399 4656
f 4656 2399 4657
f 4656 4657 4658
f 4658 4657 4653
f 4658 4653 4652
f 4649 4650 4659
f 4659 4650 3687
f 4659 3687 4660
f 4660 3687 3689
f 4661 4662 4663
f 4661 4663 4664
f 4664 4663 4665
f 4664 4665 4666
f 4666 4665 4667
f 4666 4667 4668
f 4668 4667 3036
f 4668 3036 4669
f 4669 3036 3038
f 4669 3038 4670
f 4670 3038 2431
f 4670 2431 2433
f 677 676 512
f 512 676 675
f 512 675 513
f 4671 4662 4661
f 1244 4171 1242
f 4671 4672 4662
f 4673 4674 4672
f 4660 3689 3247
f 3247 3689 2426
f 3247 2426 3245
f 3245 2426 2444
f 3245 2444 2446
f 2425 2406 3706
f 3706 2406 2404
f 3706 2404 3707
f 2582 4675 3658
f 3658 4675 4676
f 3658 4676 4677
f 4677 4676 4678
f 4677 4678 4679
f 4679 4678 4674
f 4679 4674 4673
f 4673 4672 4671
f 4654 4650 4648
f 1242 4171 4173
f 1239 4173 4175
f 4223 4221 4680
f 4680 4221 4681
f 4680 4681 4682
f 4682 4681 4683
f 4682 4683 4684
f 4684 4683 4685
f 4219 4681 4221
f 4684 4685 4686
f 4686 4687 4688
f 4688 4687 4689
f 4688 4689 4690
f 4690 4689 4691
f 4690 4691 4692
f 4692 4691 4693
f 4686 4685 4687
f 4465 4681 4219
f 4465 4683 4681
f 4618 4683 4465
f 4612 4694 4613
f 4613 4694 4695
f 4613 4695 4614
f 4614 4695 4696
f 4614 4696 4611
f 4611 4693 4610
f 4610 4693 4691
f 4610 4691 4608
f 4608 4691 4689
f 4608 4689 4607
f 4607 4689 4687
f 4607 4687 4617
f 4617 4687 4685
f 4617 4685 4618
f 4618 4685 4683
f 4692 4693 4697
f 4612 4698 4694
f 4697 4693 4696
f 4698 4152 4150
f 4682 4699 4700
f 4682 4700 4680
f 4680 4700 4701
f 4680 4701 4223
f 4223 4701 4225
f 4211 4225 4206
f 4684 4699 4682
f 4206 4225 4701
f 4207 4701 4700
f 4207 4700 4208
f 4513 2578 4511
f 4209 4699 4434
f 4208 4700 4699
f 4208 4699 4209
f 4206 4701 4207
f 4684 4434 4699
f 4686 4434 4684
f 4686 4283 4434
f 4698 4150 4694
f 4694 4150 4148
f 4694 4148 4695
f 4695 4148 4199
f 4695 4199 4696
f 4696 4199 4198
f 4696 4198 4697
f 4697 4198 4197
f 4697 4197 4692
f 4692 4197 4196
f 4692 4196 4690
f 4690 4196 4194
f 4690 4194 4688
f 4688 4194 4283
f 4688 4283 4686
f 227 4152 4698
f 227 4698 4612
f 4411 4406 1317
f 4134 4065 4066
f 4635 4398 4396
f 4635 4396 4636
f 4636 4396 4702
f 4636 4702 1323
f 1323 4702 1325
f 1322 1324 4410
f 3716 4398 4635
f 4410 1324 1326
f 4703 4432 4704
f 4703 4704 227
f 4425 4433 3698
f 3698 4433 4703
f 3698 4703 227
f 1250 1233 1321
f 4433 4432 4703
f 4702 4382 1325
f 4396 4382 4702
f 4705 1323 1321
f 1239 4175 1237
f 1237 4175 4177
f 1237 4177 1235
f 1240 1238 4260
f 4260 1238 4271
f 4264 4263 4269
f 4269 4263 4262
f 4269 4262 4271
f 4271 4262 4261
f 4271 4261 4260
f 4432 4397 4704
f 4704 4397 3717
f 4704 3717 227
f 4637 4636 4705
f 4705 4636 1323
f 1321 1233 4416
f 1321 4416 4705
f 4705 4416 4417
f 4705 4417 4637
f 1265 1263 4706
f 4706 1263 4707
f 4706 4707 4708
f 4708 4707 1257
f 1257 1255 4708
f 4708 1255 1254
f 4708 1254 4706
f 4706 1254 1302
f 4706 1302 4709
f 4709 1302 3699
f 4709 3699 3715
f 4132 4266 4133
f 4133 4266 4710
f 4133 4710 4134
f 4134 4710 4065
f 4707 1259 1257
f 1242 4173 1239
f 4707 1261 1259
f 4709 1265 4706
f 4637 4417 4418
f 4637 4418 4635
f 4635 4418 4420
f 4635 4420 4415
f 1250 1322 1252
f 1252 1322 4410
f 1252 4410 1266
f 4266 1234 4710
f 4710 1234 1241
f 4710 1241 4065
f 1264 4412 1262
f 1262 4412 4365
f 1262 4365 1260
f 3715 1267 4709
f 4709 1267 1265
f 1263 1261 4707
f 4711 4650 4654
f 4611 4696 4693
f 4712 3687 4711
f 4713 4495 4497
f 4713 4497 4714
f 4714 4497 4502
f 4714 4502 4715
f 4715 4502 4503
f 4715 4503 4716
f 4717 4495 4713
f 4716 4503 1218
f 4192 4718 4201
f 4201 4718 4719
f 4201 4719 4200
f 4200 4719 2408
f 4200 2408 2422
f 4254 2391 2398
f 4716 1218 1220
f 4717 4493 4495
f 4720 4493 4717
f 4720 4491 4493
f 4717 4721 4720
f 1219 2422 1221
f 2412 2411 4530
f 4530 2411 4529
f 4530 4529 4531
f 4531 4529 4528
f 4531 4528 4539
f 4539 4528 4526
f 4539 4526 4540
f 4540 4526 3665
f 4540 3665 4523
f 4523 3665 3664
f 4523 3664 4524
f 4524 3664 4491
f 4524 4491 4720
f 4192 4186 4718
f 4722 4721 4717
f 4718 4186 4254
f 4719 4254 2398
f 3656 4723 4724
f 3656 4724 4655
f 4655 4724 4725
f 2581 3658 4726
f 4726 3658 4677
f 4726 4677 4727
f 3655 4723 3656
f 4727 4677 4679
f 690 2575 4630
f 4630 2575 2577
f 4630 2577 4631
f 4631 2577 2579
f 4631 2579 4632
f 4632 2579 4728
f 4727 4679 4673
f 3655 2421 4723
f 2420 2421 3655
f 4729 4730 4731
f 4719 2398 2408
f 2420 3655 2558
f 2558 3655 3654
f 2558 3654 2555
f 4725 4724 4732
f 4732 4724 4723
f 4732 4723 2409
f 2409 4723 2421
f 2390 2392 4733
f 4733 2392 3686
f 4733 3686 4730
f 2407 2390 4734
f 4734 2390 4733
f 4734 4733 4729
f 4729 4733 4730
f 4718 4254 4719
f 4722 4735 4721
f 4736 4735 4722
f 4736 4737 4735
f 79 2571 124
f 374 375 4534
f 4534 375 2600
f 4534 2600 4535
f 4535 2600 2603
f 4535 2603 4536
f 4738 2571 79
f 4536 2603 2605
f 4537 2605 2607
f 4537 2607 4538
f 4538 2607 2524
f 4538 2524 4533
f 4533 2524 2521
f 4533 2521 4532
f 4536 2605 4537
f 4738 3660 2571
f 4739 3660 4738
f 4739 3661 3660
f 4507 2574 2573
f 4509 2576 2574
f 4711 3687 4650
f 4507 2573 23
f 23 2573 21
f 4532 4740 4500
f 4500 4740 4739
f 4500 4739 24
f 24 4739 4738
f 24 4738 78
f 78 4738 79
f 2571 3660 2556
f 2556 3660 3659
f 2556 3659 2557
f 4740 3661 4739
f 4532 2521 2410
f 4509 2574 4507
f 4740 2410 2413
f 4740 2413 3661
f 4716 4741 4715
f 4715 4741 4742
f 4715 4742 4714
f 4714 4742 4736
f 4714 4736 4713
f 4713 4736 4722
f 4713 4722 4717
f 1222 2418 3657
f 4511 2576 4509
f 3657 2418 4743
f 3657 4743 4741
f 4741 4743 4744
f 4741 4744 4742
f 4742 4744 4737
f 4742 4737 4736
f 4716 3657 4741
f 4632 4728 4629
f 1220 3657 4716
f 4505 4743 2416
f 3661 2413 2415
f 3661 2415 3659
f 3659 2415 2417
f 3659 2417 2557
f 2557 2417 2419
f 4524 4720 4522
f 4522 4720 4721
f 4522 4721 4520
f 4520 4721 4735
f 4520 4735 4518
f 4518 4735 4737
f 4518 4737 4516
f 4516 4737 4744
f 4516 4744 4505
f 4505 4744 4743
f 2416 4743 2418
f 4629 4728 4745
f 4532 2410 4740
f 4624 4745 4746
f 4746 4673 4747
f 4747 4673 4671
f 4747 4671 4748
f 4748 4671 4661
f 4748 4661 4749
f 4749 4661 4664
f 4746 4727 4673
f 4749 4664 4750
f 4750 4666 4751
f 4751 4666 4668
f 4751 4668 4752
f 4752 4668 4669
f 4752 4669 4753
f 4753 4669 4670
f 4750 4664 4666
f 4745 4727 4746
f 4745 4726 4727
f 4728 4726 4745
f 4754 4655 4725
f 2409 2407 4732
f 4732 2407 4734
f 4732 4734 4725
f 4725 4734 4729
f 4725 4729 4754
f 4754 4729 4731
f 4754 4731 4755
f 4755 4731 4756
f 4755 4756 4757
f 4757 4756 4758
f 4757 4758 4712
f 4712 4758 4638
f 2579 2581 4728
f 4728 2581 4726
f 4753 4670 4759
f 4759 4670 2433
f 4759 2433 2435
f 2582 2572 4675
f 3037 3242 3241
f 3037 3241 3039
f 3039 3241 2984
f 3039 2984 2436
f 2436 2984 2442
f 2423 4639 2405
f 2405 4639 4651
f 2405 4651 2403
f 2403 4651 4653
f 2403 4653 2401
f 2401 4653 4657
f 4629 4745 4624
f 4712 3688 3687
f 2401 4657 2399
f 4638 3688 4712
f 3036 3242 3037
f 4755 4655 4754
f 3036 3246 3242
f 4667 3247 3246
f 4675 2572 4640
f 4675 4640 4676
f 4676 4640 4643
f 4676 4643 4678
f 4678 4643 4645
f 4678 4645 4674
f 4674 4645 4647
f 4674 4647 4672
f 4672 4647 4649
f 4672 4649 4662
f 4662 4649 4659
f 4662 4659 4663
f 4663 4659 4660
f 4663 4660 4665
f 4665 3247 4667
f 4667 3246 3036
f 4755 4654 4655
f 4665 4660 3247
f 4757 4711 4654
f 2459 507 659
f 2459 659 2461
f 2461 659 661
f 2461 661 2464
f 2464 661 663
f 2464 663 2466
f 505 507 2459
f 2466 663 665
f 2468 665 667
f 2468 667 2470
f 2470 667 669
f 2470 669 2473
f 2473 669 656
f 2473 656 2475
f 2466 665 2468
f 4633 2435 2438
f 4633 4759 2435
f 4628 4759 4633
f 4620 4747 4621
f 4621 4747 4748
f 4757 4654 4755
f 4620 4746 4747
f 4621 4748 4622
f 4622 4748 4749
f 4622 4749 4623
f 4623 4749 4750
f 4623 4750 4625
f 4625 4750 4751
f 4625 4751 4626
f 4626 4751 4752
f 4627 4752 4753
f 4627 4753 4628
f 4628 4753 4759
f 2475 656 646
f 2475 646 2495
f 4626 4752 4627
f 2495 638 2497
f 2478 671 673
f 2478 673 2480
f 2480 673 682
f 2480 682 2387
f 3686 4656 4730
f 4730 4656 4658
f 4730 4658 4731
f 4731 4760 4756
f 4756 4760 4758
f 4638 4758 4642
f 4642 4758 4760
f 4624 4746 4620
f 2495 646 638
f 4642 4760 4652
f 4652 4760 4658
f 2483 671 2478
f 2483 654 671
f 4731 4658 4760
f 2501 645 2503
f 2499 641 643
f 2493 654 2483
f 2499 643 2501
f 2501 643 645
f 2503 645 648
f 2503 648 2505
f 2505 648 650
f 2497 641 2499
f 2497 638 641
f 2507 650 652
f 4712 4711 4757
f 2493 652 654
f 2507 652 2493
f 2505 650 2507
