2 204 198 201
2 198 205 201
2 204 207 198
2 208 205 198
2 198 207 216
2 216 208 198
2 209 204 201
2 213 201 205
2 209 201 206
2 201 210 206
2 201 213 210
2 204 222 207
2 204 209 224
2 222 204 217
2 204 224 217
2 223 205 208
2 205 218 213
2 205 223 218
2 206 240 209
2 210 238 206
2 238 240 206
2 207 237 216
2 237 207 222
2 235 208 216
2 223 208 245
2 245 208 235
2 209 240 224
2 246 210 213
2 210 241 238
2 241 210 246
2 236 213 218
2 246 213 236
2 216 237 235
2 217 243 222
2 251 217 224
2 217 249 243
2 217 251 249
2 244 218 223
2 218 250 236
2 250 218 244
2 222 258 237
2 258 222 243
2 223 245 244
2 254 224 240
2 224 254 251
2 253 235 237
2 253 245 235
2 236 264 246
2 265 236 250
2 236 265 264
2 237 272 253
2 272 237 258
2 238 280 240
2 241 274 238
2 274 280 238
2 254 240 297
2 297 240 280
2 290 241 246
2 241 281 274
2 241 290 281
2 266 243 249
2 243 266 258
2 270 244 245
2 244 267 250
2 244 270 267
2 271 245 253
2 245 299 270
2 299 245 271
2 264 298 246
2 246 298 290
2 286 249 251
2 249 278 266
2 249 286 278
2 265 250 279
2 279 250 267
2 251 254 275
2 286 251 275
2 253 272 271
2 254 312 275
2 297 312 254
2 301 258 266
2 272 258 311
2 311 258 301
2 300 264 265
2 264 320 298
2 320 264 300
2 265 279 310
2 265 310 300
2 266 278 306
2 266 306 301
2 307 267 270
2 267 307 279
2 316 270 299
2 270 326 307
2 326 270 316
2 305 271 272
2 271 305 299
2 311 305 272
2 274 334 280
2 333 274 281
2 334 274 333
2 275 315 286
2 345 275 312
2 275 345 315
2 330 278 286
2 306 278 321
2 278 330 321
2 322 279 307
2 279 322 310
2 334 297 280
2 342 281 290
2 281 335 333
2 281 342 335
2 315 330 286
2 342 290 298
2 312 297 359
2 334 359 297
2 366 298 320
2 298 366 342
2 344 299 305
2 299 344 316
2 300 310 347
2 320 300 346
2 346 300 347
2 325 301 306
2 311 301 340
2 301 325 340
2 311 343 305
2 378 305 343
2 305 378 344
2 306 321 348
2 306 348 325
2 307 349 322
2 349 307 326
2 364 310 322
2 310 371 347
2 371 310 364
2 340 343 311
2 345 312 365
2 359 365 312
2 315 370 330
2 367 315 345
2 370 315 367
2 316 375 326
2 373 316 344
2 375 316 373
2 346 384 320
2 320 384 366
2 386 321 330
2 379 348 321
2 321 386 379
2 380 322 349
2 322 380 364
2 325 374 340
2 391 325 348
2 325 391 374
2 326 392 349
2 375 392 326
2 406 330 370
2 330 406 386
2 333 402 334
2 397 333 335
2 402 333 397
2 334 402 359
2 411 335 342
2 335 403 397
2 335 411 403
2 343 340 372
2 340 412 372
2 412 340 374
2 420 342 366
2 342 420 411
2 378 343 372
2 401 373 344
2 401 344 378
2 345 365 400
2 367 345 400
2 393 346 347
2 346 429 384
2 429 346 393
2 371 393 347
2 391 348 379
2 349 392 380
2 365 359 419
2 359 402 419
2 364 446 371
2 425 364 380
2 364 425 446
2 365 432 400
2 365 419 432
2 366 384 433
2 366 433 420
2 370 367 426
2 367 400 428
2 426 367 428
2 370 426 406
2 371 427 393
2 371 470 427
2 470 371 446
2 372 486 378
2 449 372 412
2 372 449 486
2 373 451 375
2 450 373 401
2 451 373 450
2 447 374 391
2 374 447 412
2 375 448 392
2 375 501 448
2 501 375 451
2 477 401 378
2 378 486 477
2 467 379 386
2 379 444 391
2 444 379 467
2 445 380 392
2 425 380 468
2 468 380 445
2 475 384 429
2 384 455 433
2 384 475 455
2 483 386 406
2 386 483 467
2 447 391 444
2 392 448 445
2 460 393 427
2 393 460 429
2 397 488 402
2 403 485 397
2 488 397 485
2 400 505 428
2 400 432 474
2 505 400 474
2 401 477 450
2 402 493 419
2 493 402 488
2 494 403 411
2 403 489 485
2 403 494 489
2 406 426 469
2 509 406 469
2 406 509 483
2 494 411 420
2 500 412 447
2 412 490 449
2 412 564 490
2 529 412 500
2 412 529 564
2 419 527 432
2 527 419 493
2 508 420 433
2 420 508 494
2 425 484 446
2 484 425 468
2 426 428 495
2 426 495 469
2 427 496 460
2 496 427 470
2 428 535 495
2 535 428 505
2 506 429 460
2 506 475 429
2 432 537 474
2 537 432 527
2 528 433 455
2 433 528 508
2 444 514 447
2 444 467 504
2 542 444 504
2 444 542 514
2 515 445 448
2 445 543 468
2 543 445 515
2 446 510 470
2 510 446 484
2 447 514 500
2 576 448 501
2 448 576 515
2 486 449 520
2 520 449 490
2 450 491 451
2 532 450 477
2 450 532 491
2 565 451 491
2 451 565 501
2 538 455 475
2 455 538 528
2 536 460 496
2 460 536 506
2 483 530 467
2 467 530 504
2 468 531 484
2 468 570 531
2 570 468 543
2 495 533 469
2 509 469 533
2 470 534 496
2 534 470 510
2 505 474 555
2 555 474 537
2 556 475 506
2 475 556 538
2 550 477 486
2 477 550 532
2 509 548 483
2 483 548 530
2 484 549 510
2 549 484 531
2 485 585 488
2 489 583 485
2 585 485 583
2 544 486 520
2 550 486 544
2 488 594 493
2 594 488 585
2 595 489 494
2 489 586 583
2 489 595 586
2 490 589 520
2 607 490 564
2 490 607 589
2 532 590 491
2 491 608 565
2 491 590 608
2 493 605 527
2 605 493 594
2 595 494 508
2 495 571 533
2 495 535 571
2 572 496 534
2 496 572 536
2 575 500 514
2 500 612 529
2 612 500 575
2 613 501 565
2 501 613 576
2 530 569 504
2 504 620 542
2 620 504 569
2 591 535 505
2 591 505 555
2 592 506 536
2 506 592 556
2 606 508 528
2 508 606 595
2 509 533 573
2 548 509 573
2 510 574 534
2 574 510 549
2 634 514 542
2 575 514 634
2 515 584 543
2 515 576 584
2 520 589 544
2 527 638 537
2 638 527 605
2 619 528 538
2 528 619 606
2 529 672 564
2 672 529 612
2 548 600 530
2 530 600 569
2 531 601 549
2 601 531 570
2 615 532 550
2 532 615 590
2 571 616 533
2 533 616 573
2 534 617 572
2 617 534 574
2 571 535 624
2 591 624 535
2 625 536 572
2 536 625 592
2 555 537 638
2 556 639 538
2 538 639 619
2 669 542 620
2 542 669 634
2 543 621 570
2 670 543 584
2 543 670 621
2 544 615 550
2 677 544 589
2 615 544 677
2 548 573 632
2 632 600 548
2 549 633 574
2 633 549 601
2 591 555 659
2 555 638 659
2 660 556 592
2 660 639 556
2 564 720 607
2 672 720 564
2 608 721 565
2 565 673 613
2 673 565 721
2 600 650 569
2 569 650 620
2 570 651 601
2 651 570 621
2 616 571 661
2 571 624 661
2 662 572 617
2 572 662 625
2 663 573 616
2 632 573 663
2 574 664 617
2 664 574 633
2 575 703 612
2 634 703 575
2 584 576 668
2 613 704 576
2 576 704 668
2 692 585 583
2 691 583 586
2 692 583 691
2 715 584 668
2 584 715 670
2 594 585 692
2 696 586 595
2 586 693 691
2 586 696 693
2 642 589 607
2 589 642 677
2 590 649 608
2 667 590 615
2 590 667 649
2 591 685 624
2 591 659 685
2 686 592 625
2 592 686 660
2 605 594 695
2 594 692 695
2 696 595 606
2 681 600 632
2 600 681 650
2 601 682 633
2 682 601 651
2 638 605 705
2 605 695 705
2 706 606 619
2 606 706 696
2 607 758 642
2 758 607 720
2 759 608 649
2 608 759 721
2 612 744 672
2 744 612 703
2 613 673 788
2 613 788 704
2 615 678 667
2 678 615 677
2 616 661 697
2 616 697 663
2 617 698 662
2 698 617 664
2 725 619 639
2 619 725 706
2 650 700 620
2 620 700 669
2 621 701 651
2 701 621 670
2 661 624 716
2 716 624 685
2 717 625 662
2 625 717 686
2 632 663 708
2 681 632 708
2 633 709 664
2 709 633 682
2 714 634 669
2 634 770 703
2 770 634 714
2 659 638 742
2 638 705 742
2 743 639 660
2 639 743 725
2 642 809 677
2 793 642 758
2 809 642 793
2 800 649 667
2 649 800 759
2 733 650 681
2 733 700 650
2 651 734 682
2 734 651 701
2 659 773 685
2 659 742 773
2 774 660 686
2 660 774 743
2 661 755 697
2 661 716 755
2 698 756 662
2 662 756 717
2 750 663 697
2 663 750 708
2 751 698 664
2 709 751 664
2 821 667 678
2 667 821 800
2 704 818 668
2 668 771 715
2 668 818 771
2 669 700 762
2 669 823 714
2 762 823 669
2 670 763 701
2 824 670 715
2 763 670 824
2 672 815 720
2 744 815 672
2 721 851 673
2 788 673 851
2 677 825 678
2 677 809 825
2 678 825 821
2 681 708 779
2 681 779 733
2 682 780 709
2 839 682 734
2 682 839 780
2 685 794 716
2 773 794 685
2 795 686 717
2 686 795 774
2 828 692 691
2 822 691 693
2 828 691 822
2 695 692 828
2 831 693 696
2 693 829 822
2 693 831 829
2 705 695 830
2 695 828 830
2 831 696 706
2 697 801 750
2 801 697 755
2 751 802 698
2 698 802 756
2 733 798 700
2 762 700 865
2 700 798 865
2 701 799 734
2 701 763 799
2 703 862 744
2 817 703 770
2 862 703 817
2 704 788 904
2 863 818 704
2 863 704 904
2 742 705 843
2 705 830 843
2 844 706 725
2 706 844 831
2 806 708 750
2 708 806 779
2 709 807 751
2 780 807 709
2 714 880 770
2 880 714 823
2 771 881 715
2 881 824 715
2 716 835 755
2 835 716 794
2 756 836 717
2 717 836 795
2 720 874 758
2 874 720 815
2 721 759 894
2 721 894 851
2 854 725 743
2 725 854 844
2 838 733 779
2 838 798 733
2 839 734 799
2 895 773 742
2 742 843 877
2 895 742 877
2 878 743 774
2 743 878 854
2 744 903 815
2 903 744 862
2 856 750 801
2 750 913 806
2 913 750 856
2 751 857 802
2 807 857 751
2 755 875 801
2 875 755 835
2 756 802 876
2 836 756 876
2 758 915 793
2 915 758 874
2 759 800 879
2 879 850 759
2 850 894 759
2 762 929 823
2 929 762 865
2 763 866 799
2 930 763 824
2 763 930 866
2 770 933 817
2 933 770 880
2 818 934 771
2 934 881 771
2 773 895 794
2 896 774 795
2 774 896 878
2 872 779 806
2 779 872 838
2 780 873 807
2 886 780 839
2 780 886 873
2 943 788 851
2 788 943 904
2 793 948 809
2 948 793 915
2 794 927 835
2 895 927 794
2 928 795 836
2 795 928 896
2 838 901 798
2 865 798 970
2 970 798 901
2 799 902 839
2 866 971 799
2 799 971 902
2 889 800 821
2 800 889 879
2 801 918 856
2 875 918 801
2 857 919 802
2 802 919 876
2 806 913 872
2 807 914 857
2 975 807 873
2 807 975 914
2 809 960 825
2 948 960 809
2 815 1009 874
2 979 815 903
2 1009 815 979
2 817 986 862
2 986 817 933
2 818 863 987
2 818 987 934
2 893 821 825
2 889 821 893
2 958 828 822
2 957 822 829
2 958 822 957
2 823 993 880
2 993 823 929
2 881 994 824
2 824 994 930
2 825 960 893
2 830 828 958
2 967 829 831
2 829 959 957
2 829 967 959
2 843 830 966
2 830 958 966
2 967 831 844
2 835 955 875
2 955 835 927
2 836 876 956
2 836 956 928
2 938 838 872
2 838 1011 901
2 1011 838 938
2 839 902 886
2 877 843 984
2 843 966 984
2 985 844 854
2 844 985 967
2 935 850 879
2 850 935 894
2 1039 851 894
2 851 1010 943
2 1039 1010 851
2 997 854 878
2 854 997 985
2 856 965 913
2 918 968 856
2 856 968 965
2 1030 857 914
2 857 969 919
2 857 1030 969
2 862 1031 903
2 1031 862 986
2 904 1032 863
2 987 863 1032
2 929 865 988
2 865 970 988
2 930 1043 866
2 866 1043 971
2 974 872 913
2 872 974 938
2 996 873 886
2 873 996 975
2 874 1063 915
2 1063 874 1009
2 875 1006 918
2 1006 875 955
2 919 1007 876
2 1007 956 876
2 895 877 1017
2 877 984 1017
2 1018 878 896
2 878 1018 997
2 952 879 889
2 879 952 935
2 880 995 933
2 995 880 993
2 934 1058 881
2 881 1058 994
2 1012 886 902
2 996 886 1064
2 1064 886 1012
2 963 889 893
2 889 963 952
2 963 893 960
2 894 935 1082
2 894 1082 1039
2 927 895 1041
2 895 1017 1041
2 1042 896 928
2 896 1042 1018
2 901 1047 970
2 1047 901 1011
2 902 971 1012
2 903 1122 979
2 1076 903 1031
2 903 1076 1122
2 904 943 1077
2 904 1077 1032
2 913 965 974
2 1095 914 975
2 914 1095 1030
2 915 1092 948
2 1092 915 1063
2 918 1052 968
2 1052 918 1006
2 1053 919 969
2 919 1053 1007
2 927 1070 955
2 927 1041 1070
2 956 1071 928
2 928 1071 1042
2 988 1054 929
2 993 929 1054
2 1055 930 994
2 930 1055 1043
2 933 1046 986
2 1046 933 995
2 987 1113 934
2 1058 934 1113
2 935 952 1111
2 935 1111 1082
2 1050 938 974
2 938 1086 1011
2 1086 938 1050
2 943 1010 1156
2 943 1156 1077
2 1123 960 948
2 948 1092 1123
2 952 963 1129
2 952 1129 1111
2 955 1105 1006
2 1105 955 1070
2 1007 1106 956
2 956 1106 1071
2 1127 958 957
2 1126 957 959
2 1127 957 1126
2 966 958 1127
2 1133 959 967
2 959 1128 1126
2 959 1133 1128
2 960 1129 963
2 960 1123 1129
2 1091 965 968
2 965 1037 974
2 1091 1037 965
2 984 966 1132
2 966 1127 1132
2 1133 967 985
2 1103 968 1052
2 968 1103 1091
2 1168 969 1030
2 1104 1053 969
2 969 1168 1104
2 1102 988 970
2 1084 970 1047
2 1084 1102 970
2 971 1085 1012
2 1043 1085 971
2 1050 974 1037
2 996 1051 975
2 1141 975 1051
2 1095 975 1141
2 979 1155 1009
2 979 1122 1155
2 1145 1017 984
2 984 1132 1145
2 1146 985 997
2 985 1146 1133
2 986 1046 1031
2 1169 987 1032
2 987 1169 1113
2 1054 988 1180
2 1180 988 1102
2 993 1118 995
2 1118 993 1054
2 994 1119 1055
2 1119 994 1058
2 995 1112 1046
2 995 1118 1112
2 996 1087 1051
2 1087 996 1064
2 1160 997 1018
2 997 1160 1146
2 1006 1153 1052
2 1153 1006 1105
2 1007 1053 1198
2 1007 1154 1106
2 1007 1198 1154
2 1009 1212 1063
2 1009 1155 1212
2 1010 1039 1190
2 1010 1190 1156
2 1165 1047 1011
2 1086 1165 1011
2 1012 1166 1064
2 1166 1012 1085
2 1041 1017 1182
2 1182 1017 1145
2 1183 1018 1042
2 1018 1183 1160
2 1229 1030 1095
2 1030 1229 1168
2 1097 1031 1046
2 1031 1151 1076
2 1151 1031 1097
2 1152 1032 1077
2 1169 1032 1152
2 1037 1140 1050
2 1164 1037 1091
2 1037 1164 1140
2 1039 1082 1228
2 1039 1228 1190
2 1203 1070 1041
2 1041 1182 1203
2 1204 1042 1071
2 1042 1204 1183
2 1181 1043 1055
2 1043 1163 1085
2 1043 1181 1163
2 1046 1112 1097
2 1165 1084 1047
2 1050 1215 1086
2 1215 1050 1140
2 1087 1216 1051
2 1051 1216 1141
2 1052 1247 1103
2 1197 1052 1153
2 1247 1052 1197
2 1053 1104 1198
2 1118 1054 1240
2 1180 1240 1054
2 1055 1119 1241
2 1055 1241 1181
2 1184 1058 1113
2 1058 1184 1119
2 1092 1063 1251
2 1063 1212 1227
2 1063 1227 1251
2 1166 1087 1064
2 1105 1070 1223
2 1203 1223 1070
2 1224 1071 1106
2 1071 1224 1204
2 1076 1151 1122
2 1077 1194 1152
2 1194 1077 1156
2 1082 1111 1252
2 1082 1252 1228
2 1084 1221 1102
2 1242 1084 1165
2 1221 1084 1242
2 1243 1085 1163
2 1085 1243 1166
2 1086 1285 1165
2 1285 1086 1215
2 1087 1166 1286
2 1087 1286 1216
2 1167 1091 1103
2 1091 1167 1164
2 1092 1260 1123
2 1092 1251 1260
2 1095 1141 1270
2 1095 1270 1229
2 1225 1097 1112
2 1097 1217 1151
2 1217 1097 1225
2 1102 1221 1180
2 1103 1247 1167
2 1104 1168 1248
2 1104 1248 1198
2 1105 1265 1153
2 1105 1223 1265
2 1266 1106 1154
2 1106 1266 1224
2 1111 1129 1271
2 1111 1271 1252
2 1118 1238 1112
2 1112 1238 1225
2 1226 1113 1169
2 1113 1226 1184
2 1118 1240 1238
2 1119 1184 1239
2 1241 1119 1239
2 1193 1122 1151
2 1155 1122 1222
2 1193 1222 1122
2 1123 1272 1129
2 1123 1260 1272
2 1126 1294 1127
2 1128 1290 1126
2 1294 1126 1290
2 1127 1294 1132
2 1133 1301 1128
2 1128 1295 1290
2 1128 1301 1295
2 1129 1273 1271
2 1129 1272 1273
2 1132 1300 1145
2 1300 1132 1294
2 1301 1133 1146
2 1140 1164 1269
2 1140 1356 1215
2 1140 1269 1356
2 1357 1141 1216
2 1141 1357 1270
2 1145 1334 1182
2 1334 1145 1300
2 1335 1146 1160
2 1146 1335 1301
2 1151 1217 1193
2 1152 1218 1169
2 1152 1194 1258
2 1152 1258 1218
2 1153 1311 1197
2 1311 1153 1265
2 1154 1198 1366
2 1154 1312 1266
2 1154 1366 1312
2 1212 1155 1256
2 1222 1256 1155
2 1257 1156 1190
2 1156 1257 1194
2 1335 1160 1183
2 1259 1163 1181
2 1243 1163 1259
2 1305 1164 1167
2 1164 1305 1269
2 1165 1339 1242
2 1165 1285 1339
2 1340 1166 1243
2 1166 1340 1286
2 1313 1167 1247
2 1167 1313 1305
2 1392 1168 1229
2 1168 1314 1248
2 1168 1392 1314
2 1169 1218 1274
2 1169 1274 1226
2 1296 1180 1221
2 1180 1296 1240
2 1181 1241 1297
2 1297 1259 1181
2 1384 1203 1182
2 1360 1182 1334
2 1360 1384 1182
2 1183 1204 1361
2 1183 1361 1335
2 1239 1184 1226
2 1309 1190 1228
2 1190 1309 1257
2 1193 1217 1326
2 1222 1193 1378
2 1193 1326 1378
2 1194 1257 1293
2 1194 1293 1258
2 1197 1330 1247
2 1365 1197 1311
2 1197 1365 1330
2 1366 1198 1248
2 1414 1223 1203
2 1414 1203 1384
2 1204 1224 1385
2 1204 1385 1361
2 1212 1393 1227
2 1256 1367 1212
2 1367 1393 1212
2 1215 1444 1285
2 1215 1356 1444
2 1286 1445 1216
2 1445 1357 1216
2 1217 1225 1362
2 1217 1362 1326
2 1218 1258 1327
2 1218 1327 1274
2 1242 1275 1221
2 1221 1275 1369
2 1221 1369 1296
2 1256 1222 1410
2 1222 1378 1410
2 1265 1223 1457
2 1457 1223 1414
2 1224 1266 1415
2 1224 1415 1385
2 1225 1238 1373
2 1225 1373 1362
2 1226 1374 1239
2 1226 1274 1427
2 1226 1427 1374
2 1227 1393 1251
2 1252 1413 1228
2 1309 1228 1413
2 1229 1270 1429
2 1392 1229 1429
2 1238 1240 1382
2 1238 1382 1373
2 1239 1383 1241
2 1239 1374 1383
2 1380 1240 1296
2 1240 1380 1382
2 1297 1241 1381
2 1241 1383 1381
2 1275 1242 1419
2 1242 1339 1419
2 1323 1243 1259
2 1243 1323 1470
2 1340 1243 1420
2 1243 1470 1420
2 1247 1330 1313
2 1418 1248 1314
2 1418 1366 1248
2 1251 1426 1260
2 1251 1393 1412
2 1251 1412 1426
2 1252 1271 1439
2 1252 1439 1413
2 1367 1256 1410
2 1257 1333 1293
2 1309 1368 1257
2 1257 1368 1333
2 1258 1293 1379
2 1258 1379 1327
2 1259 1297 1370
2 1259 1370 1323
2 1260 1454 1272
2 1260 1426 1454
2 1265 1457 1311
2 1312 1458 1266
2 1266 1458 1415
2 1269 1305 1428
2 1269 1509 1356
2 1269 1428 1509
2 1270 1357 1510
2 1270 1510 1429
2 1271 1273 1455
2 1271 1455 1439
2 1272 1455 1273
2 1272 1454 1455
2 1274 1327 1476
2 1274 1476 1427
2 1275 1432 1369
2 1275 1419 1469
2 1469 1432 1275
2 1339 1285 1481
2 1444 1481 1285
2 1340 1482 1286
2 1286 1482 1445
2 1290 1399 1294
2 1400 1290 1295
2 1290 1400 1399
2 1293 1333 1411
2 1293 1411 1379
2 1294 1496 1300
2 1490 1294 1399
2 1294 1490 1496
2 1497 1295 1301
2 1295 1497 1400
2 1296 1369 1450
2 1296 1450 1380
2 1370 1297 1451
2 1451 1297 1381
2 1300 1530 1334
2 1300 1496 1530
2 1301 1335 1506
2 1301 1506 1497
2 1313 1472 1305
2 1305 1472 1428
2 1309 1394 1368
2 1309 1487 1394
2 1487 1309 1413
2 1311 1492 1365
2 1492 1311 1457
2 1312 1366 1542
2 1312 1493 1458
2 1312 1542 1493
2 1484 1313 1330
2 1313 1484 1472
2 1473 1314 1392
2 1418 1314 1485
2 1314 1473 1485
2 1433 1323 1370
2 1433 1503 1323
2 1323 1503 1470
2 1475 1326 1362
2 1326 1523 1378
2 1326 1475 1523
2 1327 1379 1524
2 1327 1524 1476
2 1508 1330 1365
2 1330 1508 1484
2 1333 1368 1447
2 1333 1447 1411
2 1334 1547 1360
2 1334 1530 1547
2 1335 1361 1506
2 1419 1339 1570
2 1339 1481 1570
2 1340 1420 1571
2 1340 1571 1482
2 1356 1552 1444
2 1356 1509 1552
2 1357 1445 1553
2 1357 1553 1510
2 1384 1360 1574
2 1360 1547 1574
2 1361 1385 1548
2 1361 1548 1506
2 1362 1373 1494
2 1494 1475 1362
2 1541 1365 1492
2 1365 1541 1508
2 1418 1613 1366
2 1366 1613 1542
2 1367 1471 1393
2 1367 1410 1446
2 1367 1446 1471
2 1368 1394 1447
2 1369 1432 1474
2 1369 1474 1450
2 1370 1511 1433
2 1511 1370 1451
2 1373 1382 1477
2 1373 1477 1494
2 1374 1478 1383
2 1374 1427 1495
2 1374 1495 1478
2 1410 1378 1556
2 1523 1556 1378
2 1379 1411 1557
2 1379 1557 1524
2 1380 1514 1382
2 1380 1450 1514
2 1515 1381 1383
2 1515 1451 1381
2 1382 1514 1477
2 1515 1383 1478
2 1414 1384 1614
2 1384 1574 1614
2 1385 1415 1575
2 1385 1575 1548
2 1473 1392 1429
2 1393 1471 1412
2 1447 1394 1537
2 1487 1563 1394
2 1394 1563 1537
2 1587 1399 1400
2 1399 1586 1490
2 1399 1587 1586
2 1587 1400 1497
2 1446 1410 1591
2 1556 1591 1410
2 1411 1447 1592
2 1411 1592 1557
2 1412 1486 1426
2 1562 1412 1471
2 1486 1412 1562
2 1413 1439 1501
2 1413 1501 1487
2 1414 1660 1457
2 1660 1414 1614
2 1615 1415 1458
2 1415 1615 1575
2 1418 1485 1685
2 1613 1418 1685
2 1419 1627 1469
2 1419 1570 1627
2 1628 1420 1470
2 1420 1628 1571
2 1426 1520 1454
2 1426 1486 1578
2 1426 1578 1520
2 1427 1476 1545
2 1427 1545 1495
2 1603 1428 1472
2 1428 1693 1509
2 1693 1428 1603
2 1429 1604 1473
2 1655 1429 1510
2 1429 1655 1604
2 1502 1432 1469
2 1432 1502 1474
2 1433 1540 1503
2 1433 1511 1540
2 1439 1455 1521
2 1439 1521 1501
2 1444 1658 1481
2 1605 1444 1552
2 1605 1658 1444
2 1659 1445 1482
2 1445 1606 1553
2 1445 1659 1606
2 1446 1631 1471
2 1446 1591 1631
2 1447 1537 1632
2 1447 1632 1592
2 1450 1474 1546
2 1450 1546 1514
2 1511 1451 1515
2 1454 1608 1455
2 1454 1520 1608
2 1455 1609 1521
2 1455 1608 1609
2 1457 1660 1492
2 1596 1458 1493
2 1661 1458 1596
2 1661 1615 1458
2 1469 1673 1502
2 1469 1627 1673
2 1503 1674 1470
2 1674 1628 1470
2 1471 1631 1562
2 1558 1472 1484
2 1472 1558 1603
2 1473 1559 1485
2 1604 1559 1473
2 1474 1502 1585
2 1474 1585 1546
2 1494 1544 1475
2 1523 1475 1593
2 1544 1593 1475
2 1476 1524 1594
2 1476 1594 1545
2 1477 1646 1494
2 1576 1477 1514
2 1477 1576 1646
2 1647 1478 1495
2 1577 1515 1478
2 1478 1647 1577
2 1739 1570 1481
2 1481 1658 1739
2 1482 1571 1740
2 1740 1659 1482
2 1684 1484 1508
2 1558 1484 1684
2 1485 1559 1751
2 1485 1751 1685
2 1486 1562 1578
2 1487 1501 1579
2 1487 1579 1563
2 1490 1702 1496
2 1697 1490 1586
2 1702 1490 1697
2 1492 1595 1541
2 1660 1595 1492
2 1493 1542 1657
2 1493 1657 1596
2 1544 1494 1695
2 1494 1646 1695
2 1495 1545 1696
2 1495 1696 1647
2 1496 1710 1530
2 1496 1702 1710
2 1711 1497 1506
2 1497 1703 1587
2 1711 1703 1497
2 1521 1598 1501
2 1501 1598 1579
2 1502 1675 1585
2 1502 1673 1675
2 1503 1540 1742
2 1503 1742 1674
2 1748 1506 1548
2 1748 1711 1506
2 1508 1541 1708
2 1508 1708 1684
2 1509 1731 1552
2 1731 1509 1693
2 1553 1694 1510
2 1510 1694 1655
2 1515 1580 1511
2 1511 1633 1540
2 1511 1580 1633
2 1514 1546 1662
2 1514 1662 1576
2 1515 1577 1663
2 1515 1663 1580
2 1578 1597 1520
2 1520 1597 1608
2 1521 1609 1598
2 1556 1523 1643
2 1523 1593 1643
2 1524 1557 1644
2 1594 1524 1644
2 1530 1747 1547
2 1725 1530 1710
2 1747 1530 1725
2 1563 1654 1537
2 1537 1654 1632
2 1540 1633 1742
2 1656 1541 1595
2 1708 1541 1656
2 1542 1613 1709
2 1542 1709 1657
2 1544 1732 1593
2 1544 1695 1732
2 1594 1733 1545
2 1696 1545 1733
2 1546 1585 1667
2 1724 1662 1546
2 1667 1724 1546
2 1547 1775 1574
2 1547 1747 1775
2 1776 1548 1575
2 1776 1748 1548
2 1781 1605 1552
2 1781 1552 1731
2 1553 1606 1782
2 1694 1553 1782
2 1591 1556 1678
2 1643 1678 1556
2 1557 1592 1679
2 1557 1679 1644
2 1603 1558 1796
2 1750 1558 1684
2 1796 1558 1750
2 1604 1797 1559
2 1559 1797 1751
2 1562 1669 1578
2 1562 1631 1653
2 1562 1653 1669
2 1563 1579 1670
2 1563 1670 1654
2 1570 1788 1627
2 1570 1739 1788
2 1628 1789 1571
2 1789 1740 1571
2 1574 1818 1614
2 1818 1574 1775
2 1819 1575 1615
2 1819 1776 1575
2 1646 1576 1712
2 1712 1576 1662
2 1577 1647 1713
2 1577 1713 1663
2 1578 1669 1597
2 1579 1598 1670
2 1580 1736 1633
2 1580 1663 1805
2 1580 1805 1736
2 1585 1675 1667
2 1795 1586 1587
2 1586 1790 1697
2 1586 1795 1790
2 1795 1587 1703
2 1591 1700 1631
2 1591 1678 1700
2 1592 1632 1701
2 1592 1701 1679
2 1593 1769 1643
2 1593 1732 1769
2 1594 1644 1770
2 1594 1770 1733
2 1595 1800 1656
2 1800 1595 1660
2 1657 1846 1596
2 1661 1596 1801
2 1596 1846 1801
2 1597 1686 1608
2 1597 1669 1743
2 1597 1743 1686
2 1598 1609 1687
2 1598 1744 1670
2 1598 1687 1744
2 1786 1693 1603
2 1603 1835 1786
2 1835 1603 1796
2 1737 1604 1655
2 1604 1737 1797
2 1781 1658 1605
2 1606 1659 1827
2 1782 1606 1827
2 1609 1608 1690
2 1608 1686 1690
2 1609 1690 1687
2 1772 1613 1685
2 1613 1772 1709
2 1614 1749 1660
2 1614 1818 1749
2 1661 1847 1615
2 1847 1819 1615
2 1627 1831 1673
2 1627 1788 1831
2 1628 1674 1832
2 1628 1832 1789
2 1631 1700 1653
2 1632 1654 1701
2 1633 1736 1742
2 1678 1643 1812
2 1643 1769 1812
2 1679 1813 1644
2 1770 1644 1813
2 1646 1759 1695
2 1646 1712 1759
2 1647 1696 1760
2 1713 1647 1760
2 1653 1806 1669
2 1653 1700 1793
2 1653 1793 1806
2 1654 1670 1807
2 1654 1794 1701
2 1654 1807 1794
2 1655 1694 1787
2 1655 1787 1737
2 1656 1845 1708
2 1845 1656 1800
2 1657 1709 1893
2 1657 1893 1846
2 1906 1739 1658
2 1860 1658 1781
2 1658 1860 1906
2 1907 1659 1740
2 1659 1907 1827
2 1660 1749 1800
2 1847 1661 1801
2 1662 1724 1712
2 1663 1713 1855
2 1663 1855 1805
2 1675 1785 1667
2 1724 1667 1868
2 1785 1868 1667
2 1669 1806 1743
2 1670 1744 1807
2 1673 1898 1675
2 1673 1831 1898
2 1674 1742 1832
2 1932 1785 1675
2 1675 1898 1932
2 1678 1836 1700
2 1678 1812 1836
2 1679 1701 1837
2 1679 1837 1813
2 1771 1684 1708
2 1684 1771 1750
2 1772 1685 1751
2 1686 1826 1690
2 1686 1743 1823
2 1686 1823 1826
2 1687 1690 1826
2 1687 1824 1744
2 1687 1826 1824
2 1693 1786 1731
2 1694 1782 1861
2 1694 1861 1787
2 1732 1695 1810
2 1810 1695 1759
2 1696 1733 1811
2 1696 1811 1760
2 1697 1880 1702
2 1874 1697 1790
2 1880 1697 1874
2 1700 1836 1793
2 1701 1794 1837
2 1702 1894 1710
2 1894 1702 1880
2 1895 1703 1711
2 1703 1881 1795
2 1895 1881 1703
2 1892 1771 1708
2 1708 1845 1892
2 1772 1863 1709
2 1893 1709 1863
2 1710 1913 1725
2 1913 1710 1894
2 1928 1711 1748
2 1928 1895 1711
2 1724 1854 1712
2 1712 1966 1759
2 1854 1966 1712
2 1713 1760 1967
2 1967 1855 1713
2 1724 1868 1854
2 1725 1927 1747
2 1913 1927 1725
2 1731 1828 1781
2 1828 1731 1786
2 1769 1732 1908
2 1732 1810 1908
2 1770 1909 1733
2 1811 1733 1909
2 1742 1736 1933
2 2020 1736 1805
2 1933 1736 1959
2 2020 1959 1736
2 1865 1737 1787
2 1737 1865 1797
2 1945 1788 1739
2 1906 1945 1739
2 1740 1789 1946
2 1740 1946 1907
2 1899 1832 1742
2 1899 1742 1933
2 1743 1806 1820
2 1743 1820 1823
2 1744 1871 1807
2 1744 1824 1871
2 1747 1951 1775
2 1951 1747 1927
2 1952 1748 1776
2 1952 1928 1748
2 1968 1800 1749
2 1749 1818 1930
2 1930 1968 1749
2 1848 1750 1771
2 1848 1796 1750
2 1751 1849 1772
2 1849 1751 1797
2 1759 2008 1810
2 1966 2008 1759
2 1760 1811 1967
2 1769 1935 1812
2 1769 1908 1935
2 1770 1813 1936
2 1770 1936 1909
2 1771 2019 1848
2 1950 1771 1892
2 1950 2019 1771
2 1863 1772 1849
2 1775 1990 1818
2 1990 1775 1951
2 1991 1776 1819
2 1991 1952 1776
2 1781 1828 1910
2 1781 1910 1860
2 1782 1827 1911
2 1782 1911 1861
2 1785 1886 1868
2 1886 1785 1932
2 1786 1864 1828
2 1864 1786 1835
2 1787 1861 1912
2 1787 1912 1865
2 1788 1988 1831
2 1788 1945 1988
2 1789 1832 1989
2 1789 1989 1946
2 1960 1790 1795
2 1790 1958 1874
2 1790 1960 1958
2 1793 1851 1806
2 1793 1836 1851
2 1794 1807 1852
2 1794 1852 1837
2 1960 1795 1881
2 1796 1917 1835
2 1917 1796 1848
2 1849 1797 1918
2 1918 1797 1865
2 1800 1968 1845
2 1846 2016 1801
2 1801 1969 1847
2 1801 2016 1969
2 1805 1855 2020
2 1820 1806 1862
2 1806 1851 1862
2 1807 1871 1852
2 1810 2008 1908
2 1811 1909 2009
2 1811 2009 1967
2 1812 1956 1836
2 1812 1935 1956
2 1813 1837 1957
2 1813 1957 1936
2 1818 1990 1930
2 1931 1819 1847
2 1991 1819 1931
2 1820 1878 1823
2 1820 1862 1878
2 1823 1878 1826
2 1824 1826 1879
2 1824 1879 1871
2 1879 1826 1878
2 1911 1827 1907
2 1828 1864 1948
2 1828 1948 1910
2 1978 1898 1831
2 1978 1831 1988
2 1832 1899 1989
2 1835 1917 1864
2 1836 1986 1851
2 1836 1956 1986
2 1837 1852 1987
2 1837 1987 1957
2 1845 2015 1892
2 2015 1845 1968
2 1846 1893 2063
2 1846 2063 2016
2 1847 1969 1931
2 1917 1848 1964
2 1964 1848 2019
2 1849 1934 1863
2 1965 1849 1918
2 1934 1849 1965
2 1851 1998 1862
2 1851 1986 1998
2 1852 1871 1999
2 1852 1999 1987
2 1868 2067 1854
2 1966 1854 2067
2 1967 2068 1855
2 1855 2068 2020
2 1860 2033 1906
2 1860 1910 2033
2 1861 1911 1949
2 1861 1949 1912
2 1862 2003 1878
2 1862 1998 2003
2 1863 2038 1893
2 1863 1934 2091
2 1863 2091 2038
2 1917 1954 1864
2 1864 1954 1948
2 1955 1865 1912
2 1865 1955 1918
2 1868 1886 1947
2 1868 1947 2067
2 1871 1879 2004
2 1871 2004 1999
2 1874 2052 1880
2 2047 1874 1958
2 2052 1874 2047
2 1878 2012 1879
2 1878 2003 2012
2 1879 2012 2004
2 1880 2058 1894
2 2058 1880 2052
2 2059 1881 1895
2 1881 2053 1960
2 2059 2053 1881
2 1886 1932 2037
2 1886 2037 1947
2 1892 2062 1950
2 2062 1892 2015
2 2038 2063 1893
2 1894 2077 1913
2 2077 1894 2058
2 2083 1895 1928
2 2083 2059 1895
2 1898 1978 1932
2 1899 1933 1959
2 1899 1959 2099
2 1899 2179 1989
2 1899 2099 2179
2 1906 2092 1945
2 1906 2033 2092
2 1911 1907 2034
2 2066 1907 1946
2 1907 2066 2034
2 1908 4175 1935
2 1908 2008 2041
2 1908 2041 4175
2 1909 1936 2065
2 4031 2009 1909
2 4031 1909 2065
2 2072 1910 1948
2 1910 2072 2033
2 1911 2034 1949
2 2000 1912 1949
2 2000 1955 1912
2 1913 2082 1927
2 2082 1913 2077
2 1917 2007 1954
2 1964 2007 1917
2 2040 1918 1955
2 1918 2040 1965
2 1927 2102 1951
2 1927 2082 2102
2 2103 1928 1952
2 2103 2083 1928
2 2121 1968 1930
2 2084 1930 1990
2 2121 1930 2084
2 1931 1969 2122
2 1931 2085 1991
2 1931 2122 2085
2 1932 1978 2037
2 1934 1965 2120
2 1934 2120 2091
2 1935 2081 1956
2 1935 4175 2081
2 1957 2065 1936
2 1945 2126 1988
2 1945 2092 2126
2 1946 1989 2127
2 1946 2093 2066
2 1946 2127 2093
2 4036 1947 2037
2 1947 2298 2067
2 1947 4036 2298
2 2036 1948 1954
2 1948 2036 2072
2 2000 1949 2073
2 2073 1949 2034
2 1950 2090 2019
2 2105 1950 2062
2 1950 2105 2090
2 1951 2128 1990
2 1951 2102 2128
2 2129 1952 1991
2 2129 2103 1952
2 1954 2007 2039
2 1954 2039 2036
2 2078 1955 2000
2 2040 1955 2078
2 1956 2094 1986
2 1956 2081 2094
2 1957 1987 2095
2 2065 1957 2202
2 1957 2095 2202
2 1960 2118 1958
2 1958 2116 2047
2 1958 2118 2116
2 1959 2020 2146
2 1959 2146 2099
2 2118 1960 2053
2 2007 1964 2019
2 1965 2040 2120
2 1966 2130 2008
2 1966 2067 2096
2 1966 2096 2130
2 1967 2009 2097
2 1967 2097 2068
2 2160 2015 1968
2 2160 1968 2121
2 1969 2016 2161
2 1969 2161 2122
2 1978 1988 2178
2 1978 2226 2037
2 2178 2226 1978
2 1986 2108 1998
2 1986 2094 2108
2 1987 1999 2095
2 1988 2126 2178
2 2127 1989 2179
2 2128 2084 1990
2 1991 2085 2129
2 2108 2003 1998
2 1999 2004 2109
2 1999 2109 2095
2 2073 2101 2000
2 2101 2078 2000
2 2003 2125 2012
2 2108 2223 2003
2 2223 2125 2003
2 2004 2012 2123
2 2109 2004 2123
2 2119 2007 2019
2 2007 2173 2039
2 2007 2119 2173
2 2008 2130 2041
2 4031 2042 2009
2 2009 2042 5017
2 2009 5017 2097
2 2012 2125 2123
2 2015 2160 2062
2 2016 2063 2131
2 2016 2131 2161
2 2119 2019 2090
2 2020 2068 2146
2 2072 2204 2033
2 2092 2033 2204
2 2137 2034 2066
2 2137 2073 2034
2 2100 2036 2039
2 2036 2100 2072
2 2226 4036 2037
2 2038 2170 2063
2 2038 2091 2163
2 2038 2163 2170
2 2039 2210 2100
2 2210 2039 2173
2 2040 2078 2174
2 2040 2174 2120
2 2041 2130 2265
2 2041 2265 2275
2 4175 2041 2275
2 2042 2065 2276
2 4031 2065 2042
2 2242 2042 4047
2 5017 2042 2242
2 4047 2042 2276
2 2047 2182 2052
2 2177 2047 2116
2 2182 2047 2177
2 2052 2198 2058
2 2198 2052 2182
2 2199 2053 2059
2 2053 2183 2118
2 2199 2183 2053
2 2058 2207 2077
2 2207 2058 2198
2 2217 2059 2083
2 2217 2199 2059
2 2062 2203 2105
2 2203 2062 2160
2 2063 2170 2131
2 2065 2202 2276
2 2066 2093 2205
2 2137 2066 2205
2 2338 2096 2067
2 2338 2067 2298
2 2068 2097 2339
2 2068 2299 2146
2 2068 2339 2299
2 2072 2100 2136
2 2136 2204 2072
2 2073 2137 2101
2 2216 2082 2077
2 2077 2207 2216
2 2211 2078 2101
2 2174 2078 2211
2 2081 2312 2094
2 2275 2300 2081
2 4175 2275 2081
2 2081 2300 2312
2 2082 2227 2102
2 2082 2216 2227
2 2228 2083 2103
2 2228 2217 2083
2 2121 2084 2245
2 2084 2128 2218
2 2245 2084 2218
2 2085 2122 2246
2 2085 2219 2129
2 2085 2246 2219
2 2090 2105 2162
2 2090 2162 2119
2 2163 2091 2120
2 2224 2126 2092
2 2092 2204 2224
2 2093 2127 2225
2 2205 2093 2225
2 2094 2328 2108
2 2094 2312 2328
2 2095 2109 2313
2 2095 2313 2202
2 2096 2367 2130
2 2338 2367 2096
2 2339 2097 2242
2 5017 2242 2097
2 2099 2146 2355
2 2099 2355 2179
2 2100 2229 2136
2 2100 2210 2229
2 2101 2137 2230
2 2101 2230 2211
2 2102 2251 2128
2 2102 2227 2251
2 2252 2103 2129
2 2252 2228 2103
2 2105 2233 2162
2 2233 2105 2203
2 2223 2108 2328
2 2109 2123 2337
2 2109 2337 2313
2 2118 2239 2116
2 2116 2234 2177
2 2116 2239 2234
2 2239 2118 2183
2 2119 2162 2247
2 2119 2247 2173
2 2120 2248 2163
2 2120 2174 2248
2 2121 2268 2160
2 2268 2121 2245
2 2122 2161 2269
2 2122 2269 2246
2 2123 2125 2347
2 2337 2123 2344
2 2123 2347 2344
2 2125 2223 2347
2 2249 2178 2126
2 2249 2126 2224
2 2250 2127 2179
2 2127 2250 2225
2 2128 2251 2218
2 2129 2219 2252
2 2265 2130 2367
2 2131 2253 2161
2 2170 2286 2131
2 2131 2286 2253
2 2263 2204 2136
2 2136 2229 2263
2 2137 2205 2264
2 2137 2264 2230
2 2146 2299 3971
2 3971 2355 2146
2 2308 2203 2160
2 2308 2160 2268
2 2161 2253 2269
2 2162 2233 2270
2 2247 2162 2270
2 2163 2271 2170
2 2163 2248 2271
2 2170 2271 2286
2 2173 2290 2210
2 2173 2247 2290
2 2174 2211 2291
2 2174 2291 2248
2 2177 2292 2182
2 2287 2177 2234
2 2292 2177 2287
2 2178 2296 2226
2 2249 2296 2178
2 2179 2297 2250
2 2297 2179 2355
2 2182 2304 2198
2 2304 2182 2292
2 2305 2183 2199
2 2183 2293 2239
2 2305 2293 2183
2 2198 2314 2207
2 2314 2198 2304
2 2335 2199 2217
2 2335 2305 2199
2 2202 2301 2276
2 2202 2313 2301
2 2308 2233 2203
2 2315 2224 2204
2 2263 2315 2204
2 2205 2225 2316
2 2205 2316 2264
2 2207 2334 2216
2 2334 2207 2314
2 2210 2321 2229
2 2210 2290 2321
2 2211 2230 2322
2 2211 2322 2291
2 2216 2352 2227
2 2352 2216 2334
2 2353 2217 2228
2 2353 2335 2217
2 2218 2421 2245
2 2218 2251 2389
2 2218 2389 2421
2 2422 2219 2246
2 2219 2390 2252
2 2422 2390 2219
2 2223 2328 2336
2 2223 2336 2347
2 2350 2249 2224
2 2315 2350 2224
2 2225 2250 2351
2 2225 2351 2316
2 2226 2354 2266
2 4036 2226 2266
2 2226 2296 2354
2 2227 2375 2251
2 2227 2352 2375
2 2376 2228 2252
2 2376 2353 2228
2 2263 2229 2358
2 2229 2321 2358
2 2230 2264 2359
2 2230 2359 2322
2 2233 2361 2270
2 2308 2361 2233
2 2239 2360 2234
2 2234 2357 2287
2 2234 2360 2357
2 2360 2239 2293
2 2339 2242 2368
2 2368 2242 2386
2 4047 2386 2242
2 2245 2391 2268
2 2245 2421 2391
2 2246 2269 2392
2 2422 2246 2392
2 2247 2270 2373
2 2290 2247 2417
2 2247 2373 2417
2 2248 2374 2271
2 2248 2291 2374
2 2249 2369 2296
2 2350 2381 2249
2 2249 2381 2369
2 2250 2297 2382
2 2250 2382 2351
2 2251 2375 2389
2 2376 2252 2390
2 2253 2309 2269
2 2253 2286 2362
2 2253 2362 2309
2 2315 2263 2409
2 2263 2358 2409
2 2264 2316 2410
2 2359 2264 2410
2 2407 2275 2265
2 2265 2367 2385
2 2385 2407 2265
2 2266 2432 2298
2 4036 2266 2298
2 2532 2266 2354
2 2532 2432 2266
2 2435 2308 2268
2 2435 2268 2391
2 2269 2309 2436
2 2269 2436 2392
2 2270 2361 2399
2 2270 2399 2373
2 2271 2400 2286
2 2271 2374 2400
2 2424 2300 2275
2 2407 2424 2275
2 2276 2301 2425
2 2276 2408 2386
2 4047 2276 2386
2 2276 2425 2408
2 2286 2400 2362
2 2287 2411 2292
2 2411 2287 2357
2 2417 2321 2290
2 2291 2322 2418
2 2291 2418 2374
2 2292 2426 2304
2 2426 2292 2411
2 2427 2293 2305
2 2293 2414 2360
2 2427 2414 2293
2 2369 2354 2296
2 2297 2355 2459
2 2382 2297 2429
2 2429 2297 2459
2 2432 2338 2298
2 2339 2433 2299
2 3971 2299 2433
2 2300 2448 2312
2 2300 2424 2448
2 2301 2313 2449
2 2301 2449 2425
2 2304 2426 2314
2 2456 2305 2335
2 2456 2427 2305
2 2487 2361 2308
2 2487 2308 2435
2 2309 2362 2488
2 2309 2488 2436
2 2328 2312 2457
2 2312 2448 2457
2 2313 2337 2458
2 2313 2458 2449
2 2314 2444 2334
2 2444 2314 2426
2 2315 2481 2350
2 2481 2315 2409
2 2316 2351 2452
2 2316 2452 2410
2 2493 2358 2321
2 2417 2493 2321
2 2322 2359 2494
2 2322 2494 2418
2 2328 2457 2336
2 2352 2334 2475
2 2334 2444 2475
2 2456 2335 2353
2 2336 2468 2347
2 2336 2457 2468
2 2337 2344 2469
2 2337 2469 2458
2 2338 2504 2367
2 2432 2470 2338
2 2338 2470 2504
2 2339 2368 2471
2 2339 2471 2433
2 2344 2347 2472
2 2344 2472 2469
2 2347 2468 2472
2 2481 2381 2350
2 2351 2382 2482
2 2351 2482 2452
2 2352 2501 2375
2 2501 2352 2475
2 2376 2476 2353
2 2353 2476 2456
2 2369 2491 2354
2 2491 2532 2354
2 2355 2492 2459
2 2355 2533 2492
2 2533 2355 3971
2 2357 2360 2489
2 2357 2485 2411
2 2357 2489 2485
2 2513 2409 2358
2 2513 2358 2493
2 2359 2410 2514
2 2359 2514 2494
2 2360 2414 2489
2 2530 2399 2361
2 2530 2361 2487
2 2362 2400 2531
2 2362 2531 2488
2 2504 2385 2367
2 4073 2368 2386
2 2505 2471 2368
2 2368 4073 2505
2 2369 2381 2561
2 2369 2561 2491
2 2373 2399 2462
2 2373 2462 2417
2 2374 2463 2400
2 2374 2418 2463
2 2375 2518 2389
2 2375 2501 2518
2 2376 2390 2519
2 2376 2519 2476
2 2481 2507 2381
2 2507 2561 2381
2 2382 2429 2508
2 2382 2508 2482
2 2529 2407 2385
2 2504 2529 2385
2 2386 2408 4073
2 2389 2545 2421
2 2389 2518 2545
2 2546 2390 2422
2 2546 2519 2390
2 2391 2421 2576
2 2435 2391 2559
2 2391 2576 2559
2 2422 2392 2577
2 2392 2436 2560
2 2392 2560 2577
2 2399 2580 2462
2 2530 2580 2399
2 2400 2463 2581
2 2400 2581 2531
2 2553 2424 2407
2 2529 2553 2407
2 2408 2425 2554
2 2408 2554 4073
2 2569 2481 2409
2 2569 2409 2513
2 2410 2452 2514
2 2411 2555 2426
2 2411 2485 2537
2 2411 2537 2555
2 2414 2427 2544
2 2414 2544 2489
2 2417 2462 2547
2 2417 2547 2493
2 2418 2548 2463
2 2418 2494 2548
2 2421 2545 2576
2 2422 2577 2546
2 2424 2567 2448
2 2553 2567 2424
2 2425 2449 2568
2 2425 2568 2554
2 2426 2565 2444
2 2426 2555 2565
2 2427 2456 2566
2 2427 2566 2544
2 2429 2459 2562
2 2429 2562 2508
2 2432 2745 2470
2 2432 2532 2714
2 2745 2432 2714
2 2433 2471 2746
2 2433 2715 2533
2 3971 2433 2533
2 2433 2746 2715
2 2606 2487 2435
2 2435 2559 2606
2 2436 2488 2607
2 2436 2607 2560
2 2444 2599 2475
2 2444 2565 2599
2 2448 2587 2457
2 2587 2448 2567
2 2449 2458 2588
2 2449 2588 2568
2 2452 2482 2570
2 2452 2570 2514
2 2456 2476 2572
2 2456 2572 2566
2 2457 2610 2468
2 2610 2457 2587
2 2458 2469 2611
2 2458 2602 2588
2 2602 2458 2611
2 2492 2593 2459
2 2459 2593 2562
2 2462 2580 2547
2 2463 2548 2581
2 2468 2618 2472
2 2468 2610 2618
2 2469 2472 2621
2 2469 2621 2611
2 2470 2649 2504
2 2470 2745 2649
2 2471 2505 2746
2 2472 2618 2621
2 2475 2622 2501
2 2475 2599 2622
2 2476 2519 2623
2 2476 2623 2572
2 2612 2507 2481
2 2612 2481 2569
2 2482 2508 2613
2 2482 2613 2570
2 2485 2489 2609
2 2485 2608 2537
2 2485 2609 2608
2 2655 2530 2487
2 2655 2487 2606
2 2488 2531 2656
2 2488 2656 2607
2 2489 2544 2609
2 2491 2624 2532
2 2491 2561 2624
2 2492 2533 2593
2 2513 2493 2616
2 2493 2547 2616
2 2494 2514 2617
2 2494 2617 2548
2 2501 2647 2518
2 2647 2501 2622
2 2504 2649 2529
2 2505 2674 2903
2 2505 4073 2674
2 2505 2903 2746
2 2643 2561 2507
2 2612 2643 2507
2 2508 2562 2644
2 2508 2644 2613
2 2569 2513 2675
2 2513 2616 2675
2 2514 2570 2676
2 2514 2676 2617
2 2518 2671 2545
2 2518 2647 2671
2 2672 2519 2546
2 2519 2648 2623
2 2672 2648 2519
2 2673 2553 2529
2 2529 2649 2673
2 2530 2650 2580
2 2530 2655 2650
2 2531 2581 2708
2 2531 2708 2656
2 2532 2624 2664
2 2532 2664 2714
2 2593 2533 2729
2 2533 2715 2729
2 2537 2684 2555
2 2537 2608 2670
2 2537 2670 2684
2 2688 2544 2566
2 2544 2678 2609
2 2688 2678 2544
2 2545 2706 2576
2 2545 2671 2706
2 2707 2546 2577
2 2707 2672 2546
2 2580 2645 2547
2 2616 2547 2645
2 2548 2646 2581
2 2548 2617 2646
2 2553 2693 2567
2 2673 2693 2553
2 2554 2568 2694
2 2554 2694 2674
2 4073 2554 2674
2 2565 2555 2687
2 2555 2684 2687
2 2559 2576 2738
2 2559 2781 2606
2 2559 2738 2781
2 2560 2739 2577
2 2782 2560 2607
2 2782 2739 2560
2 2561 2636 2624
2 2561 2669 2636
2 2643 2669 2561
2 2562 2593 2695
2 2562 2695 2644
2 2565 2704 2599
2 2687 2704 2565
2 2705 2566 2572
2 2705 2688 2566
2 4391 2587 2567
2 4391 2567 2693
2 2568 2588 4167
2 2568 4167 2694
2 2569 2675 2612
2 2570 2613 2703
2 2570 2703 2676
2 2737 2572 2623
2 2737 2705 2572
2 2576 2706 2738
2 2707 2577 2739
2 2580 2650 2645
2 2581 2646 2708
2 2587 2876 2610
2 2876 2587 2991
2 2991 2587 4391
2 2602 2742 2588
2 2588 2742 4167
2 2593 2748 2695
2 2593 2729 2748
2 2599 2736 2622
2 2599 2704 2736
2 2752 2602 2611
2 2752 2742 2602
2 2606 2826 2655
2 2606 2781 2826
2 2827 2607 2656
2 2827 2782 2607
2 2608 2609 2723
2 2608 2720 2670
2 2608 2723 2720
2 2609 2678 2723
2 2610 2755 2618
2 2610 2876 2755
2 2611 2621 2752
2 2612 2728 2643
2 2675 2728 2612
2 2613 2644 2702
2 2702 2703 2613
2 2616 2645 2698
2 2616 2761 2675
2 2616 2698 2761
2 2725 2646 2617
2 2617 2676 2762
2 2725 2617 2762
2 2618 2755 2621
2 2621 3967 2752
2 2621 2755 3967
2 2622 2763 2647
2 2622 2736 2763
2 2623 2648 2764
2 2623 2764 2737
2 2624 2636 2747
2 2624 2747 2664
2 2636 2669 2760
2 2747 2636 2760
2 2669 2643 2701
2 2643 2728 2701
2 2644 2695 2726
2 2702 2644 2726
2 2645 2650 2698
2 2646 2759 2708
2 2759 2646 2725
2 2647 2786 2671
2 2647 2763 2786
2 2764 2648 2672
2 2902 2673 2649
2 2649 2745 2902
2 2655 2765 2650
2 2650 2758 2698
2 2650 2765 2758
2 2765 2655 2810
2 2655 2826 2810
2 2656 2708 2811
2 2656 2811 2827
2 2664 2796 2714
2 2747 2796 2664
2 2760 2669 2701
2 2670 2789 2684
2 2670 2720 2787
2 2670 2787 2789
2 2671 2812 2706
2 2671 2786 2812
2 2707 2813 2672
2 2672 2813 2764
2 2693 2673 2935
2 2902 2935 2673
2 2674 2694 2936
2 2674 2936 2903
2 2675 2788 2728
2 2675 2761 2768
2 2675 2768 2788
2 2676 2703 2769
2 2676 2769 2762
2 2688 2798 2678
2 2678 2790 2723
2 2678 2798 2790
2 2684 2806 2687
2 2684 2789 2806
2 2687 2806 2704
2 2688 2705 2823
2 2688 2823 2798
2 2959 2693 2935
2 2977 2693 2959
2 2693 2977 4391
2 2694 2960 2936
2 2694 2978 2960
2 2978 2694 4167
2 2695 2785 2726
2 2695 2748 2785
2 2698 2758 2808
2 2698 2808 2761
2 2701 2728 2770
2 2760 2701 2770
2 2771 2703 2702
2 2726 2771 2702
2 2703 2771 2769
2 2704 2836 2736
2 2704 2806 2836
2 2705 2737 2846
2 2705 2846 2823
2 2706 2844 2738
2 2706 2812 2844
2 2813 2707 2739
2 2708 2759 2857
2 2708 2857 2811
2 2839 2745 2714
2 2714 2796 2839
2 2729 2715 2797
2 2840 2715 2746
2 2715 2840 2797
2 2720 2723 2843
2 2720 2843 2787
2 2723 2790 2843
2 2725 2809 2759
2 2725 2762 2809
2 2726 2818 2771
2 2726 2785 2818
2 2770 2728 2788
2 2729 2797 2748
2 2763 2736 2861
2 2736 2836 2861
2 2737 2764 2846
2 2738 2879 2781
2 2738 2844 2879
2 2880 2739 2782
2 2739 2845 2813
2 2880 2845 2739
2 2742 2752 3021
2 3008 2992 2742
2 2992 4167 2742
2 3008 2742 3021
2 2839 2872 2745
2 2745 2872 2902
2 2840 2746 2873
2 2746 2903 2873
2 2760 2817 2747
2 2747 2858 2796
2 2817 2858 2747
2 2748 2797 2785
2 2752 3967 3021
2 2876 3027 2755
2 2755 3027 3967
2 2758 2765 2856
2 2758 2856 2808
2 2759 2809 2857
2 2760 2770 2817
2 2761 2860 2768
2 2808 2860 2761
2 2816 2762 2769
2 2809 2762 2816
2 2786 2763 2890
2 2890 2763 2861
2 2764 2813 2891
2 2764 2891 2846
2 2765 2810 2856
2 2768 2865 2788
2 2768 2860 2865
2 2769 2771 2822
2 2769 2866 2816
2 2769 2822 2866
2 2770 2788 2821
2 2821 2817 2770
2 2771 2818 2822
2 2826 2781 2917
2 2781 2879 2917
2 2782 2827 2918
2 2880 2782 2918
2 2797 2907 2785
2 2785 2859 2818
2 2785 2907 2859
2 2786 2912 2812
2 2786 2890 2912
2 2787 2894 2789
2 2787 2843 2894
2 2788 2865 2821
2 2789 2899 2806
2 2789 2894 2899
2 2790 2798 2895
2 2790 2895 2843
2 2796 2906 2839
2 2796 2858 2906
2 2797 2840 2907
2 2798 2823 2908
2 2798 2908 2895
2 2806 2926 2836
2 2806 2899 2926
2 2808 2856 2910
2 2808 2910 2860
2 2809 2816 2916
2 2809 2911 2857
2 2911 2809 2916
2 2810 2826 2961
2 2810 3003 2856
2 2810 2961 3003
2 2811 2962 2827
2 2811 2857 3004
2 2962 2811 3004
2 2812 2912 2844
2 2813 2845 2913
2 2813 2913 2891
2 2916 2816 2866
2 2821 2867 2817
2 2817 2867 2858
2 2818 2868 2822
2 2818 2859 2868
2 2821 2865 2923
2 2821 2923 2867
2 2822 2924 2866
2 2822 2868 2924
2 2823 2846 2937
2 2823 2937 2908
2 2826 2917 2961
2 2827 2962 2918
2 2836 2951 2861
2 2836 2926 2951
2 2839 2952 2872
2 2839 2906 2952
2 2840 2873 2953
2 2840 2953 2907
2 2843 2948 2894
2 2843 2895 2948
2 2844 2975 2879
2 2844 2912 2975
2 2845 2880 2976
2 2845 2976 2913
2 2846 2891 2968
2 2846 2968 2937
2 2910 2856 3049
2 2856 3003 3049
2 2857 2911 3004
2 2858 2867 2919
2 2858 2919 2906
2 2920 2868 2859
2 2920 2859 2907
2 2860 2971 2865
2 2860 2910 2965
2 2860 2965 2971
2 2861 2984 2890
2 2861 2951 2984
2 2865 2971 2923
2 2916 2866 2972
2 2972 2866 2924
2 2867 2923 2919
2 2868 2920 2924
2 2872 2966 2902
2 2872 2952 2985
2 2872 2985 2966
2 2873 2903 2967
2 2873 2986 2953
2 2986 2873 2967
2 2991 3007 2876
2 2876 3007 3027
2 2879 3013 2917
2 2879 2975 3013
2 2880 2918 3014
2 2880 3014 2976
2 2890 2984 2912
2 2891 2913 3010
2 2891 3010 2968
2 2894 2999 2899
2 2894 2948 2999
2 2895 2908 3017
2 2895 3000 2948
2 2895 3017 3000
2 2899 3016 2926
2 2899 2999 3016
2 2902 2966 2935
2 2903 2936 2967
2 2906 2919 2963
2 2906 2963 2952
2 2920 2907 2964
2 2964 2907 2953
2 2908 2937 3033
2 2908 3033 3017
2 2910 3049 2965
2 2916 3015 2911
2 2911 3050 3004
2 2911 3015 3050
2 2912 3034 2975
2 2912 2984 3034
2 2976 3065 2913
2 2913 3065 3010
2 2916 2972 3015
2 2917 3045 2961
2 2917 3013 3045
2 2918 2962 3014
2 2919 2923 3025
2 2919 3025 2963
2 2920 3026 2924
2 2920 2964 3026
2 2923 2971 3023
2 2923 3023 3025
2 2972 2924 3024
2 2924 3026 3024
2 2926 3032 2951
2 3016 3032 2926
2 2935 3053 2959
2 2935 2966 3053
2 2936 2960 3054
2 2936 3054 2967
2 2968 3033 2937
2 2948 2994 2999
2 2994 2948 3000
2 2951 3060 2984
2 2951 3032 3060
2 2952 2963 3005
2 2952 3005 2985
2 2964 2953 3006
2 2953 2986 3006
2 3080 2977 2959
2 3080 2959 3053
2 2960 2978 3081
2 2960 3081 3054
2 2961 3087 3003
2 2961 3045 3087
2 2962 3004 3088
2 2962 3088 3014
2 2963 3066 3005
2 2963 3025 3066
2 3110 2964 3006
2 3026 2964 3067
2 3110 3067 2964
2 2965 3062 2971
2 2965 3049 3098
2 2965 3098 3062
2 2966 2985 3082
2 2966 3082 3053
2 2967 3083 2986
2 2967 3054 3083
2 3010 3097 2968
2 2968 3061 3033
2 3097 3061 2968
2 2971 3062 3023
2 3063 3015 2972
2 2972 3024 3063
2 2975 3092 3013
2 2975 3034 3092
2 2976 3014 3093
2 2976 3093 3065
2 2977 3121 2991
2 2977 2991 4391
2 3080 3094 2977
2 2977 3094 3121
2 2978 2992 3095
2 2978 4167 2992
2 2978 3095 3081
2 2984 3096 3034
2 2984 3060 3096
2 3005 3041 2985
2 2985 3041 3082
2 3006 2986 3042
2 2986 3083 3042
2 2991 3133 3007
2 2991 3121 3133
2 2992 3008 3122
2 3095 2992 3122
2 2994 3044 2999
2 2994 3000 3044
2 2999 3115 3016
2 2999 3044 3105
2 2999 3105 3115
2 3000 3017 3106
2 3000 3106 3044
2 3003 3141 3049
2 3003 3087 3141
2 3142 3004 3050
2 3142 3088 3004
2 3005 3109 3041
2 3005 3066 3109
2 3110 3006 3042
2 3007 3145 3027
2 3145 3007 3133
2 3008 3021 3134
2 3008 3134 3122
2 3010 3065 3161
2 3010 3161 3097
2 3138 3045 3013
2 3013 3092 3138
2 3197 3014 3088
2 3197 3093 3014
2 3050 3015 3099
2 3015 3063 3099
2 3016 3129 3032
2 3016 3115 3129
2 3017 3033 3130
2 3017 3130 3106
2 3028 3155 3021
2 3967 3028 3021
2 3134 3021 3146
2 3021 3155 3146
2 3023 3070 3025
2 3023 3062 3116
2 3023 3116 3070
2 3024 3026 3119
2 3024 3117 3063
2 3024 3119 3117
2 3025 3070 3066
2 3119 3026 3067
2 3027 3159 3028
2 3967 3027 3028
2 3027 3145 3154
2 3027 3154 3159
2 3028 3159 3155
2 3032 3169 3060
2 3032 3129 3169
2 3033 3061 3170
2 3033 3170 3130
2 3092 3034 3160
2 3034 3096 3160
2 3041 3135 3082
2 3041 3109 3156
2 3041 3156 3135
2 3083 3136 3042
2 3110 3042 3157
2 3042 3136 3157
2 3044 3158 3105
2 3158 3044 3106
2 3087 3045 3196
2 3138 3196 3045
2 3049 3141 3098
2 3050 3099 3142
2 3053 3107 3080
2 3053 3082 3107
2 3054 3081 3108
2 3054 3108 3083
2 3060 3203 3096
2 3203 3060 3169
2 3097 3204 3061
2 3170 3061 3204
2 3062 3098 3165
2 3165 3116 3062
2 3063 3166 3099
2 3063 3117 3166
2 3065 3093 3161
2 3066 3070 3118
2 3066 3118 3109
2 3067 3110 3175
2 3119 3067 3184
2 3067 3175 3184
2 3070 3116 3183
2 3070 3183 3118
2 3210 3094 3080
2 3080 3107 3210
2 3211 3081 3095
2 3211 3108 3081
2 3135 3107 3082
2 3083 3108 3136
2 3087 3196 3141
2 3088 3142 3197
2 3237 3138 3092
2 3160 3237 3092
2 3093 3238 3161
2 3093 3197 3238
2 3121 3094 3198
2 3244 3198 3094
2 3210 3244 3094
2 3095 3122 3199
2 3095 3199 3245
2 3211 3095 3245
2 3096 3258 3160
2 3096 3203 3258
2 3097 3161 3259
2 3097 3259 3204
2 3098 3141 3201
2 3201 3165 3098
2 3202 3142 3099
2 3099 3166 3202
2 3105 3222 3115
2 3105 3158 3222
2 3106 3130 3230
2 3106 3217 3158
2 3217 3106 3230
2 3135 3185 3107
2 3107 3185 3210
2 3108 3186 3136
2 3186 3108 3211
2 3109 3118 3174
2 3109 3174 3156
2 3157 3175 3110
2 3115 3250 3129
2 3115 3222 3250
2 3165 3220 3116
2 3183 3116 3220
2 3117 3119 3227
2 3117 3221 3166
2 3117 3227 3221
2 3118 3232 3174
2 3118 3183 3232
2 3227 3119 3184
2 3121 3198 3133
2 3134 3199 3122
2 3129 3250 3169
2 3130 3170 3273
2 3130 3273 3230
2 3133 3212 3145
2 3133 3198 3212
2 3213 3134 3146
2 3199 3134 3213
2 3135 3156 3218
2 3271 3185 3135
2 3135 3218 3271
2 3136 3272 3157
2 3136 3186 3272
2 3138 3237 3196
2 3141 3196 3290
2 3141 3290 3201
2 3142 3243 3197
2 3243 3142 3202
2 3145 3223 3154
2 3212 3223 3145
2 3146 3155 3224
2 3213 3146 3224
2 3154 3228 3159
2 3223 3228 3154
2 3155 3159 3229
2 3224 3155 3229
2 3156 3174 3218
2 3219 3175 3157
2 3219 3157 3272
2 3158 3217 3222
2 3159 3228 3235
2 3159 3235 3229
2 3160 3302 3237
2 3160 3258 3302
2 3161 3238 3303
2 3161 3303 3259
2 3201 3264 3165
2 3264 3220 3165
2 3166 3265 3202
2 3166 3221 3265
2 3203 3169 3292
2 3169 3250 3292
2 3170 3204 3273
2 3174 3281 3218
2 3232 3287 3174
2 3174 3287 3281
2 3175 3288 3184
2 3175 3219 3288
2 3282 3183 3220
2 3232 3183 3333
2 3183 3282 3333
2 3227 3184 3286
2 3184 3288 3286
2 3185 3276 3210
2 3271 3296 3185
2 3185 3296 3276
2 3277 3186 3211
2 3186 3297 3272
2 3297 3186 3277
2 3237 3311 3196
2 3196 3311 3290
2 3197 3312 3238
2 3312 3197 3243
2 3198 3325 3212
2 3198 3244 3325
2 3326 3199 3213
2 3199 3326 3245
2 3290 3264 3201
2 3243 3202 3339
2 3202 3265 3339
2 3203 3329 3258
2 3292 3329 3203
2 3204 3259 3330
2 3204 3330 3273
2 3210 3276 3244
2 3277 3211 3245
2 3212 3342 3223
2 3325 3342 3212
2 3343 3213 3224
2 3326 3213 3343
2 3217 3280 3222
2 3230 3280 3217
2 3218 3281 3271
2 3323 3219 3272
2 3219 3332 3288
2 3332 3219 3323
2 3264 3304 3220
2 3304 3282 3220
2 3221 3227 3283
2 3221 3305 3265
2 3221 3283 3305
2 3222 3344 3250
2 3222 3280 3331
2 3222 3331 3344
2 3223 3349 3228
2 3342 3349 3223
2 3224 3229 3350
2 3343 3224 3350
2 3283 3227 3286
2 3228 3357 3235
2 3357 3228 3349
2 3358 3229 3235
2 3358 3350 3229
2 3230 3273 3338
2 3230 3338 3280
2 3232 3333 3287
2 3235 3357 3361
2 3358 3235 3361
2 3237 3302 3365
2 3365 3311 3237
2 3238 3312 3303
2 3243 3399 3312
2 3243 3339 3399
2 3276 3298 3244
2 3298 3325 3244
2 3277 3245 3299
2 3245 3326 3299
2 3250 3362 3292
2 3250 3344 3362
2 3258 3329 3302
2 3259 3303 3330
2 3290 3380 3264
2 3380 3304 3264
2 3265 3305 3339
2 3271 3281 3322
2 3271 3322 3296
2 3323 3272 3297
2 3273 3330 3382
2 3338 3273 3382
2 3276 3296 3351
2 3276 3386 3298
2 3276 3351 3386
2 3277 3387 3297
2 3387 3277 3299
2 3280 3338 3331
2 3281 3287 3372
2 3281 3372 3322
2 3304 3359 3282
2 3282 3359 3333
2 3334 3283 3286
2 3283 3360 3305
2 3283 3334 3360
2 3288 3334 3286
2 3333 3373 3287
2 3287 3373 3372
2 3374 3288 3332
2 3288 3374 3334
2 3290 3311 3398
2 3290 3398 3380
2 3292 3362 3329
2 3296 3322 3351
2 3323 3297 3352
2 3297 3387 3352
2 3325 3298 3378
2 3298 3414 3378
2 3386 3414 3298
2 3299 3326 3379
2 3299 3379 3415
2 3387 3299 3415
2 3302 3329 3390
2 3365 3302 3390
2 3366 3303 3312
2 3303 3391 3330
2 3303 3366 3391
2 3304 3380 3359
2 3339 3305 3381
2 3381 3305 3360
2 3365 3430 3311
2 3398 3311 3430
2 3312 3399 3366
2 3322 3408 3351
2 3322 3372 3416
2 3322 3416 3408
2 3323 3417 3332
2 3417 3323 3352
2 3325 3378 3342
2 3326 3343 3379
2 3329 3362 3423
2 3329 3423 3390
2 3424 3382 3330
2 3424 3330 3391
2 3371 3331 3338
2 3371 3344 3331
2 3417 3374 3332
2 3333 3359 3409
2 3333 3409 3373
2 3334 3410 3360
2 3334 3374 3410
2 3436 3371 3338
2 3436 3338 3382
2 3339 3381 3399
2 3342 3402 3349
2 3342 3378 3402
2 3403 3343 3350
2 3403 3379 3343
2 3435 3362 3344
2 3435 3344 3371
2 3412 3357 3349
2 3412 3349 3402
2 3358 3413 3350
2 3403 3350 3413
2 3351 3408 3386
2 3387 3434 3352
2 3417 3352 3443
2 3352 3434 3443
2 3357 3418 3361
2 3418 3357 3412
2 3358 3361 3419
2 3419 3413 3358
2 3359 3380 3425
2 3409 3359 3425
2 3360 3410 3381
2 3361 3418 3420
2 3361 3420 3419
2 3362 3435 3423
2 3365 3390 3426
2 3365 3426 3430
2 3366 3469 3391
2 3461 3366 3399
2 3366 3461 3469
2 3435 3371 3466
2 3371 3436 3466
2 3372 3373 3421
2 3372 3421 3416
2 3421 3373 3409
2 3374 3444 3410
2 3451 3374 3417
2 3374 3451 3444
2 3474 3402 3378
2 3378 3414 3474
2 3475 3379 3403
2 3379 3475 3415
2 3380 3398 3428
2 3380 3428 3425
2 3381 3429 3399
2 3410 3464 3381
2 3381 3464 3429
2 3424 3436 3382
2 3408 3433 3386
2 3433 3414 3386
2 3434 3387 3415
2 3423 3426 3390
2 3391 3469 3424
2 3398 3430 3428
2 3399 3429 3461
2 3412 3402 3484
2 3484 3402 3474
2 3403 3413 3485
2 3475 3403 3485
2 3408 3416 3482
2 3408 3482 3433
2 3421 3409 3481
2 3409 3425 3495
2 3481 3409 3495
2 3410 3444 3464
2 3412 3502 3418
2 3502 3412 3484
2 3419 3499 3413
2 3485 3413 3499
2 3433 3455 3414
2 3414 3455 3474
2 3456 3434 3415
2 3415 3475 3456
2 3416 3421 3482
2 3417 3443 3451
2 3418 3502 3420
2 3419 3420 3503
2 3419 3503 3499
2 3420 3502 3503
2 3421 3481 3482
2 3423 3511 3426
2 3435 3465 3423
2 3423 3465 3511
2 3424 3476 3436
2 3424 3469 3476
2 3425 3428 3493
2 3425 3493 3495
2 3426 3504 3430
2 3426 3511 3504
2 3428 3430 3504
2 3428 3504 3493
2 3429 3494 3461
2 3429 3464 3494
2 3433 3506 3455
2 3433 3482 3506
2 3434 3483 3443
2 3434 3456 3524
2 3434 3524 3483
2 3435 3466 3465
2 3436 3476 3466
2 3443 3483 3451
2 3444 3451 3508
2 3444 3520 3464
2 3444 3508 3520
2 3451 3483 3508
2 3474 3455 3523
2 3455 3506 3523
2 3456 3475 3535
2 3456 3535 3524
2 3461 3505 3469
2 3461 3494 3505
2 3464 3520 3494
2 3465 3466 3532
2 3465 3530 3511
2 3465 3532 3530
2 3466 3476 3543
2 3466 3543 3532
2 3476 3469 3512
2 3469 3505 3512
2 3484 3474 3552
2 3474 3523 3552
2 3485 3535 3475
2 3476 3512 3551
2 3476 3551 3543
2 3482 3481 3507
2 3507 3481 3495
2 3482 3507 3506
2 3483 3528 3508
2 3483 3524 3528
2 3484 3552 3502
2 3485 3499 3566
2 3485 3566 3535
2 3493 3537 3495
2 3504 3537 3493
2 3494 3538 3505
2 3494 3520 3538
2 3507 3495 3547
2 3495 3537 3547
2 3503 3566 3499
2 3502 3565 3503
2 3502 3552 3565
2 3574 3503 3565
2 3566 3503 3574
2 3511 3541 3504
2 3504 3541 3537
2 3542 3512 3505
2 3505 3538 3542
2 3506 3507 3555
2 3506 3555 3523
2 3547 3555 3507
2 3508 3528 3520
2 3511 3530 3541
2 3512 3542 3590
2 3512 3590 3551
2 3520 3528 3575
2 3520 3575 3538
2 3523 3592 3552
2 3523 3555 3592
2 3528 3524 3577
2 3524 3535 3577
2 3528 3577 3575
2 3530 3532 3569
2 3530 3589 3541
2 3530 3569 3589
2 3576 3532 3543
2 3576 3569 3532
2 3535 3566 3602
2 3535 3602 3577
2 3537 3541 3586
2 3599 3547 3537
2 3586 3599 3537
2 3538 3587 3542
2 3538 3575 3587
2 3541 3589 3586
2 3542 3587 3590
2 3551 3576 3543
2 3547 3591 3555
2 3547 3599 3591
2 3551 3606 3576
2 3551 3590 3606
2 3552 3609 3565
2 3552 3592 3609
2 3591 3592 3555
2 3574 3565 3609
2 3574 3615 3566
2 3615 3602 3566
2 3569 3576 3619
2 3569 3619 3589
2 3574 3609 3615
2 3575 3577 3604
2 3575 3604 3587
2 3576 3606 3620
2 3576 3620 3619
2 3577 3602 3604
2 3586 3589 3625
2 3586 3625 3599
2 3587 3611 3590
2 3587 3604 3611
2 3589 3619 3625
2 3590 3611 3606
2 3591 3618 3592
2 3591 3599 3618
2 3592 3618 3609
2 3618 3599 3625
2 3602 3629 3604
2 3602 3615 3629
2 3604 3629 3611
2 3606 3611 3631
2 3606 3631 3620
2 3609 3633 3615
2 3618 3633 3609
2 3629 3631 3611
2 3615 3638 3629
2 3615 3633 3638
2 3618 3625 3637
2 3618 3637 3633
2 3639 3619 3620
2 3619 3637 3625
2 3619 3639 3637
2 3639 3620 3631
2 3629 3638 3631
2 3631 3638 3643
2 3639 3631 3643
2 3633 3637 3643
2 3633 3643 3638
2 3637 3639 3643
1 3901 3903 4420
3 0 2 1
3 0 1 5
3 6 2 0
3 3 6 0
3 0 10 3
3 4 0 5
3 0 4 10
3 2 11 1
3 1 9 5
3 1 7 9
3 1 11 7
3 2 6 8
3 8 11 2
3 3 19 6
3 3 10 15
3 3 15 16
3 3 16 19
3 5 13 4
3 4 14 10
3 4 13 14
3 23 5 9
3 5 23 13
3 8 6 12
3 6 19 12
3 7 21 9
3 7 11 18
3 7 18 22
3 7 22 21
3 8 17 11
3 8 12 17
3 21 30 9
3 9 30 23
3 10 14 24
3 10 24 15
3 11 17 25
3 11 25 18
3 12 26 17
3 19 26 12
3 14 13 20
3 13 23 20
3 14 20 33
3 14 33 24
3 15 28 16
3 35 15 24
3 35 28 15
3 16 27 19
3 29 27 16
3 16 28 29
3 25 17 39
3 17 26 38
3 17 38 39
3 18 31 22
3 40 18 25
3 18 40 31
3 19 41 26
3 19 27 32
3 19 32 41
3 20 23 44
3 20 43 33
3 20 44 43
3 21 22 36
3 21 34 30
3 21 45 34
3 21 36 45
3 22 31 37
3 22 37 36
3 23 30 51
3 51 44 23
3 33 52 24
3 35 24 57
3 24 52 57
3 25 39 53
3 25 53 40
3 26 42 38
3 26 41 42
3 27 29 48
3 32 27 48
3 28 54 29
3 35 46 28
3 28 46 54
3 29 55 48
3 29 54 55
3 51 30 34
3 31 47 37
3 31 40 49
3 31 49 47
3 32 50 41
3 32 48 50
3 33 43 61
3 33 61 52
3 62 34 45
3 51 34 62
3 35 76 46
3 35 57 76
3 36 37 64
3 36 72 45
3 36 64 72
3 37 47 63
3 37 63 64
3 38 56 39
3 38 42 58
3 56 38 58
3 39 60 53
3 39 56 60
3 49 40 67
3 40 53 71
3 67 40 71
3 41 59 42
3 41 50 68
3 41 68 59
3 42 59 58
3 43 44 78
3 43 77 61
3 43 78 77
3 44 51 78
3 62 45 75
3 75 45 72
3 46 73 54
3 46 86 73
3 46 76 86
3 47 49 65
3 63 47 69
3 47 65 69
3 48 66 50
3 48 55 70
3 48 70 66
3 67 65 49
3 50 66 68
3 51 62 81
3 51 81 78
3 52 82 57
3 52 61 82
3 53 60 71
3 54 79 55
3 54 73 88
3 54 88 79
3 55 96 70
3 55 79 96
3 56 58 74
3 56 92 60
3 56 74 92
3 57 91 76
3 57 82 91
3 58 59 80
3 58 85 74
3 58 80 85
3 59 68 80
3 93 71 60
3 93 60 92
3 61 77 101
3 61 101 82
3 62 75 100
3 62 100 81
3 63 99 64
3 63 69 95
3 63 95 99
3 87 72 64
3 64 99 87
3 65 67 83
3 65 89 69
3 65 83 89
3 66 84 68
3 70 90 66
3 84 66 90
3 67 71 83
3 68 84 80
3 69 89 94
3 69 94 103
3 69 103 95
3 90 70 104
3 96 104 70
3 71 97 83
3 93 97 71
3 72 102 75
3 87 102 72
3 73 86 115
3 73 115 88
3 74 85 108
3 92 74 108
3 75 106 100
3 117 75 102
3 75 117 106
3 76 107 86
3 76 91 107
3 77 78 119
3 77 116 101
3 77 119 116
3 81 124 78
3 124 119 78
3 79 88 122
3 79 113 96
3 79 122 113
3 80 84 98
3 80 105 85
3 80 98 105
3 129 81 100
3 124 81 129
3 82 130 91
3 82 101 125
3 82 125 130
3 110 89 83
3 83 97 126
3 126 110 83
3 84 90 111
3 84 127 98
3 127 84 111
3 131 85 105
3 108 85 131
3 86 107 118
3 86 139 115
3 86 118 139
3 87 99 121
3 87 114 102
3 87 134 114
3 121 134 87
3 88 115 135
3 88 135 122
3 94 89 110
3 90 104 120
3 111 90 120
3 143 107 91
3 91 130 143
3 92 123 93
3 92 108 123
3 93 144 97
3 93 123 144
3 94 132 103
3 132 94 110
3 95 112 99
3 95 103 128
3 95 136 112
3 95 128 136
3 96 109 104
3 96 113 109
3 97 144 126
3 98 145 105
3 127 160 98
3 98 160 145
3 99 112 121
3 142 100 106
3 129 100 142
3 101 116 146
3 101 146 125
3 102 114 138
3 102 138 117
3 103 132 128
3 109 133 104
3 104 133 120
3 105 145 131
3 106 117 151
3 106 151 142
3 107 152 118
3 143 152 107
3 149 123 108
3 108 131 149
3 109 113 137
3 109 150 133
3 109 137 150
3 126 140 110
3 132 110 153
3 110 140 153
3 120 154 111
3 127 111 141
3 154 141 111
3 112 147 121
3 112 136 147
3 113 122 148
3 113 148 137
3 114 134 155
3 114 155 138
3 115 156 135
3 115 139 156
3 116 119 174
3 116 169 146
3 116 174 169
3 117 138 166
3 117 166 151
3 139 118 161
3 118 152 167
3 118 167 161
3 119 124 174
3 120 133 154
3 121 162 134
3 147 162 121
3 122 135 163
3 122 163 148
3 123 168 144
3 123 149 168
3 124 129 179
3 174 124 179
3 125 180 130
3 125 146 180
3 126 186 140
3 144 159 126
3 126 159 186
3 127 141 187
3 127 187 160
3 128 132 172
3 136 128 192
3 128 172 194
3 128 194 192
3 129 142 189
3 189 179 129
3 130 190 143
3 130 180 190
3 131 145 181
3 131 181 149
3 132 153 177
3 132 177 172
3 133 150 173
3 154 133 178
3 133 173 178
3 155 134 157
3 134 162 157
3 156 158 135
3 135 158 163
3 136 170 147
3 136 211 170
3 136 192 231
3 136 231 211
3 137 148 171
3 137 193 150
3 137 171 212
3 137 232 193
3 212 232 137
3 182 138 155
3 166 138 191
3 191 138 182
3 139 161 156
3 175 153 140
3 175 140 186
3 154 176 141
3 176 187 141
3 142 151 199
3 199 189 142
3 152 143 228
3 143 190 200
3 143 200 228
3 144 214 159
3 144 168 214
3 145 160 215
3 145 215 181
3 146 169 221
3 146 221 180
3 147 164 162
3 147 170 164
3 148 163 165
3 148 165 171
3 168 149 188
3 149 181 188
3 150 195 173
3 150 193 195
3 151 166 227
3 151 227 199
3 152 228 167
3 153 175 177
3 154 178 176
3 157 219 155
3 155 219 182
3 156 183 158
3 156 161 183
3 184 157 162
3 157 184 219
3 158 185 163
3 158 183 220
3 158 220 185
3 186 159 225
3 159 214 225
3 160 187 226
3 160 226 215
3 239 161 167
3 161 239 183
3 162 164 233
3 162 233 184
3 163 185 165
3 196 164 170
3 164 196 233
3 165 197 171
3 165 185 234
3 165 234 197
3 166 191 259
3 166 259 227
3 167 228 260
3 167 260 239
3 168 188 257
3 168 257 214
3 169 174 287
3 169 284 221
3 169 287 284
3 170 211 196
3 171 197 212
3 172 177 255
3 172 252 194
3 172 255 252
3 173 256 178
3 173 195 304
3 173 304 256
3 174 179 287
3 175 202 177
3 229 175 186
3 175 282 202
3 175 229 282
3 176 178 203
3 230 187 176
3 176 203 283
3 230 176 283
3 177 202 255
3 178 256 203
3 179 189 294
3 179 294 287
3 180 295 190
3 180 221 295
3 263 188 181
3 181 215 242
3 181 242 263
3 182 276 191
3 276 182 219
3 183 277 220
3 183 239 277
3 184 268 219
3 184 233 268
3 185 220 269
3 185 269 234
3 186 225 288
3 186 288 229
3 187 289 226
3 187 230 289
3 188 263 257
3 189 199 308
3 189 308 294
3 190 309 200
3 190 295 309
3 191 296 259
3 191 276 296
3 192 194 247
3 192 247 231
3 193 248 195
3 193 232 248
3 194 302 247
3 194 252 302
3 195 248 303
3 303 304 195
3 261 196 211
3 196 292 233
3 261 362 196
3 196 362 292
3 197 262 212
3 197 234 293
3 197 293 262
3 199 227 318
3 199 318 308
3 200 319 228
3 200 309 319
3 202 336 255
3 202 282 336
3 203 256 337
3 203 337 283
3 211 231 317
3 211 317 261
3 212 273 232
3 212 262 273
3 225 214 313
3 327 214 257
3 327 313 214
3 215 226 285
3 215 314 242
3 215 285 314
3 219 268 323
3 219 323 276
3 220 324 269
3 220 277 324
3 221 284 358
3 221 358 295
3 225 331 288
3 225 313 331
3 226 332 285
3 226 289 332
3 227 259 354
3 227 354 318
3 228 355 260
3 228 319 355
3 229 350 282
3 229 288 350
3 230 283 351
3 230 351 289
3 231 247 338
3 338 317 231
3 232 291 248
3 273 291 232
3 233 328 268
3 233 292 387
3 328 233 387
3 234 269 329
3 234 341 293
3 234 329 341
3 260 360 239
3 239 360 277
3 242 339 263
3 314 339 242
3 247 302 352
3 338 247 352
3 248 291 303
3 252 255 356
3 252 361 302
3 361 252 356
3 255 336 390
3 356 255 390
3 256 304 357
3 256 357 337
3 257 263 339
3 257 339 327
3 376 259 296
3 259 376 354
3 260 355 377
3 260 377 360
3 261 317 368
3 362 261 423
3 261 368 423
3 262 369 273
3 262 293 363
3 262 363 369
3 268 381 323
3 268 328 381
3 269 324 382
3 269 382 329
3 273 385 291
3 273 369 385
3 276 388 296
3 276 323 388
3 277 389 324
3 360 389 277
3 282 409 336
3 282 350 409
3 283 337 410
3 283 410 351
3 284 287 417
3 284 414 358
3 284 417 414
3 383 314 285
3 285 332 383
3 287 294 417
3 288 331 394
3 288 394 350
3 289 395 332
3 289 351 395
3 291 353 303
3 291 385 353
3 292 362 407
3 387 292 465
3 292 407 465
3 293 341 363
3 294 308 421
3 294 421 417
3 295 422 309
3 295 358 422
3 296 413 376
3 296 388 413
3 302 404 352
3 302 361 404
3 405 304 303
3 303 353 405
3 399 357 304
3 399 304 405
3 308 318 434
3 308 434 421
3 309 435 319
3 309 422 435
3 313 327 396
3 331 313 438
3 313 396 438
3 416 339 314
3 416 314 383
3 317 338 368
3 318 354 458
3 318 458 434
3 459 355 319
3 319 435 459
3 323 381 442
3 323 442 388
3 324 443 382
3 389 443 324
3 327 339 418
3 327 415 396
3 327 418 415
3 328 436 381
3 328 387 452
3 328 452 436
3 329 453 341
3 382 437 329
3 329 437 453
3 331 438 394
3 332 439 383
3 332 395 439
3 336 430 390
3 336 409 430
3 337 357 431
3 337 473 410
3 337 431 473
3 352 456 338
3 338 440 368
3 338 456 440
3 339 416 418
3 341 408 363
3 341 466 408
3 341 453 466
3 350 394 471
3 350 471 409
3 395 351 472
3 351 410 472
3 352 404 461
3 352 461 456
3 353 385 457
3 353 462 405
3 353 457 462
3 354 376 480
3 458 354 480
3 355 481 377
3 459 481 355
3 398 361 356
3 356 390 398
3 399 502 357
3 357 502 431
3 358 414 487
3 358 487 422
3 377 476 360
3 360 476 389
3 361 398 404
3 407 362 423
3 363 424 369
3 363 408 424
3 368 440 423
3 369 441 385
3 424 441 369
3 376 413 512
3 376 512 480
3 377 513 476
3 377 481 513
3 381 436 553
3 381 497 442
3 381 553 497
3 382 499 437
3 498 382 443
3 498 499 382
3 383 482 416
3 383 439 482
3 457 385 441
3 387 465 452
3 413 388 525
3 388 442 525
3 526 443 389
3 526 389 476
3 390 454 398
3 390 430 454
3 394 438 518
3 394 518 471
3 395 519 439
3 472 519 395
3 396 415 566
3 396 546 438
3 396 566 546
3 404 398 463
3 398 454 521
3 398 521 463
3 399 405 464
3 399 464 522
3 399 522 502
3 404 463 461
3 405 462 464
3 478 407 423
3 478 465 407
3 408 479 424
3 408 466 479
3 409 511 430
3 409 471 511
3 410 539 472
3 410 473 539
3 413 545 512
3 413 525 545
3 417 557 414
3 487 414 554
3 414 557 554
3 415 418 503
3 415 503 578
3 415 578 566
3 418 416 503
3 416 482 492
3 503 416 492
3 417 421 557
3 421 434 567
3 567 557 421
3 422 568 435
3 422 487 568
3 551 423 440
3 423 551 478
3 424 552 441
3 424 479 552
3 430 540 454
3 430 511 577
3 430 577 540
3 431 541 473
3 431 502 541
3 434 458 581
3 434 581 567
3 435 582 459
3 435 568 582
3 436 452 558
3 436 630 553
3 436 558 630
3 453 437 507
3 437 499 507
3 438 546 518
3 439 547 482
3 519 547 439
3 516 440 456
3 440 516 596
3 440 596 551
3 441 517 457
3 441 597 517
3 441 552 597
3 442 497 562
3 442 562 525
3 443 563 498
3 443 526 563
3 452 465 523
3 452 523 643
3 452 643 558
3 466 453 524
3 453 507 524
3 454 559 521
3 454 540 609
3 454 609 559
3 456 461 579
3 456 579 516
3 457 580 462
3 457 517 580
3 602 458 480
3 581 458 602
3 459 603 481
3 459 582 603
3 461 463 587
3 587 579 461
3 462 588 464
3 588 462 580
3 647 463 521
3 647 587 463
3 464 648 522
3 648 464 588
3 478 523 465
3 599 479 466
3 524 599 466
3 471 561 511
3 471 518 561
3 593 519 472
3 539 593 472
3 473 614 539
3 541 614 473
3 513 618 476
3 476 618 526
3 478 598 523
3 551 598 478
3 552 479 641
3 479 599 641
3 628 480 512
3 480 628 602
3 481 629 513
3 481 603 629
3 482 547 492
3 487 554 644
3 487 644 568
3 503 492 578
3 547 654 492
3 492 666 578
3 492 654 666
3 497 553 622
3 497 626 562
3 497 622 626
3 499 498 623
3 563 627 498
3 498 627 623
3 499 631 507
3 499 623 631
3 560 502 522
3 502 610 541
3 502 560 610
3 507 604 524
3 507 631 604
3 511 561 646
3 511 646 577
3 545 655 512
3 512 655 628
3 513 656 618
3 513 629 656
3 516 579 674
3 516 674 596
3 517 675 580
3 517 597 675
3 518 546 611
3 518 611 561
3 519 635 547
3 519 593 635
3 521 559 647
3 522 648 560
3 523 598 679
3 523 679 643
3 524 658 599
3 524 604 680
3 524 680 658
3 545 525 3962
3 562 3962 525
3 526 640 563
3 657 526 618
3 657 640 526
3 539 671 593
3 671 539 614
3 540 577 652
3 540 652 609
3 541 610 653
3 541 653 614
3 545 687 655
3 545 3962 687
3 546 566 645
3 546 645 611
3 547 635 654
3 551 596 676
3 551 676 598
3 552 718 597
3 552 641 718
3 553 630 622
3 557 722 554
3 644 554 719
3 554 722 719
3 557 567 722
3 558 643 630
3 559 609 683
3 647 559 636
3 559 683 636
3 560 684 610
3 648 637 560
3 560 637 684
3 561 611 690
3 561 690 646
3 562 626 702
3 562 702 3962
3 563 640 627
3 566 578 665
3 566 665 645
3 567 581 731
3 731 722 567
3 568 732 582
3 568 644 732
3 577 646 723
3 577 723 652
3 578 666 665
3 587 712 579
3 674 579 712
3 713 588 580
3 747 580 675
3 747 713 580
3 581 602 738
3 581 738 731
3 582 739 603
3 582 732 739
3 587 647 710
3 587 710 712
3 648 588 711
3 713 711 588
3 635 593 707
3 593 671 707
3 785 596 674
3 764 676 596
3 785 764 596
3 597 694 675
3 718 694 597
3 598 676 736
3 598 768 679
3 598 736 768
3 599 658 641
3 602 628 760
3 602 760 738
3 603 761 629
3 603 739 761
3 604 631 699
3 699 680 604
3 609 652 727
3 609 727 683
3 728 653 610
3 728 610 684
3 611 645 726
3 611 726 690
3 614 653 724
3 749 671 614
3 749 614 724
3 772 618 656
3 618 772 657
3 622 753 626
3 622 630 688
3 688 832 622
3 622 832 753
3 623 627 754
3 623 689 631
3 689 623 833
3 623 754 833
3 626 766 702
3 626 753 766
3 627 640 767
3 754 627 767
3 628 655 789
3 628 789 760
3 629 790 656
3 629 761 790
3 630 643 729
3 630 729 688
3 631 689 730
3 631 778 699
3 730 778 631
3 635 735 654
3 635 707 735
3 636 783 647
3 636 683 840
3 636 840 783
3 637 648 784
3 637 757 684
3 757 637 784
3 640 657 787
3 640 787 767
3 641 658 737
3 718 641 737
3 679 740 643
3 729 643 777
3 643 740 777
3 644 719 808
3 644 808 732
3 645 665 745
3 645 745 726
3 646 690 781
3 646 748 723
3 646 781 748
3 647 783 710
3 648 711 784
3 652 723 803
3 652 775 727
3 652 803 775
3 653 776 724
3 653 728 776
3 654 752 666
3 654 735 752
3 687 855 655
3 789 655 819
3 655 855 819
3 656 820 772
3 656 790 820
3 772 812 657
3 812 787 657
3 658 680 769
3 737 658 769
3 665 666 752
3 665 752 745
3 671 782 707
3 782 671 749
3 674 712 746
3 674 746 785
3 675 694 786
3 675 827 747
3 675 786 827
3 676 791 736
3 764 791 676
3 768 740 679
3 741 680 699
3 680 741 769
3 683 727 804
3 683 804 840
3 684 805 728
3 684 757 805
3 687 811 855
3 687 3962 811
3 729 796 688
3 688 796 832
3 689 871 730
3 689 833 871
3 690 726 797
3 690 797 781
3 765 694 718
3 694 765 786
3 699 778 741
3 766 920 702
3 702 920 864
3 702 864 3962
3 707 816 735
3 707 782 816
3 710 867 712
3 710 783 858
3 710 858 867
3 711 713 868
3 711 859 784
3 711 868 859
3 712 867 746
3 713 747 868
3 718 737 792
3 718 792 765
3 722 898 719
3 719 897 808
3 719 898 897
3 722 731 898
3 723 748 841
3 723 841 803
3 724 842 749
3 724 776 890
3 724 890 842
3 726 745 834
3 834 797 726
3 727 775 804
3 728 805 776
3 777 846 729
3 846 796 729
3 730 847 778
3 847 730 871
3 731 738 910
3 731 910 898
3 739 732 925
3 732 808 911
3 732 911 925
3 735 849 752
3 735 816 845
3 735 845 849
3 768 736 931
3 736 791 860
3 860 931 736
3 810 737 769
3 737 861 792
3 737 810 861
3 738 760 924
3 738 924 910
3 761 739 941
3 739 925 941
3 768 837 740
3 740 813 777
3 740 837 813
3 741 905 769
3 741 778 814
3 741 814 905
3 752 849 745
3 745 848 834
3 745 849 848
3 746 826 785
3 746 899 826
3 746 867 899
3 747 827 900
3 747 900 868
3 748 781 869
3 748 869 841
3 749 870 782
3 749 842 870
3 753 906 766
3 753 832 944
3 753 944 906
3 754 767 907
3 833 754 945
3 754 907 945
3 757 784 917
3 805 757 973
3 757 917 973
3 940 760 789
3 924 760 940
3 790 761 962
3 761 941 962
3 785 852 764
3 764 882 791
3 764 852 882
3 786 765 853
3 765 792 4411
3 853 765 4411
3 766 906 920
3 767 787 921
3 907 767 921
3 768 931 837
3 810 769 951
3 905 951 769
3 772 942 812
3 820 942 772
3 775 803 982
3 775 936 804
3 775 982 936
3 776 805 937
3 890 776 983
3 776 937 983
3 777 813 846
3 814 778 885
3 778 847 885
3 781 797 887
3 781 887 869
3 816 782 909
3 870 888 782
3 782 888 909
3 783 840 916
3 783 916 858
3 784 859 917
3 785 826 891
3 785 891 852
3 786 892 827
3 786 853 892
3 787 812 949
3 787 949 921
3 789 819 961
3 789 961 940
3 790 962 820
3 791 882 860
3 792 861 883
3 4411 792 883
3 796 946 832
3 846 991 796
3 796 991 946
3 908 797 834
3 797 908 887
3 803 841 982
3 840 804 972
3 936 1023 804
3 804 1023 972
3 937 805 1024
3 973 1024 805
3 808 897 998
3 808 998 911
3 932 861 810
3 932 810 951
3 811 989 855
3 811 864 1040
3 811 3962 864
3 811 1040 989
3 812 942 990
3 949 812 990
3 837 978 813
3 813 884 846
3 813 978 884
3 814 885 905
3 816 923 845
3 816 909 923
3 999 819 855
3 819 999 961
3 820 1000 942
3 820 962 1000
3 980 891 826
3 899 980 826
3 827 892 981
3 827 981 900
3 832 946 944
3 833 947 871
3 833 945 947
3 834 848 922
3 908 834 922
3 837 931 950
3 950 978 837
3 840 972 916
3 841 869 1048
3 841 1019 982
3 841 1048 1019
3 842 1049 870
3 842 890 1020
3 842 1020 1049
3 845 939 849
3 845 923 1029
3 939 845 1034
3 845 1029 1034
3 846 884 953
3 846 953 991
3 912 847 871
3 847 954 885
3 847 912 954
3 848 849 939
3 922 848 1028
3 848 939 1033
3 1033 1028 848
3 882 852 926
3 852 891 926
3 853 964 892
3 4411 964 853
3 855 989 1038
3 855 1038 999
3 858 1015 867
3 858 916 1083
3 858 1083 1015
3 859 868 1016
3 859 1003 917
3 859 1016 1003
3 860 882 976
3 860 976 931
3 861 977 883
3 932 977 861
3 864 920 1098
3 1040 864 1098
3 867 1015 899
3 868 900 1016
3 869 887 1072
3 869 1072 1048
3 888 870 1073
3 1073 870 1049
3 871 992 912
3 947 992 871
3 882 926 1001
3 882 1001 976
3 1002 883 977
3 4411 883 1002
3 953 884 1059
3 978 1059 884
3 905 885 1060
3 885 954 1060
3 887 908 1004
3 887 1004 1072
3 1005 909 888
3 1005 888 1073
3 890 983 1020
3 891 1013 926
3 1013 891 980
3 964 1014 892
3 1014 981 892
3 898 1096 897
3 897 1090 998
3 897 1096 1090
3 910 1107 898
3 898 1107 1096
3 899 1093 980
3 899 1015 1093
3 900 981 1094
3 900 1094 1016
3 1027 951 905
3 905 1060 1027
3 906 1078 920
3 906 944 1116
3 1078 906 1116
3 907 921 1079
3 907 1117 945
3 907 1079 1117
3 908 922 1021
3 908 1021 1004
3 909 1022 923
3 909 1005 1022
3 910 924 1124
3 1107 910 1124
3 911 1125 925
3 911 998 1108
3 911 1108 1125
3 912 1036 954
3 912 992 1036
3 916 972 1061
3 916 1061 1083
3 1062 973 917
3 1003 1062 917
3 920 1078 1174
3 920 1174 1098
3 921 949 1099
3 1079 921 1099
3 922 1028 1021
3 1029 923 1022
3 924 940 1147
3 924 1147 1124
3 925 1148 941
3 925 1125 1148
3 926 1044 1001
3 926 1013 1044
3 950 931 1080
3 976 1056 931
3 1080 931 1056
3 1008 932 951
3 932 1057 977
3 932 1008 1057
3 936 982 1067
3 1023 936 1067
3 983 937 1068
3 1024 1068 937
3 1033 939 1034
3 940 961 1170
3 940 1170 1147
3 941 1171 962
3 941 1148 1171
3 942 1186 990
3 1000 1144 942
3 942 1144 1186
3 944 946 1025
3 944 1025 1065
3 944 1065 1116
3 945 1066 947
3 1117 1066 945
3 946 991 1069
3 946 1069 1025
3 947 1159 992
3 947 1066 1159
3 990 1142 949
3 949 1142 1099
3 1026 978 950
3 1026 950 1080
3 1081 1008 951
3 1081 951 1027
3 953 1035 991
3 1035 953 1138
3 1059 1138 953
3 954 1036 1139
3 954 1139 1060
3 961 999 1199
3 961 1199 1170
3 962 1200 1000
3 962 1171 1200
3 964 1002 1045
3 964 4411 1002
3 964 1089 1014
3 964 1045 1089
3 972 1023 1114
3 972 1114 1061
3 973 1115 1024
3 1062 1115 973
3 976 1001 1074
3 976 1074 1056
3 977 1075 1002
3 977 1057 1157
3 977 1157 1075
3 978 1026 1059
3 980 1100 1013
3 980 1093 1100
3 981 1014 1101
3 981 1101 1094
3 982 1019 1109
3 982 1109 1067
3 983 1110 1020
3 983 1068 1110
3 989 1185 1038
3 1185 989 1040
3 990 1186 1142
3 991 1035 1120
3 991 1120 1069
3 992 1121 1036
3 992 1159 1121
3 998 1090 1205
3 998 1205 1108
3 999 1038 1199
3 1000 1200 1144
3 1001 1044 1208
3 1001 1208 1074
3 1002 1075 1045
3 1003 1016 1173
3 1003 1231 1062
3 1003 1173 1231
3 1004 1021 1213
3 1004 1195 1072
3 1004 1213 1195
3 1005 1214 1022
3 1005 1073 1196
3 1005 1196 1214
3 1008 1135 1057
3 1008 1081 1135
3 1044 1013 1088
3 1013 1188 1088
3 1188 1013 1100
3 1014 1089 1189
3 1014 1189 1101
3 1015 1083 1172
3 1015 1172 1093
3 1016 1094 1173
3 1019 1048 1149
3 1019 1149 1109
3 1020 1150 1049
3 1020 1110 1150
3 1021 1028 1130
3 1021 1130 1213
3 1022 1131 1029
3 1022 1214 1131
3 1023 1067 1114
3 1024 1115 1068
3 1025 1158 1065
3 1025 1069 1158
3 1026 1191 1059
3 1161 1026 1080
3 1161 1191 1026
3 1027 1060 1192
3 1162 1081 1027
3 1162 1027 1192
3 1028 1033 1136
3 1028 1136 1130
3 1029 1137 1034
3 1029 1131 1137
3 1143 1033 1034
3 1033 1143 1136
3 1137 1143 1034
3 1035 1219 1120
3 1219 1035 1138
3 1121 1220 1036
3 1220 1139 1036
3 1237 1038 1185
3 1038 1237 1199
3 1040 1098 1291
3 1185 1040 1232
3 1232 1040 1291
3 1044 1088 1178
3 1044 1178 1208
3 1075 1209 1045
3 1089 1045 1179
3 1045 1209 1179
3 1048 1072 1176
3 1048 1176 1149
3 1177 1073 1049
3 1150 1177 1049
3 1233 1056 1074
3 1080 1056 1134
3 1056 1233 1134
3 1057 1135 1234
3 1057 1234 1157
3 1138 1059 1191
3 1139 1192 1060
3 1061 1230 1083
3 1061 1114 1283
3 1061 1283 1230
3 1062 1284 1115
3 1062 1231 1284
3 1065 1201 1116
3 1158 1201 1065
3 1202 1066 1117
3 1159 1066 1202
3 1288 1067 1109
3 1067 1249 1114
3 1067 1288 1249
3 1068 1289 1110
3 1068 1115 1250
3 1068 1250 1289
3 1069 1120 1206
3 1069 1206 1158
3 1072 1195 1176
3 1073 1177 1196
3 1208 1277 1074
3 1233 1074 1277
3 1075 1157 1209
3 1078 1116 1174
3 1175 1079 1099
3 1079 1175 1117
3 1080 1134 1210
3 1080 1210 1161
3 1081 1211 1135
3 1162 1211 1081
3 1083 1230 1172
3 1088 1261 1178
3 1088 1188 1261
3 1089 1179 1262
3 1089 1262 1189
3 1090 1096 1310
3 1090 1304 1205
3 1090 1310 1304
3 1093 1263 1100
3 1172 1346 1093
3 1093 1346 1263
3 1094 1101 1187
3 1094 1255 1173
3 1094 1187 1255
3 1096 1107 1310
3 1098 1174 1264
3 1098 1264 1291
3 1099 1142 1292
3 1099 1377 1175
3 1099 1292 1377
3 1263 1188 1100
3 1101 1189 1187
3 1107 1124 1317
3 1107 1317 1310
3 1108 1318 1125
3 1108 1205 1318
3 1331 1109 1149
3 1109 1331 1288
3 1110 1332 1150
3 1110 1289 1332
3 1114 1249 1347
3 1114 1347 1283
3 1115 1348 1250
3 1115 1284 1348
3 1116 1302 1174
3 1354 1116 1201
3 1116 1354 1302
3 1117 1175 1246
3 1117 1246 1202
3 1120 1298 1206
3 1219 1298 1120
3 1159 1207 1121
3 1121 1207 1299
3 1220 1121 1299
3 1124 1147 1337
3 1124 1337 1317
3 1125 1338 1148
3 1338 1125 1318
3 1130 1136 1328
3 1130 1319 1213
3 1130 1328 1319
3 1131 1329 1137
3 1214 1320 1131
3 1131 1320 1329
3 1210 1134 1315
3 1134 1233 1315
3 1135 1211 1316
3 1135 1316 1234
3 1336 1136 1143
3 1136 1336 1328
3 1137 1336 1143
3 1137 1329 1336
3 1191 1219 1138
3 1220 1192 1139
3 1142 1186 1345
3 1142 1345 1292
3 1144 1351 1186
3 1351 1144 1200
3 1170 1388 1147
3 1147 1363 1337
3 1147 1388 1363
3 1148 1389 1171
3 1364 1148 1338
3 1148 1364 1389
3 1371 1149 1176
3 1371 1331 1149
3 1150 1372 1177
3 1150 1332 1372
3 1209 1157 1278
3 1234 1278 1157
3 1158 1244 1201
3 1158 1206 1244
3 1159 1202 1245
3 1159 1287 1207
3 1159 1245 1287
3 1235 1191 1161
3 1210 1281 1161
3 1161 1281 1235
3 1162 1192 1236
3 1162 1282 1211
3 1162 1236 1282
3 1170 1199 1388
3 1171 1417 1200
3 1171 1389 1417
3 1172 1230 1321
3 1172 1321 1346
3 1173 1322 1231
3 1173 1255 1322
3 1174 1302 1264
3 1175 1303 1246
3 1175 1377 1303
3 1176 1195 1279
3 1279 1371 1176
3 1177 1280 1196
3 1177 1372 1280
3 1208 1178 1253
3 1178 1261 1253
3 1209 1254 1179
3 1355 1179 1254
3 1179 1355 1262
3 1232 1276 1185
3 1237 1185 1276
3 1186 1403 1345
3 1403 1186 1351
3 1187 1189 1359
3 1187 1437 1255
3 1187 1359 1437
3 1188 1308 1261
3 1188 1263 1308
3 1189 1262 1359
3 1219 1191 1267
3 1191 1235 1324
3 1191 1324 1267
3 1268 1192 1220
3 1192 1325 1236
3 1268 1325 1192
3 1195 1213 1306
3 1195 1306 1279
3 1196 1307 1214
3 1196 1280 1307
3 1199 1237 1350
3 1199 1350 1416
3 1199 1416 1388
3 1351 1200 1417
3 1201 1244 1343
3 1201 1343 1354
3 1202 1344 1245
3 1246 1344 1202
3 1205 1304 1421
3 1205 1421 1318
3 1244 1206 1349
3 1298 1349 1206
3 1207 1287 1406
3 1207 1406 1299
3 1208 1253 1341
3 1208 1341 1277
3 1209 1342 1254
3 1209 1278 1342
3 1281 1210 1352
3 1315 1352 1210
3 1282 1353 1211
3 1211 1408 1316
3 1211 1353 1408
3 1213 1319 1306
3 1307 1320 1214
3 1219 1267 1298
3 1220 1299 1268
3 1230 1283 1390
3 1230 1390 1321
3 1231 1391 1284
3 1391 1231 1322
3 1232 1459 1276
3 1291 1522 1232
3 1232 1522 1459
3 1277 1375 1233
3 1233 1375 1315
3 1234 1376 1278
3 1234 1316 1376
3 1281 1386 1235
3 1324 1235 1386
3 1236 1387 1282
3 1236 1325 1387
3 1350 1237 1276
3 1244 1395 1343
3 1244 1349 1395
3 1245 1396 1287
3 1245 1344 1396
3 1246 1303 1402
3 1246 1402 1344
3 1288 1397 1249
3 1249 1397 1347
3 1250 1398 1289
3 1250 1348 1398
3 1253 1261 1440
3 1253 1440 1341
3 1254 1342 1441
3 1254 1441 1355
3 1255 1505 1322
3 1255 1437 1505
3 1308 1404 1261
3 1261 1404 1440
3 1262 1355 1452
3 1262 1452 1359
3 1263 1358 1308
3 1263 1346 1436
3 1263 1436 1358
3 1264 1479 1291
3 1302 1461 1264
3 1461 1525 1264
3 1479 1264 1525
3 1267 1463 1298
3 1267 1324 1518
3 1267 1518 1463
3 1268 1299 1464
3 1268 1519 1325
3 1268 1464 1519
3 1276 1507 1350
3 1276 1459 1507
3 1341 1422 1277
3 1277 1422 1375
3 1423 1342 1278
3 1423 1278 1376
3 1279 1306 1512
3 1279 1488 1371
3 1279 1512 1488
3 1280 1513 1307
3 1280 1372 1489
3 1280 1489 1513
3 1281 1352 1442
3 1281 1442 1386
3 1282 1443 1353
3 1282 1387 1443
3 1347 1448 1283
3 1283 1448 1390
3 1284 1449 1348
3 1449 1284 1391
3 1396 1499 1287
3 1287 1499 1406
3 1430 1288 1331
3 1288 1430 1397
3 1289 1431 1332
3 1289 1398 1431
3 1291 1479 1522
3 1409 1292 1345
3 1377 1292 1480
3 1480 1292 1409
3 1298 1405 1349
3 1298 1463 1405
3 1299 1406 1464
3 1302 1354 1461
3 1377 1462 1303
3 1462 1402 1303
3 1304 1310 1536
3 1304 1535 1421
3 1304 1536 1535
3 1306 1319 1424
3 1306 1424 1512
3 1425 1320 1307
3 1307 1513 1425
3 1308 1358 1404
3 1310 1317 1536
3 1315 1407 1352
3 1465 1315 1375
3 1315 1465 1407
3 1316 1466 1376
3 1316 1408 1466
3 1317 1337 1538
3 1536 1317 1538
3 1561 1338 1318
3 1318 1421 1539
3 1561 1318 1539
3 1434 1319 1328
3 1319 1434 1424
3 1329 1320 1435
3 1320 1425 1435
3 1321 1504 1346
3 1390 1566 1321
3 1321 1566 1504
3 1322 1567 1391
3 1322 1505 1567
3 1324 1386 1564
3 1324 1564 1518
3 1325 1565 1387
3 1325 1519 1565
3 1438 1328 1336
3 1328 1438 1434
3 1329 1438 1336
3 1438 1329 1435
3 1331 1371 1467
3 1331 1467 1430
3 1332 1468 1372
3 1332 1431 1468
3 1560 1337 1363
3 1538 1337 1560
3 1338 1582 1364
3 1338 1561 1582
3 1341 1528 1422
3 1341 1440 1528
3 1342 1423 1529
3 1342 1529 1441
3 1343 1401 1354
3 1401 1343 1395
3 1344 1453 1396
3 1402 1453 1344
3 1345 1403 1460
3 1409 1345 1460
3 1346 1504 1436
3 1347 1397 1448
3 1348 1449 1398
3 1349 1456 1395
3 1405 1498 1349
3 1349 1498 1456
3 1416 1350 1572
3 1350 1507 1572
3 1403 1351 1573
3 1351 1417 1573
3 1442 1352 1407
3 1353 1491 1408
3 1353 1443 1491
3 1354 1401 1500
3 1354 1500 1461
3 1355 1441 1483
3 1355 1483 1452
3 1358 1531 1404
3 1358 1436 1622
3 1358 1622 1531
3 1359 1527 1437
3 1359 1452 1527
3 4388 1363 1388
3 1560 1363 1581
3 1363 4388 1581
3 1364 1619 1389
3 1582 1619 1364
3 1371 1488 1467
3 1489 1372 1468
3 1375 1422 1516
3 1375 1516 1465
3 1376 1517 1423
3 1466 1517 1376
3 1377 1526 1462
3 1377 1480 1526
3 1386 1442 1641
3 1386 1641 1564
3 1387 1642 1443
3 1565 1642 1387
3 1388 1416 4177
3 4388 1388 4177
3 1417 1389 1534
3 1619 1534 1389
3 1390 1448 1639
3 1390 1639 1566
3 1391 1640 1449
3 1391 1567 1640
3 1401 1395 1607
3 1395 1456 1665
3 1607 1395 1665
3 1396 1453 1543
3 1396 1543 1499
3 1635 1397 1430
3 1448 1397 1583
3 1397 1635 1583
3 1398 1636 1431
3 1449 1584 1398
3 1636 1398 1584
3 1500 1401 1607
3 1402 1549 1453
3 1462 1621 1402
3 1402 1621 1549
3 1403 1634 1460
3 1403 1573 1634
3 1440 1404 1568
3 1404 1531 1568
3 1405 1463 1554
3 1405 1554 1498
3 1406 1499 1464
3 1407 1588 1442
3 1407 1465 1550
3 1407 1550 1588
3 1408 1551 1466
3 1408 1491 1551
3 1409 1460 1645
3 1409 1600 1480
3 1409 1645 1600
3 1416 1572 1533
3 4177 1416 1533
3 1534 1573 1417
3 1421 1535 1664
3 1421 1664 1539
3 1422 1625 1516
3 1422 1528 1625
3 1423 1517 1626
3 1423 1626 1529
3 1424 1434 1648
3 1424 1637 1512
3 1424 1648 1637
3 1425 1649 1435
3 1425 1513 1638
3 1425 1638 1649
3 1430 1467 1671
3 1635 1430 1671
3 1431 1672 1468
3 1672 1431 1636
3 1434 1438 1652
3 1434 1652 1648
3 1435 1652 1438
3 1435 1649 1652
3 1504 1601 1436
3 1436 1601 1622
3 1505 1437 1602
3 1437 1527 1602
3 1568 1528 1440
3 1441 1569 1483
3 1569 1441 1529
3 1442 1588 1641
3 1443 1699 1491
3 1443 1642 1699
3 1448 1583 1688
3 1448 1688 1639
3 1449 1689 1584
3 1449 1640 1689
3 1452 1483 1532
3 1452 1532 1527
3 1453 1666 1543
3 1453 1549 1666
3 1498 1717 1456
3 1665 1456 1717
3 1459 1691 1507
3 1459 1522 1752
3 1459 1752 1691
3 1460 1634 1692
3 1460 1692 1645
3 1620 1461 1500
3 1650 1525 1461
3 1650 1461 1620
3 1462 1526 1621
3 1463 1518 1623
3 1554 1463 1623
3 1464 1499 1555
3 1464 1624 1519
3 1624 1464 1555
3 1465 1516 1611
3 1465 1611 1550
3 1466 1612 1517
3 1612 1466 1551
3 1589 1467 1488
3 1589 1671 1467
3 1468 1590 1489
3 1468 1672 1590
3 1479 1599 1522
3 1479 1525 1650
3 1479 1650 1599
3 1480 1600 1526
3 1630 1532 1483
3 1630 1483 1569
3 1616 1488 1512
3 1589 1488 1616
3 1513 1489 1617
3 1617 1489 1590
3 1551 1491 1746
3 1746 1491 1699
3 1498 1554 1717
3 1543 1610 1499
3 1499 1610 1555
3 1500 1607 1676
3 1620 1500 1676
3 1566 1680 1504
3 1601 1504 1680
3 1567 1505 1681
3 1505 1602 1681
3 1507 1741 1572
3 1507 1691 1741
3 1512 1637 1616
3 1638 1513 1617
3 1516 1714 1611
3 1516 1625 1714
3 1517 1612 1668
3 1668 1626 1517
3 1518 1564 1682
3 1623 1518 1682
3 1519 1683 1565
3 1519 1624 1683
3 1522 1599 1752
3 1526 1600 1651
3 1526 1651 1621
3 1707 1527 1532
3 1602 1527 1784
3 1527 1707 1784
3 1625 1528 1568
3 1529 1716 1569
3 1529 1626 1716
3 1568 1531 1629
3 1531 1622 1629
3 1707 1532 1630
3 1533 1572 1816
3 1533 1761 1618
3 1618 4177 1533
3 1533 1816 1761
3 1534 1762 1573
3 1619 1762 1534
3 1535 1536 1764
3 1535 1763 1664
3 1535 1764 1763
3 1536 1538 1777
3 1536 1777 1764
3 1538 1560 1798
3 1538 1798 1777
3 1799 1561 1539
3 1539 1664 1778
3 1799 1539 1778
3 1543 1666 1610
3 1621 1677 1549
3 1549 1766 1666
3 1549 1677 1766
3 1588 1550 1745
3 1704 1550 1611
3 1550 1704 1745
3 1551 1705 1612
3 1551 1746 1705
3 1623 1829 1554
3 1767 1717 1554
3 1829 1767 1554
3 1610 1768 1555
3 1555 1830 1624
3 1555 1768 1830
3 1560 1581 1821
3 1560 1821 1798
3 1582 1561 1822
3 1561 1799 1822
3 1564 1641 1682
3 1565 1683 1642
3 1639 1722 1566
3 1680 1566 1722
3 1567 1723 1640
3 1723 1567 1681
3 1715 1625 1568
3 1715 1568 1629
3 1569 1716 1630
3 1816 1572 1741
3 1573 1853 1634
3 1573 1762 1817
3 1817 1853 1573
3 1581 1618 1728
3 1581 4388 1618
3 1581 1728 1821
3 1840 1619 1582
3 1822 1840 1582
3 1635 1720 1583
3 1720 1688 1583
3 1584 1721 1636
3 1721 1584 1689
3 1588 1698 1641
3 1588 1745 1698
3 1616 1814 1589
3 1791 1671 1589
3 1589 1814 1791
3 1590 1815 1617
3 1590 1672 1792
3 1815 1590 1792
3 1599 1650 1753
3 1752 1599 1833
3 1599 1753 1833
3 1600 1645 1719
3 1719 1651 1600
3 1601 1783 1622
3 1601 1680 1841
3 1601 1841 1783
3 1602 1842 1681
3 1842 1602 1784
3 1665 1765 1607
3 1607 1765 1676
3 1666 1718 1610
3 1718 1768 1610
3 1704 1611 1891
3 1611 1714 1891
3 1612 1705 1668
3 1726 1616 1637
3 1814 1616 1726
3 1617 1727 1638
3 1617 1815 1727
3 1618 1761 1728
3 4388 4177 1618
3 1840 1762 1619
3 1650 1620 1729
3 1620 1676 1729
3 1621 1651 1730
3 1621 1730 1677
3 1622 1706 1629
3 1622 1783 1706
3 1623 1682 1875
3 1829 1623 1875
3 1624 1876 1683
3 1624 1830 1876
3 1625 1757 1714
3 1757 1625 1715
3 1626 1668 1758
3 1626 1758 1716
3 1629 1706 1715
3 1802 1707 1630
3 1630 1716 1802
3 1634 1853 1692
3 1635 1671 1755
3 1635 1755 1720
3 1636 1756 1672
3 1756 1636 1721
3 1734 1637 1648
3 1637 1734 1726
3 1638 1735 1649
3 1735 1638 1727
3 1688 1773 1639
3 1639 1773 1722
3 1689 1640 1774
3 1774 1640 1723
3 1682 1641 1838
3 1641 1698 1838
3 1683 1839 1642
3 1642 1885 1699
3 1642 1839 1885
3 1692 1857 1645
3 1645 1834 1719
3 1645 1857 1834
3 1738 1648 1652
3 1648 1738 1734
3 1649 1738 1652
3 1738 1649 1735
3 1650 1729 1753
3 1719 1754 1651
3 1754 1730 1651
3 1664 1763 1870
3 1664 1870 1778
3 1665 1717 1765
3 1666 1766 1718
3 1668 1705 1850
3 1668 1942 1758
3 1668 1850 1942
3 1791 1755 1671
3 1792 1672 1756
3 1676 1779 1729
3 1676 1765 1779
3 1677 1730 1780
3 1677 1780 1766
3 1680 1722 1889
3 1680 1889 1841
3 1681 1890 1723
3 1890 1681 1842
3 1682 1838 1875
3 1683 1876 1839
3 1688 1720 1773
3 1689 1774 1721
3 1691 1904 1741
3 1691 1752 1856
3 1691 1856 1904
3 1905 1692 1853
3 1692 1905 1857
3 1939 1698 1745
3 4015 1838 1698
3 1939 4015 1698
3 1699 1885 1746
3 1745 1704 1803
3 1704 1891 1803
3 1804 1705 1746
3 1804 1850 1705
3 1715 1706 1808
3 1858 1706 1783
3 1706 1877 1808
3 1706 1858 1877
3 1707 1859 1784
3 1802 1859 1707
3 1941 1714 1757
3 1714 1941 1891
3 1715 1808 1757
3 1809 1716 1758
3 1716 1809 1802
3 1765 1717 1825
3 1717 1767 1825
3 1766 1921 1718
3 1718 1869 1768
3 1869 1718 1921
3 1719 1834 1754
3 1922 1720 1755
3 1720 1896 1773
3 1720 1922 1896
3 1721 1923 1756
3 1774 1897 1721
3 1923 1721 1897
3 1773 1937 1722
3 1722 1937 1889
3 1774 1723 1938
3 1938 1723 1890
3 1726 1734 1914
3 1726 1902 1814
3 1726 1914 1902
3 1727 1915 1735
3 1903 1727 1815
3 1727 1903 1915
3 1728 1761 1974
3 1728 1943 1821
3 1728 1974 1943
3 1753 1729 1843
3 1729 1779 1843
3 1754 1844 1730
3 1844 1780 1730
3 1916 1734 1738
3 1734 1916 1914
3 1735 1916 1738
3 1916 1735 1915
3 1953 1816 1741
3 1953 1741 1904
3 1803 1992 1745
3 1992 1939 1745
3 1804 1746 1993
3 1885 1940 1746
3 1993 1746 1940
3 1856 1752 1833
3 1900 1833 1753
3 1843 1900 1753
3 1834 1901 1754
3 1754 1901 1844
3 1866 1755 1791
3 1866 1922 1755
3 1756 1867 1792
3 1756 1923 1867
3 1980 1757 1808
3 1757 1980 1941
3 1758 1981 1809
3 1981 1758 1942
3 1761 1816 2010
3 1761 2010 1974
3 1762 2011 1817
3 1840 1975 1762
3 1762 1975 2011
3 1763 1764 1979
3 1763 1976 1870
3 1763 1979 1976
3 1764 1777 1994
3 1764 1994 1979
3 1765 1872 1779
3 1765 1825 1872
3 1766 1780 1873
3 1766 1873 1921
3 1825 1767 1977
3 1767 1829 1924
3 1767 1924 1977
3 1768 1925 1830
3 1768 1869 1925
3 1972 1773 1896
3 1773 1972 1937
3 1774 1973 1897
3 1938 1973 1774
3 1777 1798 2001
3 1777 2001 1994
3 2002 1799 1778
3 1778 1870 1995
3 2002 1778 1995
3 1779 1882 1843
3 1779 1872 1882
3 1844 1883 1780
3 1780 1883 1873
3 1919 1783 1841
3 1783 1919 1858
3 1920 1842 1784
3 1920 1784 1859
3 1814 1887 1791
3 1791 1887 1866
3 1792 1888 1815
3 1888 1792 1867
3 1798 1821 2017
3 1798 2017 2001
3 1799 2018 1822
3 1799 2002 2018
3 1802 1809 1961
3 1802 2026 1859
3 1961 2026 1802
3 1803 1891 2030
3 1992 1803 2030
3 1804 2031 1850
3 1804 1993 2031
3 1877 1980 1808
3 1809 1981 1961
3 1814 1902 1887
3 1815 1888 1903
3 1953 2010 1816
3 1817 2051 1853
3 1817 2011 2051
3 1943 2017 1821
3 1822 1944 1840
3 2018 1944 1822
3 1872 1825 1982
3 1825 1977 2021
3 1825 2021 1982
3 1829 1875 1984
3 1829 1984 1924
3 1830 1985 1876
3 1830 1925 1985
3 1856 1833 1926
3 1900 1962 1833
3 1833 1962 1926
3 1834 1857 2029
3 1901 1834 1963
3 2029 1963 1834
3 1838 1929 1875
3 1838 1884 1929
3 1884 1838 4015
3 1839 1876 2028
3 1839 2076 1885
3 1839 2028 2076
3 1840 1944 1975
3 1889 1970 1841
3 1841 1970 1919
3 1842 1971 1890
3 1971 1842 1920
3 1843 1882 1996
3 1843 1996 1900
3 1844 1997 1883
3 1901 2044 1844
3 2044 1997 1844
3 1850 2069 1942
3 2069 1850 2031
3 1853 2051 1905
3 1904 1856 2056
3 1856 1926 2113
3 1856 2113 2056
3 1857 1905 2057
3 1857 2057 2029
3 2025 1877 1858
3 1919 2025 1858
3 1859 2026 1920
3 2045 1866 1887
3 1866 2023 1922
3 1866 2045 2023
3 1867 2046 1888
3 2024 1867 1923
3 2046 1867 2024
3 1869 1921 2070
3 2070 1925 1869
3 1870 1976 2071
3 1870 2071 1995
3 1872 1982 1882
3 1983 1873 1883
3 1873 1983 1921
3 1875 1929 2027
3 1875 2027 1984
3 1876 1985 2028
3 1877 2048 1980
3 2048 1877 2025
3 1882 1982 2035
3 1882 2035 1996
3 1883 1997 1983
3 1884 2075 1929
3 1884 1939 2032
3 1884 4015 1939
3 1884 2032 2075
3 1885 2076 1940
3 2054 1887 1902
3 2054 2045 1887
3 2055 1903 1888
3 1888 2046 2055
3 1937 2013 1889
3 1889 2013 1970
3 1890 2014 1938
3 2014 1890 1971
3 1891 1941 2098
3 1891 2098 2030
3 2005 1896 1922
3 1896 2005 1972
3 1897 2006 1923
3 2006 1897 1973
3 1900 2043 1962
3 1900 1996 2043
3 1901 1963 2044
3 1902 1914 2054
3 1915 1903 2055
3 1904 2088 1953
3 1904 2056 2088
3 1905 2051 2089
3 1905 2089 2057
3 1916 2064 1914
3 2060 2054 1914
3 1914 2064 2060
3 1915 2064 1916
3 2055 2061 1915
3 2064 1915 2061
3 1970 2180 1919
3 2025 1919 2142
3 2142 1919 2180
3 1971 1920 2181
3 2143 1920 2026
3 2181 1920 2143
3 2022 1921 1983
3 2022 2070 1921
3 1922 2023 2005
3 2024 1923 2006
3 1977 1924 2106
3 2106 1924 1984
3 1925 2107 1985
3 2070 2107 1925
3 2086 1926 1962
3 2086 2138 1926
3 1926 2138 2113
3 1929 2075 2027
3 1972 2049 1937
3 2013 1937 2049
3 1938 2014 1973
3 1992 2148 1939
3 1939 2148 2032
3 2149 1993 1940
3 2112 1940 2076
3 2112 2149 1940
3 2132 1941 1980
3 1941 2132 2098
3 1942 2069 1981
3 1943 1974 2140
3 2171 2017 1943
3 1943 2140 2200
3 1943 2200 2171
3 1944 2141 1975
3 1944 2018 2201
3 1944 2201 2141
3 1953 2050 2010
3 1953 2088 2050
3 1961 1981 2195
3 2026 1961 2232
3 2195 2232 1961
3 2086 1962 2043
3 2029 2139 1963
3 1963 2087 2044
3 2139 2087 1963
3 1970 2013 2214
3 2214 2180 1970
3 1971 2215 2014
3 2215 1971 2181
3 2049 1972 2005
3 2135 2006 1973
3 2115 1973 2014
3 2135 1973 2115
3 1974 2010 2168
3 1974 2168 2140
3 1975 2169 2011
3 1975 2141 2169
3 1976 1979 2145
3 1976 2144 2071
3 1976 2145 2144
3 1977 2147 2021
3 1977 2106 2147
3 1979 1994 2145
3 2132 1980 2048
3 2069 2133 1981
3 2195 1981 2133
3 2021 2104 1982
3 2104 2035 1982
3 2074 1983 1997
3 1983 2074 2022
3 1984 2027 2150
3 1984 2150 2106
3 1985 2110 2028
3 2107 2151 1985
3 1985 2151 2110
3 1992 2030 2148
3 1993 2185 2031
3 2149 2185 1993
3 1994 2001 2164
3 2145 1994 2154
3 1994 2164 2154
3 2165 2002 1995
3 1995 2071 2155
3 2165 1995 2155
3 1996 2035 2079
3 1996 2079 2043
3 2080 1997 2044
3 2080 2074 1997
3 2001 2017 2171
3 2001 2171 2164
3 2002 2172 2018
3 2002 2165 2172
3 2156 2005 2023
3 2005 2134 2049
3 2005 2156 2134
3 2006 2157 2024
3 2157 2006 2135
3 2010 2050 2208
3 2010 2208 2168
3 2011 2209 2051
3 2011 2169 2209
3 2235 2013 2049
3 2013 2235 2214
3 2115 2014 2215
3 2172 2201 2018
3 2021 2147 2104
3 2189 2070 2022
3 2022 2074 2189
3 2166 2023 2045
3 2023 2166 2156
3 2157 2046 2024
3 2025 2231 2048
3 2025 2142 2231
3 2026 2232 2143
3 2027 2075 2193
3 2027 2193 2150
3 2028 2110 2076
3 2029 2057 2114
3 2029 2114 2139
3 2243 2030 2098
3 2184 2148 2030
3 2030 2243 2184
3 2069 2031 2185
3 2032 2111 2075
3 2148 2111 2032
3 2035 2117 2079
3 2035 2104 2117
3 2079 2158 2043
3 2043 2124 2086
3 2158 2124 2043
3 2044 2159 2080
3 2044 2087 2159
3 2175 2045 2054
3 2045 2175 2166
3 2046 2176 2055
3 2157 2167 2046
3 2176 2046 2167
3 2048 2194 2132
3 2048 2231 2194
3 2235 2049 2134
3 2050 2088 2237
3 2050 2237 2208
3 2051 2238 2089
3 2051 2209 2238
3 2186 2054 2060
3 2054 2186 2175
3 2055 2187 2061
3 2187 2055 2176
3 2056 2212 2088
3 2056 2113 2191
3 2056 2191 2212
3 2057 2089 2213
3 2057 2192 2114
3 2057 2213 2192
3 2190 2060 2064
3 2060 2190 2186
3 2061 2190 2064
3 2190 2061 2187
3 2069 2244 2133
3 2244 2069 2185
3 2107 2070 2221
3 2189 2221 2070
3 2071 2144 2220
3 2071 2220 2155
3 2152 2074 2080
3 2074 2152 2189
3 2222 2075 2111
3 2075 2222 2193
3 2153 2076 2110
3 2076 2153 2112
3 2079 2117 2158
3 2152 2080 2197
3 2159 2197 2080
3 2086 2124 2138
3 2139 2206 2087
3 2087 2206 2159
3 2088 2212 2237
3 2089 2238 2213
3 2267 2098 2132
3 2098 2267 2243
3 2104 2188 2117
3 2104 2147 2188
3 2106 2256 2147
3 2106 2150 2256
3 2257 2151 2107
3 2107 2221 2257
3 2151 2258 2110
3 2110 2258 2153
3 2148 2283 2111
3 2222 2111 2259
3 2283 2259 2111
3 2112 2284 2149
3 2260 2112 2153
3 2112 2260 2284
3 2191 2113 2138
3 2114 2192 2139
3 2135 2115 2236
3 2236 2115 2215
3 2117 2196 2158
3 2117 2188 2196
3 2138 2124 2240
3 2158 2288 2124
3 2124 2288 2240
3 2267 2132 2194
3 2133 2323 2195
3 2133 2244 2420
3 2420 2323 2133
3 2405 2134 2156
3 2383 2235 2134
3 2134 2405 2383
3 2157 2135 4322
3 2236 4322 2135
3 2191 2138 2240
3 2139 2192 2241
3 2139 2241 2206
3 2140 2168 2306
3 2140 2272 2200
3 2140 2306 2272
3 2141 2307 2169
3 2201 2356 2141
3 2141 2356 2307
3 2180 2460 2142
3 2142 2412 2231
3 2142 2460 2412
3 2143 2461 2181
3 2413 2143 2232
3 2461 2143 2413
3 2144 2145 2274
3 2144 2273 2220
3 2144 2274 2273
3 2145 2154 2274
3 2147 2277 2188
3 2277 2147 2256
3 2148 2184 2283
3 2149 2284 2185
3 2150 2193 2279
3 2150 2279 2256
3 2257 2280 2151
3 2151 2280 2258
3 2152 2255 2189
3 2152 2197 2255
3 2153 2258 2285
3 2260 2153 2285
3 2154 2164 2281
3 2274 2154 2281
3 2295 2165 2155
3 2155 2220 2282
3 2295 2155 2282
3 2415 2156 2166
3 2156 2415 2405
3 2157 4322 2167
3 2196 2261 2158
3 2158 2261 2288
3 2262 2197 2159
3 2159 2206 2289
3 2262 2159 2289
3 2164 2171 2294
3 2281 2164 2294
3 2165 2311 2172
3 2165 2295 2311
3 2430 2166 2175
3 2166 2430 2415
3 2167 2431 2176
3 2167 2406 2416
3 4322 2406 2167
3 2167 2416 2431
3 2168 2208 2342
3 2168 2342 2306
3 2169 2343 2209
3 2169 2307 2343
3 2171 2200 2332
3 2294 2171 2310
3 2171 2332 2310
3 2333 2201 2172
3 2311 2333 2172
3 2175 2186 2439
3 2175 2439 2430
3 2176 2440 2187
3 2440 2176 2431
3 2345 2180 2214
3 2460 2180 2345
3 2181 2346 2215
3 2181 2461 2346
3 2184 2243 2324
3 2184 2324 2283
3 2185 2325 2244
3 2325 2185 2284
3 2443 2186 2190
3 2186 2443 2439
3 2187 2443 2190
3 2443 2187 2440
3 2188 2254 2196
3 2254 2188 2277
3 2255 2221 2189
3 2191 2317 2212
3 2240 2302 2191
3 2191 2302 2317
3 2192 2213 2318
3 2192 2303 2241
3 2192 2318 2303
3 2331 2193 2222
3 2193 2331 2279
3 2231 2377 2194
3 2194 2419 2267
3 2377 2534 2194
3 2419 2194 4106
3 2194 2534 4106
3 2195 2378 2232
3 2378 2195 2323
3 2261 2196 2254
3 2197 2262 2255
3 2200 2272 2332
3 2333 2356 2201
3 2341 2206 2241
3 2341 2289 2206
3 2208 2237 2379
3 2208 2379 2342
3 2209 2380 2238
3 2209 2343 2380
3 2348 2237 2212
3 2348 2212 2317
3 2213 2238 2349
3 2213 2349 2318
3 2371 2214 2235
3 2214 2371 2345
3 2215 2372 2236
3 2372 2215 2346
3 2220 2273 2363
3 2220 2363 2282
3 2255 2278 2221
3 2278 2257 2221
3 2259 2370 2222
3 2331 2222 2370
3 2231 2412 2377
3 2413 2232 2378
3 2383 2371 2235
3 2384 2236 2372
3 2384 4322 2236
3 2237 2348 2379
3 2238 2380 2349
3 2340 2240 2288
3 2340 2302 2240
3 2241 2303 2341
3 2243 2267 2387
3 2243 2387 2324
3 2325 2388 2244
3 2244 2388 2420
3 2254 2319 2261
3 2254 2277 2319
3 2262 2320 2255
3 2278 2255 2320
3 2256 2326 2277
3 2326 2256 2279
3 2278 2327 2257
3 2257 2327 2280
3 2258 2280 2398
3 2258 2398 2285
3 2259 2283 2446
3 2259 2401 2370
3 2259 2446 2401
3 2284 2260 2402
3 2402 2260 2285
3 2261 2329 2288
3 2261 2319 2329
3 2262 2289 2330
3 2262 2330 2320
3 2267 2419 2387
3 2272 2306 2455
3 2272 2483 2332
3 2272 2455 2502
3 2272 2502 2483
3 2273 2274 2428
3 2273 2423 2363
3 2273 2428 2423
3 2274 2281 2437
3 2274 2437 2428
3 2277 2364 2319
3 2277 2326 2364
3 2320 2434 2278
3 2278 2434 2327
3 2365 2326 2279
3 2365 2279 2331
3 2327 2366 2280
3 2398 2280 2366
3 2281 2294 2450
3 2281 2450 2437
3 2295 2282 2451
3 2282 2363 2438
3 2451 2282 2438
3 2283 2324 2446
3 2325 2284 2447
3 2284 2402 2447
3 2398 2445 2285
3 2285 2445 2402
3 2329 2395 2288
3 2441 2340 2288
3 2288 2395 2441
3 2289 2396 2330
3 2289 2341 2442
3 2289 2442 2396
3 2294 2310 2464
3 2294 2464 2450
3 2295 2465 2311
3 2295 2451 2465
3 2302 2453 2317
3 2403 2302 2340
3 2302 2403 2453
3 2303 2318 2454
3 2303 2404 2341
3 2404 2303 2454
3 2306 2342 2495
3 2306 2495 2455
3 2307 2496 2343
3 2307 2356 2528
3 2307 2528 2496
3 2483 2310 2332
3 2310 2483 2464
3 2484 2333 2311
3 2465 2484 2311
3 2317 2466 2348
3 2317 2453 2466
3 2318 2349 2467
3 2318 2467 2454
3 2393 2329 2319
3 2393 2319 2364
3 2320 2330 2394
3 2434 2320 2394
3 2323 2535 2378
3 2652 2323 2420
3 2323 2652 2535
3 2324 2387 2486
3 2324 2486 2446
3 2517 2388 2325
3 2517 2325 2447
3 2326 2479 2364
3 2365 2479 2326
3 2327 2480 2366
3 2480 2327 2434
3 2329 2393 2395
3 2396 2394 2330
3 2331 2397 2365
3 2397 2331 2370
3 2333 2503 2356
3 2333 2484 2503
3 2340 2441 2403
3 2341 2404 2442
3 2379 2521 2342
3 2342 2521 2495
3 2343 2522 2380
3 2522 2343 2496
3 2371 2524 2345
3 2345 2499 2460
3 2524 2499 2345
3 2346 2525 2372
3 2346 2461 2500
3 2525 2346 2500
3 2497 2379 2348
3 2536 2348 2466
3 2497 2348 2536
3 2349 2380 2498
3 2349 2498 2467
3 2356 2503 2528
3 2363 2423 2506
3 2363 2506 2438
3 2393 2364 2509
3 2364 2479 2509
3 2365 2397 2515
3 2365 2515 2479
3 2366 2516 2398
3 2480 2516 2366
3 2370 2520 2397
3 2370 2401 2520
3 2538 2371 2383
3 2371 2538 2524
3 2372 2539 2384
3 2539 2372 2525
3 2534 2377 2412
3 2535 2413 2378
3 2379 2497 2521
3 2380 2522 2498
3 2563 2383 2405
3 2383 2563 2538
3 2384 2564 2406
3 2406 4322 2384
3 2564 2384 2539
3 2387 2419 2549
3 2387 2549 2486
3 2420 2388 2550
3 2517 2550 2388
3 2393 2473 2395
3 2393 2509 2473
3 2396 2474 2394
3 2474 2434 2394
3 2395 2477 2441
3 2395 2473 2477
3 2396 2442 2478
3 2396 2478 2474
3 2397 2556 2515
3 2520 2556 2397
3 2398 2557 2445
3 2398 2516 2557
3 2446 2603 2401
3 2401 2558 2520
3 2401 2603 2558
3 2490 2402 2445
3 2447 2402 2523
3 2523 2402 2490
3 2511 2403 2441
3 2403 2526 2453
3 2526 2403 2511
3 2404 2512 2442
3 2454 2527 2404
3 2404 2527 2512
3 2573 2405 2415
3 2405 2573 2563
3 2416 2406 2574
3 2574 2406 2564
3 2412 2460 2578
3 2578 2534 2412
3 2413 2579 2461
3 2579 2413 2535
3 2591 2415 2430
3 2415 2591 2573
3 2416 2592 2431
3 2592 2416 2574
3 2419 2582 2549
3 2419 2651 2582
3 2419 4106 2651
3 2550 2583 2420
3 2652 2420 2583
3 2423 2428 2575
3 2423 2571 2506
3 2423 2575 2571
3 2428 2437 2575
3 2600 2430 2439
3 2430 2600 2591
3 2440 2431 2601
3 2592 2601 2431
3 2510 2434 2474
3 2434 2510 2480
3 2437 2450 2589
3 2437 2589 2575
3 2438 2596 2451
3 2438 2506 2590
3 2438 2590 2596
3 2605 2439 2443
3 2439 2605 2600
3 2440 2605 2443
3 2601 2605 2440
3 2441 2477 2511
3 2442 2543 2478
3 2442 2512 2543
3 2445 2641 2490
3 2598 2445 2557
3 2445 2598 2641
3 2446 2486 2603
3 2517 2447 2523
3 2464 2614 2450
3 2589 2450 2614
3 2451 2615 2465
3 2451 2596 2615
3 2453 2526 2466
3 2527 2454 2467
3 2455 2495 2635
3 2502 2455 2679
3 2455 2635 2679
3 2460 2499 2662
3 2460 2631 2578
3 2460 2662 2631
3 2500 2461 2663
3 2632 2461 2579
3 2461 2632 2663
3 2464 2483 2633
3 2464 2633 2614
3 2465 2634 2484
3 2465 2615 2634
3 2466 2526 2594
3 2466 2594 2536
3 2498 2620 2467
3 2467 2595 2527
3 2467 2620 2595
3 2473 2540 2477
3 2473 2509 2540
3 2478 2541 2474
3 2541 2510 2474
3 2477 2542 2511
3 2540 2542 2477
3 2543 2541 2478
3 2509 2479 2551
3 2551 2479 2515
3 2480 2510 2552
3 2480 2552 2516
3 2483 2502 2653
3 2483 2653 2633
3 2484 2654 2503
3 2484 2634 2654
3 2486 2549 2642
3 2486 2642 2603
3 2490 2641 2523
3 2495 2521 2665
3 2495 2665 2635
3 2496 2666 2522
3 2496 2528 2709
3 2496 2709 2666
3 2497 2639 2521
3 2497 2536 2619
3 2497 2619 2685
3 2497 2685 2639
3 2640 2498 2522
3 2498 2640 2620
3 2662 2499 2524
3 2500 2663 2525
3 2502 2679 2653
3 2503 2680 2528
3 2654 2680 2503
3 2506 2571 2657
3 2506 2657 2590
3 2509 2584 2540
3 2551 2584 2509
3 2541 2585 2510
3 2552 2510 2585
3 2511 2586 2526
3 2625 2511 2542
3 2625 2586 2511
3 2527 2661 2512
3 2512 2626 2543
3 2626 2512 2661
3 2515 2556 2551
3 2552 2638 2516
3 2516 2638 2557
3 2604 2517 2523
3 2517 2681 2550
3 2681 2517 2604
3 2597 2556 2520
3 2716 2520 2558
3 2716 2597 2520
3 2521 2639 2665
3 2522 2666 2640
3 2523 2641 2604
3 2691 2524 2538
3 2691 2662 2524
3 2525 2692 2539
3 2525 2663 2692
3 2526 2586 2594
3 2527 2595 2661
3 2528 2680 2709
3 2699 2534 2578
3 2534 2699 2651
3 4106 2534 2651
3 2535 2700 2579
3 2700 2535 2652
3 2536 2594 2667
3 2536 2667 2619
3 2538 2563 2718
3 2718 2691 2538
3 2539 2719 2564
3 2539 2692 2719
3 2540 2627 2542
3 2584 2658 2540
3 2658 2627 2540
3 2541 2543 2628
3 2541 2628 2585
3 2542 2627 2625
3 2543 2626 2628
3 2549 2582 2712
3 2712 2642 2549
3 2550 2713 2583
3 2713 2550 2681
3 2637 2551 2556
3 2584 2551 2629
3 2637 2629 2551
3 2630 2552 2585
3 2552 2630 2638
3 2597 2637 2556
3 2638 2598 2557
3 2558 2603 2716
3 2734 2563 2573
3 2563 2734 2718
3 2564 2735 2574
3 2564 2719 2735
3 2571 2575 2727
3 2571 2724 2657
3 2571 2727 2724
3 2753 2573 2591
3 2573 2753 2734
3 2574 2754 2592
3 2574 2735 2754
3 2575 2589 2732
3 2575 2732 2727
3 2631 2897 2578
3 2578 2897 2699
3 2632 2579 2898
3 2579 2700 2898
3 2582 2651 2740
3 2582 2740 2712
3 2741 2652 2583
3 2741 2583 2713
3 2584 2629 2696
3 2658 2584 2696
3 2628 2659 2585
3 2630 2585 2697
3 2585 2659 2697
3 2586 2660 2594
3 2689 2586 2625
3 2660 2586 2689
3 2589 2614 2756
3 2589 2756 2732
3 2590 2744 2596
3 2590 2657 2733
3 2590 2733 2744
3 2772 2591 2600
3 2591 2772 2753
3 2592 2773 2601
3 2773 2592 2754
3 2594 2660 2667
3 2595 2620 2668
3 2595 2721 2661
3 2595 2668 2721
3 2615 2596 2744
3 2637 2597 2743
3 2597 2716 2743
3 2638 2677 2598
3 2641 2598 2717
3 2717 2598 2677
3 2775 2600 2605
3 2775 2772 2600
3 2601 2776 2605
3 2601 2773 2776
3 2603 2642 2682
3 2603 2682 2716
3 2604 2641 2683
3 2604 2683 2681
3 2775 2605 2777
3 2605 2776 2777
3 2614 2633 2778
3 2614 2778 2756
3 2757 2634 2615
3 2615 2744 2757
3 2619 2667 2685
3 2686 2620 2640
3 2668 2620 2686
3 2625 2627 2766
3 2689 2625 2766
3 2767 2628 2626
3 2661 2690 2626
3 2767 2626 2690
3 2658 2722 2627
3 2766 2627 2722
3 2659 2628 2767
3 2637 2710 2629
3 2730 2696 2629
3 2629 2710 2730
3 2630 2711 2638
3 2630 2697 2731
3 2630 2731 2711
3 2631 2662 2834
3 2834 2942 2631
3 2942 2897 2631
3 2632 2835 2663
3 2632 2943 2835
3 2632 2898 2943
3 2633 2653 2791
3 2633 2791 2778
3 2654 2634 2792
3 2757 2792 2634
3 2635 2665 2870
3 2635 2841 2679
3 2841 2635 2870
3 2637 2743 2710
3 2638 2711 2677
3 2639 2779 2665
3 2639 2685 2828
3 2639 2828 2779
3 2640 2666 2780
3 2640 2829 2686
3 2640 2780 2829
3 2641 2717 2683
3 2642 2751 2682
3 2712 2751 2642
3 2802 2651 2699
3 2651 2802 2740
3 2652 2803 2700
3 2741 2803 2652
3 2653 2679 2814
3 2653 2814 2791
3 2654 2815 2680
3 2815 2654 2792
3 2657 2724 2799
3 2657 2799 2733
3 2696 2722 2658
3 2774 2697 2659
3 2838 2659 2767
3 2774 2659 2838
3 2660 2795 2667
3 2660 2689 2793
3 2660 2793 2832
3 2660 2832 2795
3 2661 2721 2690
3 2834 2662 2691
3 2663 2835 2692
3 2665 2779 2870
3 2666 2709 2871
3 2666 2871 2780
3 2667 2804 2685
3 2667 2795 2804
3 2668 2686 2805
3 2853 2721 2668
3 2853 2668 2805
3 2677 2711 2807
3 2677 2784 2717
3 2784 2677 2807
3 2841 2814 2679
3 2680 2842 2709
3 2680 2815 2842
3 2681 2683 2831
3 2681 2831 2713
3 2682 2749 2716
3 2682 2751 2749
3 2683 2717 2750
3 2683 2750 2831
3 2685 2804 2828
3 2686 2829 2805
3 2766 2793 2689
3 2690 2721 2794
3 2690 2794 2767
3 2718 2848 2691
3 2691 2848 2834
3 2692 2849 2719
3 2849 2692 2835
3 2837 2722 2696
3 2730 2800 2696
3 2837 2696 2800
3 2774 2731 2697
3 2699 2851 2802
3 2699 2897 2851
3 2852 2700 2803
3 2700 2852 2898
3 2842 2871 2709
3 2710 2743 2730
3 2807 2711 2731
3 2819 2712 2740
3 2712 2819 2751
3 2713 2820 2741
3 2820 2713 2850
3 2713 2831 2850
3 2716 2783 2743
3 2716 2749 2783
3 2717 2784 2750
3 2877 2718 2734
3 2877 2848 2718
3 2719 2878 2735
3 2878 2719 2849
3 2721 2833 2794
3 2721 2853 2833
3 2722 2854 2766
3 2722 2837 2854
3 2724 2727 2869
3 2724 2864 2799
3 2724 2869 2864
3 2727 2732 2869
3 2730 2743 2875
3 2875 2800 2730
3 2774 2801 2731
3 2807 2731 2801
3 2756 2881 2732
3 2732 2881 2869
3 2733 2874 2744
3 2733 2799 2874
3 2753 2914 2734
3 2734 2896 2877
3 2734 2914 2896
3 2735 2915 2754
3 3973 2735 2878
3 2735 3973 2915
3 2819 2740 2802
3 2803 2741 2820
3 2743 2783 2875
3 2744 2892 2757
3 2744 2874 2892
3 2749 2751 2830
3 2749 2824 2783
3 2749 2830 2824
3 2750 2784 2825
3 2831 2750 2825
3 2751 2819 2830
3 2914 2753 2772
3 2773 2754 2915
3 2756 2778 2904
3 2756 2904 2881
3 2757 2905 2792
3 2757 2892 2905
3 2766 2854 2793
3 2855 2767 2794
3 2767 2855 2838
3 2772 2775 2930
3 2772 2930 2914
3 2773 2931 2776
3 2773 2915 2931
3 2838 2801 2774
3 4935 2775 2777
3 2775 4935 2930
3 4134 2777 2776
3 2931 4134 2776
3 4134 4935 2777
3 2778 2791 2929
3 2778 2929 2904
3 2944 2779 2828
3 2779 2900 2870
3 2944 2900 2779
3 2780 2945 2829
3 2901 2780 2871
3 2780 2901 2945
3 2824 2882 2783
3 2783 2909 2875
3 2909 2783 2882
3 2784 2807 2847
3 2784 2847 2825
3 2814 2929 2791
3 2792 2941 2815
3 2792 2905 2941
3 2793 2886 2832
3 2854 2886 2793
3 2833 2887 2794
3 2855 2794 2887
3 2795 2921 2804
3 2979 2795 2832
3 2921 2795 2979
3 2799 2864 2938
3 2799 2938 2874
3 2800 2862 2837
3 2800 2875 2862
3 2801 2940 2807
3 2838 2863 2801
3 2801 2863 2940
3 2802 2884 2819
3 2946 2802 2851
3 2802 2946 2884
3 2820 2885 2803
3 2803 2947 2852
3 2947 2803 2885
3 2933 2828 2804
3 2933 2804 2921
3 2829 2934 2805
3 2805 2922 2853
3 2805 2934 2922
3 2847 2807 2940
3 2969 2814 2841
3 2814 2969 2929
3 2815 2970 2842
3 2815 2941 2970
3 2819 2884 2830
3 2885 2820 2850
3 2824 2830 2888
3 2888 2882 2824
3 2831 2825 2889
3 2825 2847 2883
3 2889 2825 2883
3 2944 2828 2933
3 2829 2945 2934
3 2888 2830 2884
3 2850 2831 2889
3 2979 2832 2886
3 2980 2833 2853
3 2833 2980 2887
3 2834 2848 3056
3 2834 3056 2942
3 2835 3057 2849
3 3057 2835 2943
3 2854 2837 2958
3 2862 2932 2837
3 2958 2837 2932
3 2855 2893 2838
3 2893 2863 2838
3 2993 2841 2870
3 2841 2993 2969
3 2842 2970 2871
3 2950 2883 2847
3 2974 2847 2940
3 2847 2974 2950
3 2848 2877 3193
3 2848 3193 3056
3 2849 3194 2878
3 2849 3057 3194
3 2850 2928 2885
3 2889 2928 2850
3 2997 2851 2897
3 2851 2997 2946
3 2898 2852 2998
3 2998 2852 2947
3 2853 2922 2980
3 2854 2958 2886
3 2855 2887 2925
3 2855 2925 2893
3 2939 2862 2875
3 2862 2939 2932
3 2893 2988 2863
3 2863 2996 2940
3 2996 2863 2988
3 2864 2869 3002
3 2864 3001 2938
3 2864 3002 3001
3 2869 2881 3020
3 2869 3020 3002
3 3030 2870 2900
3 2870 3030 2993
3 2871 3031 2901
3 2871 2970 3031
3 2874 3029 2892
3 2874 2938 3009
3 2874 3009 3029
3 2939 2875 2909
3 2877 2896 3225
3 2877 3225 3193
3 2878 3194 3226
3 2878 3226 3262
3 3262 3973 2878
3 2881 2904 3036
3 2881 3036 3020
3 2888 2954 2882
3 2882 2949 2909
3 2949 2882 2954
3 2889 2883 2955
3 2983 2883 2950
3 2883 2983 2955
3 2884 2927 2888
3 2956 2927 2884
3 2956 2884 2946
3 2957 2885 2928
3 2947 2885 2957
3 3039 2886 2958
3 2886 3039 2979
3 2887 3040 2925
3 3040 2887 2980
3 2954 2888 2927
3 2889 2955 2928
3 2892 3029 2905
3 2988 2893 2925
3 2896 2914 4007
3 2896 3261 3225
3 2896 4007 3261
3 3047 2897 2942
3 2897 3047 2997
3 3048 2943 2898
3 3048 2898 2998
3 3068 2900 2944
3 2900 3068 3030
3 2945 2901 3069
3 3069 2901 3031
3 2904 2929 3036
3 2905 3055 2941
3 2905 3029 3055
3 2909 2973 2939
3 2973 2909 2949
3 2914 2930 4009
3 4007 2914 4018
3 4018 2914 4009
3 2915 3132 2931
3 2915 3988 3132
3 3973 3262 2915
3 2915 3262 3988
3 2933 2921 2981
3 3037 2921 2979
3 2921 3037 2981
3 2982 2922 2934
3 2922 3038 2980
3 3038 2922 2982
3 3040 2988 2925
3 2927 3022 2954
3 2956 3051 2927
3 2927 3051 3022
3 3052 2928 2955
3 2928 3052 2957
3 3074 2929 2969
3 2929 3074 3036
3 2930 3078 4014
3 3078 2930 4179
3 4009 2930 4014
3 4179 2930 4935
3 2931 3114 3077
3 2931 3077 4134
3 2931 3132 3114
3 2995 2932 2939
3 2932 2987 2958
3 2932 2995 2987
3 2944 2933 2989
3 2989 2933 2981
3 2934 2945 2990
3 2934 2990 2982
3 2938 3001 3073
3 3073 3009 2938
3 2939 2973 2995
3 2974 2940 2996
3 2941 3091 2970
3 2941 3055 3091
3 2942 3089 3047
3 2942 3056 3089
3 3090 2943 3048
3 2943 3090 3057
3 3112 2944 2989
3 2944 3112 3068
3 2990 2945 3113
3 3113 2945 3069
3 2946 3018 2956
3 3018 2946 2997
3 3019 2947 2957
3 2947 3019 2998
3 3022 2949 2954
3 2949 3011 2973
3 2949 3043 3011
3 3043 2949 3022
3 2974 3012 2950
3 2950 3012 2983
3 3052 2955 2983
3 3085 2956 3018
3 3085 3051 2956
3 2957 3086 3019
3 3086 2957 3052
3 3046 2958 2987
3 2958 3079 3039
3 3079 2958 3046
3 3126 2969 2993
3 2969 3126 3074
3 3031 2970 3171
3 2970 3091 3171
3 2973 3011 2995
3 2996 3035 2974
3 2974 3076 3012
3 2974 3035 3076
3 2979 3102 3037
3 3039 3102 2979
3 3103 2980 3038
3 2980 3103 3040
3 2981 3100 2989
3 3172 2981 3037
3 2981 3172 3100
3 3101 2982 2990
3 2982 3173 3038
3 3173 2982 3101
3 3084 2983 3012
3 2983 3084 3052
3 2987 2995 3058
3 3046 2987 3124
3 2987 3058 3124
3 3059 2996 2988
3 3040 3111 2988
3 3125 3059 2988
3 3125 2988 3111
3 3179 2989 3100
3 2989 3179 3112
3 2990 3113 3101
3 3030 3126 2993
3 3075 2995 3011
3 2995 3075 3058
3 2996 3059 3035
3 2997 3071 3018
3 3071 2997 3047
3 3072 2998 3019
3 2998 3072 3048
3 3144 3001 3002
3 3001 3143 3073
3 3001 3144 3143
3 3020 3164 3002
3 3002 3164 3144
3 3009 3176 3029
3 3073 3147 3009
3 3009 3147 3176
3 3075 3011 3043
3 3012 3076 3084
3 3071 3162 3018
3 3018 3162 3085
3 3019 3163 3072
3 3163 3019 3086
3 3192 3020 3036
3 3164 3020 3192
3 3043 3022 3051
3 3029 3206 3055
3 3029 3176 3206
3 3214 3030 3068
3 3030 3214 3126
3 3069 3031 3215
3 3171 3215 3031
3 3178 3035 3059
3 3035 3140 3076
3 3140 3035 3178
3 3036 3074 3205
3 3036 3205 3192
3 3181 3037 3102
3 3037 3181 3172
3 3038 3182 3103
3 3182 3038 3173
3 3102 3039 3079
3 3111 3040 3103
3 3120 3043 3051
3 3043 3150 3075
3 3150 3043 3120
3 3046 3153 3079
3 3153 3046 3124
3 3047 3127 3071
3 3127 3047 3089
3 3128 3048 3072
3 3048 3128 3090
3 3120 3051 3085
3 3086 3052 3084
3 3055 3256 3091
3 3206 3256 3055
3 3056 3190 3089
3 3056 3241 3190
3 3241 3056 3193
3 3191 3057 3090
3 3242 3057 3191
3 3057 3242 3194
3 3139 3058 3075
3 3058 3177 3124
3 3177 3058 3139
3 3178 3059 3125
3 3104 3064 3077
3 3064 4134 3077
3 4253 3064 3104
3 3064 4935 4134
3 4265 4179 3064
3 4179 4935 3064
3 4265 3064 4253
3 3268 3068 3112
3 3068 3268 3214
3 3069 3215 3113
3 3239 3071 3127
3 3071 3239 3162
3 3128 3072 3240
3 3240 3072 3163
3 3073 3143 3147
3 3255 3074 3126
3 3074 3255 3205
3 3075 3150 3139
3 3076 3151 3084
3 3151 3076 3140
3 3077 3123 3104
3 3123 3077 3114
3 3078 3137 3131
3 3078 3131 4287
3 4265 3137 3078
3 4014 3078 4287
3 3078 4179 4265
3 3079 3266 3102
3 3079 3153 3266
3 3084 3168 3086
3 3168 3084 3151
3 3085 3167 3120
3 3162 3167 3085
3 3168 3163 3086
3 3089 3190 3127
3 3191 3090 3128
3 3091 3307 3171
3 3307 3091 3256
3 3246 3100 3172
3 3100 3246 3179
3 3180 3101 3113
3 3101 3247 3173
3 3247 3101 3180
3 3102 3266 3181
3 3111 3103 3267
3 3182 3267 3103
3 3152 3104 3123
3 3104 3152 3149
3 4253 3104 3149
3 3111 3275 3125
3 3111 3267 3275
3 3268 3112 3179
3 3113 3313 3180
3 3113 3215 3313
3 3114 3187 3123
3 3189 3114 3132
3 3114 3189 3187
3 3120 3167 3150
3 3123 3200 3152
3 3123 3187 3200
3 3153 3124 3251
3 3251 3124 3177
3 3125 3252 3178
3 3125 3275 3252
3 3306 3126 3214
3 3126 3306 3255
3 3127 3190 3278
3 3294 3239 3127
3 3294 3127 3278
3 3128 3279 3191
3 3295 3128 3240
3 3295 3279 3128
3 3195 3131 3137
3 3131 3253 3148
3 4287 3131 3148
3 3131 3195 3260
3 3131 3260 3253
3 3132 3216 3189
3 3132 3988 3216
3 3137 3188 3195
3 3188 3137 4253
3 3137 4265 4253
3 3233 3139 3150
3 3139 3269 3177
3 3269 3139 3233
3 3140 3234 3151
3 3270 3140 3178
3 3140 3270 3234
3 3231 3143 3144
3 3143 3231 3147
3 3263 3144 3164
3 3144 3320 3231
3 3263 3320 3144
3 3147 3337 3176
3 3308 3147 3231
3 3308 3337 3147
3 3253 4387 3148
3 4009 4014 3148
3 4387 4009 3148
3 4014 4287 3148
3 3149 3152 3209
3 3149 3207 3188
3 3188 4253 3149
3 3149 3209 3207
3 3167 3233 3150
3 3151 3234 3168
3 3200 3209 3152
3 3251 3274 3153
3 3153 3274 3266
3 3162 3248 3167
3 3248 3162 3239
3 3249 3163 3168
3 3240 3163 3249
3 3263 3164 3192
3 3167 3316 3233
3 3316 3167 3248
3 3317 3168 3234
3 3317 3249 3168
3 3171 3307 3215
3 3309 3172 3181
3 3172 3309 3246
3 3182 3173 3310
3 3173 3247 3310
3 3176 3356 3206
3 3176 3337 3356
3 3177 3269 3251
3 3252 3270 3178
3 3179 3246 3367
3 3179 3367 3268
3 3180 3368 3247
3 3313 3368 3180
3 3384 3181 3266
3 3181 3384 3309
3 3182 3385 3267
3 3385 3182 3310
3 3236 3187 3189
3 3187 3236 3200
3 3188 3254 3195
3 3207 3254 3188
3 3189 3216 3291
3 3189 3291 3236
3 3278 3190 3241
3 3191 3279 3242
3 3355 3192 3205
3 3192 3355 3263
3 3284 3193 3225
3 3193 3284 3241
3 3194 3285 3226
3 3285 3194 3242
3 3301 3195 3254
3 3260 3195 3301
3 3200 3257 3209
3 3200 3236 3289
3 3200 3289 3257
3 3400 3205 3255
3 3355 3205 3400
3 3256 3206 3401
3 3401 3206 3356
3 4114 3207 3209
3 3974 3254 3207
3 4150 3974 3207
3 4150 3207 4114
3 3208 3324 3321
3 3208 3321 4007
3 3324 3208 4295
3 4007 4018 3208
3 3208 4018 4387
3 4295 3208 4387
3 3209 3257 4114
3 3268 3394 3214
3 3306 3214 3394
3 3395 3215 3307
3 3215 3395 3313
3 3216 3335 3291
3 3216 3348 3335
3 3988 3348 3216
3 3225 3261 3318
3 3318 3284 3225
3 3226 3319 3262
3 3319 3226 3285
3 3231 3320 3308
3 3233 3316 3269
3 3317 3234 3270
3 3236 3340 3289
3 3340 3236 3291
3 3239 3314 3248
3 3239 3294 3314
3 3315 3240 3249
3 3240 3315 3295
3 3241 3327 3278
3 3327 3241 3284
3 3328 3242 3279
3 3242 3328 3285
3 3431 3246 3309
3 3246 3431 3367
3 3247 3432 3310
3 3432 3247 3368
3 3396 3248 3314
3 3248 3396 3316
3 3249 3397 3315
3 3397 3249 3317
3 3369 3251 3269
3 3251 3353 3274
3 3251 3369 3353
3 3270 3252 3370
3 3354 3252 3275
3 3370 3252 3354
3 3293 3253 3260
3 4295 3253 3293
3 4295 4387 3253
3 3254 4260 3301
3 3254 3974 4260
3 3306 3439 3255
3 3255 3439 3400
3 3440 3307 3256
3 3440 3256 3401
3 4053 3257 3289
3 4114 3257 4053
3 3260 3300 3293
3 3260 3301 3300
3 3261 3346 3318
3 3346 3261 3321
3 4007 3321 3261
3 3262 3319 3347
3 3406 3262 3347
3 3406 3348 3262
3 3262 3348 3988
3 3263 3336 3320
3 3336 3263 3355
3 3405 3266 3274
3 3266 3405 3384
3 3267 3341 3275
3 3341 3267 3385
3 3477 3268 3367
3 3268 3477 3394
3 3388 3269 3316
3 3269 3388 3369
3 3270 3389 3317
3 3389 3270 3370
3 3405 3274 3353
3 3354 3275 3341
3 3375 3294 3278
3 3411 3278 3327
3 3278 3437 3375
3 3437 3278 3411
3 3295 3376 3279
3 3328 3279 3438
3 3438 3279 3376
3 3363 3284 3318
3 3284 3363 3327
3 3285 3446 3319
3 3285 3328 3446
3 4013 3289 3340
3 3992 3289 4013
3 4053 3289 3992
3 3345 3291 3335
3 3345 3340 3291
3 3293 3300 3383
3 3293 3364 3324
3 3324 4295 3293
3 3293 3383 3364
3 3375 3314 3294
3 3376 3295 3315
3 4184 3300 3301
3 3300 3427 3383
3 3427 3300 4184
3 4094 4184 3301
3 3301 4260 4094
3 3496 3306 3394
3 3306 3496 3439
3 3395 3307 3497
3 3307 3440 3497
3 3320 3393 3308
3 3308 3463 3337
3 3393 3463 3308
3 3488 3309 3384
3 3309 3488 3431
3 3310 3489 3385
3 3432 3489 3310
3 3313 3478 3368
3 3478 3313 3395
3 3449 3314 3375
3 3314 3459 3396
3 3449 3459 3314
3 3315 3450 3376
3 3460 3315 3397
3 3315 3460 3450
3 3316 3396 3388
3 3397 3317 3389
3 3346 3407 3318
3 3318 3407 3363
3 3319 3480 3347
3 3480 3319 3446
3 3336 3467 3320
3 3320 3467 3393
3 3377 3321 3324
3 3346 3321 3377
3 3324 3364 3422
3 3377 3324 3422
3 3411 3327 3363
3 3479 3328 3438
3 3328 3479 3446
3 3441 3345 3335
3 3348 3442 3335
3 3335 3442 3441
3 3486 3336 3355
3 3486 3467 3336
3 3337 3487 3356
3 3487 3337 3463
3 3392 3340 3345
3 4013 3340 3392
3 3341 3472 3354
3 3341 3385 3454
3 3472 3341 3454
3 3345 3441 3392
3 3346 3377 3404
3 3404 4211 3346
3 4211 3407 3346
3 3492 3406 3347
3 3347 3480 3462
3 3492 3347 3462
3 3442 3348 3406
3 3353 3369 3490
3 3353 3471 3405
3 3471 3353 3490
3 3354 3491 3370
3 3491 3354 3472
3 3509 3355 3400
3 3355 3509 3486
3 3356 3510 3401
3 3510 3356 3487
3 3407 3445 3363
3 3363 3445 3411
3 3452 3364 3383
3 3422 3364 4263
3 4263 3364 3452
3 3431 3477 3367
3 3368 3478 3432
3 3447 3369 3388
3 3369 3447 3490
3 3370 3448 3389
3 3370 3491 3448
3 3449 3375 3437
3 3376 3450 3438
3 3404 3377 4434
3 3422 4434 3377
3 3452 3383 3427
3 3453 3384 3405
3 3488 3384 3453
3 3385 3540 3454
3 3540 3385 3489
3 3457 3388 3396
3 3388 3457 3447
3 3389 3458 3397
3 3458 3389 3448
3 3468 3392 3441
3 4252 3392 3468
3 4173 4013 3392
3 4252 4173 3392
3 3393 3467 3463
3 3477 3556 3394
3 3394 3556 3496
3 3395 3557 3478
3 3557 3395 3497
3 3396 3459 3457
3 3460 3397 3458
3 3439 3509 3400
3 3401 3510 3440
3 3558 3404 3473
3 3473 3404 4434
3 3558 4211 3404
3 3405 3471 3453
3 3406 3492 3442
3 3407 3544 3445
3 3544 3407 4211
3 3411 3500 3437
3 3533 3411 3445
3 3411 3533 3500
3 3422 3470 3513
3 3422 4263 3470
3 3422 3513 4434
3 3452 3427 3498
3 3498 3427 4118
3 3994 3427 4184
3 3427 3994 4273
3 4613 4118 3427
3 4273 4613 3427
3 3431 3567 3477
3 3431 3488 3567
3 3568 3432 3478
3 3432 3568 3489
3 3437 3500 3449
3 3501 3438 3450
3 3438 3501 3479
3 3531 3439 3496
3 3509 3439 3531
3 3440 3564 3497
3 3579 3440 3510
3 3440 3579 3564
3 3521 3441 3442
3 3527 3468 3441
3 3521 3527 3441
3 3526 3442 3492
3 3526 3521 3442
3 3445 3580 3533
3 3544 3580 3445
3 3514 3446 3479
3 3446 3514 3480
3 3562 3447 3457
3 3447 3549 3490
3 3447 3562 3549
3 3448 3563 3458
3 3550 3448 3491
3 3563 3448 3550
3 3449 3515 3459
3 3559 3449 3500
3 3449 3570 3515
3 3570 3449 3559
3 3516 3450 3460
3 3571 3501 3450
3 3571 3450 3516
3 3470 3452 3498
3 3470 4263 3452
3 3517 3453 3471
3 3453 3539 3488
3 3539 3453 3517
3 3454 3518 3472
3 3540 3518 3454
3 3515 3457 3459
3 3572 3457 3515
3 3457 3572 3562
3 3460 3458 3516
3 3458 3573 3516
3 3573 3458 3563
3 3462 3480 3545
3 3554 3492 3462
3 3462 3545 3594
3 3462 3594 3554
3 3463 3467 3522
3 3525 3487 3463
3 3463 3522 3519
3 3463 3519 3525
3 3536 3467 3486
3 3467 3536 3522
3 4245 3468 3527
3 4350 3468 4245
3 4350 4252 3468
3 3548 3470 3498
3 3561 3513 3470
3 3561 3470 3548
3 3471 3490 3517
3 3472 3529 3491
3 3529 3472 3518
3 3473 3513 3585
3 4434 3513 3473
3 3595 3558 3473
3 3473 3585 3595
3 3477 3627 3556
3 3627 3477 3567
3 3628 3478 3557
3 3478 3628 3568
3 3534 3479 3501
3 3479 3534 3514
3 3545 3480 3514
3 3536 3486 3509
3 3487 3560 3510
3 3487 3525 3560
3 3567 3488 3539
3 3540 3489 3568
3 3490 3581 3517
3 3490 3549 3596
3 3490 3596 3581
3 3550 3491 3529
3 3492 3554 3526
3 3496 3556 3531
3 3497 3564 3557
3 3498 4118 3548
3 3533 3559 3500
3 3501 3614 3534
3 3501 3571 3614
3 3509 3531 3578
3 3509 3584 3536
3 3578 3584 3509
3 3579 3510 3560
3 3513 3561 3585
3 3635 3514 3534
3 3514 3635 3545
3 3572 3515 3570
3 3516 3573 3571
3 3616 3539 3517
3 3616 3517 3581
3 3518 3617 3529
3 3600 3518 3540
3 3600 3617 3518
3 3583 3519 3522
3 3519 3588 3525
3 3588 3519 3583
3 3526 3553 3521
3 3527 3521 3546
3 3521 3553 3546
3 3583 3522 3536
3 3525 3603 3560
3 3603 3525 3588
3 3598 3553 3526
3 3554 3598 3526
3 4442 3527 3546
3 4245 3527 4442
3 3529 3597 3550
3 3529 3617 3597
3 3593 3531 3556
3 3531 3593 3578
3 3601 3559 3533
3 3601 3533 3580
3 3650 3534 3614
3 3534 3650 3635
3 3536 3624 3583
3 3624 3536 3584
3 3539 3612 3567
3 3648 3612 3539
3 3616 3648 3539
3 3540 3568 3613
3 3600 3540 3613
3 3544 3558 3582
3 3558 3544 4211
3 3544 3646 3580
3 3544 3582 3646
3 3594 3545 3610
3 3610 3545 3635
3 3636 3546 3553
3 4442 3546 3636
3 3548 3641 3561
3 3548 4040 3641
3 4118 4040 3548
3 3607 3549 3562
3 3549 3607 3596
3 3608 3563 3550
3 3608 3550 3597
3 3598 3644 3553
3 3553 3644 3636
3 3554 3594 3626
3 3554 3626 3598
3 3556 3647 3593
3 3647 3556 3627
3 3621 3557 3564
3 3628 3557 3621
3 3582 3558 3605
3 3595 3605 3558
3 3559 3622 3570
3 3656 3559 3601
3 3559 3656 3622
3 3579 3560 3640
3 3651 3560 3603
3 3560 3651 3640
3 3585 3561 3630
3 3561 3641 3630
3 3607 3562 3572
3 3563 3608 3573
3 3579 3621 3564
3 3666 3567 3612
3 3666 3627 3567
3 3613 3568 3667
3 3628 3667 3568
3 3570 3622 3572
3 3623 3571 3573
3 3571 3623 3614
3 3572 3652 3607
3 3658 3572 3622
3 3658 3652 3572
3 3653 3573 3608
3 3623 3573 3653
3 3578 3664 3584
3 3664 3578 3593
3 3579 3640 3621
3 3580 3634 3601
3 3634 3580 3646
3 3581 3596 3616
3 3662 3582 3605
3 3582 3662 3646
3 3583 3632 3588
3 3624 3632 3583
3 3584 3664 3624
3 3595 3585 3673
3 3630 3673 3585
3 3603 3588 3645
3 3645 3588 3632
3 3671 3593 3647
3 3593 3671 3664
3 3610 3674 3594
3 3683 3626 3594
3 3594 3674 3683
3 3605 3595 3642
3 3642 3595 3673
3 3668 3596 3607
3 3616 3596 3660
3 3596 3668 3660
3 3597 3649 3608
3 3661 3597 3617
3 3597 3661 3649
3 3598 3626 3659
3 3659 3644 3598
3 3693 3600 3613
3 3617 3600 3676
3 3600 3693 3676
3 3681 3601 3634
3 3601 3681 3656
3 3603 3645 3651
3 3642 3669 3605
3 3669 3662 3605
3 3607 3652 3668
3 3653 3608 3649
3 3610 3635 4131
3 3674 3610 3700
3 3610 4131 3700
3 3612 3648 3679
3 3612 3679 3666
3 3680 3613 3667
3 3693 3613 3680
3 3657 3614 3623
3 3650 3614 3657
3 3616 3707 3648
3 3707 3616 3660
3 3661 3617 3676
3 3628 3621 3665
3 3672 3621 3640
3 3621 3672 3665
3 3658 3622 3656
3 3653 3684 3623
3 3623 3684 3657
3 3624 3654 3632
3 3624 3686 3654
3 3664 3686 3624
3 3626 3677 3659
3 3683 3677 3626
3 3627 3655 3647
3 3655 3627 3666
3 3667 3628 3665
3 3641 3706 3630
3 3706 3673 3630
3 3632 3675 3645
3 3675 3632 3654
3 3646 3688 3634
3 3634 3701 3681
3 3701 3634 3688
3 3650 3670 3635
3 4131 3635 3670
3 3644 3663 3636
3 3636 3663 4197
3 4197 4442 3636
3 3713 3640 3651
3 3640 3713 3672
3 3641 4342 3706
3 4040 4192 3641
3 4192 4342 3641
3 3697 3669 3642
3 3697 3642 3673
3 3677 3644 3659
3 3644 3694 3663
3 3644 3677 3694
3 3645 3675 3651
3 3688 3646 3662
3 3655 3702 3647
3 3647 3702 3671
3 3648 3692 3679
3 3692 3648 3707
3 3653 3649 3678
3 3689 3649 3661
3 3689 3678 3649
3 3650 3657 3682
3 3650 3682 3670
3 3651 3675 3698
3 3713 3651 3698
3 3658 3709 3652
3 3699 3668 3652
3 3699 3652 3709
3 3684 3653 3678
3 3654 3739 3675
3 3721 3654 3686
3 3739 3654 3721
3 3666 3695 3655
3 3655 3695 3702
3 3656 3685 3658
3 3685 3656 3681
3 3657 3714 3682
3 3714 3657 3684
3 3709 3658 3685
3 3699 3660 3668
3 3718 3660 3699
3 3660 3718 3707
3 3689 3661 3676
3 3662 3669 3705
3 3662 3705 3688
3 3663 3694 3731
3 4891 3663 3731
3 4197 3663 4207
3 4891 4207 3663
3 3704 3664 3671
3 3664 3712 3686
3 3712 3664 3704
3 3696 3667 3665
3 3703 3665 3672
3 3665 3703 3696
3 3690 3666 3679
3 3666 3690 3695
3 3667 3691 3680
3 3667 3696 3691
3 3669 3697 3717
3 3669 3717 3705
3 3729 3670 3682
3 3670 3729 3700
3 3700 4131 3670
3 3704 3671 3702
3 3672 3730 3703
3 3730 3672 3713
3 3673 3715 3697
3 3706 3715 3673
3 3687 3683 3674
3 3687 3674 3700
3 3675 3739 3698
3 3676 3708 3689
3 3708 3676 3693
3 3716 3677 3683
3 3677 3732 3694
3 3677 3716 3732
3 3678 3710 3684
3 3749 3678 3689
3 3678 3749 3710
3 3679 3726 3690
3 3726 3679 3692
3 3727 3680 3691
3 3680 3720 3693
3 3680 3727 3720
3 3711 3685 3681
3 3711 3681 3701
3 3737 3682 3714
3 3682 3737 3729
3 3687 3716 3683
3 3714 3684 3710
3 3685 3734 3709
3 3734 3685 3711
3 3721 3686 3712
3 3687 3700 3724
3 3687 3745 3716
3 3687 3724 3745
3 3688 3719 3701
3 3688 3705 3733
3 3688 3733 3719
3 3749 3689 3708
3 3690 3740 3695
3 3740 3690 3726
3 3741 3691 3696
3 3691 3741 3727
3 3736 3692 3707
3 3692 3750 3726
3 3750 3692 3736
3 3693 3720 3708
3 3694 3732 3731
3 3702 3695 3743
3 3743 3695 3740
3 3744 3696 3703
3 3696 3744 3741
3 3697 3715 3738
3 3697 3738 3717
3 3698 3725 3713
3 3725 3698 3756
3 3756 3698 3739
3 3723 3699 3709
3 3699 3723 3718
3 3700 3722 3724
3 3729 3722 3700
3 3701 3728 3711
3 3728 3701 3719
3 3702 3742 3704
3 3702 3743 3742
3 3764 3703 3730
3 3772 3744 3703
3 3772 3703 3764
3 3712 3704 3762
3 3762 3704 3742
3 3705 3717 3746
3 3705 3746 3733
3 3715 3706 4017
3 4342 4017 3706
3 3736 3707 3718
3 3759 3708 3720
3 3708 3759 3749
3 3709 3734 3723
3 3710 3735 3714
3 3735 3710 3749
3 3757 3711 3728
3 3711 3757 3734
3 3712 3747 3721
3 3747 3712 3762
3 3713 3725 3730
3 3737 3714 3735
3 3715 3754 3738
3 3754 3715 4021
3 3715 4017 4021
3 3716 3745 3732
3 3768 3717 3738
3 3770 3746 3717
3 3717 3768 3770
3 3748 3718 3723
3 3718 3748 3736
3 3728 3719 4133
3 3719 3733 3763
3 3763 3769 3719
3 3719 3769 4133
3 3766 3720 3727
3 3720 3766 3759
3 3739 3721 3765
3 3747 3765 3721
3 3724 3722 3751
3 3729 3755 3722
3 3722 3781 3751
3 3755 3781 3722
3 3753 3723 3734
3 3723 3753 3748
3 3724 3761 3745
3 3724 3751 3761
3 3782 3730 3725
3 3782 3725 3756
3 3726 3774 3740
3 3774 3726 3750
3 3775 3727 3741
3 3727 3775 3766
3 3728 3779 3757
3 3728 4133 3779
3 3755 3729 3737
3 3782 3764 3730
3 3731 3732 3752
3 3731 3752 3983
3 4891 3731 3983
3 3732 3745 3760
3 3732 3760 3752
3 3733 3746 3763
3 3734 3757 3753
3 3735 3758 3737
3 3767 3735 3749
3 3735 3767 3758
3 3783 3736 3748
3 3736 3783 3750
3 3737 3758 3755
3 3768 3738 3754
3 3765 3756 3739
3 3743 3740 3776
3 3776 3740 3774
3 3777 3741 3744
3 3741 3777 3775
3 3771 3742 3743
3 3793 3762 3742
3 3771 3793 3742
3 3771 3743 3776
3 3777 3744 3772
3 3745 3761 3760
3 3773 3763 3746
3 3746 3770 3773
3 3762 3788 3747
3 3747 3788 3765
3 3753 3778 3748
3 3783 3748 3778
3 3767 3749 3759
3 3750 3787 3774
3 3787 3750 3783
3 3800 3761 3751
3 3781 3784 3751
3 3800 3751 3784
3 3752 3760 3811
3 4212 3752 3811
3 4212 3983 3752
3 3757 3778 3753
3 3754 3790 3768
3 4288 3790 3754
3 4288 3754 4021
3 3780 3755 3758
3 3780 3810 3755
3 3755 3810 3781
3 3765 3795 3756
3 3756 3795 3782
3 3757 3779 3778
3 3791 3758 3767
3 3758 3791 3780
3 3798 3759 3766
3 3759 3791 3767
3 3759 3798 3791
3 3760 3761 3821
3 3760 3827 3811
3 3760 3821 3827
3 3800 3815 3761
3 3761 3815 3821
3 3762 3793 3788
3 3763 3785 3769
3 3763 3773 3785
3 3764 3797 3772
3 3782 3794 3764
3 3797 3764 3794
3 3795 3765 3788
3 3803 3766 3775
3 3766 3803 3798
3 3770 3768 3789
3 3789 3768 3790
3 3769 3785 3792
3 3769 3792 3786
3 4133 3769 3786
3 3773 3770 3796
3 3770 3789 3816
3 3770 3816 3796
3 3801 3771 3776
3 3793 3771 3801
3 3772 3802 3777
3 3802 3772 3797
3 3773 3796 3785
3 3774 3806 3776
3 3806 3774 3787
3 3807 3775 3777
3 3775 3807 3803
3 3776 3806 3801
3 3807 3777 3802
3 3805 3778 3779
3 3778 3805 3783
3 3786 3809 3779
3 4133 3786 3779
3 3809 3805 3779
3 3810 3780 3791
3 3784 3781 3799
3 3781 3810 3799
3 3782 3814 3794
3 3814 3782 3795
3 3783 3813 3787
3 3813 3783 3805
3 3784 3799 3804
3 3800 3784 3826
3 3826 3784 3804
3 3792 3785 3812
3 3785 3796 3828
3 3785 3828 3812
3 4163 3786 3792
3 4163 3809 3786
3 3818 3806 3787
3 3813 3818 3787
3 3808 3788 3793
3 3788 3814 3795
3 3814 3788 3808
3 3845 3789 3790
3 3845 3816 3789
3 4345 3845 3790
3 4345 3790 4288
3 3820 3791 3798
3 3791 3820 3810
3 3792 3812 3823
3 3823 4163 3792
3 3801 3824 3793
3 3793 3824 3808
3 3794 3825 3797
3 3835 3794 3814
3 3794 3835 3825
3 3796 3816 3828
3 3797 3825 3802
3 3829 3798 3803
3 3798 3829 3820
3 3799 3822 3804
3 3822 3799 3810
3 3800 3826 3815
3 3831 3801 3806
3 3801 3831 3824
3 3802 3832 3807
3 3832 3802 3825
3 3833 3803 3807
3 3803 3833 3829
3 3843 3804 3822
3 3826 3804 3836
3 3804 3843 3836
3 3809 3819 3805
3 3819 3813 3805
3 3806 3818 3831
3 3833 3807 3832
3 3808 3834 3814
3 3834 3808 3824
3 3817 3819 3809
3 3817 3809 4163
3 3820 3822 3810
3 3811 3827 4215
3 4212 3811 4215
3 3823 3812 3852
3 3828 3861 3812
3 3812 3861 3852
3 3813 3840 3818
3 3813 3819 3840
3 3837 3814 3834
3 3814 3837 3835
3 3815 4422 3821
3 3815 3826 3839
3 3815 3839 4422
3 3828 3816 3858
3 3845 3850 3816
3 3850 3858 3816
3 3817 4200 3819
3 3817 3823 3830
3 3817 4163 3823
3 3817 3830 4200
3 3818 3844 3831
3 3840 3844 3818
3 4200 3840 3819
3 3822 3820 3849
3 3849 3820 3829
3 3827 3821 3872
3 3872 3821 4422
3 3822 3838 3842
3 3838 3822 3849
3 3843 3822 3842
3 3841 3830 3823
3 3823 3852 3841
3 3854 3824 3831
3 3824 3854 3834
3 3825 3848 3832
3 3846 3825 3835
3 3848 3825 3846
3 3826 3836 3839
3 3827 3872 4436
3 4215 3827 4436
3 3828 3858 3861
3 3849 3829 3833
3 3830 3841 3863
3 3830 3863 4229
3 3830 4229 4200
3 3831 3844 3854
3 3832 3851 3833
3 3851 3832 3848
3 3833 3851 3849
3 3834 3854 3837
3 3846 3835 3837
3 3836 3869 3839
3 3868 3836 3843
3 3836 3868 3869
3 3837 3860 3846
3 3854 3860 3837
3 3838 3847 3842
3 3838 3855 3847
3 3864 3838 3849
3 3864 3855 3838
3 3839 3869 3873
3 3839 3873 4422
3 3856 3844 3840
3 3856 3840 4200
3 3871 3841 3852
3 3841 3871 3863
3 3842 3865 3843
3 3865 3842 3847
3 3868 3843 3865
3 3844 3859 3854
3 3859 3844 3856
3 3850 3845 3947
3 3845 4481 3947
3 4481 3845 4345
3 3846 3860 3848
3 3862 3847 3855
3 3867 3847 3862
3 3847 3867 3865
3 3848 3866 3851
3 3866 3848 3860
3 3864 3849 3851
3 3850 3879 3858
3 3879 3850 3947
3 3851 3866 3864
3 3861 3875 3852
3 3875 3871 3852
3 3855 3853 3862
3 3855 3864 3853
3 3856 3853 3859
3 3856 4229 3853
3 3862 3853 3857
3 4229 3857 3853
3 3859 3853 3864
3 3854 3859 3866
3 3860 3854 3866
3 4229 3856 4200
3 3857 3870 3862
3 3870 3857 3863
3 4229 3863 3857
3 3861 3858 3877
3 3858 3879 3877
3 3864 3866 3859
3 3861 3877 3875
3 3862 4261 3867
3 3870 4261 3862
3 3863 3874 3870
3 3871 3874 3863
3 3876 3865 3867
3 3878 3868 3865
3 3878 3865 3876
3 4261 3876 3867
3 3868 3887 3869
3 3868 3878 3887
3 3883 3873 3869
3 3869 3887 3883
3 3870 3874 3880
3 3881 3870 3880
3 3881 4261 3870
3 3874 3871 3882
3 3871 3875 3882
3 3872 4422 3873
3 3872 3873 5027
3 3872 5027 4436
3 3873 3883 4919
3 3873 4919 5027
3 3874 3882 3880
3 3877 3886 3875
3 3882 3875 3886
3 3876 3884 3878
3 3881 3884 3876
3 3881 3876 4261
3 3879 4038 3877
3 3886 3877 4038
3 3888 3878 3884
3 3878 3888 3887
3 3879 3947 4058
3 3879 4058 4038
3 3885 3881 3880
3 3882 3885 3880
3 3881 3889 3884
3 3885 3889 3881
3 4294 3885 3882
3 3886 4294 3882
3 3883 3887 4936
3 4919 3883 5086
3 3883 4936 5086
3 4224 3888 3884
3 4224 3884 3889
3 3885 3949 3889
3 4294 3949 3885
3 4038 4001 3886
3 4294 3886 4001
3 3887 3888 4936
3 3888 4224 4195
3 3888 4195 4936
3 3949 4357 3889
3 4224 3889 4357
3 4413 3890 3891
3 3890 4667 3891
3 3890 4413 3892
3 4672 3890 3892
3 3890 4672 4667
3 4227 3893 3891
3 4413 3891 3893
3 4667 4227 3891
3 3894 3930 3892
3 3892 4413 3894
3 4672 3892 3930
3 3893 3981 3895
3 4413 3893 3895
3 3893 4227 3981
3 3896 4353 3894
3 3894 4413 3896
3 4277 3930 3894
3 4353 4277 3894
3 3895 4306 3897
3 3897 4413 3895
3 3895 3981 4308
3 3895 4308 4306
3 3896 3898 4353
3 3896 4419 3898
3 4413 4419 3896
3 3897 4306 3899
3 3897 3899 4420
3 3897 4420 4413
3 3898 4419 3900
3 3898 3900 4447
3 4353 3898 4447
3 3899 4311 3901
3 3899 3901 4420
3 4306 4311 3899
3 3902 3979 3900
3 4419 3902 3900
3 4447 3900 3979
3 3903 3901 4933
3 3901 4311 4933
3 3902 3904 4284
3 3902 4419 3904
3 4284 3979 3902
3 3903 4314 3905
3 3903 3905 4420
3 3903 4933 4314
3 4237 3904 3906
3 3904 4419 3906
3 4237 4368 3904
3 4368 4284 3904
3 3905 3907 4420
3 4696 3907 3905
3 4314 4128 3905
3 4128 4696 3905
3 3906 4410 3909
3 3906 3909 4450
3 4237 3906 4450
3 4419 4410 3906
3 3907 3910 4420
3 4464 3910 3907
3 4696 4464 3907
3 3908 4412 4410
3 4419 3908 4410
3 3908 4418 4412
3 4413 3908 4419
3 4413 4420 3908
3 4420 4418 3908
3 3980 3909 3911
3 4410 3911 3909
3 4450 3909 3980
3 4418 3910 3912
3 3912 3910 4464
3 4420 3910 4418
3 3911 3913 3980
3 4410 3913 3911
3 3914 3912 4216
3 4418 3912 3914
3 3912 3970 4216
3 3912 4464 3970
3 4410 3915 3913
3 3915 4454 3913
3 3980 3913 4454
3 3914 4216 3916
3 3914 3916 4418
3 4028 3915 3917
3 4410 3917 3915
3 4032 3915 4028
3 3915 4032 4454
3 4268 3918 3916
3 4418 3916 3918
3 3946 3916 4216
3 3946 4268 3916
3 4028 3917 3919
3 4410 3919 3917
3 4268 3920 3918
3 4418 3918 3920
3 4039 3919 3921
3 4410 3921 3919
3 4039 4028 3919
3 4372 3922 3920
3 4412 3920 3922
3 4372 3920 4268
3 4412 4418 3920
3 4012 3921 3923
3 4410 3923 3921
3 4012 4039 3921
3 3950 3924 3922
3 4412 3922 3924
3 3952 3950 3922
3 3952 3922 4372
3 3923 3925 3972
3 4412 3925 3923
3 3972 4012 3923
3 4410 4412 3923
3 4000 3926 3924
3 4412 3924 3926
3 4000 3924 3950
3 3927 4022 3925
3 4412 3927 3925
3 3972 3925 4022
3 4081 3927 3926
3 4412 3926 3927
3 4000 4081 3926
3 3927 4023 4022
3 3927 4081 4023
3 4277 3976 3930
3 4297 3930 3976
3 4297 4672 3930
3 3944 4268 3943
3 4919 3944 3943
3 3943 4268 3946
3 5027 3943 3946
3 5027 4919 3943
3 3952 4372 3944
3 5086 3952 3944
3 3944 4372 4268
3 4919 5086 3944
3 3945 3947 4028
3 4058 3947 3945
3 3953 3945 4012
3 4038 3945 3953
3 4012 3945 4039
3 3945 4028 4039
3 4058 3945 4038
3 4215 3946 4216
3 4215 4436 3946
3 5027 3946 4436
3 3948 4028 3947
3 4481 3948 3947
3 3948 4032 4028
3 3948 4454 4032
3 4454 3948 4217
3 3948 4481 4217
3 3972 4022 3949
3 4294 3972 3949
3 4022 4357 3949
3 3951 4000 3950
3 4936 3951 3950
3 4936 3950 3952
3 3951 4081 4000
3 3951 4224 4081
3 4195 4224 3951
3 4195 3951 4936
3 5086 4936 3952
3 3972 3953 4012
3 4294 3953 3972
3 4038 3953 4001
3 4294 4001 3953
3 3970 3983 4212
3 4464 3983 3970
3 3970 4212 4216
3 4150 3975 3974
3 3974 3975 4260
3 4260 3975 3976
3 4297 3976 3975
3 4150 4538 3975
3 4538 4297 3975
3 4183 4260 3976
3 3976 4277 4183
3 3977 3978 4188
3 3977 4311 3978
3 3977 4188 4153
3 4153 4281 3977
3 4281 4286 3977
3 3977 4286 4314
3 4933 4311 3977
3 4933 3977 4314
3 4188 3978 4377
3 4311 4249 3978
3 4323 3978 4249
3 3978 4323 4377
3 4279 3979 4192
3 3979 4284 4192
3 4279 4194 3979
3 4194 4447 3979
3 3980 4288 3982
3 3982 4450 3980
3 4217 4288 3980
3 3980 4454 4217
3 4299 3981 4227
3 4299 4376 3981
3 4376 4308 3981
3 4021 4017 3982
3 4237 3982 4017
3 4288 4021 3982
3 4237 4450 3982
3 4209 3983 4464
3 4209 4891 3983
3 4154 4264 3984
3 3984 4328 4154
3 3984 4264 4361
3 3984 4299 4302
3 4299 3984 4375
3 3984 4302 4328
3 4361 4375 3984
3 3992 4013 4173
3 4154 4053 3992
3 4154 3992 4264
3 4264 3992 4173
3 3994 4184 4094
3 4273 3994 4094
3 4387 4018 4009
3 4342 4237 4017
3 4023 4357 4022
3 4081 4357 4023
3 4118 4279 4040
3 4279 4192 4040
3 4150 4114 4053
3 4150 4053 4154
3 4224 4357 4081
3 4094 4260 4183
3 4094 4183 4273
3 4613 4279 4118
3 4369 4209 4128
3 4128 4209 4696
3 4314 4356 4128
3 4128 4356 4369
3 4150 4154 4328
3 4150 4328 4538
3 4153 4188 4298
3 4153 4714 4281
3 4153 4298 4714
3 4377 4173 4252
3 4361 4264 4173
3 4173 4330 4361
3 4377 4330 4173
3 4183 4214 4273
3 4183 4277 4214
3 4188 4350 4298
3 4350 4188 4377
3 4192 4284 4368
3 4192 4368 4342
3 4273 4214 4194
3 4214 4353 4194
3 4273 4194 4613
3 4194 4279 4613
3 4353 4447 4194
3 4197 4207 4369
3 4281 4197 4369
3 4197 4281 4714
3 4197 4714 4442
3 4207 4209 4369
3 4209 4207 4891
3 4209 4464 4696
3 4215 4216 4212
3 4353 4214 4277
3 4217 4345 4288
3 4481 4345 4217
3 4302 4299 4227
3 4302 4227 4667
3 4237 4342 4368
3 4350 4245 4298
3 4298 4245 4442
3 4306 4308 4249
3 4311 4306 4249
3 4308 4376 4249
3 4249 4375 4323
3 4249 4376 4375
3 4377 4252 4350
3 4281 4356 4286
3 4281 4369 4356
3 4356 4314 4286
3 4328 4302 4297
3 4297 4302 4667
3 4538 4328 4297
3 4672 4297 4667
3 4298 4442 4714
3 4299 4375 4376
3 4330 4323 4361
3 4377 4323 4330
3 4375 4361 4323
