v 0.0250411872998639 0.0314374164706918 0.0866443398851314
v 0.0251029531945815 0.0347058370094467 0.0868328009433355
v 0.0251744979400766 0.0329820016434904 0.0834862276604514
v 0.0251619067721102 0.0329852052984949 0.0896628165887649
v 0.025483867854317 0.037482677234258 0.0859634183824368
v 0.0252834170602851 0.029510351182406 0.0845901607123576
v 0.0252631656880986 0.0297481462417589 0.0887066077470862
v 0.0253545183502964 0.0360795437392358 0.0838383264168992
v 0.0254601132947663 0.0371843494634239 0.0885288360737974
v 0.0254922819157841 0.0354593295604438 0.0913095297613755
v 0.0253732020365161 0.028579626191513 0.0864698701217263
v 0.0256709973062601 0.0324063983362283 0.0800915799137316
v 0.0256305932987499 0.0318755401415347 0.0929009759996628
v 0.0255703029632568 0.0291498794555664 0.0822383651733399
v 0.0256156094486785 0.0293163555442955 0.0913529797923634
v 0.0257042794096765 0.0359459930192731 0.0807812849997574
v 0.0257573441838855 0.0269945515466834 0.0880067864528548
v 0.0260981757516745 0.0354993156905271 0.0947791176133041
v 0.0259665269851685 0.0264134702682495 0.0844099655151367
v 0.0261946035653721 0.040662179052871 0.0863880397209506
v 0.0260254805286165 0.0392997818968512 0.0828363878348637
v 0.0263723582873721 0.0409373708334439 0.0892755889623637
v 0.0260500183105469 0.0284909572601318 0.080140754699707
v 0.0261564418690328 0.0282385783064712 0.0932787066377591
v 0.0262276821136475 0.0260509939193726 0.0902894020080566
v 0.0262327894519246 0.0391148718781456 0.0924941433999003
v 0.0263975521164362 0.0313533587769562 0.0771436472440527
v 0.0262619228407548 0.0316805868092477 0.0956927109534891
v 0.0262301174845808 0.0348779684012664 0.0775956656005035
v 0.0262520307267028 0.0252780735349893 0.086540653853391
v 0.0265217184433573 0.0388093696152879 0.078718178580336
v 0.0266911566045945 0.0254060834753243 0.081414169093861
v 0.0269423976710443 0.0384394390036981 0.0966777857903611
v 0.026891698370486 0.0339803680870271 0.0981348165972293
v 0.02671960343341 0.0278924365847266 0.0779928883443962
v 0.0268026672332675 0.0280632272280041 0.095670054257896
v 0.0273021533925811 0.0247861540732492 0.0935089226830217
v 0.0269506564914754 0.0236755191616691 0.0877587553448498
v 0.0269389781618481 0.0238635801829443 0.0847112973146598
v 0.0274289706933654 0.0443662422836813 0.0863015752086446
v 0.0271898209187269 0.0378774894501327 0.0753146963264631
v 0.0274030504486865 0.0296930835926122 0.0745857936488357
v 0.027161724610527 0.0296210994016035 0.0978964138408459
v 0.0271171492804457 0.0429950188883174 0.0825901893528486
v 0.0273456430435181 0.0439797687530518 0.0891130218505859
v 0.0272995064824601 0.0338244475017181 0.0739311875864504
v 0.0271960310437805 0.0428382454034466 0.0919177671282385
v 0.027435036965166 0.0426234298020966 0.0792607526235285
v 0.0275507593154907 0.0423608226776123 0.095010498046875
v 0.0276227037614023 0.0227039350111582 0.0896777944246054
v 0.0277348966598511 0.0371697235107422 0.099987476348877
v 0.0276628195659447 0.0241312202828054 0.0793995083020463
v 0.0280946962642302 0.0216906377452835 0.0861689769980953
v 0.0276203005593831 0.0265777821309067 0.0762335513092202
v 0.0278508541106748 0.02606751726913 0.0972198685808991
v 0.0278993227331302 0.0325404846304963 0.100862440825275
v 0.0278934936523438 0.0223450603485107 0.0829533424377441
v 0.0279303007125855 0.0418486309051514 0.0759163360595703
v 0.028176570429632 0.0365797920833744 0.0718755898754138
v 0.0286380185540658 0.0212826476649334 0.0908327418933611
v 0.0280073007138934 0.0412581648199371 0.0982411419444768
v 0.0286494878309285 0.0283242000212975 0.0722492760113367
v 0.0283982315889457 0.0282323288157365 0.100427894372185
v 0.0288067977896065 0.0227953223318454 0.0778124024283605
v 0.0287667688113739 0.0226685093664036 0.095135064913169
v 0.0284146947765212 0.0319013913316235 0.071259440425804
v 0.0288444138877021 0.0476324616940243 0.0863486140195096
v 0.0285316241853678 0.0465907482371236 0.0827547898209741
v 0.0291809635722593 0.0480966323509935 0.0897283711069271
v 0.0291297547648083 0.0209854503807766 0.0811206388318587
v 0.0286773272811474 0.0462113654681316 0.0931364944788416
v 0.0291044954749982 0.0203022088317297 0.0844416360383673
v 0.0288345060967554 0.0206543584039983 0.0887724865625956
v 0.02863242667065 0.0410735206362117 0.0728275062787543
v 0.0290381409099499 0.0403314653872307 0.10205292175246
v 0.0287766485129854 0.0362492387560402 0.102910361317958
v 0.0288146560791768 0.0248408283501627 0.0747621693703047
v 0.0290844884244744 0.0248363697078337 0.0990974784052796
v 0.0290623759403434 0.0465857368928851 0.0787712454297954
v 0.0292790073235536 0.0307615570118714 0.103536888773921
v 0.0295306545104313 0.0456099041041157 0.0748569671090942
v 0.0290255540305731 0.045445022358048 0.0966718508187818
v 0.0296788022466568 0.0396727161304501 0.0693141644363896
v 0.0291752457302514 0.0351832740223474 0.0693283673787458
v 0.0298593873977661 0.0342768383026123 0.105337306976318
v 0.030318145485703 0.018969733740401 0.0830115665436334
v 0.0301114014041632 0.019553925893275 0.0916768936702503
v 0.0297514038085938 0.0211216449737549 0.0780303268432617
v 0.0302181266570164 0.020657821317894 0.0956032947773352
v 0.0303331161406916 0.0186958209780009 0.0863657292769638
v 0.0299400977372837 0.0261044223185175 0.071007746973484
v 0.029987971711698 0.026207192625552 0.10241070251142
v 0.0297471953861022 0.0446490629876395 0.100413215914772
v 0.0301390300650799 0.0299861853001256 0.0683618583483188
v 0.0303441900949628 0.0227895081869672 0.0736722860642806
v 0.0302240303447597 0.0226440467695232 0.0991483777193819
v 0.0298670048881865 0.0394457397948472 0.104470902147707
v 0.0307161296115605 0.0511772482220918 0.086409516808753
v 0.030239185333252 0.0442318267822266 0.0709110565185547
v 0.0306400442146022 0.0184721008283977 0.0893934687226068
v 0.0303493099212646 0.0501492538452148 0.0822556533813477
v 0.0314007815268492 0.0521943524843596 0.089665923283288
v 0.0307191752163465 0.0335449564655197 0.0664097033627949
v 0.0304050684231639 0.0500728791618008 0.0920341697193083
v 0.0314329320054376 0.0190683756295373 0.0778309495068348
v 0.0309364406209464 0.0500609836902255 0.0777979262543859
v 0.0307066444765626 0.0498149344917286 0.0949536806594436
v 0.0306252346059952 0.0290413199223851 0.105375787399276
v 0.0308733253479004 0.0378465919494629 0.0662081680297852
v 0.030852974758085 0.0378054009206149 0.107018403013511
v 0.0313193804708309 0.0428268366032042 0.067319143723261
v 0.030905970132056 0.0438154739659377 0.104312443291815
v 0.0314538574029161 0.0490901999942573 0.0736072640483874
v 0.030859780565296 0.0488331679813404 0.0979825633130895
v 0.0316749792098999 0.0237033576965332 0.0699366989135742
v 0.0315451626334043 0.0239971749696202 0.103379605524542
v 0.0308852173344816 0.0331423046344055 0.107090282822976
v 0.0316601241797219 0.0210292329155648 0.0733544291187772
v 0.0322648851598767 0.0203997943363846 0.100140517617051
v 0.0316558943847986 0.0176157213960317 0.0821660192140712
v 0.0317574417623504 0.0176882380078581 0.0919480619101231
v 0.0317653462515974 0.0185440805540554 0.0950513786014259
v 0.0316858852669206 0.0488168275140871 0.100919327339488
v 0.0319040008567335 0.0428832677517634 0.107098274722119
v 0.0313740306493751 0.0277595149245801 0.067284457321576
v 0.0322138494068813 0.0267505676278503 0.106701703468566
v 0.0318003363971175 0.0369654741137895 0.0644716421934109
v 0.0317524542555894 0.0366432579932902 0.10876890114091
v 0.0321394958496094 0.0476860237121582 0.0694981384277344
v 0.0321394958496094 0.0476860237121582 0.103764289855957
v 0.0324969455340876 0.0164754536009117 0.088464876887843
v 0.0321068880101875 0.0316947887129562 0.0644909645915635
v 0.0318701730876223 0.0314538258787068 0.108357164282861
v 0.0329932853577087 0.0547881351922597 0.0861887228249501
v 0.0324835694279592 0.0164855231781606 0.0848216686503655
v 0.0323357441265595 0.0535643765871717 0.0828484913315299
v 0.0335737928181057 0.0555278435754458 0.0894400927524601
v 0.0328695324169635 0.0170391882960005 0.0794225787091811
v 0.033443853506416 0.0164348052017318 0.0934528024679074
v 0.0329859313276445 0.0537714017314579 0.0787396202819637
v 0.0324400280880979 0.0533646326112133 0.0927699201107697
v 0.0325064126931902 0.0417812942347582 0.0644748866387952
v 0.0326674463197205 0.0413119386629408 0.109295328422303
v 0.0327139320373535 0.0192341995239258 0.0741025161743164
v 0.0333458973845864 0.0184016704977907 0.0988599000629692
v 0.0332587716450475 0.0260885548841958 0.0654813067209524
v 0.0329179651007588 0.0469299968519494 0.0669151723158692
v 0.0329696806603954 0.0471434922738076 0.106227141774153
v 0.0328788070678711 0.0532568702697754 0.0959637145996094
v 0.0330355189240228 0.0358547291115501 0.0624851865723565
v 0.032951990701657 0.035193566697987 0.110685334114124
v 0.0335193398399589 0.0211477421806415 0.0697281913968178
v 0.0332252146023968 0.0217916703008641 0.103834810568613
v 0.0334839133818758 0.015968253364733 0.081652416971476
v 0.0333526422891763 0.05301924086127 0.0746589197632729
v 0.0334387774626188 0.0530291423242644 0.0989293902654742
v 0.0344213739451178 0.0173991698897412 0.0743737892214919
v 0.0332163656455286 0.0293147283241093 0.063682541263574
v 0.0331063616146973 0.0300493516002211 0.109712517953915
v 0.0338749666214514 0.0154168270199336 0.0901865999410261
v 0.0335508279365742 0.0402879435803984 0.0621984699411475
v 0.0336177312290977 0.0398357246717745 0.111310460820331
v 0.0340157012891084 0.046374663523515 0.0642838226491229
v 0.0339410640656249 0.0461724683362428 0.108988784499743
v 0.0337332934802472 0.0520578563341779 0.0713242425146777
v 0.0337489318847656 0.0520359039306641 0.102034027099609
v 0.0344379732809962 0.0236631008271381 0.0657271887808731
v 0.0339937103256845 0.0244694682124251 0.107635298327608
v 0.0348277704972541 0.0145542774048589 0.0842425361889191
v 0.0337104757077735 0.0333330705600874 0.0617529514398186
v 0.0343682218072521 0.0341939684850475 0.112527482587841
v 0.034120282768263 0.0149957764769151 0.0869559510210535
v 0.0343565711975098 0.0511821250915527 0.0682800827026367
v 0.0345435382591492 0.0514466567701732 0.105050011208739
v 0.0348427312752038 0.0160816435363057 0.076707411115262
v 0.0350674480669987 0.0162791285371531 0.0975939390938882
v 0.0347714173659158 0.0283713509216969 0.0620991741740206
v 0.0345222623590958 0.0283585220642035 0.110846752388999
v 0.0346385536193848 0.0442259483337402 0.0618215065002441
v 0.0348920608206817 0.0446579381655588 0.111600865584068
v 0.0348110053280386 0.0382841256855839 0.059965509208707
v 0.0348992964711242 0.0382129672984399 0.113430713984945
v 0.0353931595074206 0.0192761629958783 0.0694335834172705
v 0.0350907163893633 0.0194273811609379 0.103637777024711
v 0.0356212062835693 0.0583966865539551 0.086631217956543
v 0.035760539854764 0.0222590732474499 0.107901416896305
v 0.0347430102187501 0.0571226289632906 0.0836577074614142
v 0.0363381851019997 0.0591857806982178 0.0895171058782201
v 0.0355535153297759 0.0143514471262637 0.0814011739755345
v 0.0352430930140767 0.0144784028173971 0.0912826576181258
v 0.0354388671261174 0.0507452522147539 0.0653697331116805
v 0.0352296199175693 0.0503364374670334 0.107938893670031
v 0.0353183409174469 0.0574441293681985 0.0801690182236837
v 0.0348675735737442 0.0568682965884482 0.0928621125487365
v 0.0353746857163773 0.0321775028834967 0.0598545727106714
v 0.0354861061954993 0.0323414349370091 0.11356926934641
v 0.0357135051696918 0.0568444943079087 0.0756254475687966
v 0.0354042434692383 0.056819751739502 0.0964644088745117
v 0.036491651312816 0.0143329838292608 0.0783864581375839
v 0.0359780721646541 0.0147103517588687 0.095055369311715
v 0.0364382579512036 0.0171761663223116 0.0711942102776069
v 0.036422920545367 0.0171284042075324 0.101972549090976
v 0.0357881926851517 0.0137455546600006 0.0873154788597681
v 0.0358085454587816 0.0425333416198527 0.059386393133862
v 0.0358369607102342 0.0428719574681432 0.113816278507929
v 0.0360972311468764 0.0567000998667089 0.0996357500525889
v 0.0359327866467695 0.0263481073435819 0.0618313424391019
v 0.0360262776080877 0.0265193518464972 0.11162720543599
v 0.0364134330271219 0.0495237108502379 0.0623314639144033
v 0.0359614730958885 0.0489371563734365 0.110664203656253
v 0.0361383556961703 0.0366844661368565 0.0582139838964715
v 0.0364052327170564 0.0362675040844765 0.115360269271483
v 0.0360759924499376 0.0213518143732192 0.0658356169846137
v 0.0363710199763744 0.0559698725253997 0.0710174188751776
v 0.0364295655519355 0.0558329715170792 0.102740849351802
v 0.037634819402539 0.0131114471094341 0.0807599077270296
v 0.0369383670276344 0.0135811211439635 0.0928921763607359
v 0.0367948520121559 0.0303419462965335 0.0588249162259958
v 0.0366042959723749 0.0302506410178425 0.114198885511709
v 0.0368774299621582 0.0546952247619629 0.0672783813476562
v 0.0372298666647134 0.0551300634730056 0.106080353681813
v 0.0370771231779436 0.0476153690280911 0.0598276230370116
v 0.0372633128354259 0.0480383312613444 0.113459834692555
v 0.0374884965154218 0.0420422093982011 0.0570109436591007
v 0.0370943131050673 0.0409114242524608 0.11598774986362
v 0.0372820478964759 0.0129102686458225 0.0897843780774655
v 0.0372678022438462 0.0198857298393482 0.107173274473547
v 0.0375770711474724 0.0246668085694244 0.0612036399480262
v 0.0374334490571318 0.0247194254748115 0.11194411955298
v 0.037801945066421 0.0152263816002203 0.0730672639418263
v 0.0382318604757997 0.0151846507986297 0.100674209404629
v 0.0372737416937546 0.0128391094147955 0.0843053041151276
v 0.0380879149039467 0.0123191417149907 0.0868404043856372
v 0.0377833808130573 0.0348149734092075 0.0565115951738264
v 0.0383065219788044 0.0353107270879244 0.117415995956117
v 0.037952560895986 0.0539382184106886 0.0639778112910292
v 0.0376060409545898 0.0536451988220215 0.109017852783203
v 0.0386277344486891 0.0619592667663183 0.0863748009697952
v 0.0374125483010893 0.0604417355631722 0.0834304390677459
v 0.038620189666748 0.0618264217376709 0.0900764236450195
v 0.0380207329097782 0.0606987441742829 0.0795388543279947
v 0.0377378165931803 0.0604245885665667 0.0932919990848592
v 0.0386203168635103 0.0469244126369425 0.0572387703495219
v 0.0382355157046736 0.0463099296820503 0.115805278653222
v 0.0382143182143853 0.0283557799569493 0.0582358019234442
v 0.0384958322682577 0.02837906274438 0.115312230780962
v 0.0378414987766484 0.0189127523248384 0.0666687799313735
v 0.0390453503139477 0.0175731916946077 0.106043391294513
v 0.0384502601623535 0.0600692462921143 0.0747353935241699
v 0.0384493534464764 0.0605833671613398 0.0966564699617381
v 0.0385806837389928 0.0394253227912997 0.0553507414749044
v 0.0390506964337445 0.0400223362834625 0.118389764473332
v 0.0384434661865234 0.0224618606567383 0.0620821151733398
v 0.038474510117042 0.0224795189386036 0.111223477953025
v 0.039151834487915 0.0532843017578125 0.0610369091033936
v 0.0386411267562367 0.0527040722801924 0.11194447454164
v 0.0391103274293559 0.0136271907637451 0.0751378427061064
v 0.038759682088977 0.013851576488069 0.0981983541510652
v 0.0390480419538725 0.060297262012095 0.100057653907862
v 0.0392176151062614 0.0325610397993767 0.0555392949967564
v 0.0389561627945438 0.032224251480774 0.117376286094216
v 0.0395381326417212 0.0597513904726964 0.070238508824988
v 0.0392902692234626 0.0593093436481583 0.103433247766589
v 0.0398187523434036 0.0162920915541792 0.0683821075484476
v 0.0398957542107287 0.0450905935553781 0.0548984059004449
v 0.039977978043249 0.0450465270325061 0.118480076358835
v 0.0401424865722656 0.0518525714874268 0.0582056274414063
v 0.0399390210333163 0.0516682378208106 0.114900704225022
v 0.0397314068960955 0.0124761870224253 0.0779108943550505
v 0.0393345052276816 0.0128650802376197 0.0959937307768984
v 0.0400065603468412 0.0263387929002594 0.0577127280864435
v 0.0401141750814556 0.0263744201719683 0.115663807367852
v 0.0401354582451384 0.02069463645619 0.0622479278567361
v 0.0400105101697777 0.0207646611568381 0.110990063640463
v 0.0395287101391322 0.0578605238048095 0.0663927771758079
v 0.0399875119718152 0.0585256074311055 0.106744664812601
v 0.0403767681121826 0.0378133182525635 0.0534941902160645
v 0.0405899272303592 0.0381675560861079 0.119991805309348
v 0.040382849496749 0.0152608689975825 0.103636964954361
v 0.040978140055901 0.0115256583964966 0.0797163487188828
v 0.0404477996826172 0.0571495666503906 0.0633330307006836
v 0.0402691810724527 0.0569457022839287 0.109847422995399
v 0.0411073551177979 0.0306908826828003 0.0545010299682617
v 0.0409838714962932 0.0304013772211429 0.118530497247004
v 0.0398340283375533 0.0117964441417055 0.0919184677152613
v 0.0415731573250004 0.0502917048154074 0.0552405990691977
v 0.0409715698280484 0.0496875881478561 0.117642591133094
v 0.0409489635425516 0.0418900879886927 0.0530606357201649
v 0.0416507680629365 0.0433567577593992 0.120715067633463
v 0.0408030677279549 0.0111210379120081 0.0827131485753528
v 0.04154758194683 0.0138672577533906 0.0711930670431379
v 0.0411184853425009 0.0188107547463978 0.0634907828784904
v 0.040905574798584 0.0190677490234375 0.109924736022949
v 0.0402558235102351 0.0112787999970027 0.0886737269354437
v 0.041938704828425 0.0654083993059217 0.0862276183087772
v 0.040950970700667 0.0240004175083994 0.0585136084325119
v 0.0411949498705976 0.0240806427330944 0.114993972358935
v 0.0404640616557976 0.011121663394865 0.0854038421339709
v 0.0402846318590848 0.063579815469379 0.0829853283618685
v 0.0423462995220481 0.0657103389906071 0.0898146731036634
v 0.0411869316101074 0.064175422668457 0.0796161727905274
v 0.0410005827101776 0.0640199759323663 0.0932847935324835
v 0.0419444387718164 0.0566331826282902 0.0600930144319936
v 0.0418079282902507 0.0565559646685303 0.113033161726446
v 0.041944402758607 0.0355284694669002 0.0523617009418434
v 0.040455670783046 0.0338979656087185 0.119241773120672
v 0.0416322059631348 0.0635210189819336 0.074408561706543
v 0.0414477462768555 0.0637919273376465 0.0971285629272461
v 0.0418602706971761 0.0116391798036699 0.0959564126000818
v 0.0421680311005253 0.0131288498619941 0.100971812337905
v 0.0418166656494141 0.0632501106262207 0.100579177856445
v 0.0427891199619729 0.0483620779001746 0.0528651823624356
v 0.0425300275547372 0.0482981266263957 0.120163377633171
v 0.0425486953929523 0.0168972413811351 0.0648812006785597
v 0.042717209864753 0.0174137696769901 0.109210261099073
v 0.0421123450895243 0.0282545644080198 0.054852334350506
v 0.042726683612337 0.0286664828087636 0.119090091334577
v 0.0424986964547635 0.0403366462366993 0.0514503303861851
v 0.0429163101725082 0.0409699495851717 0.122159417819338
v 0.0425705509185791 0.0124234409332275 0.0736940498352051
v 0.0430602169036865 0.0553349952697754 0.0570966911315918
v 0.0427228009317397 0.0547231669813391 0.116253975079196
v 0.0427168341412077 0.063263973472903 0.0701452904980676
v 0.0428406619733379 0.0631102817908392 0.103910831086494
v 0.0420267019829287 0.0110622460565772 0.0935409488069237
v 0.0423593887415941 0.0218703941159796 0.0592242071253617
v 0.0424279806535276 0.0219655396218609 0.114187715448445
v 0.0430066095997496 0.0367065126398073 0.12198709223836
v 0.0427153625488281 0.0102952308654785 0.089890022277832
v 0.0423889459884633 0.0102927213320911 0.0865961352020082
v 0.0428287066255901 0.0119325102874188 0.0983992508095801
v 0.0428464208434369 0.0616180575991253 0.0659377536437013
v 0.0429541830000281 0.0617287220346391 0.107339047957137
v 0.0432578927050966 0.0331262329726817 0.0519389178899153
v 0.0431543885059852 0.0332712649427242 0.121281178465186
v 0.0435651911210058 0.0150935184910558 0.0669723375650918
v 0.04297719914235 0.0157142616164818 0.106867611979099
v 0.0427227234565423 0.0448250191334248 0.0517771288271839
v 0.0444391127351572 0.0466445481318568 0.12264972510013
v 0.0434503032028685 0.0110674754796406 0.0772063082094375
v 0.0443031542517462 0.0538478894970206 0.0542998208010602
v 0.0441941318511963 0.0536839179992676 0.118958148956299
v 0.0442463942880616 0.0612605757722913 0.0626270767539161
v 0.04397753647518 0.0612445112951414 0.110142079391624
v 0.0436829017567959 0.0256947450840785 0.0552439580199913
v 0.0439753267337438 0.0262166160848861 0.118526501810421
v 0.0437561569213867 0.0200847454071045 0.0600039558410645
v 0.0440747416959704 0.0199623087151807 0.113297734839705
v 0.0443697231181795 0.0106221271805409 0.0953182458364478
v 0.0445473357150435 0.0385006014293741 0.0498426017497431
v 0.0445512076054808 0.014016327929989 0.105063283418346
v 0.0443718971540093 0.0100625368377062 0.0808644882353775
v 0.0444519901275635 0.00987372541427612 0.0911110343933105
v 0.0453120212554932 0.0602335014343262 0.0593437614440918
v 0.0446135961771119 0.0596721346714632 0.113593610146452
v 0.0460429122219703 0.0691647672647417 0.0863524790742826
v 0.0443412906062156 0.0675484839255501 0.0829529669563117
v 0.0457634010404945 0.0687948685280263 0.090389697697515
v 0.0443296657127182 0.00976683794832085 0.0839635738687591
v 0.0450240630635724 0.00950935816004145 0.0876372316289845
v 0.0448444776021027 0.0475356078906482 0.0505086216941005
v 0.0447848854986072 0.0674976094240094 0.0788868145056059
v 0.044260364461717 0.0671164573206128 0.0936874013689051
v 0.045592899487701 0.0521922991919215 0.0518443985548694
v 0.0454809684753418 0.051812385559082 0.121535652160645
v 0.0448039334405224 0.0304246739767695 0.051879757675679
v 0.0444920059683144 0.0308735851571583 0.121343745286148
v 0.044760248945505 0.0432919951977198 0.0496727441046976
v 0.0454758622155274 0.0437863218056608 0.124103755909622
v 0.0455225813385056 0.0131940861620324 0.0692611738425519
v 0.0451312217712402 0.0668730621337891 0.0741914520263672
v 0.0451133705106574 0.0673381979786985 0.0969702956217256
v 0.0440866815026427 0.0182195356461862 0.0620340698212573
v 0.0449252232727465 0.0180628722569106 0.111605962205578
v 0.0459838568125557 0.0276489070646097 0.0526187841119071
v 0.0445474581382694 0.0231508254024105 0.0566613893651095
v 0.0452152137756348 0.0235242576599121 0.117361373901367
v 0.0457345611108092 0.0210955526899563 0.0578086872939216
v 0.0453658604030135 0.0396129185190777 0.124122313141765
v 0.0457400558056473 0.0670232418611128 0.100603113499569
v 0.0466020224187953 0.0591679512462504 0.0562963409055569
v 0.0462974605560303 0.0587962474822998 0.11698169708252
v 0.045884946936051 0.0118758666556677 0.0721671432971554
v 0.0458665577881078 0.0124283598043092 0.10253637303873
v 0.046449496381824 0.0363523450068657 0.048873432200972
v 0.0461028079986572 0.034592321395874 0.123738487243652
v 0.0461227775534542 0.0664047283850195 0.0696153636799985
v 0.046227845488984 0.0662970343077841 0.104267907642834
v 0.0469762317731323 0.0499101783770794 0.123791778206133
v 0.0461942176818848 0.016728401184082 0.0626746673583984
v 0.0461290060035476 0.0162728301670157 0.109819703356884
v 0.0469519546620932 0.0456222230473457 0.0482809803136607
v 0.0465838260650635 0.0112978982925415 0.099987476348877
v 0.0459815297038473 0.0644928924746136 0.0652839135974611
v 0.0463830909729004 0.065044075012207 0.107715805053711
v 0.0467300659498571 0.0282953966153645 0.121420317035081
v 0.0464675616234954 0.0188197853193152 0.0598541294896559
v 0.0460962435136713 0.0335952898472981 0.0498492603528854
v 0.0473457436858791 0.0416907186149553 0.0476769572145644
v 0.0475650711348331 0.0418096037450758 0.125731842396777
v 0.047497633535297 0.0573690588590867 0.0535159614169107
v 0.0468364682606889 0.0562502089841466 0.119967932170913
v 0.0473235693856482 0.0251148434910771 0.0536020636400225
v 0.0478354582562315 0.0252488531156816 0.120014940391186
v 0.0463524247938765 0.0212711350620845 0.115936913137173
v 0.0471901301342395 0.0104770400229606 0.075582109204509
v 0.0464518348017911 0.0367926581765719 0.124469698067702
v 0.0474393931942725 0.0642658731111177 0.0621333956708112
v 0.0470973777770996 0.0640024185180664 0.111056823730469
v 0.0464401030331942 0.0151467840986944 0.0650534694081912
v 0.0477298164367676 0.014622932434082 0.107980785369873
v 0.0475172252316569 0.0100353572821474 0.0961269958277763
v 0.0479077663421631 0.0320368595123291 0.0493895626068115
v 0.0471983157312305 0.0322333185570234 0.123576831217468
v 0.0479241561889648 0.0388015270233154 0.0475159912109375
v 0.0479241561889648 0.0388015270233154 0.125746440887451
v 0.0473107795154188 0.0504296475286886 0.0493978746254111
v 0.0478512184352248 0.00956182659595355 0.0792370387900408
v 0.0485313053131104 0.0473833866119385 0.125777393341064
v 0.0489900482584172 0.0173619044571917 0.0606674018964619
v 0.04821767460842 0.0290668690184055 0.0506645499780878
v 0.0481147845651568 0.0542712877430947 0.0506353922484863
v 0.0487201652526855 0.0552696723937988 0.122563655853271
v 0.0479413681030273 0.062773006439209 0.0589613876342773
v 0.0488715438842773 0.063599630355835 0.114390182495117
v 0.0481001736349874 0.00925328846216638 0.0922600351321445
v 0.0487902948622271 0.0198311614992807 0.0577434315638839
v 0.0481884293112238 0.0192876728049135 0.114687244955385
v 0.0487321192512376 0.0226373198333425 0.0549915595839891
v 0.049455609075603 0.0230803483742197 0.11892760825547
v 0.0483009756301724 0.0138030780094289 0.066517566248047
v 0.048194297260183 0.00905922679502399 0.0825745785739635
v 0.0488847678146565 0.0714826210132474 0.086637439800273
v 0.0480591044431097 0.0707013156450503 0.0828980847706933
v 0.0496060846894636 0.071893997927168 0.0905561817578072
v 0.0483689304914978 0.00886378910159566 0.0875862312427122
v 0.0485053901672363 0.0707375946044922 0.0794257278442383
v 0.0481242354213568 0.0704378820815186 0.0936371523510317
v 0.0495649565288961 0.0450364034462288 0.0464624017672609
v 0.0492503416001896 0.0448365337423089 0.126642546309279
v 0.0489450073242187 0.0700995941162109 0.0740708808898926
v 0.0493416077549369 0.0708311317321437 0.0971907689830481
v 0.0489297756285577 0.0155352491436792 0.0633000504823986
v 0.0492042707540818 0.0154690591044433 0.10992507107414
v 0.0496231725395774 0.0619643503369155 0.0557596160886636
v 0.0503825788568795 0.0625305661707984 0.117707859559177
v 0.0493881307217134 0.0123584707716621 0.069184636692465
v 0.0482283286158573 0.012848596714403 0.104690466121124
v 0.0491271362304688 0.0698353729248047 0.100966796875
v 0.0489886006519087 0.0301553164638221 0.123523704910629
v 0.0499857099260619 0.0492279464668483 0.0469704510114839
v 0.0498972239204827 0.0365056257242296 0.0469448368133283
v 0.0496447475598395 0.0365592649486897 0.126227289509463
v 0.0505958628586861 0.0533744075734227 0.0480933984065333
v 0.050516091671028 0.0535686249347045 0.125027653564603
v 0.0493462169311561 0.017777980307675 0.113294325474321
v 0.0499971186691128 0.0268493162443041 0.0512770487168339
v 0.0502807102203369 0.0270724744796753 0.122227970123291
v 0.049601734161377 0.0691472930908203 0.068785758972168
v 0.049601734161377 0.0691472930908203 0.104476669311523
v 0.0496167602539063 0.0203102149963379 0.116334785461426
v 0.050092622756958 0.0114003438949585 0.101861503601074
v 0.0506993293762207 0.0145631713867188 0.0644584922790527
v 0.050310404393708 0.0137331628263149 0.107192492832972
v 0.0512506905967528 0.0605831905688919 0.0525714560701948
v 0.0501408907847368 0.059609429634828 0.120532618531046
v 0.0501918601989746 0.0682922973632813 0.0653310394287109
v 0.0501918601989746 0.0682922973632813 0.107931396484375
v 0.050406867980957 0.0109735918045044 0.072497184753418
v 0.0505444777137795 0.0423312061910886 0.0457909052638014
v 0.0509009942190815 0.0423338279927 0.127638626453905
v 0.0513086395263672 0.0165291595458984 0.0612336559295654
v 0.0513679750005373 0.0162017726022856 0.111521938142549
v 0.0511315803527832 0.030768970489502 0.0486049938201904
v 0.0515917797088623 0.0133399682044983 0.0666276779174805
v 0.0509036026000977 0.0672618103027344 0.0619481010437012
v 0.0505553319237432 0.0669105282761382 0.111381598117193
v 0.0517269734376362 0.0188884508291421 0.0580575636735502
v 0.0525857018569233 0.0191693037249032 0.115663252002657
v 0.0509306743458109 0.010264118632898 0.0747448715898629
v 0.0506894987867262 0.0101976773019051 0.0981378681707231
v 0.0515172684050697 0.0504700881191712 0.12694088575789
v 0.0520012997413206 0.0216773523745147 0.0549788179302557
v 0.0521433643694574 0.0218477712899116 0.118470350471671
v 0.0513499908025588 0.0243444387795572 0.0527168265705774
v 0.0516485971307195 0.0245612100715568 0.120783745486857
v 0.0511066021550319 0.0342580125845112 0.0470981506176281
v 0.0513483649173608 0.0338801498021042 0.126111043869646
v 0.0506260231142209 0.0570523243593169 0.0502238344638415
v 0.0521304910837355 0.058531170069981 0.123239611985738
v 0.0517361201127532 0.00965883962646626 0.077326508841256
v 0.0518012547983755 0.00937565134794387 0.0944985013813734
v 0.0522670906892847 0.0122433186006549 0.0689969997776404
v 0.0514651361600447 0.0121183092379307 0.103963583528131
v 0.0520579390766166 0.0147655479546541 0.109312882592992
v 0.0515827140808105 0.0301255512237549 0.124483863830566
v 0.0519703821098749 0.00903482081840242 0.081021333218652
v 0.0512044661889665 0.0654360888176315 0.0585103579927909
v 0.0527255569623596 0.0668328781541574 0.11453368015989
v 0.0522650089263916 0.0480292663574219 0.0453035125732422
v 0.0526434177534441 0.0480872593908242 0.128130747205965
v 0.0519498178195603 0.00889014363456539 0.0910866751903207
v 0.0520762510705895 0.00872056397041431 0.084546037507108
v 0.0520928905857796 0.008698287283543 0.0878636657208612
v 0.0534309800706306 0.0173316773335381 0.11334299345672
v 0.0525776596069336 0.0321133251190186 0.0475159912109375
v 0.0524937530460667 0.0398369747712606 0.0451562774257085
v 0.0520787587173668 0.0399819452743064 0.127961219109789
v 0.0519600555890858 0.0737655896957959 0.0865995896742301
v 0.0531382172631612 0.0137187036706509 0.107419784668015
v 0.0527949641071126 0.0740958404250145 0.0814353826332369
v 0.0528804271112729 0.0742168509049425 0.0910972281305213
v 0.0528065632869128 0.0279003950640606 0.0498105578486332
v 0.053235971335859 0.0271860104230312 0.123060228640382
v 0.0531059799322003 0.0736919107654175 0.07657107055427
v 0.0530759348422424 0.0737853090016088 0.0959409583095586
v 0.0531866001332502 0.0524411682740515 0.0459804189060112
v 0.0528308690480357 0.0105412697941956 0.0994432428330287
v 0.053151007463209 0.0651752959587507 0.0557824363883261
v 0.0539535049676583 0.0655758710935329 0.117834772357011
v 0.0538364726418529 0.0563389736421896 0.0473559314802711
v 0.0537348728179932 0.0565452194213867 0.125746879577637
v 0.053481541484314 0.031859769943 0.125825759350061
v 0.053991849899292 0.0157265381813049 0.0623236312866211
v 0.0545107652848423 0.0156897241242645 0.110808784456564
v 0.0543569757780239 0.060159399746605 0.0495405686219129
v 0.0539382865204808 0.0126400579777665 0.105051850929175
v 0.0533342967007108 0.0728904826178225 0.0719907881369914
v 0.0531289045791911 0.0730213556424435 0.100111634237711
v 0.0537350486907591 0.0378457240154907 0.0451609313997024
v 0.0537656497955322 0.0378220443725586 0.128104965209961
v 0.0538795177422897 0.0461691118521978 0.0442983956027828
v 0.0539708968469655 0.0457762118640603 0.129018779074498
v 0.054628539724944 0.0726743114854843 0.0683477061362276
v 0.0539180964230163 0.0724226885730558 0.104280275392507
v 0.054359632590885 0.0179496769027681 0.0590921468128761
v 0.0544488274340597 0.0634730730203122 0.0524703467221249
v 0.0543513977281844 0.0634757523126232 0.120694853186982
v 0.0535753610198373 0.0115484088020255 0.0708729281979801
v 0.0539916061703678 0.0115394651632708 0.10230568135969
v 0.0544093589451425 0.0294803955643816 0.048540107744323
v 0.0546770000099609 0.0292336857162928 0.124608777993699
v 0.0549094273485554 0.0204116073077728 0.056120028213457
v 0.0550504666142284 0.0206510513081962 0.117413062546067
v 0.0549377822875977 0.0144183354377747 0.0647114219665527
v 0.0550586390961336 0.0144753941322091 0.108632508057284
v 0.0546374992119809 0.0257694746347666 0.0510656454858329
v 0.0548990845900109 0.0251864649816838 0.121755260587965
v 0.0549578151702881 0.0236829347610474 0.052806432723999
v 0.0540351179515913 0.0230882973837192 0.119882371315798
v 0.0551852169796328 0.0718686086506708 0.0651076079409048
v 0.0540931377613829 0.0711714895162832 0.108081849008449
v 0.0544371490478516 0.0533452568054199 0.127704635620117
v 0.0544722480773926 0.0107701387405396 0.0734291610717773
v 0.056240274300114 0.0110822198832448 0.0999139058439493
v 0.0555645273620787 0.0761530684412833 0.0856459424272521
v 0.0555376344275906 0.0760812084076673 0.0894838710735094
v 0.0557602481842041 0.013283191204071 0.0672254180908203
v 0.0562314569644991 0.0134590873300547 0.106260804352289
v 0.0549322242736816 0.0101446657180786 0.0760056076049805
v 0.0551099624633789 0.00990352392196655 0.0959467124938965
v 0.0550201530456543 0.0703481216430664 0.0618669738769531
v 0.0554901226921968 0.0708095502639593 0.111031466694938
v 0.055924548690034 0.0614776816724569 0.123823359100922
v 0.0548802061194113 0.0361882118756482 0.0453632772579617
v 0.0554071015226808 0.0365789805713259 0.128105625265998
v 0.0554140796661377 0.00949129247665405 0.0799516983032227
v 0.0557282554206868 0.0184179270137149 0.114646257205611
v 0.0558237674415473 0.0518042254125583 0.0443900739576827
v 0.0561771702964345 0.0519186191059666 0.128981206583968
v 0.0555527034882045 0.0317196975037195 0.047153039268791
v 0.0561080653539775 0.030827687646392 0.125654785287052
v 0.0549348560886887 0.00925022850915672 0.0918636262289974
v 0.0553235851537054 0.0437705018394605 0.043759188330801
v 0.0553946174883585 0.0435256762700255 0.129519203856806
v 0.0565945263561912 0.0122394258552244 0.0701343399310744
v 0.0564121927197906 0.0122205399720125 0.10318179660575
v 0.056147913179776 0.0270794191145732 0.0500308023106372
v 0.0560320942861151 0.0268111599593787 0.123030928482798
v 0.0557053123686879 0.00909750733284078 0.0846650496984397
v 0.0557428622977602 0.00908531906857531 0.0878687478622713
v 0.0548570618069364 0.0683399808339496 0.0585222050367287
v 0.0558646926879883 0.0691393051147461 0.114699417114258
v 0.0566805424279132 0.0346008385125322 0.045716678360272
v 0.0557476018870783 0.0346366928921787 0.127463862622649
v 0.0568572185568127 0.0113925853712055 0.0727654917746662
v 0.0567169600446454 0.0553603183103169 0.0451753914280226
v 0.0562499079872045 0.0555896359550899 0.127708065411311
v 0.0568667079298002 0.029542371671513 0.0483596887698061
v 0.056957165070533 0.0170088957778124 0.0608746034002263
v 0.056781917274834 0.0169360052898656 0.112333434778532
v 0.0571442302851273 0.0219739706405666 0.054637108818482
v 0.0569229807856199 0.022400617576182 0.119113148953272
v 0.0570916805267334 0.041032844543457 0.0436457138061523
v 0.0568260147796115 0.0413096666850083 0.129615726641087
v 0.0572421884964588 0.0595125886842175 0.0471128127612835
v 0.057627477645874 0.0598150215148926 0.126173717498779
v 0.0570617466129912 0.0102562406502679 0.0774511898722547
v 0.0566893701501473 0.0105765270407785 0.0977466887003531
v 0.0569570933258713 0.0768491447597825 0.0819187913871306
v 0.0569492351136952 0.0679003856792398 0.0555434577626497
v 0.0574991080320098 0.0682092414332287 0.117812375675318
v 0.0575427588838621 0.0196551030739832 0.0573976350045738
v 0.058026393210694 0.0201499216949169 0.116359633308102
v 0.0567984617767962 0.076287913028839 0.0777883826317638
v 0.0568199574042292 0.0765587007270947 0.0937468090461382
v 0.0571875461460872 0.0100018821820159 0.0942507244203292
v 0.0582981741710079 0.032549045868854 0.0466639317969052
v 0.0570682411193848 0.0330393562316895 0.126891006469727
v 0.057342342376709 0.0759662933349609 0.0991914138793945
v 0.0582284030914307 0.0634860610961914 0.0495485458374023
v 0.0571498825519964 0.0502085783852943 0.0434997184791268
v 0.0570219350432962 0.0496902671295114 0.12982474669628
v 0.0577228402462683 0.0285887606318933 0.124225180686991
v 0.0578240806566693 0.0243028940716986 0.0524531355140023
v 0.0575777740478516 0.0249245109558105 0.121395389556885
v 0.0574748914533737 0.00971778368597504 0.0818250125870196
v 0.0573518638291128 0.00965745815963038 0.0909975393285864
v 0.0577614223084793 0.0153956467658547 0.0638535747396672
v 0.057705508037215 0.0156263116874841 0.109868890275309
v 0.0568917396341514 0.0754947422939208 0.0732480428132718
v 0.058707306335416 0.0119060932366436 0.10048056416981
v 0.0586020132276046 0.0314301627640741 0.125971142669979
v 0.0585223676312219 0.066469204531298 0.0523595138354961
v 0.0586470391346871 0.0667997150211899 0.12058602956536
v 0.0595421148393488 0.0183624112185728 0.0599156817501696
v 0.0588674206797591 0.0183094231766324 0.113608458417992
v 0.0587698926801814 0.0267712755250304 0.0505132008027624
v 0.0580106353759766 0.0750219268798828 0.0687859497070313
v 0.0578988548178047 0.0749178103025087 0.104565734779174
v 0.0580714956364886 0.0480862244337359 0.0429143190961238
v 0.0579396302904994 0.0476369799252919 0.130321261979726
v 0.0585652654459126 0.0143080221102518 0.066410044428438
v 0.0586003516125199 0.0144207449823906 0.107070795153544
v 0.0593262543715853 0.0581666134886573 0.0452952184359295
v 0.0589155296406244 0.0576397893831656 0.128055883490968
v 0.0585019503413278 0.0111801847312246 0.0750251425331651
v 0.0594280803032002 0.0114624078033684 0.0980309398440735
v 0.0589411498408347 0.0390884018786408 0.0438786350031038
v 0.0580485241416516 0.0391553755325812 0.129307527649444
v 0.0586104698181152 0.0741735916137695 0.0653312606811523
v 0.0586104698181152 0.0741735916137695 0.107931175231934
v 0.059461467890997 0.0231026191630671 0.0541063354737283
v 0.0592088570741247 0.0233759751105925 0.11952914636195
v 0.0590052900001705 0.0106608648048512 0.0782459601561439
v 0.0592800665589922 0.0108003042010588 0.0952464726871193
v 0.0595949573516846 0.0274854640960693 0.123129264831543
v 0.0593416861807322 0.0301726383799937 0.0481516200307418
v 0.0600118583886297 0.0787902210424177 0.0861514747065281
v 0.0591800878982961 0.0782663456094336 0.0897866330721119
v 0.0594022964269655 0.0134101204389087 0.0691184444108489
v 0.0587431877175356 0.013299967112414 0.104454021319712
v 0.0599625195673435 0.0169543825788717 0.0623414109892451
v 0.0600108622641146 0.0170458111895806 0.11105170270478
v 0.0603193502663368 0.0700289355869294 0.0555071523801707
v 0.0605865262859741 0.0704703031968863 0.117309476991786
v 0.0599563903633832 0.010622205106509 0.0807901954774751
v 0.0598698592035008 0.0105437832733478 0.0920008109308281
v 0.0599285426224364 0.0553824540328004 0.0438107656391645
v 0.0590660513191058 0.0558887888939557 0.128925428262988
v 0.0591719512939453 0.0464947662353516 0.0425980682373047
v 0.0593732299246421 0.0462578617910128 0.130684525009021
v 0.0591824289797734 0.0100314383380779 0.0841192705906357
v 0.0590472560243142 0.00996524785057391 0.0881072756003912
v 0.0590265638371179 0.0646136408566278 0.123181299249088
v 0.0595279373785405 0.0733161729189814 0.0620949415307975
v 0.0594928309688609 0.0733857216238966 0.110959293347808
v 0.0599814044512132 0.0368443334498088 0.0446427081436746
v 0.0594348860530625 0.0370197208623385 0.128684932507294
v 0.0595555458068848 0.0124935693740845 0.0717155914306641
v 0.0598869620629657 0.0127683339036795 0.101924477501976
v 0.0605517303081647 0.030540158567801 0.125153124016532
v 0.0608353477584266 0.0158009804672241 0.06507293523377
v 0.0607177977367788 0.0157559076930612 0.108204213565889
v 0.0602107696309022 0.0217376912981285 0.055840096437806
v 0.0599684288893138 0.0216010242818495 0.117388738143386
v 0.060848690032959 0.0122220067977905 0.0744351234436035
v 0.0616989377561838 0.0126052921775436 0.0988264027950064
v 0.0600674133300781 0.0540353355407715 0.12996061706543
v 0.0620604623400252 0.0689025345411197 0.0526752688869391
v 0.0620331832990184 0.0690118529684418 0.120421513970626
v 0.060484978040252 0.0445187816181484 0.0425465038982183
v 0.0606327547506388 0.0440466203877723 0.130659293887412
v 0.0601869964599609 0.0719415969848633 0.0586593170166016
v 0.0601107997505044 0.0721327170243578 0.114144931080991
v 0.0608657572575268 0.0251529247301327 0.0525456954727626
v 0.0611264965561546 0.0253543485905576 0.12080244208459
v 0.0604115142822266 0.0281924457550049 0.0497577209472656
v 0.0615315877927909 0.0118400348725549 0.0774346201877786
v 0.0617873672813394 0.011890120337873 0.0954070261290478
v 0.0612423540801884 0.0348254243608695 0.0456520365131811
v 0.0607188460272282 0.0352829520193578 0.127872131182879
v 0.0615996459297398 0.0324965772745451 0.0470537552262979
v 0.0614415177711078 0.014748289895116 0.0679164006634468
v 0.0614498748891646 0.0145830784569485 0.104923472811638
v 0.0608486868045705 0.062438033051519 0.0471728265379496
v 0.0601669042687458 0.0621634447798135 0.125918142788988
v 0.0615192465760785 0.0110164617020597 0.0840704903517469
v 0.0614104111463709 0.0109655661707423 0.0892612381337296
v 0.0612260670959644 0.0107895147992845 0.086631217956543
v 0.0600709418411378 0.0529074331757098 0.0430615445924374
v 0.0615283126831055 0.051930835723877 0.130815887451172
v 0.0608739544841716 0.019943915684221 0.0584195004179562
v 0.0616728098228879 0.0202556785184636 0.114732108445277
v 0.0615269658752051 0.0794765071388429 0.0825445538421944
v 0.0620211395254603 0.0138123737354637 0.0710771674274585
v 0.061974035127113 0.0138247905911985 0.102295848080591
v 0.060627268049006 0.0787284508113968 0.0794732878862742
v 0.0616354272757945 0.0792545640580664 0.0938895795017044
v 0.0627733585854516 0.0666045056253582 0.0497218358483248
v 0.0628754250314268 0.0667296284535335 0.123467697520893
v 0.0614914588928223 0.0786980667114258 0.0759489669799805
v 0.0616798667907715 0.0784341735839844 0.0990706977844238
v 0.0631164200067119 0.0241743535063317 0.0546256410354263
v 0.0623180122375488 0.023537184715271 0.11837886428833
v 0.0628894477714504 0.0266290678155158 0.0520280110621546
v 0.0618682746887207 0.078170280456543 0.0724345016479492
v 0.0615955577247586 0.0509390409094387 0.0423003540785089
v 0.0623033979746634 0.0183780709816942 0.0617895229225619
v 0.0620392684936523 0.0185035133361816 0.111946228027344
v 0.0629874935150146 0.0304399099349976 0.124447219848633
v 0.0620640173959607 0.0559147684217993 0.12997157426343
v 0.0618321570515836 0.0426479394744746 0.0427703186750405
v 0.0622513796874707 0.0421193250912519 0.130390126260059
v 0.0621951610098967 0.0338042855603703 0.126897092751737
v 0.0619563722644731 0.0115320236220581 0.0806178388161238
v 0.0626051337842358 0.011860937897642 0.092510405478606
v 0.0618268843746473 0.0772618278514892 0.0692355836058253
v 0.0621424622840081 0.0777126824316604 0.103034658775981
v 0.0641440036436299 0.0741625640240659 0.0589369619255937
v 0.0620909188208027 0.060549959835553 0.0454158528604543
v 0.0624010810852051 0.0597836074829102 0.128462783813477
v 0.0639438514872684 0.0223512646048079 0.0573901271741991
v 0.0637698083411301 0.0225150737885877 0.116180454579635
v 0.0629638937670991 0.0173574846504452 0.0641696504446944
v 0.063159225344946 0.0176841229282206 0.109436435996746
v 0.0648119482320179 0.0647425070893624 0.0471171580857586
v 0.0626174636260102 0.0635157953498012 0.126144068217376
v 0.0629671325683594 0.0766286926269531 0.0655470809936523
v 0.0625435468350617 0.0765346998570146 0.107319873692135
v 0.063260922495948 0.0487428593531718 0.0419389465161024
v 0.062380957634354 0.0491972648973621 0.131213979293675
v 0.063834871751519 0.0313386420999776 0.0484282870890586
v 0.062481092404469 0.0537764683927084 0.0425627880525187
v 0.0634878991976789 0.053940072838781 0.1308786917095
v 0.0635425498163957 0.0404665716331769 0.0434417384349359
v 0.0635171768216286 0.0402106868545239 0.129734197429161
v 0.0643141979938366 0.0810005963475397 0.0863293439496189
v 0.0634735602414567 0.0137690299233645 0.0737860583034332
v 0.0636595045545899 0.0138863552008307 0.0994698852039753
v 0.0638076069811506 0.080687488890638 0.0897644944381233
v 0.0629142576197625 0.0584740023627924 0.0440015084650317
v 0.0634556498880138 0.0584468759314535 0.129448550603425
v 0.0645655741537394 0.0725266716054238 0.0559011603387957
v 0.0642894267504954 0.0722981969711374 0.117519006363196
v 0.0636692099675952 0.0281463239750845 0.122261235431496
v 0.0636823173869303 0.0131328230716556 0.0768665171472044
v 0.0640535561350605 0.0133177245977928 0.0960767467130762
v 0.0643232996330901 0.0201051356110865 0.0609691921879223
v 0.06556795868233 0.021448417181934 0.113128785047023
v 0.064209493525138 0.0166697810988407 0.0672014561225436
v 0.0636243858337402 0.0162196273803711 0.10598405456543
v 0.0637299902798149 0.0755567437483809 0.0620927406576182
v 0.0646846142316393 0.0759725567656157 0.111153257338312
v 0.0640306349895449 0.0127610876450311 0.0802801423857775
v 0.0636480471521 0.0121879049171801 0.0837937171226386
v 0.0634854426739828 0.0120940720309952 0.0895399816337396
v 0.0638516035341021 0.0122213165537928 0.0864020206786364
v 0.0642064248032195 0.0473909090286606 0.131330059994865
v 0.0646491683613274 0.0521225836247902 0.0419085796512885
v 0.0641016230682138 0.0381397212351159 0.0444748855373821
v 0.0639739866343246 0.0377179301314027 0.128610025741889
v 0.0631564258405275 0.0563240157987881 0.0431011320124971
v 0.064573218736368 0.0155532886810129 0.0705404884968473
v 0.0645310328461509 0.0154560927414557 0.102535217706094
v 0.0656232070922852 0.0707559432983398 0.0527660255432129
v 0.0656689938222017 0.0709050104853539 0.120317949412605
v 0.0637213723761248 0.0740014946395698 0.114187004371223
v 0.0651612056551444 0.0618869986306611 0.0450760926268889
v 0.0652873611820985 0.0620419723814547 0.1281250976741
v 0.0657362029528733 0.0151085823064971 0.0748219170356968
v 0.0659016668559792 0.0151375411017478 0.0980941305675437
v 0.0667611401094853 0.0274082557448734 0.0534842266905248
v 0.0657267990112305 0.0264553928375244 0.119457416534424
v 0.0644194911813914 0.0465855958626022 0.0420101657696753
v 0.0646985653280494 0.0516057863549717 0.13141104655323
v 0.0652309799194336 0.0139025654792786 0.0784278831481934
v 0.066276105438176 0.06557451704093 0.12602927439115
v 0.0650237593756881 0.055056758783397 0.0423447083911404
v 0.0648436930807692 0.0563685706852241 0.130543699099171
v 0.0658638376730908 0.0294198408045849 0.0509245695529055
v 0.065364387512207 0.0137100296020508 0.0932046890258789
v 0.0657594129414175 0.0815544942786911 0.0828168225995065
v 0.0664213198334999 0.0142050459872428 0.0834827175087352
v 0.065550106048584 0.0134418997764587 0.0882772521972656
v 0.0655666732788086 0.0812081756591797 0.0796164245605469
v 0.0657607616846219 0.0812520368960029 0.0939023818774533
v 0.0670840262190926 0.032242445364203 0.0491582434140505
v 0.0667769378272602 0.0689055042371003 0.0500860081730936
v 0.0670207742649589 0.0687586311928887 0.123420223252229
v 0.0658370132446289 0.0808309631347656 0.0761342468261719
v 0.0660279159545898 0.0805643043518066 0.0988534355163574
v 0.0658308479018875 0.0366298345625525 0.045583801028096
v 0.0673704340985274 0.0381849373502175 0.128100126003326
v 0.0661088104248047 0.0453338737487793 0.0422166404724121
v 0.0662020004271417 0.0459546275113398 0.131134014071332
v 0.0669166985170445 0.0205860635673949 0.0631775001344304
v 0.066973250069219 0.0207767842305217 0.110335581915955
v 0.0665964450087671 0.0502028084028969 0.0416599477771475
v 0.0661276779174805 0.0498633728027344 0.131590087890625
v 0.0659370961180715 0.0543012016419756 0.131229858713974
v 0.0658390829535912 0.0800966129682951 0.0726057469135644
v 0.0657723874452116 0.0587369853247533 0.0433898725640354
v 0.0661540174519368 0.0588155884437727 0.129966166870868
v 0.0673488771917446 0.079780604406912 0.0690970145153987
v 0.0662896798857159 0.0795592390511367 0.103416172619689
v 0.0679071421446077 0.0759404700882431 0.0592473648964282
v 0.0681561708874362 0.0758965154633818 0.114246544987821
v 0.0672971282227591 0.0352709291590575 0.0469310100242963
v 0.0652559760739367 0.0344205158286198 0.126460858618447
v 0.0678736152648926 0.0632308216094971 0.128154769897461
v 0.0677025949036899 0.0196302099715063 0.0662690818452978
v 0.0666012174840667 0.0190236354003124 0.107477667803493
v 0.0674502841390244 0.043401529172585 0.0429020142813035
v 0.0671025772094727 0.0439024467468262 0.130585983276367
v 0.0710041658032007 0.0334000127613166 0.0503416288094108
v 0.0673623461108014 0.0534349596846493 0.0417817505627207
v 0.067928171955073 0.0521983934509329 0.131597508165205
v 0.0688873231087863 0.0673273006569303 0.0478386803134486
v 0.0677629457871985 0.0788000601150682 0.0656998176471946
v 0.0671697517578607 0.0786983797082894 0.107242420941256
v 0.0673907349449543 0.0566628717110131 0.042379245559633
v 0.0673712387084961 0.0572407989501953 0.130746322631836
v 0.0688991877715106 0.0191811442573381 0.0696820833096814
v 0.0680295991214727 0.0185201672099545 0.103722886681762
v 0.0684993073274809 0.0828178638463119 0.0860736130677004
v 0.0685359191894531 0.0351459732055664 0.125746879577637
v 0.0686579666137695 0.0828124504089355 0.0900762596130371
v 0.067064084595663 0.0611912917416326 0.0441810578745773
v 0.0681326484680176 0.0606604347229004 0.129572242736816
v 0.0687648223044259 0.0264356493960466 0.0562815968092057
v 0.0677811565051733 0.0255765697589197 0.116789008949376
v 0.0683998543057477 0.0743441470313799 0.0562105461032361
v 0.0688604431152344 0.0745548057556152 0.116980857849121
v 0.0688754501342773 0.0391037902832031 0.0451072578430176
v 0.0686935943129726 0.0179139274941773 0.0729821324118169
v 0.0682736432689949 0.0174991455588569 0.10004568849754
v 0.0686149554191684 0.0414614174851797 0.0438763508916597
v 0.0682371272252943 0.0413857051280083 0.129430536072279
v 0.068353988963709 0.0776712574326215 0.0623922732023607
v 0.0680716781616211 0.0777030715942383 0.110601333618164
v 0.0689291879291692 0.0171344792208345 0.0770309701664902
v 0.0690704985531829 0.0172471083839935 0.0962034723943216
v 0.0687329922351953 0.054785842365089 0.131383620097407
v 0.0686426086425781 0.016200083732605 0.0815064163208008
v 0.0686426086425781 0.016200083732605 0.0917560119628906
v 0.0686005249023438 0.0599951553344727 0.0433021392822266
v 0.0687289352416992 0.0241255760192871 0.0594910354614258
v 0.069699840450001 0.0247326881159543 0.113536826900995
v 0.0694437903744313 0.0166024607163103 0.0868149954843727
v 0.0700203018188477 0.0729224472045898 0.0533844528198242
v 0.0695296596649445 0.0728441817351258 0.119753465154623
v 0.0689775009155273 0.0638635635375977 0.045226188659668
v 0.0686804051146724 0.031892181414256 0.123002971197628
v 0.0698013153076172 0.0491914768218994 0.0418546276092529
v 0.0698171268809972 0.0499695371902013 0.131490667387073
v 0.0697679133500765 0.0556300100901684 0.0419768299689505
v 0.0714679367146248 0.0368761220425129 0.0476605521601033
v 0.0707921292879948 0.0678776273877594 0.125470569532628
v 0.0700740966796875 0.0578993396759033 0.0424468688964844
v 0.0700409990377015 0.0597753808687625 0.130163053083479
v 0.0714245300292969 0.0244722385406494 0.0624329566955566
v 0.0739791173347821 0.0264018690501556 0.11061415322174
v 0.070420950135555 0.083472059007728 0.0831499972495536
v 0.069273572495127 0.0827815672406815 0.0800952842351438
v 0.0698299428110704 0.0828804417934486 0.0942003088202981
v 0.0691108627444942 0.0822450432450292 0.0767126457397321
v 0.0703670883178711 0.082367374420166 0.0985264320373535
v 0.0717401417325868 0.0711242312956656 0.0506570913426191
v 0.0702373759216526 0.0705701212322389 0.122769827556967
v 0.0713012857912918 0.0225766275102954 0.107133723663767
v 0.0706917881167984 0.0486197545894776 0.131228991956588
v 0.0724676079650409 0.0317346690719644 0.0531096747239742
v 0.0724705971204939 0.0318728836485167 0.120325691802654
v 0.0702753874246818 0.0527646380001411 0.0416684052884158
v 0.0704179287446745 0.052894125512333 0.131588443412058
v 0.0697279326782379 0.0817507440993621 0.0729768622295619
v 0.0705752258300781 0.0571865310668945 0.131045471191406
v 0.0727359580993652 0.0225555267333984 0.0691193313598633
v 0.0715210388171663 0.0813925869727913 0.0693232414573945
v 0.0709458276020682 0.081490505826243 0.103009471053148
v 0.0723728814477139 0.0778970936492102 0.0600989843682018
v 0.0722426886587983 0.0779210433828472 0.113017053523183
v 0.0713981015191153 0.0658041766354571 0.046099236788091
v 0.0705869263360948 0.0651411528312089 0.127483016419829
v 0.0713954774998062 0.04696280162949 0.0425001914875251
v 0.0713137664794922 0.047026668548584 0.13080012512207
v 0.0732318186128899 0.0218097696075345 0.0728071048472421
v 0.0723221534768071 0.0210220324155366 0.100416124667642
v 0.0740257940751194 0.0304421799061274 0.0561461044187247
v 0.0731151484867523 0.0296584840954312 0.11697832994243
v 0.0728806002357717 0.0388361645296445 0.126353723466155
v 0.0724685046743949 0.0563786312605976 0.0420997136335057
v 0.0725386707900456 0.0557262945299391 0.13125049271784
v 0.0724810833175384 0.0806547457270992 0.0662811011088109
v 0.0716767349243164 0.0805290069580078 0.106760757446289
v 0.0730655790385848 0.0691653977536075 0.0484280339398689
v 0.073313334715287 0.0209568434592836 0.0767922647671145
v 0.0738605264891202 0.0212782482673289 0.0956254752662851
v 0.0733219857889563 0.0845760187315073 0.0869371162180089
v 0.072132350441794 0.0840747424749512 0.090320997963184
v 0.0722149401849504 0.0632890159472957 0.0444235229748215
v 0.0725433044433594 0.0631139526367187 0.128965469360352
v 0.0732230110168457 0.0764037170410156 0.0570978679656982
v 0.0737028247431412 0.0765914163899915 0.116058362931258
v 0.0745808126995886 0.0212632992578595 0.0906139039064195
v 0.0738519176942849 0.0204965358097418 0.0855702117874005
v 0.0728970365273532 0.045197439937707 0.0434435829729992
v 0.0731485285525824 0.0454642836173154 0.129845144668515
v 0.0729748601634782 0.0794938102028864 0.0630627177612397
v 0.072419792175293 0.0794842224121094 0.10992830657959
v 0.0728495305550509 0.0275741642800377 0.0590298417435906
v 0.0738297697622805 0.0721571861023474 0.122017807152059
v 0.0731515693664551 0.0535213871002197 0.0418882789611816
v 0.0731515693664551 0.0535213871002197 0.131374153137207
v 0.0759440746473823 0.0375374028013182 0.123618051793074
v 0.0743826713562012 0.0747696800231934 0.0543055057525635
v 0.0739751158104567 0.0746801972793373 0.118953721927154
v 0.074973926536621 0.0669216776450223 0.0464100806315376
v 0.0744766273498535 0.0666356239318848 0.127014663696289
v 0.0750896072381417 0.0697526980201111 0.124600307998159
v 0.0732301364563066 0.0613266187947147 0.0434660896158905
v 0.0738346939489536 0.0614996868001041 0.129761615841155
v 0.074250153244086 0.0848007251495498 0.0838685395209099
v 0.0738280519819275 0.0428885234382252 0.0447767832102314
v 0.0741098251342773 0.0430245971679687 0.128462783813477
v 0.0734256225814908 0.0842684686936583 0.0804796088942786
v 0.0745285684554538 0.0844752502253899 0.0939697609457579
v 0.0734241032635956 0.0838130692354231 0.0771327969943732
v 0.0746600189208984 0.0838425788879395 0.0980764999389648
v 0.0741820515633536 0.0237307645395862 0.104025701180295
v 0.0761355660616273 0.0730793492931374 0.0518394015660103
v 0.0742348148018157 0.0513559242438355 0.0421584063088026
v 0.0747803137036637 0.0515641131670923 0.131043567931521
v 0.0739555411125486 0.0833354005702277 0.0738242724076608
v 0.0753664016799167 0.0598458312232151 0.0429614008514596
v 0.0747638088311871 0.0592497171610976 0.1304877465106
v 0.0751596165058801 0.0829073243586156 0.070750399511487
v 0.074830961989456 0.0829647643607872 0.101931045759709
v 0.0764969940185547 0.0793743934631348 0.0610383758544922
v 0.0764969940185547 0.0793743934631348 0.112224056243896
v 0.075044707917892 0.0217968053884173 0.0814027897690794
v 0.0755785598713987 0.0491072246320232 0.0428766420304427
v 0.075992688198145 0.0493274075324701 0.130350652383111
v 0.0757605438232422 0.0406618919372559 0.0469830665588379
v 0.0764111901252235 0.0820013213856819 0.0670837268866825
v 0.0759565734863281 0.0819978790283203 0.105982765197754
v 0.0763750784638928 0.0579587641503748 0.0426125633766507
v 0.0763683513245679 0.0574498296513291 0.130727494547357
v 0.0774240325021336 0.0710638040533204 0.0496368500904664
v 0.0777344521824571 0.0858151240320659 0.0869398021112267
v 0.0761690264752026 0.0853325534783197 0.0899268086436211
v 0.0770810573337854 0.0311834627267447 0.114865361141747
v 0.077848198899413 0.0781341223126023 0.0584304384088255
v 0.0774997978210449 0.0779508476257324 0.115055248260498
v 0.0771361628569378 0.065267759968485 0.0453363759888867
v 0.076329807689364 0.0653736646967204 0.127872077651106
v 0.0772368521582784 0.0476032569782458 0.0438146344252138
v 0.0770191248209946 0.0474866770837836 0.129467686406772
v 0.0766912689208984 0.0809520416259766 0.0642460174560547
v 0.0766912689208984 0.0809520416259766 0.109016410827637
v 0.0766270973409121 0.0736611359765941 0.12080770474796
v 0.0777702029953536 0.0558951872270507 0.0425901569643382
v 0.0777472658694919 0.0557423275484115 0.13069006685209
v 0.0771307288255511 0.0294259638320058 0.0615680991980936
v 0.0802078130844823 0.0402131884379177 0.0499409642221109
v 0.0786451530456543 0.0763240928649902 0.0555466613769531
v 0.0785238368137801 0.0763726481640245 0.11761978685025
v 0.0788048324584961 0.0685253143310547 0.0474862670898437
v 0.0788048324584961 0.0685253143310547 0.125776165008545
v 0.077368067398021 0.0278443266823456 0.0652425411995615
v 0.0781078401267251 0.0283102730594382 0.107746664163479
v 0.0783038073685492 0.071288265094004 0.123482511678714
v 0.0779888336086515 0.0858106788233288 0.084080189631676
v 0.0776888414471218 0.0629033822504794 0.044207543592699
v 0.0776549404551419 0.063560082046411 0.128766462458722
v 0.0779564654237449 0.0855455696117668 0.0807258222084023
v 0.0784241027832031 0.0856416397094727 0.0928703384399414
v 0.0776934383006948 0.0449252311962183 0.04523412662331
v 0.0794533122041113 0.0469108788427484 0.128353242639129
v 0.0778485371561874 0.0361979965025558 0.0523722289371519
v 0.0789939963707414 0.0370715456456122 0.120962446645151
v 0.0787616212009017 0.0275068306004936 0.0690075455038425
v 0.0788223684914759 0.027310279282183 0.103441118049911
v 0.0777419530973176 0.0850569308353022 0.0775717382937719
v 0.078628853788645 0.0849492443050598 0.0974150964515089
v 0.0800953879433969 0.0746022613748197 0.053239378261759
v 0.0806547288970629 0.0746896181056291 0.119939410282404
v 0.0785902509230473 0.0262698232868417 0.0727419327604111
v 0.0786128008110578 0.0258889330645159 0.0988144325573237
v 0.0781751010609459 0.0845374243962975 0.0743830549119802
v 0.0785201462962017 0.0535361644800712 0.0427948443372844
v 0.0786498709012487 0.0535219008825194 0.130434085923738
v 0.0802367081167459 0.0618148747268589 0.0441258577673284
v 0.0794406273628316 0.0616711103341405 0.129347902375466
v 0.0785396345642953 0.0253596985559802 0.0767142786226211
v 0.0787865489014162 0.0839303875554801 0.0715161833264197
v 0.0788245216951992 0.0840692569311027 0.101276007726064
v 0.0799179491655841 0.0258835657054718 0.0809667699228501
v 0.0795740776914274 0.0257836967761059 0.0939422430424375
v 0.0797222618592881 0.0352269927202876 0.0552397678796334
v 0.0797287332427071 0.0353883405402067 0.118220225076107
v 0.0797821426391602 0.0255884227752686 0.090238525390625
v 0.0798330841064453 0.0255143909454346 0.086631217956543
v 0.0800349756169951 0.0518268751177379 0.043464375108355
v 0.080595871835728 0.0519826116152784 0.12966137886869
v 0.0796129248513378 0.0830182900474743 0.0681577135719171
v 0.0801291351318359 0.083162353515625 0.104980758666992
v 0.0811462058992967 0.0436218469444946 0.0476807385276231
v 0.0804963256089023 0.0432640379696281 0.125676970168537
v 0.0815082931586091 0.0865664981987533 0.0858840842964112
v 0.0808159065246582 0.0597258033752441 0.0436466732025146
v 0.0812521058106482 0.0598403801017745 0.129480061803414
v 0.0804151635301959 0.0863304263828921 0.089548652349323
v 0.081713369401908 0.0724502511813454 0.0509817224783986
v 0.081384880065918 0.0724299011230469 0.122330154418945
v 0.0784056925722816 0.0322793304554588 0.0582036598038049
v 0.0825725129546889 0.0352416311817969 0.115133051272938
v 0.0817875503559414 0.0474861947898953 0.0456072390204873
v 0.0811625238113838 0.0673477440021245 0.04686605654881
v 0.0813819536555447 0.0671163628264696 0.126501150462868
v 0.0809800690930327 0.0820187418384001 0.0651583221339752
v 0.0808028430891656 0.0821719264677368 0.107722255620599
v 0.0823557976020963 0.0505911427958531 0.0445976501564878
v 0.0814408808716127 0.0502009889835247 0.128899893313843
v 0.0812555793072577 0.0327488857047052 0.0610334462863005
v 0.0810421296370278 0.0322492261731933 0.111609579064119
v 0.0818887642568907 0.0807522408482631 0.0623455202457523
v 0.0818190298032883 0.0809486215850286 0.110552747391658
v 0.0829174540095996 0.077975600302007 0.0576621631378027
v 0.0826890466060511 0.0778441267061134 0.115796578781373
v 0.0829810485839844 0.0701596641540527 0.04910964012146
v 0.0828652735601067 0.07027542105779 0.124062608629347
v 0.0819353126964229 0.0316377814057434 0.0643885899648212
v 0.0822051696777344 0.0314375228881836 0.107998832702637
v 0.0823293304443359 0.0575849647521973 0.0436901473999023
v 0.0823293304443359 0.0575849647521973 0.129572280883789
v 0.082303615107384 0.0865058101903491 0.0819296553271489
v 0.0825480880737305 0.0864554748535156 0.0924611663818359
v 0.0825774230957031 0.0651355285644531 0.0458335037231445
v 0.0825953298235007 0.0648958401613437 0.127523894013813
v 0.0832236995281794 0.0794837167173817 0.0600135708060745
v 0.0826439514160156 0.0795146713256836 0.113239921569824
v 0.0830845994879617 0.031087435375598 0.067862093906571
v 0.0827508178074387 0.0307154772203607 0.104970590034236
v 0.0822383102645202 0.0859467794561548 0.0777038930348236
v 0.0829751510620117 0.0858233108520508 0.0967774772644043
v 0.0833924202037594 0.0491563179521045 0.127704334410843
v 0.0848533388844769 0.0405793073821065 0.0528663233496987
v 0.08593546532108 0.0411330762784456 0.120172995324332
v 0.0841915810587084 0.0760258224339661 0.0551202382453591
v 0.084402363925139 0.0759447921793697 0.118232706112683
v 0.083381160736084 0.0852232856750488 0.0736525344848633
v 0.084039959625165 0.030508353972284 0.0718941378838909
v 0.0829950780754159 0.0298112572774001 0.101390015734158
v 0.0836612418455073 0.0557894079466922 0.129174813840777
v 0.0836105194091797 0.0848845367431641 0.101014587402344
v 0.0846686153859514 0.0299314795457866 0.0766152111044919
v 0.0840670314626208 0.0295699969055307 0.0968400665105887
v 0.0831870572680529 0.046837043610861 0.126637413930247
v 0.0846624004508597 0.067886914880925 0.0478396308003676
v 0.0847119979858399 0.0676968612670898 0.125545951843262
v 0.0840812745954817 0.0288706467803061 0.082336931796816
v 0.0838505836623057 0.0287794217955644 0.0917402728961301
v 0.0866254251683237 0.0393655194422936 0.0558897036115836
v 0.0862559984660922 0.0389756183675914 0.117135993507491
v 0.0839732634061822 0.0286498092031061 0.0875799868255931
v 0.083408915527095 0.0840452991860357 0.0697908834318246
v 0.0842006195273328 0.0835301419396718 0.105068057458658
v 0.0840855657237292 0.0549190547549774 0.0442899390913751
v 0.0849468459865789 0.0542185056320283 0.128550892793894
v 0.0853772552117538 0.0870884093449706 0.0859989850699069
v 0.0852721762198689 0.0736860629259451 0.0526725652465487
v 0.0852881723518143 0.0734977703763716 0.120756538674057
v 0.0845175662896048 0.0869599164131662 0.0894789672119156
v 0.0854649891803929 0.0469705793434323 0.0477107279563216
v 0.0853479678225937 0.0462261184591964 0.125128930323042
v 0.0845071716308594 0.0624023284912109 0.0451992340087891
v 0.0843123506829791 0.0623111844512115 0.128133273027627
v 0.0848970899478834 0.0830281095066238 0.0667940170483153
v 0.0842063906806494 0.0361523838111024 0.0584064759613567
v 0.089042687786414 0.0387630834431349 0.114027250136902
v 0.0857072933195333 0.0528701385250072 0.0452769236701803
v 0.0856295336737592 0.0522060046796266 0.127835008400903
v 0.0858088302061024 0.0602556080042689 0.0450997789102936
v 0.0859795646667481 0.0603166103363037 0.128103698730469
v 0.0859899436946459 0.0818744357174314 0.0643137317681586
v 0.0856561965942383 0.0818727645874023 0.108998992919922
v 0.08559310068573 0.0352739650565559 0.0616943431184623
v 0.0868409096755832 0.0717435571894694 0.0512356504157457
v 0.0867712310147749 0.0715102740604176 0.122253580128638
v 0.0861232179272435 0.0441501285345158 0.0501580460374101
v 0.0870557098388672 0.0446831073760986 0.122951850891113
v 0.0864131571737686 0.0869957180506146 0.082159153296521
v 0.0864495462944298 0.0866894870038694 0.0936516367807394
v 0.0870368181981975 0.0806125233251348 0.0620676822038629
v 0.0865763702392578 0.0805219192504883 0.111438659667969
v 0.0870735206604004 0.0661522064208984 0.0475175743103027
v 0.0870735206604004 0.0661522064208984 0.125744861602783
v 0.0870279518210071 0.0346535506302378 0.065130998505846
v 0.0867359755952919 0.0345107682386107 0.108209951541025
v 0.0863477121417049 0.0865507646604905 0.0787103459642316
v 0.0878584175109863 0.0769896850585938 0.0569089279174805
v 0.0879227614816563 0.0772871884710584 0.115940737365893
v 0.0870708236694336 0.0508817253112793 0.0465094299316406
v 0.0879125916997889 0.0512220384252879 0.126449111760739
v 0.0870211272910369 0.0858491679835131 0.075124842305172
v 0.0869294002881456 0.0860104058818898 0.0975014047759809
v 0.0879604368852416 0.0338082521600557 0.0691549361511383
v 0.0872575225830078 0.0334932632446289 0.10447647857666
v 0.0865772265952915 0.0582394015690052 0.0451497285610405
v 0.0870699852626587 0.0582948772733737 0.127944000947138
v 0.0878773036532692 0.0850031849428448 0.101220173108474
v 0.0876474094673369 0.0789932518680792 0.0595608937333931
v 0.0871747248462113 0.0790647910184121 0.113636221686697
v 0.0874586811725565 0.0691917087358003 0.0494653733850121
v 0.0883080853470433 0.0693380483332331 0.123415453518247
v 0.0894183156729212 0.0334550014437342 0.0739204293308257
v 0.0877176086299763 0.0326840188267946 0.100447035556567
v 0.0883189964294434 0.0491193904876709 0.125261173248291
v 0.0876245638014026 0.0849883107387903 0.072020134453923
v 0.0892048193022446 0.032763612078935 0.0963048630901541
v 0.0887711503523391 0.0749000911148029 0.05475343630987
v 0.0892223719511789 0.0751471529664733 0.118101928290416
v 0.0892549819946289 0.0873310279846191 0.086631217956543
v 0.088337275744529 0.0872223003405868 0.089497906020714
v 0.089031512707798 0.0322742911908961 0.0797052103086256
v 0.0877257569355657 0.031395471442761 0.0927122974371656
v 0.0884386411276185 0.0569507810908752 0.0458541015435395
v 0.0881116201321155 0.056372857890128 0.127487451689492
v 0.0889407424926758 0.0634884738922119 0.047077880859375
v 0.0887176692307833 0.0637525829397409 0.126183264676285
v 0.0883454605500769 0.0315376882249084 0.0843086284507555
v 0.0894284896951791 0.0321681951871124 0.0885644680090426
v 0.0880765146496125 0.08395608538965 0.0691441050039648
v 0.0887141799926758 0.083699836730957 0.104792655944824
v 0.0890487243998801 0.0484794526274466 0.0487943017686915
v 0.0909113031528497 0.0512722684555676 0.04841864981792
v 0.0893329010009766 0.0555673751831055 0.0463727111816406
v 0.0896992573850278 0.0540641673427893 0.126411429158058
v 0.0897512114979387 0.0666952371353153 0.0488034944358292
v 0.0903315620422363 0.0666870040893555 0.124232692718506
v 0.0894622802734375 0.0825903015136719 0.066122802734375
v 0.0895323360321987 0.0826261159632702 0.107039190112538
v 0.091581615447998 0.0403605422973633 0.059226921081543
v 0.0905631778256612 0.0697552835407891 0.0509830290797848
v 0.0907366483016554 0.0728857707919766 0.0534935963398098
v 0.0909638199956699 0.073060004394461 0.119533835561725
v 0.0908822642063579 0.0472711398465589 0.0507927459115584
v 0.0901490068358208 0.0532699995112578 0.0472930487201458
v 0.0902426394591561 0.0871688133903895 0.0829418131168403
v 0.0903240814208984 0.0813146591186523 0.0638964920043945
v 0.0907889844750363 0.0812546558504766 0.109289379968021
v 0.0923952671016182 0.0389998557383474 0.0626695121487072
v 0.0916087975823013 0.0385105493716091 0.110553919564416
v 0.0906150450897163 0.0610999165431471 0.0471765565263294
v 0.0908519551881464 0.0617856504861522 0.12580407745135
v 0.0902844153435949 0.0868905474514308 0.0927953859975866
v 0.0901380496201226 0.0868191387020124 0.0799767238486185
v 0.0901578193458641 0.0863234462394887 0.0772494635291441
v 0.090483844929184 0.08626815112135 0.0963055491431957
v 0.092593400811888 0.0374949187293315 0.0664587560908371
v 0.0931425296576695 0.0378478882983513 0.106867013506764
v 0.091043616790545 0.0517483829517579 0.124955485790181
v 0.0925018584898617 0.0666916980671937 0.0500619823945136
v 0.0920360133624647 0.0554965033602212 0.0477961035376953
v 0.0911363459680536 0.0567156385540167 0.126090384327658
v 0.091750659942627 0.0594798965454102 0.125744861602783
v 0.0910291620051129 0.0854934158572642 0.0740835686751921
v 0.0915473442077637 0.0853272018432617 0.0996327934265137
v 0.0913029327392578 0.0798685150146484 0.0618223533630371
v 0.0908371110190136 0.0797700935141982 0.111707346166042
v 0.0922281095254801 0.0708548810277476 0.120770306438567
v 0.0914907965693699 0.044647722055345 0.053510328722172
v 0.0913183929737999 0.0445617438123177 0.119793448516123
v 0.0921447446813498 0.0872238965815282 0.0859569461971191
v 0.0923528781550904 0.0871749768088742 0.0890734634647367
v 0.0929129499031629 0.0660547497025601 0.123280982676523
v 0.0926535491118335 0.0541431150135086 0.124819071436704
v 0.0918832453288692 0.0582612370766212 0.0475434881477598
v 0.0903425015733117 0.0466769134925746 0.122410064318838
v 0.0923804397583008 0.084082145690918 0.0703067321777344
v 0.0923804397583008 0.084082145690918 0.102955696105957
v 0.092401008605957 0.0782491912841797 0.0599368324279785
v 0.0924021478212021 0.0782957972048912 0.113256761675693
v 0.0947367339085305 0.0360596604540077 0.0971976801281127
v 0.0926843566894531 0.042968318939209 0.0564505767822266
v 0.0926843566894531 0.042968318939209 0.116811851501465
v 0.0936770973205566 0.0512837295532227 0.0501345920562744
v 0.0918997801621525 0.0497320829533455 0.123431440665479
v 0.0935474868962137 0.0347604025852426 0.0922342874678245
v 0.0948161170172888 0.0353407801805995 0.0823056101240755
v 0.0945510972731163 0.0688655478910492 0.0523409961983105
v 0.0947415435603384 0.0687646394306427 0.120883662749525
v 0.0929873280367664 0.0536883361863592 0.0487723090548682
v 0.0930843806121467 0.0641923808100466 0.0492941773630828
v 0.0934759171296951 0.0635719295638712 0.123954924938385
v 0.0930680770874023 0.0830573883056641 0.0682030868530273
v 0.0928743569551791 0.0827380891290116 0.105741464848406
v 0.093053716148659 0.071053586859582 0.0530071838998565
v 0.0946575294766265 0.0621133620403837 0.0495853097357852
v 0.0940934994806929 0.0603081922421923 0.124324455280526
v 0.0935929323927014 0.0567821219406056 0.0485494152515782
v 0.0934769759603851 0.0570806282605029 0.12480652791315
v 0.0929578492685091 0.0764193900932361 0.0579944388840428
v 0.0930450318560499 0.0764063845538829 0.115254951899138
v 0.0942160470526882 0.0520327695432773 0.123105490952158
v 0.0941005979824095 0.0817934274344576 0.0661984052009166
v 0.0942393884626757 0.0869525609806393 0.0838110242289912
v 0.0939696041745203 0.0599717835196472 0.0488094349590895
v 0.0940463296111633 0.0866649947175102 0.0807867715658468
v 0.0942546860056355 0.0867842622484069 0.0913302174374229
v 0.095139533996582 0.0492136859893799 0.052370677947998
v 0.0942147824058944 0.048520293913103 0.121090955336138
v 0.0943037816093419 0.086288782211437 0.0944974567749515
v 0.0940902336056583 0.0859980796069638 0.0773452950397062
v 0.0955374565124512 0.0658108673095703 0.0513481597900391
v 0.0964921936311704 0.0661626529275066 0.121153680057774
v 0.0960829246044318 0.0722664611954922 0.055617448359336
v 0.0957961637999889 0.0720825672606745 0.117954305596665
v 0.0952215842340283 0.0804599202401783 0.0645180367170294
v 0.0947291274119925 0.0809315333114848 0.108237730811735
v 0.0962855298250851 0.0628472236375175 0.122458837731293
v 0.094890047682835 0.0544983971963352 0.0497696632571672
v 0.0952790617167211 0.054753185135348 0.123294635109654
v 0.0955641848702173 0.0579821782965684 0.0497507315594676
v 0.0956821679479586 0.0579056817749245 0.123429270428307
v 0.0948128954280974 0.0853247799440927 0.0980971966530439
v 0.0949446792602539 0.0745072250366211 0.0569256172180176
v 0.0941054672603822 0.0742021594842077 0.117023986193719
v 0.0953763491037177 0.0849228692544723 0.0741477035606208
v 0.0964460105895996 0.0473658905029297 0.0548849773406982
v 0.095532642565001 0.0465700073952425 0.118392206090324
v 0.0950854380985042 0.0869332705873032 0.0874242282332878
v 0.09586902443531 0.0788321360408289 0.0624479085678081
v 0.0961389471278404 0.0794335137483425 0.109765363468153
v 0.0958603516324126 0.0839719515318817 0.101429264354951
v 0.0972597137325805 0.0697470661957267 0.0545711108389872
v 0.0968722951789976 0.0698852316966455 0.118860571185744
v 0.0965210894357629 0.0526762579482678 0.0515198176431517
v 0.0966910067663088 0.0529059309717358 0.121706997942861
v 0.0974885053460294 0.0636161811113568 0.051862116710419
v 0.0964179703946985 0.0835338683141919 0.0711438283740705
v 0.0979470268664813 0.0603520801251953 0.0515270808996889
v 0.0978070582225372 0.060447855573383 0.121815957175548
v 0.0971785245136767 0.0559120054065154 0.0511005045135328
v 0.0977136692684425 0.0559347095095071 0.121746841584007
v 0.0971664591692036 0.0452745333415557 0.0577574716142444
v 0.0970727233238514 0.0451472386546152 0.115445614217294
v 0.0951001246795864 0.036052409579541 0.077441720561139
v 0.096871222839675 0.0774208757691556 0.0612125147585261
v 0.0969392908100984 0.0776367331161127 0.111709667008719
v 0.0972192784308719 0.0821606156520125 0.0686986762371623
v 0.0970980850300278 0.0823124074805061 0.104344314637059
v 0.0971188887689259 0.0864653685774708 0.0838364804244686
v 0.0973984750911655 0.086251163705221 0.0910602459209555
v 0.0972907370568038 0.0859557271394809 0.080144555967022
v 0.0954270400469765 0.0421173997244077 0.0604927431433332
v 0.0950855899738403 0.0420171360462916 0.112967504406352
v 0.0980695267174262 0.0509183636111668 0.053612318189234
v 0.0971593071070292 0.0503834516116383 0.120074534107035
v 0.0977257666537672 0.0855039282893527 0.09486253524879
v 0.0986506881713867 0.0675486640930176 0.0542809295654297
v 0.0991684972615589 0.0682673045979991 0.11820157439834
v 0.0984451706519165 0.0802915625077799 0.0663227863647329
v 0.0984054908752441 0.0803504066467285 0.106874954223633
v 0.0991545310731582 0.0646364079549632 0.119836268406424
v 0.0977418444011576 0.0754972248605715 0.059658176144787
v 0.0977639201429625 0.0758525950017009 0.113210545357136
v 0.0987552871467367 0.0541733139928561 0.0527713872900946
v 0.0988822479248047 0.0543742599487305 0.120454025268555
v 0.0992592011194567 0.0578856788457935 0.052514027158192
v 0.0997537001500073 0.0581158917833406 0.120358181358434
v 0.0983790512084961 0.0849721260070801 0.0769448013305664
v 0.0974468104853565 0.0418284389809971 0.0633411979743641
v 0.0985577392578125 0.0425394744873047 0.10992830657959
v 0.0988006057739258 0.084341854095459 0.097972541809082
v 0.0977753739867148 0.0864206322628107 0.0873743682665266
v 0.0992979736328125 0.083599796295166 0.0736958618164062
v 0.0989418329116637 0.0487702023572824 0.0558893612124509
v 0.0987353030774757 0.0485847042295146 0.117399794943879
v 0.0986775183159292 0.0412268450401575 0.066243212717894
v 0.0988779288079101 0.041260380342582 0.106821254765495
v 0.0995166828340738 0.0736054882839476 0.0591217285584674
v 0.0991203958223904 0.0738753389791289 0.1141921494194
v 0.100293352377293 0.0521528947412462 0.0549699143539097
v 0.100277046203613 0.0523640079498291 0.118431087493896
v 0.100516606508341 0.0654626061074904 0.054829905462352
v 0.0997522908971492 0.0448759961172781 0.0609821316164846
v 0.0995579259506622 0.0448452452324072 0.112476351790733
v 0.0998734283447266 0.082743034362793 0.101083576202393
v 0.100130690157086 0.0618867042520129 0.0535011987305105
v 0.100292511688417 0.0617912486747506 0.119635347427375
v 0.099786638633531 0.0787492389103987 0.0651206162665443
v 0.100145994702748 0.0783444588831683 0.10841494629974
v 0.0995077569971013 0.0404413826705897 0.0695840958229725
v 0.0985224572987379 0.0400254501186974 0.104126123699412
v 0.100250989352211 0.0819134816237214 0.070796217945303
v 0.10045247593006 0.0474843131130836 0.0585717762091347
v 0.100333551941651 0.0473718087620067 0.114712432491975
v 0.0984437919632245 0.0386608534238152 0.0736625519551602
v 0.0983187502241666 0.0387630624052641 0.100367576853339
v 0.100073260654292 0.0857835254636793 0.086631217956543
v 0.100214404979981 0.0855693131739625 0.0834850008378686
v 0.100545637032763 0.0854849828491691 0.0896427776033056
v 0.100945765769134 0.0716143703575699 0.0586683111945996
v 0.100339725346083 0.071755922380207 0.114984178845811
v 0.101370976607646 0.0502855746489444 0.0571551410359697
v 0.101307549753664 0.0501494711965233 0.116073932125391
v 0.100479453607056 0.0389737812727557 0.0778917635530728
v 0.100430024382771 0.0391641001295642 0.0967514153239001
v 0.101274399354552 0.0809772853046807 0.103230232306446
v 0.10050036655083 0.0767279198339754 0.0631379566428651
v 0.101492595672607 0.0757844696044922 0.11031135559082
v 0.101269151974343 0.0658870497150779 0.117593170064738
v 0.100718830407838 0.0849310387720042 0.0803343919773178
v 0.100930660203107 0.0849016954222189 0.0927226235969021
v 0.100587089612973 0.0386771076711049 0.0928135726580279
v 0.101920560433411 0.0598245494093541 0.0548735248956377
v 0.102090797255266 0.0601869438574477 0.118197025634749
v 0.101182159423828 0.0559962463378906 0.0544434585571289
v 0.101715010796016 0.0564232761380247 0.118366818840306
v 0.100342249678292 0.0382831091774477 0.0834063985120071
v 0.100527977924466 0.0383374870875222 0.0882928244051077
v 0.101286547726224 0.0840319387540078 0.0775365762020781
v 0.101281564928748 0.083959498599624 0.0959685022871892
v 0.101967929923212 0.0798785032550046 0.0688498132891801
v 0.1030177558297 0.0490653502537122 0.059994752299379
v 0.103242407878846 0.0492777626815548 0.113196069656708
v 0.102488686908669 0.0848268044010229 0.0870058190596099
v 0.101690119755793 0.0749118417420669 0.0622260914019448
v 0.102110992431641 0.0696998291015625 0.0583596458435059
v 0.102131414127969 0.0696058348644903 0.114932778953181
v 0.101674940135892 0.0443672716004077 0.0642031194150547
v 0.101365979447343 0.044040846161804 0.108852145239816
v 0.10230689422812 0.0827269437140944 0.0750722342937172
v 0.102627618480383 0.0824858711543648 0.0983814395870861
v 0.102458719961215 0.0637910335486901 0.0560387288111432
v 0.102730651803207 0.0637723143529231 0.11695879502252
v 0.102445791314328 0.0790323361410896 0.105246211477351
v 0.102775213525515 0.0540462858532427 0.0566377377669874
v 0.103216503143311 0.0546320457458496 0.116353504180908
v 0.103292248152127 0.0578711200335081 0.0563108611682124
v 0.103163591456474 0.0438364827185554 0.0673683506477556
v 0.102730276202895 0.0434871658885655 0.105850934734896
v 0.102739711683244 0.0471250234921556 0.0616365526662411
v 0.102017877153751 0.0466122955195619 0.111881965519974
v 0.103264427185059 0.073170654296875 0.0620839691162109
v 0.10280073392263 0.0738328578731025 0.111012451554268
v 0.103148675083498 0.0778921864899764 0.0671615232129418
v 0.104113941847303 0.0768718338938625 0.106279564030631
v 0.104043324598928 0.0431028520507955 0.0706738833847052
v 0.103292006086858 0.0426472978377177 0.102891536351774
v 0.103763018120764 0.0808418139361968 0.0727676429171135
v 0.103816417803974 0.0809239540839297 0.100225034689981
v 0.103410447345771 0.0674849274347339 0.0583958436214423
v 0.103636540191268 0.0678961384778929 0.114417999368125
v 0.103564590454102 0.0842350158691406 0.0844166488647461
v 0.103591402811161 0.0840565099992265 0.0901534789930628
v 0.103601981796533 0.0459249346865356 0.0644023111983689
v 0.103713659747887 0.045797891141742 0.108530792412296
v 0.103665293299695 0.052306833935816 0.0584240307780651
v 0.103435426527697 0.0519275115540451 0.114875174687468
v 0.103832809448242 0.0838365707397461 0.0822391052246094
v 0.103865067580188 0.0613905555859777 0.0569531127900588
v 0.104384950110334 0.0619903669246026 0.115646942970004
v 0.104611524351991 0.056121091121382 0.0580853645591567
v 0.103932613023024 0.0583772967722874 0.116326968344282
v 0.102912480874328 0.041466305674916 0.0732786085813174
v 0.10254208259115 0.0411772098585075 0.099796962815527
v 0.103772458684862 0.0833682122414925 0.0798835426720422
v 0.104198424160577 0.0832616850472515 0.0928777022036443
v 0.103171024627 0.0409348100793171 0.0761271527315447
v 0.10427396750758 0.0415736032414046 0.0968981599719298
v 0.105073108967759 0.0488575966149025 0.0629342868872128
v 0.104748205044902 0.0483733336668926 0.110304680034201
v 0.104141030313328 0.0759759233644877 0.0659051975069071
v 0.104690797561651 0.0713936247199136 0.0622002640074957
v 0.104169462263946 0.0716745481015154 0.111419439420659
v 0.10380568372056 0.0406634887571408 0.0798838225905871
v 0.104076236067159 0.0408165659825288 0.0932995098315854
v 0.103979271905652 0.0404299178453816 0.0832461044500264
v 0.104784851074219 0.0409069976806641 0.0899230499267578
v 0.104502815106851 0.0509291398446161 0.0603651869901509
v 0.105380790278055 0.0513460043330565 0.112028954760226
v 0.104828206862514 0.083586375783567 0.0871223259907588
v 0.104421323806951 0.0405850137650696 0.0867563954112975
v 0.105129884550888 0.078622188092294 0.0707577284176757
v 0.105126845390684 0.0788055769182398 0.102236462117286
v 0.104888847222871 0.0657618240638511 0.0591979020356182
v 0.104961353964864 0.0658762651444448 0.113922492975946
v 0.104517122629586 0.0823212647849171 0.0777441397970361
v 0.104425995762234 0.0823442787308638 0.0956152894183087
v 0.10584639527159 0.0543937012868586 0.0601828052114709
v 0.105856971333346 0.054207257401632 0.112988577117982
v 0.105822588178824 0.0599154521085892 0.0591229609491027
v 0.105798962532989 0.0570972052608467 0.113947241969844
v 0.105887325286865 0.0475189571380615 0.0657540740966797
v 0.106170698676969 0.0474906484440259 0.106952633555937
v 0.105818876338592 0.0739426960988945 0.065781369179978
v 0.105565425802824 0.0745028642853482 0.107249074034099
v 0.105896247454104 0.0434438005850948 0.0739382590735642
v 0.105590101122012 0.043205846901749 0.0994228117961973
v 0.105784306396218 0.0696311396537233 0.0622286202446364
v 0.105661945390111 0.0695161206810368 0.111260614684221
v 0.105927360012101 0.0808276429009415 0.0764252415288031
v 0.105648374537214 0.0809249499084104 0.0971416989547052
v 0.105465061107775 0.0458161961528725 0.0676207437895671
v 0.105448689523205 0.0453640611341565 0.104861251176432
v 0.105888846197228 0.0425942109127505 0.0769890547768747
v 0.106198632089281 0.0427923293258406 0.0959711443161273
v 0.106109345115595 0.0827023498818075 0.0880152908634338
v 0.106273509363313 0.0523977837958475 0.0618006687505106
v 0.10699010465027 0.053090188024446 0.110829464648812
v 0.106108274266135 0.0637892338753483 0.0599773067722492
v 0.106290970729795 0.0642864903684558 0.112861828107828
v 0.106303698991527 0.0824524116317822 0.0840014921057512
v 0.106480042741071 0.0424376071687766 0.080469958452083
v 0.106664028246245 0.0426296762631139 0.0930769606614923
v 0.105943575345098 0.0608367425236644 0.113956284368596
v 0.106461395869369 0.042081414957374 0.0836317788984481
v 0.107128990094902 0.0426682443080626 0.0900904714315118
v 0.106639860025932 0.0820499035557455 0.0902177463118347
v 0.106260380108738 0.0574813971027387 0.0598361895080768
v 0.106934543859127 0.0423608786419735 0.0867274622551217
v 0.106866922172492 0.0763469478708191 0.0700425591669532
v 0.106746151227534 0.0765223417756026 0.103177424850002
v 0.107201035768864 0.0719184616883021 0.107468147708044
v 0.106678013686216 0.0450353756141561 0.0716120952174275
v 0.10616234411356 0.044844394207672 0.102374711664989
v 0.106825049463116 0.0816254038985044 0.0815073897947478
v 0.106893900100556 0.0791062716488509 0.0745661680593611
v 0.106870594975733 0.0791535223697377 0.0986524810637571
v 0.106912391662598 0.0677920989990234 0.062562385559082
v 0.106967962038402 0.0676310847330819 0.110693425948017
v 0.107089046721098 0.0508285293961782 0.0641741310266189
v 0.106692146377391 0.0503494005755065 0.109304313317624
v 0.107236888700742 0.080903500532773 0.0931821880239805
v 0.10779002601544 0.0476610419468392 0.0691266083687294
v 0.107795433807768 0.0476405991736947 0.104088304937271
v 0.107470182985725 0.0816349073329796 0.0874033676522287
v 0.107889097411105 0.0543381415300357 0.0631845629043817
v 0.107421852708527 0.0623606376292605 0.0614146611312099
v 0.107761888127222 0.0625628787448019 0.111318781783683
v 0.107249148544907 0.0591336991593727 0.112278020403625
v 0.107794786636846 0.056913353952459 0.0621210842758478
v 0.107797112239049 0.0567171804533186 0.111103690613133
v 0.107326520894762 0.0714509399465966 0.0655914512906854
v 0.107440674347781 0.0805831621199701 0.0795963569784582
v 0.107597431017262 0.0493451291167402 0.0665148612756017
v 0.107947565864708 0.0495620085595499 0.106363447801678
v 0.109048135419683 0.0474475547486672 0.0724637106939488
v 0.108126664602425 0.0466214928000192 0.101544150185102
v 0.108131910692549 0.0772583157646207 0.0736872453963685
v 0.108506009035791 0.0770193184357056 0.0992266894632391
v 0.108541049820406 0.0658505323823466 0.0640178386086551
v 0.108180947954578 0.0658989092015194 0.109809282798692
v 0.108337474570445 0.0741501067181002 0.069748760423849
v 0.108189636442671 0.0743884247211274 0.103505288705779
v 0.108785434175249 0.0528005258479763 0.0655751805410055
v 0.108292276754375 0.0522720590960576 0.108196892662984
v 0.107765765951112 0.0451506383091762 0.0742038107819984
v 0.107628083604395 0.044956953218799 0.0989396894646697
v 0.108871774143728 0.0786289512760595 0.0782684729064706
v 0.108552240634327 0.0789242699527112 0.0951327507877377
v 0.108391364371787 0.08076223240434 0.0857159950227815
v 0.108563489676915 0.0547990802220217 0.109247726927203
v 0.108460609436035 0.0603382530212402 0.0626770477294922
v 0.108877887704124 0.0600270078541176 0.109875811190046
v 0.108635079557577 0.080389331620727 0.0889980183977396
v 0.108582099914551 0.0698831329345703 0.107023422241211
v 0.108106814087603 0.0444876857469624 0.0774650870657006
v 0.108032778444102 0.0444235779461442 0.0958353810191957
v 0.109007078497496 0.0799370445233167 0.0838867365381787
v 0.108943580627441 0.0446640319824219 0.0805877304077148
v 0.108759326108059 0.0444716406402547 0.0925780349995717
v 0.10903120270224 0.0505638439931037 0.0679767453553086
v 0.109721593751547 0.0516823181125037 0.104953626889259
v 0.108833072307262 0.0441761542569113 0.0837831132838882
v 0.108572579084742 0.0439128256071097 0.0892046271016041
v 0.109727896447116 0.0638449560630106 0.0652220629381216
v 0.109455575294672 0.0641376979683698 0.108428676809016
v 0.108908451128841 0.0441469743387394 0.0869869419286144
v 0.109428360398741 0.0790926631826097 0.0821146036668118
v 0.109838932301124 0.0751711624485051 0.0741227015102001
v 0.109879731903237 0.0745506736762572 0.0999309813444425
v 0.110074863043449 0.0788134551294062 0.0865124058011879
v 0.10897384802868 0.0558986990029806 0.0642989776572841
v 0.109439701538798 0.059038969571338 0.0643191591790657
v 0.109921425977294 0.0578360186877089 0.107885254992887
v 0.110202714052926 0.0477630566548761 0.0753240425898783
v 0.109513274633241 0.0470369317088969 0.0985571691367601
v 0.109112247471604 0.0687889798895711 0.0664128168938459
v 0.110378829566288 0.0674751667973738 0.105435267354581
v 0.109278573750773 0.0792743463396436 0.0910968027704513
v 0.109949245305376 0.0498826885716574 0.0708716699768103
v 0.109533116657314 0.0497388726379405 0.103243060960396
v 0.110001126839536 0.0768423923145524 0.0775927600424592
v 0.110359682145591 0.0765468502635638 0.0952323370716788
v 0.109659337766971 0.0715745145989085 0.0695162058165131
v 0.109824617097496 0.0717937595490697 0.103274620496357
v 0.110522183215299 0.0472104525409277 0.0781045065794756
v 0.110170130638148 0.0468671103413539 0.0955965817060245
v 0.11064272494025 0.0528027234628122 0.0693674584243262
v 0.110933740444197 0.0615879663664291 0.0669650032693389
v 0.110669709759525 0.0622836414270703 0.106704031739196
v 0.110882151364658 0.0469201856034668 0.0814541968222112
v 0.110597949011471 0.0465631393351048 0.0920018274240488
v 0.110885599794895 0.0497863099559265 0.0736074147117975
v 0.110496429892843 0.0493635620927313 0.100161848958083
v 0.110272892517949 0.0550647525674303 0.0670076356003183
v 0.109816376749929 0.0544464690341622 0.106790155514132
v 0.110502182636762 0.046054131706907 0.0841020985883762
v 0.110854900360107 0.0465433177947998 0.0894937286376953
v 0.110861258468219 0.0464177781945792 0.0865364618774875
v 0.110362731933594 0.0575187606811523 0.0662105026245117
v 0.110716041564941 0.0774457664489746 0.0823529853820801
v 0.110826661984348 0.0772945911384854 0.0908323078074484
v 0.110923057556152 0.0664269027709961 0.0683034515380859
v 0.111307296386819 0.0747755930575505 0.0777200267444956
v 0.111240751270549 0.0698383662785709 0.0711653144361958
v 0.111215687674057 0.0694889264105543 0.102390349092104
v 0.11114316334345 0.0726071935297762 0.0738489513563988
v 0.111525587647493 0.0522775721439345 0.072100086087766
v 0.111273618275659 0.0519034036648728 0.101438244422933
v 0.110851694832982 0.0776297087168688 0.0849394778391967
v 0.110775700665323 0.0777358811659776 0.0884391077973777
v 0.110884245844301 0.0538498594245609 0.104219568068866
v 0.111689650005413 0.0609328374070652 0.104763346386689
v 0.111140934959759 0.0571088589268069 0.105258729205825
v 0.112029159590629 0.0519070511032536 0.0739827676040663
v 0.112085270486549 0.0515071469463044 0.098400563824033
v 0.111474847808684 0.072363569217451 0.0988676006529559
v 0.111924073030408 0.0649292708955179 0.103514607572963
v 0.111989518067877 0.0755479134555461 0.0834341277394947
v 0.111955652114653 0.0758670213204008 0.0866815851680283
v 0.111729073604895 0.0743603305643362 0.0948697304051254
v 0.112054573846707 0.0504077251685955 0.0767124937153861
v 0.111632548032999 0.0498436862689902 0.097315349912474
v 0.112370013954807 0.074769351794804 0.0900452247587779
v 0.111813235469427 0.0597907768696297 0.0688631303154899
v 0.111824408658709 0.0558360087388643 0.0700647653200272
v 0.11213533782959 0.0548787326812744 0.101859550476074
v 0.111961750489419 0.0489495834142475 0.0799322974844877
v 0.112003242492676 0.0493829879760742 0.0946355895996094
v 0.112607704699861 0.067694063976767 0.0728739317699612
v 0.112659862740154 0.0675501325146686 0.100342990830114
v 0.112675660171167 0.06382992119633 0.0711531058008528
v 0.112323193538735 0.0489931613340478 0.0908534683418115
v 0.112379661560059 0.0488190307617187 0.0839497756958008
v 0.112426445007324 0.0487487525939941 0.086631217956543
v 0.11268424206032 0.0707437353903888 0.0759747899469122
v 0.112779706521316 0.0707682080483869 0.0969387800130321
v 0.112694752625904 0.0547058591061927 0.073202651530072
v 0.113054077725486 0.0587447366610865 0.0720290067014127
v 0.112554220635624 0.059070145055388 0.102588160834454
v 0.112377419030047 0.0736423848568911 0.0796129660301243
v 0.112877925872803 0.0728773422241211 0.0928954238891602
v 0.113202644409273 0.0628507909797083 0.100921149509917
v 0.113096854351288 0.0534399434742635 0.0757894017345243
v 0.112743824221616 0.0537129671576099 0.0990496872438105
v 0.113598976066269 0.0581445525838284 0.0993590849341871
v 0.113389354705811 0.0721292762756348 0.0816103363037109
v 0.113253327187917 0.0731624807962173 0.0844744553229807
v 0.113418150083285 0.053038714447735 0.0955351371186048
v 0.113736595647373 0.0663026419892112 0.0753571375451478
v 0.113774582721501 0.0659260174832046 0.0980249350858435
v 0.113809311034788 0.0693178139485238 0.0785585798621284
v 0.113743129574352 0.0689054573044263 0.0954890568826506
v 0.113159606535485 0.0734639153797585 0.0874374463247323
v 0.113844129223964 0.0616732203514386 0.0741173267406149
v 0.11386331079839 0.0714028983860933 0.0899309822803066
v 0.113420152082498 0.0521742263968978 0.0795172321312881
v 0.1139832131558 0.0575368398272102 0.0755300570685485
v 0.113920909971514 0.0522486744139812 0.0830996214162826
v 0.113823821044684 0.0521950576308054 0.0909963797528985
v 0.114237223610241 0.070495028866542 0.0846788447705541
v 0.114042727317702 0.0521508703854199 0.0866266470814966
v 0.114338545503946 0.0613530234881025 0.0974911269733531
v 0.114139434814453 0.0710284194946289 0.0873756828308106
v 0.114173804863207 0.0565784896645966 0.0962778452888043
v 0.114548935685936 0.065904073602245 0.0785328646050649
v 0.114623604075695 0.0644488691656618 0.0954930275681964
v 0.114542337870569 0.068325345800676 0.0812964598987431
v 0.114412010192871 0.0682984390258789 0.0931206436157227
v 0.114623549617459 0.0601579403151146 0.0771820394652898
v 0.11453311221158 0.05610815273097 0.0792023559474652
v 0.114632005007281 0.0631570960316417 0.0772084733854165
v 0.114765649982234 0.0558582517543988 0.0922302803154788
v 0.115077760207992 0.0599695793412099 0.0938907482706449
v 0.114863777160645 0.0676292495727539 0.0910233306884766
v 0.115023613861877 0.0557325063373914 0.0837744624004948
v 0.115146668895419 0.0641248947125391 0.0929567385859634
v 0.115094329942217 0.0557108253239429 0.0877147033216731
v 0.115255641204918 0.0602958666725955 0.0803914808123344
v 0.11514412135423 0.0671318069108868 0.0843986316626558
v 0.115213552998397 0.066876995563109 0.0877849888925667
v 0.115261474609375 0.0638823204040527 0.0808442993164063
v 0.115426630873941 0.0595532274625399 0.0911947381016697
v 0.115577624806768 0.0634641790916132 0.0897310414209759
v 0.115590873718262 0.0594742908477783 0.0839365730285645
v 0.11560527098285 0.0629520482570112 0.0835761137393148
v 0.11559299458105 0.0590411573166625 0.088193203510793
v 0.115609076923109 0.0640018917297977 0.0864003411858903
v 0.115757678129649 0.0612320450279645 0.0867125641328134
v 0.0967001042691806 0.0362140534038172 0.0872546658655182
v 0.0820278675626973 0.0411910414358103 0.123033317689102
v 0.0706765609945307 0.0237141246791754 0.1105052815509
v 0.0757762865185085 0.0372254877067183 0.0498422333649965
v 0.0773961910054314 0.0293900054435707 0.111272541395199
v 0.0850080814459932 0.0349538609057667 0.111692406722194
v 0.0929626778068893 0.0363057913274682 0.102477167160313
v 0.0723914222717285 0.0235470209121704 0.0659158668518066
v 0.0943255667052807 0.0372677225228442 0.0701024509810275
v 0.0734762636092414 0.0279690834300119 0.114085667035065
f 33 49 26
f 9 26 22
f 9 22 20
f 22 40 20
f 20 44 21
f 47 22 26
f 26 49 47
f 33 61 49
f 22 45 40
f 22 47 45
f 31 58 41
f 74 41 58
f 41 74 59
f 83 59 74
f 61 33 51
f 67 40 45
f 68 40 67
f 40 68 44
f 71 45 47
f 71 47 49
f 1600 1609 1603
f 1093 1115 1034
f 1588 1602 1604
f 1116 1130 1174
f 82 49 61
f 49 82 71
f 61 93 82
f 478 420 427
f 45 69 67
f 45 71 69
f 69 102 98
f 98 67 69
f 101 67 98
f 67 101 68
f 104 69 71
f 71 107 104
f 107 71 82
f 82 114 107
f 93 123 114
f 69 104 102
f 290 216 280
f 894 929 912
f 822 889 834
f 99 147 111
f 147 99 129
f 136 98 134
f 98 136 101
f 101 140 106
f 140 101 136
f 141 102 104
f 141 104 107
f 107 149 141
f 1514 1552 1534
f 1211 1252 1254
f 106 155 113
f 155 106 140
f 149 107 114
f 114 156 149
f 111 163 142
f 163 111 147
f 113 165 129
f 165 113 155
f 156 114 123
f 123 166 156
f 184 119 145
f 102 141 137
f 194 137 141
f 173 129 165
f 166 123 130
f 130 174 166
f 1184 1223 1242
f 935 989 955
f 187 134 185
f 134 187 136
f 136 193 140
f 193 136 187
f 197 140 193
f 194 141 149
f 149 198 194
f 140 197 155
f 198 149 156
f 156 206 198
f 155 214 165
f 214 155 197
f 206 156 166
f 166 215 206
f 1320 1383 1390
f 325 309 270
f 221 174 192
f 137 194 188
f 242 188 194
f 188 242 240
f 237 192 210
f 256 210 223
f 210 256 237
f 82 93 114
f 192 237 221
f 223 268 256
f 255 209 236
f 238 185 188
f 239 185 238
f 188 240 238
f 242 194 198
f 198 250 242
f 250 198 206
f 206 259 250
f 718 770 741
f 723 639 594
f 1525 1560 1561
f 259 206 215
f 215 263 259
f 282 237 256
f 256 304 282
f 263 215 221
f 221 276 263
f 302 240 242
f 240 302 300
f 276 221 237
f 237 282 276
f 333 276 282
f 255 303 267
f 267 321 286
f 321 267 303
f 303 255 281
f 295 238 240
f 299 238 295
f 240 300 295
f 302 242 250
f 250 308 302
f 308 250 259
f 259 311 308
f 311 259 263
f 263 324 311
f 1176 1190 1213
f 344 282 304
f 324 263 276
f 276 333 324
f 363 300 302
f 300 363 358
f 1618 808 881
f 355 409 344
f 282 344 333
f 395 333 344
f 344 409 395
f 303 354 321
f 321 381 341
f 381 321 354
f 401 341 381
f 356 295 300
f 357 295 356
f 300 358 356
f 1524 1525 1561
f 363 302 308
f 308 372 363
f 372 308 311
f 311 380 372
f 1260 1320 1333
f 380 311 324
f 324 388 380
f 1606 1614 1612
f 355 425 409
f 388 324 333
f 333 395 388
f 1474 1416 1459
f 383 291 370
f 1422 1369 1433
f 433 356 358
f 438 358 363
f 358 435 433
f 358 438 435
f 766 794 768
f 354 424 381
f 445 381 424
f 1397 1431 1435
f 416 471 400
f 291 383 320
f 320 406 340
f 416 508 471
f 434 356 433
f 435 509 433
f 336 431 370
f 336 410 431
f 438 363 372
f 372 442 438
f 442 372 380
f 380 449 442
f 441 528 459
f 449 380 388
f 388 460 449
f 477 409 425
f 425 499 477
f 419 501 482
f 352 418 432
f 436 360 359
f 359 432 436
f 460 388 395
f 395 468 460
f 447 383 370
f 519 445 498
f 499 425 446
f 446 520 499
f 378 429 427
f 438 516 435
f 435 512 509
f 468 395 409
f 409 477 468
f 406 491 418
f 469 406 383
f 426 492 412
f 498 582 519
f 406 480 491
f 416 453 508
f 509 556 511
f 557 509 512
f 509 557 556
f 600 511 556
f 497 432 418
f 418 491 497
f 419 440 501
f 433 511 434
f 511 433 509
f 434 511 437
f 420 472 443
f 515 437 511
f 516 438 442
f 606 512 516
f 494 510 464
f 436 502 426
f 426 502 492
f 427 483 478
f 444 495 473
f 528 441 515
f 529 442 449
f 442 529 516
f 529 610 516
f 435 516 512
f 436 504 502
f 436 503 504
f 439 451 500
f 439 532 470
f 439 500 532
f 477 499 563
f 534 459 528
f 529 449 460
f 460 535 529
f 507 594 530
f 456 473 505
f 456 505 479
f 468 552 535
f 460 468 535
f 601 519 582
f 520 602 583
f 520 538 625
f 520 625 602
f 486 548 514
f 472 524 463
f 510 495 464
f 477 563 552
f 468 477 552
f 512 606 557
f 650 556 557
f 650 557 606
f 532 631 574
f 478 536 472
f 473 495 525
f 474 506 541
f 499 583 563
f 483 543 478
f 478 543 536
f 544 484 479
f 505 568 479
f 554 491 480
f 624 537 601
f 537 624 611
f 485 549 483
f 486 550 548
f 575 471 508
f 567 497 491
f 491 554 560
f 491 560 567
f 492 561 481
f 506 571 541
f 539 469 493
f 494 527 510
f 495 510 546
f 495 546 525
f 580 503 497
f 567 580 497
f 500 569 612
f 501 533 613
f 581 504 503
f 503 580 581
f 525 591 505
f 601 655 624
f 680 624 655
f 518 540 494
f 452 507 530
f 508 595 575
f 909 1010 1000
f 510 527 559
f 605 515 511
f 511 600 605
f 541 578 513
f 621 528 515
f 515 605 621
f 516 610 606
f 556 649 600
f 556 650 649
f 705 600 649
f 708 600 705
f 519 601 537
f 600 708 605
f 575 683 662
f 525 546 620
f 525 620 591
f 527 540 577
f 535 630 610
f 605 712 621
f 538 665 625
f 543 549 592
f 582 684 601
f 684 562 666
f 500 612 532
f 533 575 632
f 533 632 613
f 534 629 641
f 552 630 535
f 536 543 603
f 539 576 586
f 541 589 578
f 571 589 541
f 543 592 603
f 544 593 550
f 544 568 604
f 544 604 593
f 546 559 634
f 546 634 620
f 615 549 547
f 547 578 615
f 551 534 641
f 551 641 666
f 552 642 630
f 563 642 552
f 554 586 560
f 555 638 622
f 575 662 632
f 656 583 602
f 602 681 656
f 559 652 634
f 560 598 567
f 561 573 607
f 561 607 599
f 562 551 666
f 684 582 562
f 563 667 642
f 606 709 650
f 751 649 650
f 751 650 709
f 567 617 580
f 568 591 627
f 568 627 604
f 571 608 589
f 572 614 623
f 573 581 618
f 573 618 607
f 577 622 671
f 577 671 652
f 589 628 578
f 578 628 615
f 580 663 581
f 580 617 663
f 581 664 618
f 581 663 664
f 710 624 680
f 625 711 681
f 670 637 586
f 589 648 628
f 591 620 654
f 591 654 627
f 597 732 697
f 598 637 645
f 599 607 646
f 599 638 555
f 599 646 638
f 625 681 602
f 605 708 712
f 607 658 646
f 608 648 589
f 684 730 754
f 754 655 684
f 776 680 754
f 655 754 680
f 672 623 614
f 615 686 643
f 616 644 687
f 616 687 647
f 617 657 663
f 618 658 607
f 618 664 658
f 666 763 730
f 649 748 705
f 649 751 748
f 793 705 748
f 705 796 708
f 796 705 793
f 622 678 671
f 708 801 712
f 801 708 796
f 623 672 725
f 628 648 688
f 739 641 629
f 629 728 739
f 634 652 695
f 634 695 674
f 712 812 717
f 812 712 801
f 637 670 677
f 638 678 622
f 666 730 684
f 644 676 715
f 644 715 687
f 645 689 657
f 646 658 690
f 647 721 672
f 647 687 756
f 756 721 647
f 648 693 688
f 652 671 707
f 652 707 695
f 654 620 674
f 657 698 663
f 689 726 657
f 726 698 657
f 658 664 699
f 727 690 658
f 699 727 658
f 663 698 700
f 664 663 700
f 664 700 699
f 668 771 691
f 670 706 677
f 671 678 707
f 672 721 725
f 676 704 734
f 677 706 749
f 678 750 707
f 745 722 679
f 682 785 805
f 686 716 714
f 687 715 784
f 687 784 756
f 709 797 751
f 838 748 751
f 838 751 797
f 790 722 745
f 689 757 726
f 690 727 758
f 691 803 693
f 691 771 803
f 692 725 772
f 693 743 688
f 693 803 819
f 659 773 744
f 773 659 752
f 698 768 700
f 698 726 766
f 698 766 768
f 699 700 768
f 699 767 727
f 699 768 767
f 702 786 745
f 704 720 760
f 704 760 734
f 706 774 749
f 707 750 775
f 710 776 799
f 715 676 734
f 861 776 843
f 754 843 776
f 725 721 820
f 726 757 765
f 726 765 766
f 727 792 758
f 727 767 792
f 730 763 817
f 733 858 759
f 734 760 842
f 763 850 817
f 748 836 793
f 748 838 836
f 874 793 836
f 793 875 796
f 875 793 874
f 735 822 761
f 735 807 822
f 796 877 801
f 877 796 875
f 809 785 741
f 810 786 742
f 743 798 791
f 746 848 771
f 746 824 848
f 749 781 757
f 749 774 781
f 750 782 775
f 750 758 782
f 801 887 812
f 887 801 877
f 755 862 844
f 716 791 783
f 756 784 864
f 757 781 787
f 758 792 782
f 759 858 807
f 760 808 859
f 760 859 842
f 761 834 774
f 761 822 834
f 892 817 850
f 818 764 778
f 765 787 794
f 812 890 815
f 890 812 887
f 765 794 766
f 767 768 795
f 795 792 767
f 795 768 794
f 772 804 849
f 813 789 773
f 774 846 781
f 774 834 846
f 775 782 847
f 775 847 835
f 777 862 755
f 777 800 880
f 777 880 862
f 781 852 787
f 781 846 852
f 782 792 853
f 782 853 847
f 784 884 864
f 865 805 785
f 809 865 785
f 787 855 794
f 787 852 855
f 791 798 826
f 797 876 838
f 911 836 838
f 911 838 876
f 792 795 856
f 792 856 853
f 794 860 795
f 794 855 860
f 795 860 856
f 798 819 868
f 868 826 798
f 803 845 819
f 804 820 837
f 865 896 805
f 807 1623 822
f 807 872 1623
f 866 828 810
f 857 832 813
f 815 905 830
f 815 890 905
f 844 915 818
f 818 915 893
f 819 845 868
f 822 1623 889
f 824 918 848
f 824 896 918
f 991 883 826
f 826 1619 991
f 830 920 850
f 830 905 920
f 832 857 870
f 834 898 846
f 834 889 898
f 836 910 874
f 836 911 910
f 837 864 926
f 837 926 902
f 841 922 858
f 900 922 841
f 842 859 901
f 842 884 784
f 862 928 844
f 844 928 915
f 851 893 921
f 934 874 910
f 845 848 935
f 955 868 845
f 874 937 875
f 937 874 934
f 846 908 852
f 846 898 908
f 847 853 899
f 848 918 935
f 875 939 877
f 939 875 937
f 876 938 911
f 853 856 909
f 853 909 899
f 877 945 887
f 945 877 939
f 855 917 860
f 856 860 916
f 858 922 872
f 859 873 1625
f 859 1625 901
f 893 951 921
f 860 917 916
f 862 923 928
f 864 884 926
f 931 880 869
f 872 922 975
f 872 975 981
f 873 881 982
f 960 907 942
f 879 942 907
f 881 941 982
f 962 910 911
f 962 911 938
f 885 903 924
f 886 925 904
f 889 999 898
f 889 993 999
f 993 889 981
f 956 905 890
f 890 948 956
f 915 965 893
f 893 965 951
f 943 953 896
f 897 919 954
f 882 897 944
f 898 1006 908
f 898 999 1006
f 909 1000 899
f 1027 922 900
f 926 1020 902
f 1020 936 902
f 970 920 905
f 905 956 970
f 960 929 907
f 929 960 979
f 908 855 852
f 952 855 908
f 856 916 909
f 910 961 934
f 910 962 961
f 912 929 966
f 912 966 932
f 913 967 930
f 928 978 915
f 915 978 965
f 916 917 1014
f 916 1014 1013
f 917 952 1014
f 920 970 950
f 921 951 971
f 944 974 925
f 984 934 961
f 934 987 937
f 987 934 984
f 937 995 939
f 995 937 987
f 938 988 962
f 928 972 978
f 980 931 930
f 939 1001 945
f 1001 939 995
f 931 983 923
f 945 1007 948
f 1007 945 1001
f 932 985 946
f 932 966 985
f 935 955 845
f 990 969 936
f 948 1017 956
f 1017 948 1007
f 941 994 982
f 944 897 954
f 944 954 1003
f 1003 974 944
f 946 1004 958
f 947 959 1005
f 1052 964 950
f 970 1038 950
f 950 1038 1052
f 1039 971 951
f 1024 961 962
f 1024 962 988
f 952 1009 1014
f 954 969 1016
f 954 1016 1003
f 955 1019 976
f 955 989 1019
f 1032 970 956
f 956 1017 1032
f 958 1004 1022
f 974 1023 959
f 959 1023 1005
f 1025 979 960
f 961 1021 984
f 961 1024 1021
f 1040 977 964
f 964 1052 1040
f 965 978 1041
f 966 929 979
f 967 1031 980
f 968 1029 989
f 968 1034 1029
f 969 990 1035
f 969 1035 1016
f 970 1032 1038
f 983 1026 972
f 1026 998 972
f 1022 1046 973
f 1003 1047 974
f 1059 991 976
f 1017 1090 1032
f 984 1048 987
f 1048 984 1021
f 982 1045 1037
f 987 1056 995
f 1056 987 1048
f 988 1049 1024
f 985 966 1050
f 995 1056 1001
f 1063 1001 1056
f 990 936 1020
f 993 1064 999
f 993 1054 1064
f 994 1000 1065
f 994 1065 1055
f 1026 1084 998
f 1001 1063 1007
f 1007 1063 1078
f 1000 1010 1069
f 1000 1069 1065
f 1003 1016 1066
f 1066 1047 1003
f 1006 1068 1009
f 1006 999 1068
f 1067 1008 1018
f 1018 1079 1067
f 1009 1073 1014
f 1009 1068 1073
f 1010 1013 1074
f 1010 1074 1069
f 1013 1014 1077
f 1013 1077 1074
f 1014 1073 1077
f 1016 1035 1081
f 1016 1081 1066
f 1020 1087 1070
f 1024 1085 1021
f 1082 1048 1021
f 1021 1085 1082
f 973 958 1022
f 1023 1047 1096
f 1023 1096 1089
f 1024 1049 1085
f 1026 1043 1101
f 1026 1101 1084
f 1019 989 1029
f 1030 1042 1071
f 1030 1071 1050
f 1031 1072 1043
f 1031 1051 1072
f 1097 1038 1032
f 1032 1090 1097
f 1035 1058 1094
f 990 1058 1035
f 1035 1094 1081
f 1045 1621 1037
f 1106 1052 1038
f 1038 1097 1106
f 1052 1124 1040
f 1040 1124 1113
f 1062 1114 1041
f 1043 1127 1101
f 1072 1127 1043
f 1045 1111 1621
f 1047 1066 1096
f 1112 1056 1048
f 1048 1082 1104
f 1048 1104 1112
f 1057 1105 1049
f 1049 1105 1085
f 1108 1088 1050
f 1071 1108 1050
f 1089 1109 1051
f 1109 1072 1051
f 1052 1106 1124
f 1119 1064 1054
f 1065 1120 1055
f 1117 1063 1056
f 1056 1112 1117
f 1057 1118 1105
f 1067 1118 1057
f 1058 1070 1116
f 1058 1116 1094
f 990 1070 1058
f 1076 1198 1060
f 1185 1103 1060
f 1062 1084 1134
f 1063 1117 1131
f 1131 1078 1063
f 1128 1068 1064
f 1065 1129 1120
f 1069 1132 1129
f 1066 1081 1122
f 1066 1122 1096
f 1067 1123 1118
f 1079 1123 1067
f 1137 1073 1068
f 1074 1138 1069
f 1115 1086 1029
f 1086 1019 1029
f 1130 1116 1070
f 1042 1126 1071
f 1109 1127 1072
f 1143 1077 1073
f 1073 1137 1143
f 1077 1144 1074
f 1074 1144 1138
f 1075 1155 1091
f 1075 1197 1155
f 1092 1198 1076
f 1077 1143 1144
f 1079 1146 1123
f 1079 1098 1146
f 1094 1140 1081
f 1081 1140 1122
f 1085 1136 1082
f 1082 1136 1135
f 1135 1104 1082
f 1084 1101 1158
f 1084 1158 1134
f 1085 1105 1136
f 1086 1102 1019
f 1086 1147 1102
f 1086 1115 1147
f 1089 1142 1109
f 1098 1154 1146
f 1092 1621 1165
f 1092 1165 1269
f 1092 1269 1198
f 1116 1150 1094
f 1096 1122 1167
f 1096 1167 1142
f 1162 1106 1097
f 1097 1153 1162
f 1621 1111 1165
f 1101 1127 1183
f 1101 1183 1158
f 1102 1147 1159
f 1169 1112 1104
f 1104 1135 1161
f 1104 1161 1169
f 1105 1168 1136
f 1181 1124 1106
f 1106 1162 1181
f 1109 1152 1127
f 1110 1172 1119
f 1111 1120 1173
f 1173 1165 1111
f 1112 1169 1170
f 1124 1194 1113
f 1115 1160 1148
f 1116 1174 1150
f 1130 1200 1174
f 1179 1131 1117
f 1120 1129 1622
f 1122 1140 1178
f 1122 1178 1167
f 1124 1181 1194
f 1127 1152 1183
f 1115 1148 1147
f 1192 1145 1131
f 1131 1179 1192
f 1132 1196 1129
f 1215 1239 1133
f 1136 1187 1135
f 1135 1187 1186
f 1135 1186 1161
f 1136 1168 1187
f 1138 1144 1201
f 1141 1151 1175
f 1141 1206 1166
f 1141 1175 1206
f 1142 1167 1207
f 1143 1202 1144
f 1144 1202 1616
f 1208 1153 1145
f 1145 1192 1208
f 1147 1148 1199
f 1147 1199 1159
f 1148 1160 1205
f 1150 1174 1189
f 1151 1156 1175
f 1152 1204 1183
f 1204 1152 1188
f 1153 1208 1218
f 1197 1268 1155
f 1156 1203 1175
f 1156 1210 1203
f 1158 1183 1230
f 1159 1223 1184
f 1149 1176 1160
f 1221 1169 1161
f 1186 1219 1161
f 1161 1219 1221
f 1162 1231 1181
f 1162 1218 1231
f 1163 1232 1209
f 1173 1286 1165
f 1286 1269 1165
f 1166 1206 1211
f 1167 1178 1212
f 1222 1187 1168
f 1168 1225 1222
f 1226 1170 1169
f 1169 1221 1226
f 1180 1238 1171
f 1171 1238 1225
f 1307 1293 1173
f 1173 1293 1286
f 1217 1189 1174
f 1174 1200 1217
f 1175 1203 1227
f 1175 1227 1206
f 1178 1177 1214
f 1189 1214 1177
f 1166 1220 1190
f 1166 1211 1220
f 1178 1214 1212
f 1241 1192 1179
f 1179 1226 1241
f 1181 1245 1194
f 1181 1231 1245
f 1183 1204 1249
f 1183 1249 1230
f 1187 1244 1186
f 1222 1244 1187
f 1188 1228 1204
f 1188 1207 1228
f 1189 1235 1214
f 1189 1217 1235
f 1191 1224 1200
f 1192 1241 1253
f 1209 1247 1193
f 1194 1261 1215
f 1194 1245 1261
f 1269 1259 1198
f 1199 1148 1205
f 1199 1223 1159
f 1199 1250 1223
f 1260 1202 1137
f 1203 1210 1248
f 1203 1248 1227
f 1204 1228 1249
f 1206 1252 1211
f 1232 1264 1209
f 1209 1264 1247
f 1157 1239 1229
f 1210 1229 1248
f 1211 1254 1220
f 1212 1214 1237
f 1212 1255 1233
f 1212 1237 1255
f 1214 1235 1237
f 1215 1261 1278
f 1217 1251 1235
f 1217 1271 1251
f 1218 1275 1231
f 1218 1263 1275
f 1265 1221 1219
f 1244 1265 1219
f 1220 1254 1236
f 1267 1226 1221
f 1221 1265 1267
f 1225 1266 1222
f 1222 1266 1244
f 1223 1270 1242
f 1223 1250 1270
f 1224 1243 1271
f 1238 1272 1225
f 1225 1272 1266
f 1284 1241 1226
f 1226 1267 1284
f 1227 1248 1273
f 1227 1273 1252
f 1228 1233 1277
f 1228 1274 1249
f 1229 1239 1294
f 1229 1316 1248
f 1229 1294 1316
f 1230 1295 1240
f 1232 1246 1276
f 1232 1276 1264
f 1234 1256 1250
f 1235 1257 1237
f 1235 1251 1257
f 1236 1254 1282
f 1236 1282 1256
f 1237 1283 1255
f 1237 1257 1283
f 1247 1287 1238
f 1238 1287 1272
f 1239 1278 1294
f 1240 1295 1279
f 1289 1253 1241
f 1241 1284 1289
f 1242 1290 1258
f 1242 1270 1290
f 1244 1288 1265
f 1266 1288 1244
f 1245 1304 1261
f 1246 1305 1276
f 1264 1301 1247
f 1247 1301 1287
f 1248 1316 1342
f 1249 1274 1317
f 1250 1256 1280
f 1250 1280 1270
f 1252 1302 1254
f 1252 1273 1298
f 1252 1298 1302
f 1308 1263 1253
f 1253 1289 1308
f 1254 1302 1282
f 1256 1282 1280
f 1257 1281 1283
f 1258 1290 1309
f 1258 1309 1299
f 1259 1269 1300
f 1261 1323 1278
f 1261 1304 1323
f 1263 1308 1275
f 1276 1322 1264
f 1264 1322 1301
f 1265 1314 1267
f 1265 1288 1314
f 1272 1327 1266
f 1266 1315 1288
f 1327 1315 1266
f 1314 1326 1267
f 1268 1299 1285
f 1269 1286 1300
f 1270 1280 1296
f 1270 1296 1290
f 1287 1336 1272
f 1336 1327 1272
f 1273 1342 1298
f 1273 1248 1342
f 1274 1343 1317
f 1274 1325 1343
f 1275 1337 1304
f 1275 1308 1337
f 1278 1341 1294
f 1278 1323 1341
f 1279 1295 1324
f 1280 1282 1331
f 1280 1331 1296
f 1281 1332 1283
f 1282 1302 1329
f 1282 1329 1331
f 1283 1332 1330
f 1284 1335 1289
f 1285 1344 1292
f 1285 1299 1344
f 1286 1293 1345
f 1286 1345 1300
f 1288 1313 1314
f 1289 1346 1308
f 1335 1346 1289
f 1290 1296 1318
f 1293 1307 1355
f 1293 1355 1345
f 1294 1358 1316
f 1294 1341 1358
f 1295 1317 1359
f 1295 1359 1324
f 1296 1351 1318
f 1296 1331 1351
f 1298 1342 1366
f 1298 1366 1348
f 1299 1309 1356
f 1299 1356 1344
f 1300 1357 1310
f 1300 1345 1357
f 1302 1348 1329
f 1303 1330 1349
f 1304 1360 1323
f 1304 1337 1360
f 1306 1379 1311
f 1306 1362 1379
f 1364 1337 1308
f 1308 1346 1364
f 1309 1338 1356
f 1311 1383 1320
f 1311 1379 1383
f 1312 1321 1380
f 1313 1340 1314
f 1313 1315 1340
f 1314 1374 1326
f 1314 1340 1368
f 1314 1368 1374
f 1315 1327 1369
f 1315 1369 1340
f 1316 1388 1342
f 1316 1358 1388
f 1318 1372 1338
f 1318 1351 1372
f 1320 1390 1333
f 1321 1328 1384
f 1321 1384 1380
f 1323 1360 1387
f 1325 1349 1367
f 1326 1381 1335
f 1326 1374 1381
f 1327 1336 1382
f 1327 1382 1369
f 1328 1393 1391
f 1329 1353 1331
f 1329 1348 1375
f 1329 1375 1353
f 1330 1332 1378
f 1330 1376 1349
f 1330 1378 1376
f 1331 1353 1351
f 1333 1390 1392
f 1333 1392 1397
f 1334 1397 1393
f 1335 1402 1346
f 1335 1381 1402
f 1336 1347 1403
f 1336 1403 1382
f 1338 1385 1356
f 1338 1372 1394
f 1338 1394 1385
f 1386 1339 1357
f 1339 1386 1395
f 1310 1357 1339
f 1340 1396 1368
f 1342 1388 1366
f 1343 1325 1367
f 1344 1370 1354
f 1344 1356 1370
f 1345 1355 1371
f 1346 1416 1364
f 1348 1366 1400
f 1349 1401 1367
f 1349 1376 1401
f 1350 1361 1399
f 1351 1353 1377
f 1351 1377 1372
f 1352 1373 1405
f 1352 1405 1407
f 1353 1375 1406
f 1353 1406 1377
f 1354 1370 1418
f 1358 1341 1410
f 1358 1410 1388
f 1389 1411 1359
f 1436 1387 1360
f 1361 1437 1399
f 1361 1411 1437
f 1418 1362 1354
f 1380 1413 1363
f 1364 1442 1398
f 1366 1388 1414
f 1367 1401 1415
f 1368 1396 1427
f 1370 1408 1418
f 1372 1377 1404
f 1372 1404 1394
f 1427 1441 1374
f 1369 1382 1433
f 1376 1378 1430
f 1376 1426 1401
f 1376 1430 1426
f 1377 1434 1404
f 1377 1406 1434
f 1412 1383 1379
f 1334 1393 1328
f 1381 1441 1402
f 1374 1441 1381
f 1382 1403 1448
f 1412 1420 1383
f 1385 1394 1423
f 1385 1423 1446
f 1447 1395 1386
f 1387 1436 1410
f 1388 1410 1458
f 1388 1458 1414
f 1392 1431 1397
f 1394 1404 1423
f 1422 1427 1396
f 1397 1435 1432
f 1398 1464 1436
f 1398 1442 1464
f 1399 1437 1465
f 1399 1465 1443
f 1401 1445 1415
f 1401 1426 1445
f 1402 1441 1459
f 1417 1448 1403
f 1404 1452 1423
f 1404 1456 1452
f 1405 1457 1407
f 1407 1457 1455
f 1408 1449 1418
f 1408 1460 1449
f 1411 1469 1437
f 1412 1439 1472
f 1413 1473 1440
f 1416 1474 1442
f 1416 1442 1364
f 1417 1443 1475
f 1417 1475 1448
f 1450 1409 1419
f 1422 1451 1427
f 1423 1452 1446
f 1426 1430 1454
f 1426 1467 1445
f 1426 1454 1467
f 1484 1441 1427
f 1427 1451 1476
f 1406 1453 1478
f 1431 1489 1435
f 1433 1448 1480
f 1434 1478 1456
f 1434 1406 1478
f 1456 1404 1434
f 1435 1489 1493
f 1436 1468 1410
f 1437 1469 1465
f 1438 1511 1469
f 1438 1481 1511
f 1439 1412 1362
f 1440 1473 1463
f 1441 1494 1459
f 1441 1484 1494
f 1474 1464 1442
f 1474 1508 1464
f 1443 1465 1475
f 1445 1467 1481
f 1446 1470 1460
f 1446 1452 1470
f 1487 1506 1449
f 1450 1507 1461
f 1451 1480 1476
f 1452 1456 1498
f 1452 1498 1470
f 1453 1491 1478
f 1454 1492 1467
f 1454 1479 1492
f 1478 1499 1456
f 1456 1499 1498
f 1458 1468 1510
f 1458 1510 1503
f 1459 1494 1474
f 1460 1470 1487
f 1463 1502 1520
f 1473 1502 1463
f 1465 1509 1475
f 1465 1496 1509
f 1466 1503 1491
f 1469 1511 1496
f 1470 1498 1521
f 1470 1521 1514
f 1471 1522 1477
f 1478 1491 1515
f 1478 1515 1499
f 1479 1500 1516
f 1481 1504 1511
f 1481 1467 1504
f 1483 1502 1473
f 1507 1535 1488
f 1489 1523 1493
f 1490 1493 1524
f 1491 1503 1529
f 1492 1516 1504
f 1493 1525 1524
f 1494 1536 1527
f 1495 1508 1530
f 1495 1464 1508
f 1495 1530 1533
f 1496 1547 1509
f 1496 1543 1547
f 1497 1537 1546
f 1498 1499 1526
f 1498 1526 1521
f 1500 1539 1516
f 1540 1539 1500
f 1501 1519 1548
f 1549 1520 1502
f 1503 1510 1531
f 1503 1531 1529
f 1504 1532 1511
f 1504 1544 1532
f 1509 1547 1528
f 1510 1533 1531
f 1511 1532 1543
f 1514 1521 1552
f 1514 1534 1506
f 1515 1529 1558
f 1515 1491 1529
f 1516 1539 1544
f 1544 1504 1516
f 1519 1541 1548
f 1520 1549 1542
f 1521 1526 1552
f 1493 1523 1525
f 1523 1560 1525
f 1526 1551 1552
f 1528 1550 1537
f 1528 1537 1505
f 1528 1547 1550
f 1529 1531 1556
f 1529 1556 1558
f 1530 1567 1562
f 1531 1533 1562
f 1531 1562 1556
f 1532 1557 1543
f 1532 1544 1557
f 1534 1564 1541
f 1534 1552 1564
f 1535 1553 1538
f 1535 1542 1571
f 1535 1571 1553
f 1536 1497 1546
f 1546 1545 1536
f 1537 1550 1546
f 1538 1553 1540
f 1539 1540 1566
f 1539 1569 1544
f 1539 1566 1569
f 1552 1551 1565
f 1540 1553 1566
f 1564 1570 1541
f 1543 1563 1547
f 1543 1557 1563
f 1544 1569 1557
f 1546 1574 1545
f 1546 1550 1580
f 1546 1580 1574
f 1547 1568 1550
f 1563 1568 1547
f 1550 1582 1580
f 1568 1582 1550
f 1553 1571 1572
f 1556 1576 1558
f 1557 1577 1563
f 1557 1569 1577
f 1558 1576 1581
f 1563 1577 1579
f 1566 1572 1569
f 1568 1579 1595
f 1568 1595 1582
f 1573 1574 1587
f 1569 1572 1589
f 1569 1589 1577
f 1570 1597 1583
f 1570 1584 1597
f 1572 1571 1591
f 1573 1594 1578
f 1573 1587 1594
f 1575 1586 1599
f 1576 1578 1592
f 1577 1593 1579
f 1577 1589 1593
f 1578 1594 1592
f 1579 1593 1595
f 1581 1598 1596
f 1581 1584 1565
f 1582 1601 1590
f 1582 1590 1580
f 1582 1595 1601
f 1604 1599 1586
f 1587 1590 1606
f 1587 1606 1594
f 1588 1604 1586
f 1588 1585 1602
f 1589 1600 1593
f 1590 1601 1607
f 1590 1607 1606
f 1591 1599 1600
f 1592 1594 1608
f 1592 1608 1598
f 1593 1603 1595
f 1593 1600 1603
f 1606 1608 1594
f 1595 1603 1601
f 1596 1598 1605
f 1596 1605 1597
f 1596 1584 1581
f 1599 1604 1609
f 1601 1603 1610
f 1601 1610 1607
f 1602 1611 1604
f 1604 1613 1609
f 1604 1611 1613
f 1606 1612 1608
f 1605 1608 1612
f 1605 1598 1608
f 1609 1613 1610
f 1609 1610 1603
f 1610 1613 1615
f 1611 1612 1615
f 1611 1615 1613
f 1482 1512 1485
f 916 1010 909
f 1524 1559 1518
f 1583 1602 1585
f 1583 1597 1602
f 1605 1612 1611
f 1011 991 1059
f 1059 1075 1011
f 739 850 763
f 564 665 538
f 850 739 830
f 717 621 712
f 1567 1573 1578
f 1307 1363 1355
f 466 446 382
f 717 815 728
f 812 815 717
f 446 466 538
f 1371 1357 1345
f 1363 1312 1380
f 1307 1312 1363
f 728 830 739
f 830 728 815
f 641 763 666
f 763 641 739
f 1482 1428 1420
f 1597 1605 1602
f 1611 1602 1605
f 728 621 717
f 621 728 629
f 1421 1391 1429
f 1483 1421 1429
f 1363 1413 1440
f 1321 1196 1328
f 1196 1201 1328
f 304 268 322
f 1197 1075 1059
f 1197 1059 1184
f 1578 1562 1567
f 1061 1040 1113
f 1519 1501 1462
f 1420 1428 1390
f 1429 1486 1483
f 1472 1439 1462
f 231 310 279
f 538 466 490
f 1421 1384 1391
f 1487 1514 1506
f 61 51 75
f 258 331 310
f 564 490 522
f 285 325 270
f 310 331 393
f 1197 1258 1268
f 1572 1591 1589
f 1589 1591 1600
f 423 402 365
f 827 809 770
f 718 744 770
f 1198 1185 1060
f 841 883 900
f 1128 1260 1137
f 1474 1527 1508
f 806 683 724
f 423 490 466
f 402 423 466
f 1102 1184 1059
f 1527 1567 1530
f 1527 1545 1567
f 569 701 612
f 423 455 490
f 912 863 894
f 789 827 770
f 744 789 770
f 879 799 861
f 222 243 204
f 1545 1574 1573
f 48 58 31
f 564 597 697
f 564 697 665
f 729 630 740
f 1113 1194 1215
f 1530 1508 1527
f 1369 1422 1396
f 59 46 41
f 537 465 519
f 286 243 267
f 275 332 281
f 901 884 842
f 665 711 625
f 667 563 583
f 685 667 583
f 465 401 445
f 260 283 245
f 424 408 476
f 424 476 498
f 729 713 610
f 113 99 81
f 179 161 142
f 29 31 41
f 1246 1262 1305
f 209 163 191
f 260 245 218
f 1614 1610 1615
f 275 236 220
f 381 445 401
f 923 972 928
f 348 428 405
f 685 656 755
f 445 519 465
f 475 431 463
f 431 475 447
f 493 447 475
f 447 493 469
f 972 998 978
f 463 545 475
f 518 481 561
f 535 610 529
f 545 633 558
f 633 545 619
f 558 651 576
f 647 614 616
f 684 655 601
f 590 653 619
f 653 590 626
f 719 653 626
f 626 603 703
f 627 720 704
f 633 694 651
f 694 633 673
f 735 761 673
f 762 674 695
f 806 769 683
f 97 75 76
f 808 720 736
f 897 882 825
f 936 849 804
f 849 936 919
f 925 882 944
f 446 538 520
f 927 977 997
f 75 51 76
f 999 1064 1068
f 1028 963 1037
f 1621 1092 1028
f 503 436 432
f 497 503 432
f 1069 1129 1065
f 1103 1130 1087
f 1155 1164 1099
f 331 412 393
f 1240 1279 1216
f 1259 1291 1243
f 1310 1291 1259
f 816 802 713
f 1350 1322 1276
f 1297 1332 1281
f 1324 1361 1305
f 1371 1386 1357
f 1399 1443 1365
f 1443 1417 1365
f 1409 1386 1371
f 1424 1457 1405
f 1461 1447 1409
f 1477 1457 1424
f 903 946 958
f 1500 1479 1457
f 1561 1588 1586
f 48 21 44
f 322 355 304
f 741 631 718
f 741 661 631
f 40 44 20
f 245 316 271
f 245 283 316
f 467 408 394
f 16 31 29
f 1624 1119 1172
f 851 740 764
f 851 831 740
f 507 415 470
f 415 507 452
f 48 79 58
f 79 48 68
f 48 44 68
f 272 317 284
f 272 284 246
f 79 81 58
f 74 81 99
f 75 93 61
f 83 99 111
f 752 635 731
f 576 651 670
f 651 558 633
f 1354 1292 1344
f 272 346 317
f 1005 1023 1089
f 1005 1089 1051
f 412 492 481
f 419 339 369
f 99 113 129
f 724 683 595
f 1616 1333 1334
f 740 630 642
f 93 130 123
f 142 163 179
f 1524 1561 1559
f 346 272 297
f 958 924 903
f 924 958 973
f 729 610 630
f 452 413 398
f 577 559 527
f 559 577 652
f 595 640 724
f 366 283 334
f 747 724 640
f 806 882 866
f 810 806 866
f 399 350 368
f 685 755 778
f 523 488 496
f 488 450 496
f 925 974 959
f 21 48 31
f 1495 1533 1468
f 1385 1370 1356
f 1470 1514 1487
f 174 215 166
f 221 215 174
f 683 575 595
f 518 462 481
f 191 236 209
f 222 267 243
f 452 398 385
f 239 187 185
f 612 718 631
f 1616 1334 1328
f 574 682 594
f 701 744 718
f 810 769 806
f 316 366 375
f 345 271 316
f 1244 1219 1186
f 488 414 450
f 453 386 414
f 421 474 457
f 275 262 332
f 1002 1046 1080
f 284 335 306
f 574 594 507
f 925 959 904
f 1002 973 1046
f 236 281 255
f 1448 1433 1382
f 399 470 415
f 284 367 335
f 386 453 407
f 453 416 407
f 345 403 376
f 1436 1464 1495
f 335 367 386
f 413 421 366
f 396 450 414
f 299 239 238
f 404 346 377
f 881 873 1618
f 414 488 453
f 271 345 296
f 398 334 385
f 821 913 895
f 821 840 913
f 506 565 584
f 304 355 344
f 1571 1575 1591
f 1080 1015 1002
f 973 943 924
f 1002 943 973
f 297 377 346
f 688 791 716
f 413 474 421
f 779 839 813
f 487 506 474
f 487 413 452
f 691 608 584
f 584 668 691
f 346 396 317
f 277 318 305
f 1012 1028 1076
f 608 693 648
f 429 485 483
f 421 375 366
f 407 328 386
f 1488 1535 1538
f 396 414 367
f 283 366 316
f 523 609 585
f 824 746 723
f 824 723 805
f 357 299 295
f 119 184 153
f 317 367 284
f 564 538 490
f 669 566 585
f 564 522 597
f 441 387 371
f 229 168 186
f 594 682 723
f 318 368 350
f 359 290 352
f 632 662 742
f 350 305 318
f 542 523 496
f 424 498 445
f 1109 1142 1152
f 334 398 366
f 1268 1164 1155
f 1268 1285 1164
f 1120 1622 1173
f 153 186 168
f 434 357 356
f 305 385 334
f 437 515 441
f 455 522 490
f 1172 1164 1285
f 496 450 458
f 415 350 399
f 379 416 400
f 1307 1622 1312
f 459 387 441
f 432 359 352
f 746 771 668
f 639 746 668
f 584 571 506
f 457 485 403
f 679 570 613
f 317 396 367
f 413 487 474
f 498 476 582
f 582 476 562
f 702 742 786
f 1433 1480 1451
f 176 122 139
f 470 399 439
f 609 692 585
f 669 585 692
f 659 569 587
f 701 569 659
f 229 272 246
f 367 414 386
f 334 283 305
f 305 283 260
f 1307 1173 1622
f 338 318 288
f 368 318 338
f 513 457 474
f 506 487 565
f 1155 1099 1091
f 1129 1196 1622
f 1312 1622 1196
f 661 682 574
f 246 284 261
f 470 574 507
f 452 530 487
f 487 530 565
f 520 583 499
f 731 635 696
f 531 453 488
f 551 467 459
f 534 551 459
f 403 485 429
f 457 513 485
f 943 885 924
f 458 450 396
f 419 369 440
f 967 986 1031
f 986 1051 1031
f 521 587 517
f 562 476 467
f 467 551 562
f 385 305 350
f 572 609 523
f 531 488 566
f 457 375 421
f 208 246 219
f 260 218 234
f 177 146 158
f 186 254 229
f 857 912 932
f 912 857 863
f 213 273 247
f 488 523 585
f 531 595 508
f 1172 1306 1624
f 1306 1311 1624
f 632 702 613
f 702 632 742
f 403 345 375
f 413 366 398
f 786 810 828
f 590 524 536
f 933 947 986
f 947 1005 986
f 933 986 967
f 565 668 584
f 126 178 159
f 583 656 685
f 458 396 404
f 404 486 458
f 345 316 375
f 608 691 693
f 616 550 593
f 158 146 125
f 662 769 742
f 312 364 361
f 518 599 555
f 474 541 513
f 786 828 811
f 350 415 385
f 235 196 219
f 219 261 235
f 108 92 126
f 399 368 392
f 614 572 542
f 386 328 335
f 572 523 542
f 828 866 886
f 228 245 271
f 867 903 885
f 827 867 885
f 643 592 615
f 644 616 593
f 346 404 396
f 635 596 696
f 177 218 207
f 218 245 207
f 228 296 253
f 565 639 668
f 430 377 405
f 306 335 328
f 496 458 514
f 636 753 732
f 514 542 496
f 608 571 584
f 146 207 167
f 645 657 617
f 379 328 407
f 375 457 403
f 297 229 254
f 261 219 246
f 903 867 870
f 327 405 377
f 933 888 947
f 278 328 319
f 196 235 212
f 415 452 385
f 115 125 146
f 901 1012 884
f 1012 992 884
f 364 422 417
f 532 612 631
f 219 178 208
f 683 769 662
f 547 485 513
f 305 260 277
f 234 277 260
f 253 326 273
f 326 253 296
f 158 195 177
f 234 251 277
f 273 213 253
f 718 612 701
f 429 376 403
f 741 682 661
f 167 228 213
f 306 235 261
f 306 261 284
f 741 770 809
f 416 379 407
f 272 229 297
f 313 266 289
f 470 532 574
f 376 296 345
f 682 741 785
f 195 218 177
f 296 228 271
f 1029 1034 1115
f 533 440 471
f 819 743 693
f 404 430 486
f 246 208 229
f 788 711 738
f 196 159 178
f 235 306 278
f 392 451 439
f 986 1005 1051
f 296 376 326
f 805 723 682
f 289 369 339
f 319 379 369
f 745 786 811
f 817 843 730
f 804 725 820
f 871 933 913
f 328 278 306
f 854 811 828
f 429 483 427
f 759 703 733
f 94 132 125
f 132 158 125
f 764 818 851
f 400 471 440
f 327 254 274
f 297 254 327
f 115 91 125
f 736 674 762
f 736 762 823
f 863 737 829
f 867 827 832
f 798 743 819
f 884 992 926
f 376 429 378
f 828 886 854
f 765 757 787
f 195 234 218
f 118 95 115
f 183 152 213
f 168 229 208
f 760 720 808
f 327 377 297
f 227 274 254
f 769 810 742
f 207 245 228
f 845 803 771
f 845 771 848
f 623 609 572
f 832 789 813
f 293 374 348
f 896 824 805
f 397 347 378
f 854 833 811
f 888 833 854
f 871 888 933
f 913 933 967
f 530 639 565
f 613 702 679
f 168 116 153
f 1619 826 868
f 379 319 328
f 920 892 850
f 857 932 870
f 234 211 251
f 458 486 514
f 513 578 547
f 904 888 854
f 886 904 854
f 721 756 864
f 253 213 228
f 892 920 950
f 1623 872 981
f 1623 981 889
f 553 455 482
f 378 326 376
f 116 168 126
f 948 890 887
f 887 945 948
f 126 92 116
f 869 880 800
f 377 430 404
f 235 278 252
f 207 146 177
f 178 126 168
f 946 903 870
f 228 167 207
f 870 932 946
f 178 219 196
f 315 248 337
f 873 1620 963
f 907 929 894
f 790 811 833
f 52 32 35
f 310 231 258
f 392 439 399
f 892 964 914
f 914 977 927
f 252 212 235
f 977 914 964
f 373 292 347
f 859 808 1618
f 1011 900 883
f 1011 883 991
f 947 888 904
f 212 171 196
f 881 835 941
f 899 941 835
f 896 865 943
f 1011 1027 900
f 55 78 63
f 1012 901 963
f 902 936 804
f 195 170 211
f 904 959 947
f 132 170 158
f 405 327 348
f 969 919 936
f 430 461 484
f 919 969 954
f 744 701 659
f 119 116 96
f 63 92 80
f 108 80 92
f 254 186 227
f 168 208 178
f 151 117 133
f 184 248 227
f 326 378 347
f 570 660 588
f 570 679 660
f 293 315 374
f 517 587 569
f 832 870 867
f 288 277 251
f 318 277 288
f 417 392 361
f 550 486 484
f 807 858 872
f 997 1025 960
f 960 942 997
f 347 273 326
f 339 419 389
f 542 514 579
f 804 837 902
f 348 274 293
f 348 327 274
f 979 1025 1042
f 451 517 500
f 1012 963 1028
f 264 201 247
f 833 888 871
f 965 1041 1053
f 170 195 158
f 1033 971 1039
f 247 314 264
f 974 1047 1023
f 745 811 790
f 1044 981 975
f 1036 1044 975
f 252 289 266
f 789 832 827
f 1054 993 981
f 1044 1054 981
f 292 247 273
f 133 108 126
f 126 159 133
f 486 430 484
f 248 293 227
f 1012 1060 992
f 153 184 186
f 679 702 745
f 289 339 313
f 1185 1191 1103
f 278 289 252
f 278 319 289
f 1050 1088 1004
f 116 92 96
f 440 369 400
f 379 400 369
f 1017 1007 1078
f 1090 1017 1078
f 461 405 428
f 826 883 791
f 791 883 783
f 1091 1027 1011
f 1011 1075 1091
f 213 152 167
f 1076 1060 1012
f 378 427 397
f 485 547 549
f 369 289 319
f 501 613 570
f 1079 1018 1033
f 647 672 614
f 148 130 112
f 1020 1103 1087
f 1033 1039 1098
f 983 1043 1026
f 1033 1098 1079
f 1095 1046 1022
f 273 347 292
f 1095 1022 1088
f 62 94 91
f 1092 1076 1028
f 170 150 181
f 57 32 52
f 1100 1126 1042
f 195 211 234
f 91 115 95
f 1045 1055 1111
f 167 115 146
f 955 1619 868
f 1055 1120 1111
f 899 1000 941
f 428 348 374
f 1128 1064 1119
f 105 157 175
f 175 138 105
f 227 293 274
f 92 63 78
f 628 686 615
f 716 686 628
f 688 716 628
f 1137 1068 1128
f 288 251 265
f 1132 1069 1138
f 479 428 456
f 428 479 461
f 145 202 184
f 77 62 91
f 1078 1145 1090
f 1078 1131 1145
f 752 813 773
f 1087 1130 1070
f 722 660 679
f 405 461 430
f 871 814 833
f 840 871 913
f 1043 983 980
f 980 1031 1043
f 588 553 570
f 1020 1070 990
f 105 70 88
f 895 930 869
f 115 167 152
f 482 389 419
f 389 482 455
f 1095 1141 1166
f 159 196 171
f 1095 1088 1141
f 1089 1096 1142
f 95 64 77
f 1100 1156 1126
f 1100 1157 1156
f 373 397 390
f 201 144 183
f 171 133 159
f 1126 1151 1108
f 1088 1108 1141
f 1141 1108 1151
f 87 122 89
f 1117 1112 1170
f 115 152 118
f 264 291 230
f 87 60 73
f 100 87 73
f 451 392 417
f 744 773 789
f 1170 1179 1117
f 202 279 248
f 89 119 96
f 139 200 176
f 1126 1156 1151
f 248 184 202
f 153 116 119
f 157 105 144
f 1139 1190 1149
f 211 224 251
f 1188 1152 1142
f 1188 1142 1207
f 118 88 95
f 930 967 980
f 517 451 454
f 292 373 314
f 183 247 201
f 1209 1154 1163
f 1157 1210 1156
f 1393 1397 1432
f 315 293 248
f 213 247 183
f 186 184 227
f 1210 1157 1229
f 125 91 94
f 1130 1191 1200
f 88 118 105
f 144 105 118
f 840 780 814
f 790 833 814
f 1182 1232 1163
f 1205 1160 1176
f 814 871 840
f 170 181 211
f 314 247 292
f 347 397 373
f 150 170 132
f 1225 1168 1171
f 201 264 230
f 65 96 78
f 89 96 65
f 1226 1179 1170
f 338 265 312
f 225 182 212
f 549 615 592
f 397 427 420
f 89 145 119
f 145 89 122
f 183 144 152
f 1624 1128 1119
f 1260 1128 1311
f 1208 1192 1253
f 611 624 710
f 336 264 314
f 54 62 77
f 1321 1312 1196
f 1227 1252 1206
f 1233 1207 1212
f 1167 1212 1207
f 1228 1207 1233
f 1218 1208 1263
f 1208 1253 1263
f 1239 1215 1278
f 788 895 869
f 821 895 788
f 224 265 251
f 86 120 135
f 390 314 373
f 95 77 91
f 1274 1228 1277
f 1231 1275 1245
f 1195 1246 1232
f 60 37 50
f 65 37 60
f 338 361 368
f 1245 1275 1304
f 402 342 365
f 1311 1128 1624
f 122 176 145
f 1103 1191 1130
f 1281 1257 1251
f 118 152 144
f 252 266 225
f 814 753 790
f 857 839 863
f 212 252 225
f 676 593 604
f 199 138 175
f 78 55 65
f 1310 1259 1300
f 64 52 54
f 54 77 64
f 122 87 121
f 171 212 182
f 66 103 94
f 39 19 32
f 722 790 753
f 389 313 339
f 313 389 365
f 1267 1326 1284
f 64 95 88
f 202 145 176
f 176 231 202
f 370 291 336
f 1277 1325 1274
f 553 482 570
f 25 50 37
f 78 96 92
f 133 171 151
f 315 391 374
f 1335 1284 1326
f 483 549 543
f 1485 1512 1517
f 1517 1512 1554
f 1560 1523 1517
f 813 752 779
f 265 338 288
f 312 361 338
f 1313 1288 1315
f 780 753 814
f 454 521 517
f 1298 1348 1302
f 121 87 100
f 105 138 120
f 361 392 368
f 312 265 286
f 85 97 76
f 103 150 132
f 80 108 117
f 1071 1126 1108
f 211 181 224
f 60 89 65
f 588 522 553
f 182 151 171
f 1384 1328 1391
f 144 201 157
f 1301 1347 1336
f 420 390 397
f 1396 1340 1369
f 1387 1410 1341
f 1343 1367 1389
f 1416 1346 1402
f 839 779 863
f 1258 1299 1268
f 587 635 659
f 979 1042 1030
f 1419 1371 1355
f 36 55 43
f 484 461 479
f 1398 1436 1360
f 1415 1389 1367
f 500 517 569
f 1368 1427 1374
f 35 54 52
f 869 930 931
f 1409 1371 1419
f 530 594 639
f 857 813 839
f 1406 1375 1425
f 258 176 200
f 176 258 231
f 1413 1380 1384
f 680 776 710
f 484 544 550
f 1236 1256 1234
f 391 315 337
f 52 64 70
f 121 139 122
f 132 94 103
f 1438 1389 1415
f 1424 1395 1447
f 199 269 216
f 108 133 117
f 138 199 189
f 1416 1402 1459
f 1461 1409 1450
f 1410 1468 1458
f 314 390 336
f 1469 1411 1438
f 1389 1438 1411
f 265 224 243
f 456 428 374
f 57 72 53
f 57 53 39
f 1438 1415 1481
f 417 361 364
f 230 291 257
f 1418 1449 1439
f 70 72 57
f 1433 1451 1422
f 930 895 913
f 1471 1424 1447
f 1477 1424 1471
f 1453 1406 1425
f 313 342 287
f 313 365 342
f 1490 1432 1435
f 1495 1468 1436
f 635 752 659
f 660 636 588
f 135 120 154
f 89 60 87
f 417 454 451
f 86 135 90
f 1159 1184 1102
f 80 56 63
f 455 553 522
f 472 420 478
f 150 103 127
f 1415 1445 1481
f 150 161 181
f 738 697 732
f 455 365 389
f 365 455 423
f 1449 1506 1462
f 64 88 70
f 1500 1457 1477
f 443 390 420
f 1457 1479 1455
f 182 225 205
f 230 157 201
f 121 160 139
f 70 105 86
f 120 86 105
f 829 907 894
f 202 231 279
f 1496 1465 1469
f 266 313 287
f 779 752 731
f 36 37 55
f 80 117 85
f 1504 1467 1492
f 37 65 55
f 230 257 175
f 175 257 199
f 100 73 90
f 374 391 456
f 1494 1527 1474
f 1500 1477 1522
f 131 100 90
f 522 588 597
f 489 526 521
f 15 4 7
f 266 244 225
f 248 279 337
f 52 70 57
f 454 417 422
f 931 980 983
f 1543 1496 1511
f 784 715 842
f 1482 1501 1512
f 172 135 169
f 30 39 38
f 1510 1468 1533
f 224 181 204
f 94 62 66
f 1513 1502 1483
f 1551 1515 1558
f 46 27 29
f 90 72 86
f 39 32 57
f 1522 1538 1540
f 907 829 879
f 54 42 62
f 456 391 444
f 157 230 175
f 923 983 972
f 1548 1541 1570
f 635 587 596
f 783 841 714
f 841 783 883
f 714 841 733
f 410 336 390
f 73 50 53
f 1548 1583 1554
f 1548 1570 1583
f 596 521 526
f 1555 1575 1549
f 19 39 30
f 1061 997 977
f 1554 1583 1560
f 151 182 162
f 1560 1583 1585
f 42 66 62
f 1579 1568 1563
f 1564 1584 1570
f 1545 1573 1567
f 50 73 60
f 90 53 72
f 53 90 73
f 117 151 128
f 169 203 172
f 780 732 753
f 821 780 840
f 1590 1574 1580
f 1590 1587 1574
f 138 189 154
f 696 737 731
f 779 731 737
f 422 489 454
f 56 85 76
f 597 636 732
f 190 226 217
f 72 70 86
f 1158 1230 1240
f 139 190 200
f 1592 1598 1576
f 85 56 80
f 63 43 55
f 279 351 337
f 160 190 139
f 1599 1609 1600
f 162 128 151
f 216 189 199
f 1614 1606 1607
f 128 162 143
f 676 644 593
f 351 279 310
f 1614 1607 1610
f 611 526 537
f 526 611 596
f 1612 1614 1615
f 205 162 182
f 264 336 291
f 103 66 84
f 1062 1134 1114
f 829 737 799
f 799 737 710
f 232 169 189
f 172 131 135
f 244 205 225
f 34 18 28
f 12 27 23
f 37 24 25
f 53 38 39
f 588 636 597
f 15 7 25
f 109 103 84
f 161 204 181
f 205 244 223
f 24 37 36
f 21 16 8
f 150 127 161
f 128 85 117
f 162 205 180
f 100 131 121
f 38 25 30
f 43 63 56
f 66 42 46
f 844 778 755
f 479 568 544
f 169 135 154
f 154 189 169
f 204 243 224
f 27 42 35
f 861 927 879
f 942 879 927
f 444 473 456
f 321 341 286
f 11 19 17
f 203 169 232
f 776 861 799
f 50 25 38
f 351 384 448
f 154 120 138
f 59 84 66
f 287 342 322
f 281 343 303
f 331 270 309
f 258 270 331
f 681 800 777
f 160 203 190
f 422 364 401
f 643 675 592
f 270 200 217
f 266 287 244
f 42 54 35
f 160 121 131
f 190 217 200
f 131 172 160
f 243 286 265
f 732 780 738
f 410 443 431
f 38 53 50
f 880 931 923
f 1102 976 1019
f 1059 976 1102
f 788 738 780
f 521 454 489
f 232 290 298
f 14 3 12
f 521 596 587
f 203 160 172
f 611 710 696
f 737 696 710
f 25 7 17
f 696 596 611
f 23 35 32
f 29 12 16
f 269 199 257
f 704 676 604
f 738 665 697
f 665 738 711
f 1125 1195 1182
f 799 879 829
f 74 58 81
f 84 59 83
f 43 28 36
f 83 74 99
f 24 36 28
f 1061 1113 1133
f 101 79 68
f 79 101 106
f 81 79 106
f 81 106 113
f 90 135 131
f 310 384 351
f 390 443 410
f 51 56 76
f 244 287 268
f 109 83 111
f 780 821 788
f 109 111 142
f 18 10 13
f 269 340 280
f 341 312 286
f 343 332 394
f 525 505 473
f 102 134 98
f 102 137 134
f 30 17 19
f 28 13 24
f 147 129 173
f 109 127 103
f 14 32 19
f 191 163 147
f 191 147 173
f 320 257 291
f 233 203 232
f 280 216 269
f 179 163 209
f 179 209 222
f 137 185 134
f 137 188 185
f 444 391 411
f 17 7 11
f 788 869 800
f 173 165 214
f 191 173 220
f 173 214 220
f 191 220 236
f 222 209 255
f 222 255 267
f 204 179 222
f 203 233 226
f 15 25 24
f 32 14 23
f 180 143 162
f 193 187 239
f 193 239 241
f 197 193 241
f 197 241 249
f 383 447 469
f 1216 1195 1114
f 161 127 142
f 829 894 863
f 343 408 354
f 142 127 109
f 214 197 249
f 214 249 262
f 85 128 110
f 472 536 524
f 204 161 179
f 268 304 256
f 220 214 262
f 262 275 220
f 285 217 226
f 401 489 422
f 463 524 545
f 241 239 299
f 200 270 258
f 241 299 301
f 124 164 148
f 148 112 124
f 249 241 301
f 249 301 307
f 66 46 59
f 143 110 128
f 1216 1114 1134
f 262 249 307
f 262 307 323
f 226 294 285
f 737 863 779
f 332 262 323
f 711 800 681
f 257 320 269
f 301 299 357
f 301 357 362
f 307 301 362
f 307 362 371
f 34 28 43
f 323 307 371
f 323 371 387
f 332 323 387
f 217 285 270
f 332 387 394
f 382 446 425
f 244 268 223
f 384 310 393
f 639 723 746
f 12 23 14
f 6 19 11
f 1260 1333 1202
f 362 357 434
f 362 434 437
f 337 351 411
f 337 411 391
f 371 362 437
f 371 437 441
f 34 43 56
f 18 33 26
f 351 448 411
f 360 436 353
f 353 436 426
f 394 387 459
f 394 459 467
f 467 476 408
f 4 15 13
f 393 462 384
f 384 462 448
f 189 216 232
f 464 411 448
f 1 6 11
f 143 180 164
f 469 554 480
f 226 190 203
f 24 13 15
f 341 364 312
f 110 143 124
f 475 545 558
f 84 83 109
f 502 573 492
f 573 561 492
f 539 558 576
f 504 581 502
f 502 581 573
f 488 585 566
f 27 46 42
f 554 469 539
f 51 33 34
f 514 548 579
f 19 6 14
f 599 518 561
f 453 531 508
f 524 619 545
f 524 590 619
f 531 566 640
f 531 640 595
f 1215 1133 1113
f 603 590 536
f 3 14 6
f 3 6 1
f 85 110 97
f 586 554 539
f 614 542 579
f 616 548 550
f 616 579 548
f 341 401 364
f 637 560 586
f 560 637 598
f 669 640 566
f 598 645 567
f 645 617 567
f 1239 1157 1133
f 614 579 616
f 443 472 463
f 35 23 27
f 858 733 841
f 592 675 603
f 626 590 603
f 604 627 704
f 370 431 447
f 223 180 205
f 660 753 636
f 660 722 753
f 609 623 725
f 609 725 692
f 764 642 667
f 764 740 642
f 802 709 713
f 802 797 709
f 411 464 444
f 464 495 444
f 342 402 382
f 75 112 93
f 637 689 645
f 637 677 689
f 646 690 638
f 638 690 678
f 30 25 17
f 669 747 640
f 778 667 685
f 778 764 667
f 675 643 714
f 714 643 686
f 816 713 729
f 651 706 670
f 651 694 706
f 653 735 673
f 653 719 735
f 654 674 736
f 654 736 720
f 831 729 740
f 831 816 729
f 669 692 772
f 669 772 747
f 893 851 818
f 675 703 603
f 733 703 675
f 675 714 733
f 677 757 689
f 677 749 757
f 180 223 210
f 690 758 678
f 758 750 678
f 681 777 656
f 694 774 706
f 694 761 774
f 695 707 775
f 775 762 695
f 800 711 788
f 719 703 759
f 1172 1285 1292
f 406 320 383
f 743 791 688
f 12 29 27
f 783 714 716
f 715 734 842
f 382 402 466
f 719 807 735
f 719 759 807
f 352 280 340
f 340 269 320
f 342 382 322
f 724 747 825
f 754 730 843
f 804 772 725
f 216 290 232
f 823 808 736
f 878 797 802
f 878 876 797
f 820 721 837
f 16 21 31
f 505 591 568
f 772 849 747
f 489 401 465
f 849 825 747
f 232 298 233
f 1361 1350 1305
f 775 835 762
f 835 823 762
f 97 124 112
f 891 802 816
f 891 878 802
f 309 349 331
f 233 298 294
f 882 806 825
f 808 823 881
f 463 431 443
f 816 831 906
f 891 816 906
f 914 843 817
f 914 817 892
f 835 881 823
f 849 919 825
f 919 897 825
f 921 831 851
f 921 906 831
f 927 861 843
f 927 843 914
f 835 847 899
f 940 876 878
f 294 226 233
f 940 938 876
f 952 917 855
f 873 859 1618
f 949 878 891
f 949 940 878
f 978 1062 1041
f 998 1062 978
f 943 865 885
f 1620 873 982
f 280 352 290
f 3 8 16
f 957 891 906
f 949 891 957
f 964 892 950
f 918 896 953
f 1195 1125 1114
f 971 906 921
f 971 957 906
f 952 908 1006
f 124 97 110
f 916 1013 1010
f 968 935 918
f 968 918 953
f 922 1027 975
f 926 992 1617
f 996 938 940
f 996 988 938
f 997 942 927
f 1008 940 949
f 1008 996 940
f 989 935 968
f 1018 949 957
f 1018 1008 949
f 778 844 818
f 1000 994 941
f 1002 953 943
f 1053 951 965
f 1039 951 1053
f 952 1006 1009
f 1015 968 953
f 1015 953 1002
f 1619 976 991
f 268 287 322
f 1033 957 971
f 1033 1018 957
f 1620 1037 963
f 982 1037 1620
f 462 518 494
f 34 56 51
f 465 526 489
f 11 7 1
f 1015 1034 968
f 975 1027 1036
f 977 1040 1061
f 46 29 41
f 994 1055 982
f 1055 1045 982
f 1057 988 996
f 1057 1049 988
f 1617 992 1060
f 996 1008 1067
f 1057 996 1067
f 1083 1025 997
f 1083 997 1061
f 1088 1022 1004
f 329 285 294
f 285 329 325
f 332 343 281
f 1080 1034 1015
f 1020 1617 1103
f 1100 1042 1025
f 1100 1025 1083
f 210 164 180
f 1036 1027 1091
f 331 349 412
f 1093 1034 1080
f 1044 1036 1099
f 1091 1099 1036
f 1107 1039 1053
f 1098 1039 1107
f 1054 1044 1110
f 1099 1110 1044
f 1053 1125 1107
f 1110 1119 1054
f 1133 1083 1061
f 1121 1080 1046
f 1046 1095 1121
f 440 533 501
f 1139 1093 1080
f 880 923 862
f 1080 1121 1139
f 494 448 462
f 1157 1100 1083
f 1083 1133 1157
f 8 3 2
f 1153 1090 1145
f 1090 1153 1097
f 1149 1115 1093
f 1149 1093 1139
f 1154 1098 1163
f 192 148 164
f 164 210 192
f 1163 1098 1107
f 1164 1110 1099
f 164 124 143
f 1171 1105 1118
f 1168 1105 1171
f 1182 1107 1125
f 1163 1107 1182
f 13 28 18
f 1164 1172 1110
f 7 4 1
f 1149 1160 1115
f 1180 1118 1123
f 1171 1118 1180
f 1193 1123 1146
f 1180 1123 1193
f 465 537 526
f 1201 1132 1138
f 1196 1132 1201
f 1240 1134 1158
f 1216 1134 1240
f 703 719 626
f 1166 1190 1139
f 1202 1143 1137
f 1154 1209 1146
f 1146 1209 1193
f 1177 1150 1189
f 3 1 2
f 1172 1292 1306
f 1205 1176 1213
f 1193 1247 1180
f 1180 1247 1238
f 1232 1182 1195
f 1197 1184 1242
f 1191 1185 1224
f 1243 1185 1198
f 1243 1224 1185
f 713 606 610
f 713 709 606
f 1213 1190 1220
f 1262 1195 1216
f 1246 1195 1262
f 1258 1197 1242
f 1243 1198 1259
f 1234 1199 1205
f 1234 1250 1199
f 1200 1224 1217
f 1205 1213 1234
f 1201 1616 1328
f 1144 1616 1201
f 1213 1220 1236
f 1236 1234 1213
f 1271 1217 1224
f 1230 1249 1317
f 1295 1230 1317
f 1233 1255 1277
f 3 16 12
f 1291 1271 1243
f 1281 1251 1271
f 1255 1303 1277
f 1255 1283 1303
f 1262 1279 1324
f 1262 1324 1305
f 1281 1271 1297
f 1271 1291 1297
f 1303 1325 1277
f 1283 1330 1303
f 1301 1336 1287
f 1318 1309 1290
f 1291 1319 1297
f 1291 1310 1319
f 1354 1306 1292
f 1297 1319 1373
f 1352 1297 1373
f 1297 1352 1332
f 1365 1347 1301
f 1322 1365 1301
f 1325 1303 1349
f 1354 1362 1306
f 1318 1338 1309
f 1319 1310 1339
f 1389 1317 1343
f 1389 1359 1317
f 1373 1319 1339
f 18 34 33
f 1350 1399 1322
f 1399 1365 1322
f 1411 1324 1359
f 1361 1324 1411
f 1332 1352 1378
f 1373 1339 1395
f 1400 1375 1348
f 1352 1407 1378
f 1355 1363 1419
f 349 309 325
f 1360 1337 1398
f 1178 1140 1177
f 1418 1439 1362
f 1419 1363 1440
f 1400 1366 1414
f 349 426 412
f 966 979 1030
f 1385 1408 1370
f 1395 1405 1373
f 1400 1425 1375
f 1430 1378 1407
f 1379 1362 1412
f 4 13 10
f 1384 1421 1413
f 8 2 5
f 1446 1408 1385
f 1409 1447 1386
f 1428 1392 1390
f 1393 1429 1391
f 1428 1431 1392
f 1393 1432 1429
f 1444 1400 1414
f 1444 1425 1400
f 290 359 298
f 298 359 330
f 1405 1395 1424
f 1430 1407 1455
f 1446 1460 1408
f 1472 1420 1412
f 360 330 359
f 1473 1413 1421
f 1458 1444 1414
f 1150 1140 1094
f 1472 1482 1420
f 1473 1421 1483
f 1444 1466 1425
f 10 2 4
f 1466 1453 1425
f 1482 1485 1428
f 1432 1486 1429
f 1430 1455 1454
f 1431 1485 1489
f 1490 1486 1432
f 26 9 10
f 1449 1462 1439
f 1450 1440 1463
f 1450 1419 1440
f 1458 1503 1444
f 1503 1466 1444
f 1471 1447 1461
f 1507 1450 1463
f 1466 1491 1453
f 1454 1455 1479
f 1471 1461 1488
f 1506 1519 1462
f 1507 1463 1520
f 393 481 462
f 1041 1114 1125
f 1 4 2
f 629 534 528
f 528 621 629
f 1522 1471 1488
f 559 546 510
f 1528 1505 1475
f 1537 1497 1480
f 1480 1505 1537
f 1501 1482 1472
f 1513 1483 1486
f 1536 1494 1484
f 1484 1497 1536
f 1517 1489 1485
f 1518 1486 1490
f 1513 1486 1518
f 330 294 298
f 1522 1488 1538
f 130 93 112
f 1489 1517 1523
f 1524 1518 1490
f 1499 1515 1526
f 1500 1522 1540
f 1548 1512 1501
f 1625 873 963
f 1625 963 901
f 1534 1519 1506
f 1535 1507 1520
f 2 9 5
f 1513 1518 1555
f 1549 1513 1555
f 1515 1551 1526
f 294 330 329
f 1517 1554 1560
f 1555 1518 1559
f 1542 1549 1575
f 1575 1571 1542
f 1551 1558 1565
f 1552 1565 1564
f 1562 1576 1556
f 1558 1581 1565
f 1472 1462 1501
f 1561 1585 1588
f 1562 1578 1576
f 1564 1565 1584
f 448 494 464
f 1598 1581 1576
f 418 340 406
f 355 322 382
f 425 355 382
f 1597 1584 1596
f 340 418 352
f 619 653 673
f 112 75 97
f 353 325 329
f 349 353 426
f 406 469 480
f 325 353 349
f 656 777 755
f 354 303 343
f 809 885 865
f 885 809 827
f 343 394 408
f 1053 1041 1125
f 275 281 236
f 1575 1599 1591
f 2 10 9
f 174 130 148
f 424 354 408
f 575 533 471
f 493 475 558
f 620 634 674
f 539 493 558
f 329 360 353
f 720 627 654
f 9 20 5
f 393 412 481
f 673 761 694
f 724 825 806
f 1479 1516 1492
f 1397 1334 1333
f 886 866 925
f 866 882 925
f 1617 1020 926
f 5 21 8
f 1617 1060 1103
f 1621 1028 1037
f 1218 1162 1153
f 1216 1279 1262
f 1350 1276 1305
f 1387 1341 1323
f 26 10 18
f 1365 1417 1347
f 1403 1347 1417
f 148 192 174
f 1084 1062 998
f 1311 1320 1260
f 360 329 330
f 576 670 586
f 577 555 622
f 494 540 527
f 1586 1559 1561
f 619 673 633
f 864 837 721
f 1619 955 976
f 1202 1333 1616
f 1461 1507 1488
f 1449 1460 1487
f 1560 1585 1561
f 1337 1364 1398
f 20 21 5
f 1553 1572 1566
f 1555 1559 1586
f 1555 1586 1575
f 1004 985 1050
f 482 501 570
f 555 577 540
f 518 555 540
f 1534 1541 1519
f 1497 1484 1476
f 966 1030 1050
f 1190 1176 1149
f 1535 1520 1542
f 946 985 1004
f 1530 1562 1533
f 1512 1548 1554
f 1121 1095 1166
f 1121 1166 1139
f 1475 1509 1528
f 1490 1435 1493
f 1502 1513 1549
f 1383 1420 1390
f 1485 1431 1428
f 1545 1527 1536
f 661 574 631
f 1448 1475 1505
f 1427 1476 1484
f 1140 1150 1177
f 1480 1448 1505
f 1497 1476 1480
